FFASCI 0 1 "LINES" 0 1e+10
FFATTR 0 1
->1
608348.012671 2476255.745970 0.000000
608343.032480 2476256.241019 0.000000
608338.052290 2476256.736069 0.000000
608333.072099 2476257.231118 0.000000
608328.091909 2476257.726168 0.000000
608323.111719 2476258.221217 0.000000
608318.131528 2476258.716267 0.000000
608313.151338 2476259.211316 0.000000
608308.171147 2476259.706366 0.000000
608303.190957 2476260.201416 0.000000
608298.210766 2476260.696465 0.000000
608293.230576 2476261.191515 0.000000
608288.250385 2476261.686564 0.000000
608283.270195 2476262.181614 0.000000
608278.290004 2476262.676663 0.000000
608273.309814 2476263.171713 0.000000
608268.329623 2476263.666762 0.000000
608263.349433 2476264.161812 0.000000
608258.369242 2476264.656861 0.000000
608253.389052 2476265.151911 0.000000
608248.408862 2476265.646960 0.000000
608243.428671 2476266.142010 0.000000
608238.448481 2476266.637059 0.000000
608233.468290 2476267.132109 0.000000
608228.488100 2476267.627158 0.000000
608223.507909 2476268.122208 0.000000
608218.527719 2476268.617257 0.000000
608213.547528 2476269.112307 0.000000
608208.567338 2476269.607356 0.000000
608203.587147 2476270.102406 0.000000
608198.606957 2476270.597455 0.000000
608193.626766 2476271.092505 0.000000
608188.646576 2476271.587554 0.000000
608183.666385 2476272.082604 0.000000
608178.686195 2476272.577653 0.000000
608173.706005 2476273.072703 0.000000
608168.725814 2476273.567752 0.000000
608163.745624 2476274.062802 0.000000
608158.765433 2476274.557851 0.000000
608153.785243 2476275.052901 0.000000
608148.805052 2476275.547950 0.000000
608143.824862 2476276.043000 0.000000
608138.844671 2476276.538049 0.000000
608133.864481 2476277.033099 0.000000
608128.884290 2476277.528148 0.000000
608123.904100 2476278.023198 0.000000
608118.923909 2476278.518247 0.000000
608113.943719 2476279.013297 0.000000
608108.963528 2476279.508346 0.000000
608103.983338 2476280.003396 0.000000
608099.003148 2476280.498445 0.000000
608094.022957 2476280.993495 0.000000
608089.042767 2476281.488544 0.000000
608084.062576 2476281.983594 0.000000
608079.082386 2476282.478643 0.000000
608074.102195 2476282.973693 0.000000
608069.122005 2476283.468742 0.000000
608064.141814 2476283.963792 0.000000
608059.161624 2476284.458841 0.000000
608054.181433 2476284.953891 0.000000
608049.201243 2476285.448941 0.000000
608044.221052 2476285.943990 0.000000
608039.240862 2476286.439040 0.000000
608034.260671 2476286.934089 0.000000
608029.280481 2476287.429139 0.000000
608024.300290 2476287.924188 0.000000
608019.320100 2476288.419238 0.000000
608014.339910 2476288.914287 0.000000
608009.359719 2476289.409337 0.000000
608004.379529 2476289.904386 0.000000
607999.399338 2476290.399436 0.000000
607994.419148 2476290.894485 0.000000
607989.438957 2476291.389535 0.000000
607984.458767 2476291.884584 0.000000
607979.478576 2476292.379634 0.000000
607974.498386 2476292.874683 0.000000
607969.518195 2476293.369733 0.000000
607964.538005 2476293.864782 0.000000
607959.557814 2476294.359832 0.000000
607954.577624 2476294.854881 0.000000
607949.597433 2476295.349931 0.000000
607944.617243 2476295.844980 0.000000
607939.637053 2476296.340030 0.000000
607934.656862 2476296.835079 0.000000
607929.676672 2476297.330129 0.000000
607924.696481 2476297.825178 0.000000
607919.716291 2476298.320228 0.000000
607914.736100 2476298.815277 0.000000
607909.755910 2476299.310327 0.000000
607904.775719 2476299.805376 0.000000
607899.795529 2476300.300426 0.000000
607894.815338 2476300.795475 0.000000
607889.835148 2476301.290525 0.000000
607884.854957 2476301.785574 0.000000
607879.874767 2476302.280624 0.000000
607874.894576 2476302.775673 0.000000
607869.914386 2476303.270723 0.000000
607864.934196 2476303.765772 0.000000
607859.954005 2476304.260822 0.000000
607854.973815 2476304.755871 0.000000
607849.993624 2476305.250921 0.000000
607845.013434 2476305.745970 0.000000
607840.024080 2476306.182141 0.000000
607835.034725 2476306.618311 0.000000
607830.045371 2476307.054481 0.000000
607825.056017 2476307.490652 0.000000
607820.066663 2476307.926822 0.000000
607815.077309 2476308.362992 0.000000
607810.087955 2476308.799163 0.000000
607805.098601 2476309.235333 0.000000
607800.109246 2476309.671503 0.000000
607795.119892 2476310.107673 0.000000
607790.130538 2476310.543844 0.000000
607785.141184 2476310.980014 0.000000
607780.151830 2476311.416184 0.000000
607775.162476 2476311.852355 0.000000
607770.173122 2476312.288525 0.000000
607765.183767 2476312.724695 0.000000
607760.194413 2476313.160866 0.000000
607755.205059 2476313.597036 0.000000
607750.215705 2476314.033206 0.000000
607745.226351 2476314.469377 0.000000
607740.236997 2476314.905547 0.000000
607735.247642 2476315.341717 0.000000
607730.258288 2476315.777887 0.000000
607725.268934 2476316.214058 0.000000
607720.279580 2476316.650228 0.000000
607715.290226 2476317.086398 0.000000
607710.300872 2476317.522569 0.000000
607705.311518 2476317.958739 0.000000
607700.322163 2476318.394909 0.000000
607695.332809 2476318.831080 0.000000
607690.343455 2476319.267250 0.000000
607685.354101 2476319.703420 0.000000
607680.364747 2476320.139590 0.000000
607675.375393 2476320.575761 0.000000
607670.386039 2476321.011931 0.000000
607665.396684 2476321.448101 0.000000
607660.407330 2476321.884272 0.000000
607655.417976 2476322.320442 0.000000
607650.428622 2476322.756612 0.000000
607645.439268 2476323.192783 0.000000
607640.449914 2476323.628953 0.000000
607635.460560 2476324.065123 0.000000
607630.471205 2476324.501294 0.000000
607625.481851 2476324.937464 0.000000
607620.492497 2476325.373634 0.000000
607615.503143 2476325.809804 0.000000
607610.513789 2476326.245975 0.000000
607605.524435 2476326.682145 0.000000
607600.535081 2476327.118315 0.000000
607595.545726 2476327.554486 0.000000
607590.556372 2476327.990656 0.000000
607585.567018 2476328.426826 0.000000
607580.577664 2476328.862997 0.000000
607575.588310 2476329.299167 0.000000
607570.598956 2476329.735337 0.000000
607565.609602 2476330.171507 0.000000
607560.620247 2476330.607678 0.000000
607555.630893 2476331.043848 0.000000
607550.641539 2476331.480018 0.000000
607545.652185 2476331.916189 0.000000
607540.662831 2476332.352359 0.000000
607535.673477 2476332.788529 0.000000
607530.684123 2476333.224700 0.000000
607525.694768 2476333.660870 0.000000
607520.705414 2476334.097040 0.000000
607515.716060 2476334.533211 0.000000
607510.726706 2476334.969381 0.000000
607505.737352 2476335.405551 0.000000
607500.747998 2476335.841721 0.000000
607495.758644 2476336.277892 0.000000
607490.769289 2476336.714062 0.000000
607485.779935 2476337.150232 0.000000
607480.790581 2476337.586403 0.000000
607475.801227 2476338.022573 0.000000
607470.811873 2476338.458743 0.000000
607465.822519 2476338.894914 0.000000
607460.833165 2476339.331084 0.000000
607455.843810 2476339.767254 0.000000
607450.854456 2476340.203424 0.000000
607445.865102 2476340.639595 0.000000
607440.875748 2476341.075765 0.000000
607435.886394 2476341.511935 0.000000
607430.897040 2476341.948106 0.000000
607425.907686 2476342.384276 0.000000
607420.918331 2476342.820446 0.000000
607415.928977 2476343.256617 0.000000
607410.939623 2476343.692787 0.000000
607405.950269 2476344.128957 0.000000
607400.960915 2476344.565128 0.000000
607395.971561 2476345.001298 0.000000
607390.982206 2476345.437468 0.000000
607385.992852 2476345.873638 0.000000
607381.003498 2476346.309809 0.000000
607376.014144 2476346.745979 0.000000
607371.026003 2476347.089659 0.000000
607366.037861 2476347.433338 0.000000
607361.049720 2476347.777018 0.000000
607356.061578 2476348.120698 0.000000
607351.073437 2476348.464377 0.000000
607346.085295 2476348.808057 0.000000
607341.097154 2476349.151736 0.000000
607336.109012 2476349.495416 0.000000
607331.120871 2476349.839096 0.000000
607326.132730 2476350.182775 0.000000
607321.144588 2476350.526455 0.000000
607316.156447 2476350.870135 0.000000
607311.168305 2476351.213814 0.000000
607306.180164 2476351.557494 0.000000
607301.192022 2476351.901173 0.000000
607296.203881 2476352.244853 0.000000
607291.215739 2476352.588533 0.000000
607286.227598 2476352.932212 0.000000
607281.239457 2476353.275892 0.000000
607276.251315 2476353.619572 0.000000
607271.263174 2476353.963251 0.000000
607266.275032 2476354.306931 0.000000
607261.286891 2476354.650610 0.000000
607256.298749 2476354.994290 0.000000
607251.310608 2476355.337970 0.000000
607246.322466 2476355.681649 0.000000
607241.334325 2476356.025329 0.000000
607236.346184 2476356.369009 0.000000
607231.358042 2476356.712688 0.000000
607226.369901 2476357.056368 0.000000
607221.381759 2476357.400047 0.000000
607216.393618 2476357.743727 0.000000
607211.405476 2476358.087407 0.000000
607206.417335 2476358.431086 0.000000
607201.429193 2476358.774766 0.000000
607196.441052 2476359.118446 0.000000
607191.452911 2476359.462125 0.000000
607186.464769 2476359.805805 0.000000
607181.476628 2476360.149484 0.000000
607176.488486 2476360.493164 0.000000
607171.500345 2476360.836844 0.000000
607166.512203 2476361.180523 0.000000
607161.524062 2476361.524203 0.000000
607156.535920 2476361.867883 0.000000
607151.547779 2476362.211562 0.000000
607146.559638 2476362.555242 0.000000
607141.571496 2476362.898921 0.000000
607136.583355 2476363.242601 0.000000
607131.595213 2476363.586281 0.000000
607126.607072 2476363.929960 0.000000
607121.618930 2476364.273640 0.000000
607116.630789 2476364.617320 0.000000
607111.642647 2476364.960999 0.000000
607106.654506 2476365.304679 0.000000
607101.666365 2476365.648358 0.000000
607096.678223 2476365.992038 0.000000
607091.690082 2476366.335718 0.000000
607086.701940 2476366.679397 0.000000
607081.713799 2476367.023077 0.000000
607076.725657 2476367.366757 0.000000
607071.737516 2476367.710436 0.000000
607066.749374 2476368.054116 0.000000
607061.761233 2476368.397796 0.000000
607056.773092 2476368.741475 0.000000
607051.784950 2476369.085155 0.000000
607046.796809 2476369.428834 0.000000
607041.808667 2476369.772514 0.000000
607036.820526 2476370.116194 0.000000
607031.832384 2476370.459873 0.000000
607026.844243 2476370.803553 0.000000
607021.856101 2476371.147233 0.000000
607016.867960 2476371.490912 0.000000
607011.879818 2476371.834592 0.000000
607006.891677 2476372.178271 0.000000
607001.903536 2476372.521951 0.000000
606996.915394 2476372.865631 0.000000
606991.927253 2476373.209310 0.000000
606986.939111 2476373.552990 0.000000
606981.950970 2476373.896670 0.000000
606976.962828 2476374.240349 0.000000
606971.974687 2476374.584029 0.000000
606966.986545 2476374.927708 0.000000
606961.998404 2476375.271388 0.000000
606957.010263 2476375.615068 0.000000
606952.022121 2476375.958747 0.000000
606947.033980 2476376.302427 0.000000
606942.045838 2476376.646107 0.000000
606937.057697 2476376.989786 0.000000
606932.069555 2476377.333466 0.000000
606927.081414 2476377.677145 0.000000
606922.093272 2476378.020825 0.000000
606917.105131 2476378.364505 0.000000
606912.116990 2476378.708184 0.000000
606907.128848 2476379.051864 0.000000
606902.140707 2476379.395544 0.000000
606897.152565 2476379.739223 0.000000
606892.164424 2476380.082903 0.000000
606887.176282 2476380.426582 0.000000
606882.188141 2476380.770262 0.000000
606877.199999 2476381.113942 0.000000
606872.211858 2476381.457621 0.000000
606867.223717 2476381.801301 0.000000
606862.235575 2476382.144981 0.000000
606857.247434 2476382.488660 0.000000
606852.259292 2476382.832340 0.000000
606847.271151 2476383.176019 0.000000
606842.283009 2476383.519699 0.000000
606837.294868 2476383.863379 0.000000
606832.306726 2476384.207058 0.000000
606827.318585 2476384.550738 0.000000
606822.330444 2476384.894418 0.000000
606817.342302 2476385.238097 0.000000
606812.354161 2476385.581777 0.000000
606807.366019 2476385.925456 0.000000
606802.377878 2476386.269136 0.000000
606797.389736 2476386.612816 0.000000
606792.401595 2476386.956495 0.000000
606787.413453 2476387.300175 0.000000
606782.425312 2476387.643855 0.000000
606777.437171 2476387.987534 0.000000
606772.449029 2476388.331214 0.000000
606767.460888 2476388.674893 0.000000
606762.472746 2476389.018573 0.000000
606757.484605 2476389.362253 0.000000
606752.496463 2476389.705932 0.000000
606747.508322 2476390.049612 0.000000
606742.520180 2476390.393292 0.000000
606737.532039 2476390.736971 0.000000
606732.543898 2476391.080651 0.000000
606727.555756 2476391.424330 0.000000
606722.567615 2476391.768010 0.000000
606717.579473 2476392.111690 0.000000
606712.591332 2476392.455369 0.000000
606707.603190 2476392.799049 0.000000
606702.615049 2476393.142729 0.000000
606697.626907 2476393.486408 0.000000
606692.638766 2476393.830088 0.000000
606687.650624 2476394.173767 0.000000
606682.662483 2476394.517447 0.000000
606677.674342 2476394.861127 0.000000
606672.686200 2476395.204806 0.000000
606667.698059 2476395.548486 0.000000
606662.709917 2476395.892166 0.000000
606657.721776 2476396.235845 0.000000
606652.733634 2476396.579525 0.000000
606647.745493 2476396.923204 0.000000
606642.757351 2476397.266884 0.000000
606637.769210 2476397.610564 0.000000
606632.781069 2476397.954243 0.000000
606627.792927 2476398.297923 0.000000
606622.804786 2476398.641603 0.000000
606617.816644 2476398.985282 0.000000
606612.828503 2476399.328962 0.000000
606607.840361 2476399.672641 0.000000
606602.852220 2476400.016321 0.000000
606597.864078 2476400.360001 0.000000
606592.875937 2476400.703680 0.000000
606587.887796 2476401.047360 0.000000
606582.899654 2476401.391040 0.000000
606577.911513 2476401.734719 0.000000
606572.923371 2476402.078399 0.000000
606567.935230 2476402.422078 0.000000
606562.947088 2476402.765758 0.000000
606557.958947 2476403.109438 0.000000
606552.970805 2476403.453117 0.000000
606547.982664 2476403.796797 0.000000
606542.994523 2476404.140477 0.000000
606538.006381 2476404.484156 0.000000
606533.018240 2476404.827836 0.000000
606528.030098 2476405.171515 0.000000
606523.041957 2476405.515195 0.000000
606518.053815 2476405.858875 0.000000
606513.065674 2476406.202554 0.000000
606508.077532 2476406.546234 0.000000
606503.089391 2476406.889914 0.000000
606498.101250 2476407.233593 0.000000
606493.113108 2476407.577273 0.000000
606488.124967 2476407.920953 0.000000
606483.136825 2476408.264632 0.000000
606478.148684 2476408.608312 0.000000
606473.160542 2476408.951991 0.000000
606468.172401 2476409.295671 0.000000
606463.184259 2476409.639351 0.000000
606458.196118 2476409.983030 0.000000
606453.207977 2476410.326710 0.000000
606448.219835 2476410.670390 0.000000
606443.231694 2476411.014069 0.000000
606438.243552 2476411.357749 0.000000
606433.255411 2476411.701428 0.000000
606428.267269 2476412.045108 0.000000
606423.279128 2476412.388788 0.000000
606418.290986 2476412.732467 0.000000
606413.302845 2476413.076147 0.000000
606408.314704 2476413.419827 0.000000
606403.326562 2476413.763506 0.000000
606398.338421 2476414.107186 0.000000
606393.350279 2476414.450865 0.000000
606388.362138 2476414.794545 0.000000
606383.373996 2476415.138225 0.000000
606378.385855 2476415.481904 0.000000
606373.397713 2476415.825584 0.000000
606368.409572 2476416.169264 0.000000
606363.421430 2476416.512943 0.000000
606358.433289 2476416.856623 0.000000
606353.445148 2476417.200302 0.000000
606348.457006 2476417.543982 0.000000
606343.468865 2476417.887662 0.000000
606338.480723 2476418.231341 0.000000
606333.492582 2476418.575021 0.000000
606328.504440 2476418.918701 0.000000
606323.516299 2476419.262380 0.000000
606318.528157 2476419.606060 0.000000
606313.540016 2476419.949739 0.000000
606308.551875 2476420.293419 0.000000
606303.563733 2476420.637099 0.000000
606298.575592 2476420.980778 0.000000
606293.587450 2476421.324458 0.000000
606288.599309 2476421.668138 0.000000
606283.611167 2476422.011817 0.000000
606278.623026 2476422.355497 0.000000
606273.634884 2476422.699176 0.000000
606268.646743 2476423.042856 0.000000
606263.658602 2476423.386536 0.000000
606258.670460 2476423.730215 0.000000
606253.682319 2476424.073895 0.000000
606248.694177 2476424.417575 0.000000
606243.706036 2476424.761254 0.000000
606238.717894 2476425.104934 0.000000
606233.729753 2476425.448613 0.000000
606228.741611 2476425.792293 0.000000
606223.753470 2476426.135973 0.000000
606218.765329 2476426.479652 0.000000
606213.777187 2476426.823332 0.000000
606208.789046 2476427.167012 0.000000
606203.800904 2476427.510691 0.000000
606198.812763 2476427.854371 0.000000
606193.824621 2476428.198050 0.000000
606188.836480 2476428.541730 0.000000
606183.848338 2476428.885410 0.000000
606178.860197 2476429.229089 0.000000
606173.872056 2476429.572769 0.000000
606168.883914 2476429.916449 0.000000
606163.895773 2476430.260128 0.000000
606158.907631 2476430.603808 0.000000
606153.919490 2476430.947487 0.000000
606148.931348 2476431.291167 0.000000
606143.943207 2476431.634847 0.000000
606138.955065 2476431.978526 0.000000
606133.966924 2476432.322206 0.000000
606128.978783 2476432.665886 0.000000
606123.990641 2476433.009565 0.000000
606119.002500 2476433.353245 0.000000
606114.014358 2476433.696924 0.000000
606109.026217 2476434.040604 0.000000
606104.038075 2476434.384284 0.000000
606099.049934 2476434.727963 0.000000
606094.061792 2476435.071643 0.000000
606089.073651 2476435.415323 0.000000
606084.085510 2476435.759002 0.000000
606079.097368 2476436.102682 0.000000
606074.109227 2476436.446361 0.000000
606069.121085 2476436.790041 0.000000
606064.132944 2476437.133721 0.000000
606059.144802 2476437.477400 0.000000
606054.156661 2476437.821080 0.000000
606049.168519 2476438.164760 0.000000
606044.180378 2476438.508439 0.000000
606039.192236 2476438.852119 0.000000
606034.204095 2476439.195798 0.000000
606029.215954 2476439.539478 0.000000
606024.227812 2476439.883158 0.000000
606019.239671 2476440.226837 0.000000
606014.251529 2476440.570517 0.000000
606009.263388 2476440.914197 0.000000
606004.275246 2476441.257876 0.000000
605999.287105 2476441.601556 0.000000
605994.298963 2476441.945235 0.000000
605989.310822 2476442.288915 0.000000
605984.322681 2476442.632595 0.000000
605979.334539 2476442.976274 0.000000
605974.346398 2476443.319954 0.000000
605969.358256 2476443.663634 0.000000
605964.370115 2476444.007313 0.000000
605959.381973 2476444.350993 0.000000
605954.393832 2476444.694672 0.000000
605949.405690 2476445.038352 0.000000
605944.417549 2476445.382032 0.000000
605939.429408 2476445.725711 0.000000
605934.441266 2476446.069391 0.000000
605929.453125 2476446.413071 0.000000
605924.464983 2476446.756750 0.000000
605919.476842 2476447.100430 0.000000
605914.488700 2476447.444109 0.000000
605909.500559 2476447.787789 0.000000
605904.512417 2476448.131469 0.000000
605899.524276 2476448.475148 0.000000
605894.536135 2476448.818828 0.000000
605889.547993 2476449.162508 0.000000
605884.559852 2476449.506187 0.000000
605879.571710 2476449.849867 0.000000
605874.583569 2476450.193547 0.000000
605869.595427 2476450.537226 0.000000
605864.607286 2476450.880906 0.000000
605859.619144 2476451.224585 0.000000
605854.631003 2476451.568265 0.000000
605849.642862 2476451.911945 0.000000
605844.654720 2476452.255624 0.000000
605839.666579 2476452.599304 0.000000
605834.678437 2476452.942984 0.000000
605829.690296 2476453.286663 0.000000
605824.702154 2476453.630343 0.000000
605819.714013 2476453.974022 0.000000
605814.725871 2476454.317702 0.000000
605809.737730 2476454.661382 0.000000
605804.749589 2476455.005061 0.000000
605799.761447 2476455.348741 0.000000
605794.773306 2476455.692421 0.000000
605789.785164 2476456.036100 0.000000
605784.797023 2476456.379780 0.000000
605779.808881 2476456.723459 0.000000
605774.820740 2476457.067139 0.000000
605769.832598 2476457.410819 0.000000
605764.844457 2476457.754498 0.000000
605759.856316 2476458.098178 0.000000
605754.868174 2476458.441858 0.000000
605749.880033 2476458.785537 0.000000
605744.891891 2476459.129217 0.000000
605739.903750 2476459.472896 0.000000
605734.915608 2476459.816576 0.000000
605729.927467 2476460.160256 0.000000
605724.939325 2476460.503935 0.000000
605719.951184 2476460.847615 0.000000
605714.963042 2476461.191295 0.000000
605709.974901 2476461.534974 0.000000
605704.986760 2476461.878654 0.000000
605699.998618 2476462.222333 0.000000
605695.010477 2476462.566013 0.000000
605690.022335 2476462.909693 0.000000
605685.034194 2476463.253372 0.000000
605680.046052 2476463.597052 0.000000
605675.057911 2476463.940732 0.000000
605670.069769 2476464.284411 0.000000
605665.081628 2476464.628091 0.000000
605660.093487 2476464.971770 0.000000
605655.105345 2476465.315450 0.000000
605650.117204 2476465.659130 0.000000
605645.129062 2476466.002809 0.000000
605640.140921 2476466.346489 0.000000
605635.152779 2476466.690169 0.000000
605630.164638 2476467.033848 0.000000
605625.176496 2476467.377528 0.000000
605620.188355 2476467.721207 0.000000
605615.200214 2476468.064887 0.000000
605610.212072 2476468.408567 0.000000
605605.223931 2476468.752246 0.000000
605600.235789 2476469.095926 0.000000
605595.247648 2476469.439606 0.000000
605590.259506 2476469.783285 0.000000
605585.271365 2476470.126965 0.000000
605580.283223 2476470.470644 0.000000
605575.295082 2476470.814324 0.000000
605570.306941 2476471.158004 0.000000
605565.318799 2476471.501683 0.000000
605560.330658 2476471.845363 0.000000
605555.342516 2476472.189043 0.000000
605550.354375 2476472.532722 0.000000
605545.366233 2476472.876402 0.000000
605540.378092 2476473.220081 0.000000
605535.389950 2476473.563761 0.000000
605530.401809 2476473.907441 0.000000
605525.413668 2476474.251120 0.000000
605520.425526 2476474.594800 0.000000
605515.437385 2476474.938480 0.000000
605510.449243 2476475.282159 0.000000
605505.461102 2476475.625839 0.000000
605500.472960 2476475.969518 0.000000
605495.484819 2476476.313198 0.000000
605490.496677 2476476.656878 0.000000
605485.508536 2476477.000557 0.000000
605480.520395 2476477.344237 0.000000
605475.532253 2476477.687917 0.000000
605470.544112 2476478.031596 0.000000
605465.555970 2476478.375276 0.000000
605460.567829 2476478.718955 0.000000
605455.579687 2476479.062635 0.000000
605450.591546 2476479.406315 0.000000
605445.603404 2476479.749994 0.000000
605440.615263 2476480.093674 0.000000
605435.627122 2476480.437354 0.000000
605430.638980 2476480.781033 0.000000
605425.650839 2476481.124713 0.000000
605420.662697 2476481.468392 0.000000
605415.674556 2476481.812072 0.000000
605410.686414 2476482.155752 0.000000
605405.698273 2476482.499431 0.000000
605400.710131 2476482.843111 0.000000
605395.721990 2476483.186791 0.000000
605390.733848 2476483.530470 0.000000
605385.745707 2476483.874150 0.000000
605380.757566 2476484.217829 0.000000
605375.769424 2476484.561509 0.000000
605370.781283 2476484.905189 0.000000
605365.793141 2476485.248868 0.000000
605360.805000 2476485.592548 0.000000
605355.816858 2476485.936228 0.000000
605350.828717 2476486.279907 0.000000
605345.840575 2476486.623587 0.000000
605340.852434 2476486.967266 0.000000
605335.864293 2476487.310946 0.000000
605330.876151 2476487.654626 0.000000
605325.888010 2476487.998305 0.000000
605320.899868 2476488.341985 0.000000
605315.911727 2476488.685665 0.000000
605310.923585 2476489.029344 0.000000
605305.935444 2476489.373024 0.000000
605300.947302 2476489.716704 0.000000
605295.959161 2476490.060383 0.000000
605290.971020 2476490.404063 0.000000
605285.982878 2476490.747742 0.000000
605280.994737 2476491.091422 0.000000
605276.006595 2476491.435102 0.000000
605271.018454 2476491.778781 0.000000
605266.030312 2476492.122461 0.000000
605261.042171 2476492.466141 0.000000
605256.054029 2476492.809820 0.000000
605251.065888 2476493.153500 0.000000
605246.077747 2476493.497179 0.000000
605241.089605 2476493.840859 0.000000
605236.101464 2476494.184539 0.000000
605231.113322 2476494.528218 0.000000
605226.125181 2476494.871898 0.000000
605221.137039 2476495.215578 0.000000
605216.148898 2476495.559257 0.000000
605211.160756 2476495.902937 0.000000
605206.172615 2476496.246616 0.000000
605201.184474 2476496.590296 0.000000
605196.196332 2476496.933976 0.000000
605191.208191 2476497.277655 0.000000
605186.220049 2476497.621335 0.000000
605181.231908 2476497.965015 0.000000
605176.243766 2476498.308694 0.000000
605171.255625 2476498.652374 0.000000
605166.267483 2476498.996053 0.000000
605161.279342 2476499.339733 0.000000
605156.291201 2476499.683413 0.000000
605151.303059 2476500.027092 0.000000
605146.314918 2476500.370772 0.000000
605141.326776 2476500.714452 0.000000
605136.338635 2476501.058131 0.000000
605131.350493 2476501.401811 0.000000
605126.362352 2476501.745490 0.000000
605121.374210 2476502.089170 0.000000
605116.386069 2476502.432850 0.000000
605111.397928 2476502.776529 0.000000
605106.409786 2476503.120209 0.000000
605101.421645 2476503.463889 0.000000
605096.433503 2476503.807568 0.000000
605091.445362 2476504.151248 0.000000
605086.457220 2476504.494927 0.000000
605081.469079 2476504.838607 0.000000
605076.480937 2476505.182287 0.000000
605071.492796 2476505.525966 0.000000
605066.504654 2476505.869646 0.000000
605061.516513 2476506.213326 0.000000
605056.528372 2476506.557005 0.000000
605051.540230 2476506.900685 0.000000
605046.552089 2476507.244364 0.000000
605041.563947 2476507.588044 0.000000
605036.575806 2476507.931724 0.000000
605031.587664 2476508.275403 0.000000
605026.599523 2476508.619083 0.000000
605021.611381 2476508.962763 0.000000
605016.623240 2476509.306442 0.000000
605011.635099 2476509.650122 0.000000
605006.646957 2476509.993801 0.000000
605001.658816 2476510.337481 0.000000
604996.670674 2476510.681161 0.000000
604991.682533 2476511.024840 0.000000
604986.694391 2476511.368520 0.000000
604981.706250 2476511.712200 0.000000
604976.718108 2476512.055879 0.000000
604971.729967 2476512.399559 0.000000
604966.741826 2476512.743238 0.000000
604961.753684 2476513.086918 0.000000
604956.765543 2476513.430598 0.000000
604951.777401 2476513.774277 0.000000
604946.789260 2476514.117957 0.000000
604941.801118 2476514.461637 0.000000
604936.812977 2476514.805316 0.000000
604931.824835 2476515.148996 0.000000
604926.836694 2476515.492675 0.000000
604921.848553 2476515.836355 0.000000
604916.860411 2476516.180035 0.000000
604911.872270 2476516.523714 0.000000
604906.884128 2476516.867394 0.000000
604901.895987 2476517.211074 0.000000
604896.907845 2476517.554753 0.000000
604891.919704 2476517.898433 0.000000
604886.931562 2476518.242112 0.000000
604881.943421 2476518.585792 0.000000
604876.955280 2476518.929472 0.000000
604871.967138 2476519.273151 0.000000
604866.978997 2476519.616831 0.000000
604861.990855 2476519.960511 0.000000
604857.002714 2476520.304190 0.000000
604852.014572 2476520.647870 0.000000
604847.026431 2476520.991549 0.000000
604842.038289 2476521.335229 0.000000
604837.050148 2476521.678909 0.000000
604832.062007 2476522.022588 0.000000
604827.073865 2476522.366268 0.000000
604822.085724 2476522.709948 0.000000
604817.097582 2476523.053627 0.000000
604812.109441 2476523.397307 0.000000
604807.121299 2476523.740986 0.000000
604802.133158 2476524.084666 0.000000
604797.145016 2476524.428346 0.000000
604792.156875 2476524.772025 0.000000
604787.168734 2476525.115705 0.000000
604782.180592 2476525.459385 0.000000
604777.192451 2476525.803064 0.000000
604772.204309 2476526.146744 0.000000
604767.216168 2476526.490423 0.000000
604762.228026 2476526.834103 0.000000
604757.239885 2476527.177783 0.000000
604752.251743 2476527.521462 0.000000
604747.263602 2476527.865142 0.000000
604742.275461 2476528.208822 0.000000
604737.287319 2476528.552501 0.000000
604732.299178 2476528.896181 0.000000
604727.311036 2476529.239860 0.000000
604722.322895 2476529.583540 0.000000
604717.334753 2476529.927220 0.000000
604712.346612 2476530.270899 0.000000
604707.358470 2476530.614579 0.000000
604702.370329 2476530.958259 0.000000
604697.382187 2476531.301938 0.000000
604692.394046 2476531.645618 0.000000
604687.405905 2476531.989298 0.000000
604682.417763 2476532.332977 0.000000
604677.429622 2476532.676657 0.000000
604672.441480 2476533.020336 0.000000
604667.453339 2476533.364016 0.000000
604662.465197 2476533.707696 0.000000
604657.477056 2476534.051375 0.000000
604652.488914 2476534.395055 0.000000
604647.500773 2476534.738735 0.000000
604642.512632 2476535.082414 0.000000
604637.524490 2476535.426094 0.000000
604632.536349 2476535.769773 0.000000
604627.548207 2476536.113453 0.000000
604622.560066 2476536.457133 0.000000
604617.571924 2476536.800812 0.000000
604612.583783 2476537.144492 0.000000
604607.595641 2476537.488172 0.000000
604602.607500 2476537.831851 0.000000
604597.619359 2476538.175531 0.000000
604592.631217 2476538.519210 0.000000
604587.643076 2476538.862890 0.000000
604582.654934 2476539.206570 0.000000
604577.666793 2476539.550249 0.000000
604572.678651 2476539.893929 0.000000
604567.690510 2476540.237609 0.000000
604562.702368 2476540.581288 0.000000
604557.714227 2476540.924968 0.000000
604552.726086 2476541.268647 0.000000
604547.737944 2476541.612327 0.000000
604542.749803 2476541.956007 0.000000
604537.761661 2476542.299686 0.000000
604532.773520 2476542.643366 0.000000
604527.785378 2476542.987046 0.000000
604522.797237 2476543.330725 0.000000
604517.809095 2476543.674405 0.000000
604512.820954 2476544.018084 0.000000
604507.832813 2476544.361764 0.000000
604502.844671 2476544.705444 0.000000
604497.856530 2476545.049123 0.000000
604492.868388 2476545.392803 0.000000
604487.880247 2476545.736483 0.000000
604482.892105 2476546.080162 0.000000
604477.903964 2476546.423842 0.000000
604472.915822 2476546.767521 0.000000
604467.927681 2476547.111201 0.000000
604462.939540 2476547.454881 0.000000
604457.951398 2476547.798560 0.000000
604452.963257 2476548.142240 0.000000
604447.975115 2476548.485920 0.000000
604442.986974 2476548.829599 0.000000
604437.998832 2476549.173279 0.000000
604433.010691 2476549.516958 0.000000
604428.022549 2476549.860638 0.000000
604423.034408 2476550.204318 0.000000
604418.046267 2476550.547997 0.000000
604413.058125 2476550.891677 0.000000
604408.069984 2476551.235357 0.000000
604403.081842 2476551.579036 0.000000
604398.093701 2476551.922716 0.000000
604393.105559 2476552.266395 0.000000
604388.117418 2476552.610075 0.000000
604383.129276 2476552.953755 0.000000
604378.141135 2476553.297434 0.000000
604373.152993 2476553.641114 0.000000
604368.164852 2476553.984794 0.000000
604363.176711 2476554.328473 0.000000
604358.188569 2476554.672153 0.000000
604353.200428 2476555.015832 0.000000
604348.212286 2476555.359512 0.000000
604343.224145 2476555.703192 0.000000
604338.236003 2476556.046871 0.000000
604333.247862 2476556.390551 0.000000
604328.259720 2476556.734231 0.000000
604323.271579 2476557.077910 0.000000
604318.283438 2476557.421590 0.000000
604313.295296 2476557.765269 0.000000
604308.307155 2476558.108949 0.000000
604303.319013 2476558.452629 0.000000
604298.330872 2476558.796308 0.000000
604293.342730 2476559.139988 0.000000
604288.354589 2476559.483668 0.000000
604283.366447 2476559.827347 0.000000
604278.378306 2476560.171027 0.000000
604273.390165 2476560.514706 0.000000
604268.402023 2476560.858386 0.000000
604263.413882 2476561.202066 0.000000
604258.425740 2476561.545745 0.000000
604253.437599 2476561.889425 0.000000
604248.449457 2476562.233105 0.000000
604243.461316 2476562.576784 0.000000
604238.473174 2476562.920464 0.000000
604233.485033 2476563.264143 0.000000
604228.496892 2476563.607823 0.000000
604223.508750 2476563.951503 0.000000
604218.520609 2476564.295182 0.000000
604213.532467 2476564.638862 0.000000
604208.544326 2476564.982542 0.000000
604203.556184 2476565.326221 0.000000
604198.568043 2476565.669901 0.000000
604193.579901 2476566.013580 0.000000
604188.591760 2476566.357260 0.000000
604183.603619 2476566.700940 0.000000
604178.615477 2476567.044619 0.000000
604173.627336 2476567.388299 0.000000
604168.639194 2476567.731979 0.000000
604163.651053 2476568.075658 0.000000
604158.662911 2476568.419338 0.000000
604153.674770 2476568.763017 0.000000
604148.686628 2476569.106697 0.000000
604143.698487 2476569.450377 0.000000
604138.710346 2476569.794056 0.000000
604133.722204 2476570.137736 0.000000
604128.734063 2476570.481416 0.000000
604123.745921 2476570.825095 0.000000
604118.757780 2476571.168775 0.000000
604113.769638 2476571.512455 0.000000
604108.781497 2476571.856134 0.000000
604103.793355 2476572.199814 0.000000
604098.805214 2476572.543493 0.000000
604093.817073 2476572.887173 0.000000
604088.828931 2476573.230853 0.000000
604083.840790 2476573.574532 0.000000
604078.852648 2476573.918212 0.000000
604073.864507 2476574.261892 0.000000
604068.876365 2476574.605571 0.000000
604063.888224 2476574.949251 0.000000
604058.900082 2476575.292930 0.000000
604053.911941 2476575.636610 0.000000
604048.923799 2476575.980290 0.000000
604043.935658 2476576.323969 0.000000
604038.947517 2476576.667649 0.000000
604033.959375 2476577.011329 0.000000
604028.971234 2476577.355008 0.000000
604023.983092 2476577.698688 0.000000
604018.994951 2476578.042367 0.000000
604014.006809 2476578.386047 0.000000
604009.018668 2476578.729727 0.000000
604004.030526 2476579.073406 0.000000
603999.042385 2476579.417086 0.000000
603994.054244 2476579.760766 0.000000
603989.066102 2476580.104445 0.000000
603984.077961 2476580.448125 0.000000
603979.089819 2476580.791804 0.000000
603974.101678 2476581.135484 0.000000
603969.113536 2476581.479164 0.000000
603964.125395 2476581.822843 0.000000
603959.137253 2476582.166523 0.000000
603954.149112 2476582.510203 0.000000
603949.160971 2476582.853882 0.000000
603944.172829 2476583.197562 0.000000
603939.184688 2476583.541241 0.000000
603934.196546 2476583.884921 0.000000
603929.208405 2476584.228601 0.000000
603924.220263 2476584.572280 0.000000
603919.232122 2476584.915960 0.000000
603914.243980 2476585.259640 0.000000
603909.255839 2476585.603319 0.000000
603904.267698 2476585.946999 0.000000
603899.279556 2476586.290678 0.000000
603894.291415 2476586.634358 0.000000
603889.303273 2476586.978038 0.000000
603884.315132 2476587.321717 0.000000
603879.326990 2476587.665397 0.000000
603874.338849 2476588.009077 0.000000
603869.350707 2476588.352756 0.000000
603864.362566 2476588.696436 0.000000
603859.374425 2476589.040115 0.000000
603854.386283 2476589.383795 0.000000
603849.398142 2476589.727475 0.000000
603844.410000 2476590.071154 0.000000
603839.421859 2476590.414834 0.000000
603834.433717 2476590.758514 0.000000
603829.445576 2476591.102193 0.000000
603824.457434 2476591.445873 0.000000
603819.469293 2476591.789552 0.000000
603814.481152 2476592.133232 0.000000
603809.493010 2476592.476912 0.000000
603804.504869 2476592.820591 0.000000
603799.516727 2476593.164271 0.000000
603794.528586 2476593.507951 0.000000
603789.540444 2476593.851630 0.000000
603784.552303 2476594.195310 0.000000
603779.564161 2476594.538989 0.000000
603774.576020 2476594.882669 0.000000
603769.587879 2476595.226349 0.000000
603764.599737 2476595.570028 0.000000
603759.611596 2476595.913708 0.000000
603754.623454 2476596.257388 0.000000
603749.635313 2476596.601067 0.000000
603744.647171 2476596.944747 0.000000
603739.659030 2476597.288426 0.000000
603734.670888 2476597.632106 0.000000
603729.682747 2476597.975786 0.000000
603724.694605 2476598.319465 0.000000
603719.706464 2476598.663145 0.000000
603714.718323 2476599.006825 0.000000
603709.730181 2476599.350504 0.000000
603704.742040 2476599.694184 0.000000
603699.753898 2476600.037863 0.000000
603694.765757 2476600.381543 0.000000
603689.777615 2476600.725223 0.000000
603684.789474 2476601.068902 0.000000
603679.801332 2476601.412582 0.000000
603674.813191 2476601.756262 0.000000
603669.825050 2476602.099941 0.000000
603664.836908 2476602.443621 0.000000
603659.848767 2476602.787300 0.000000
603654.860625 2476603.130980 0.000000
603649.872484 2476603.474660 0.000000
603644.884342 2476603.818339 0.000000
603639.896201 2476604.162019 0.000000
603634.908059 2476604.505699 0.000000
603629.919918 2476604.849378 0.000000
603624.931777 2476605.193058 0.000000
603619.943635 2476605.536737 0.000000
603614.955494 2476605.880417 0.000000
603609.967352 2476606.224097 0.000000
603604.979211 2476606.567776 0.000000
603599.991069 2476606.911456 0.000000
603595.002928 2476607.255136 0.000000
603590.014786 2476607.598815 0.000000
603585.026645 2476607.942495 0.000000
603580.038504 2476608.286174 0.000000
603575.050362 2476608.629854 0.000000
603570.062221 2476608.973534 0.000000
603565.074079 2476609.317213 0.000000
603560.085938 2476609.660893 0.000000
603555.097796 2476610.004573 0.000000
603550.109655 2476610.348252 0.000000
603545.121513 2476610.691932 0.000000
603540.133372 2476611.035611 0.000000
603535.145231 2476611.379291 0.000000
603530.157089 2476611.722971 0.000000
603525.168948 2476612.066650 0.000000
603520.180806 2476612.410330 0.000000
603515.192665 2476612.754010 0.000000
603510.204523 2476613.097689 0.000000
603505.216382 2476613.441369 0.000000
603500.228240 2476613.785049 0.000000
603495.240099 2476614.128728 0.000000
603490.251958 2476614.472408 0.000000
603485.263816 2476614.816087 0.000000
603480.275675 2476615.159767 0.000000
603475.287533 2476615.503447 0.000000
603470.299392 2476615.847126 0.000000
603465.311250 2476616.190806 0.000000
603460.323109 2476616.534486 0.000000
603455.334967 2476616.878165 0.000000
603450.346826 2476617.221845 0.000000
603445.358685 2476617.565524 0.000000
603440.370543 2476617.909204 0.000000
603435.382402 2476618.252884 0.000000
603430.394260 2476618.596563 0.000000
603425.406119 2476618.940243 0.000000
603420.417977 2476619.283923 0.000000
603415.429836 2476619.627602 0.000000
603410.441694 2476619.971282 0.000000
603405.453553 2476620.314961 0.000000
603400.465411 2476620.658641 0.000000
603395.477270 2476621.002321 0.000000
603390.489129 2476621.346000 0.000000
603385.500987 2476621.689680 0.000000
603380.512846 2476622.033360 0.000000
603375.524704 2476622.377039 0.000000
603370.536563 2476622.720719 0.000000
603365.548421 2476623.064398 0.000000
603360.560280 2476623.408078 0.000000
603355.572138 2476623.751758 0.000000
603350.583997 2476624.095437 0.000000
603345.595856 2476624.439117 0.000000
603340.607714 2476624.782797 0.000000
603335.619573 2476625.126476 0.000000
603330.631431 2476625.470156 0.000000
603325.643290 2476625.813835 0.000000
603320.655148 2476626.157515 0.000000
603315.667007 2476626.501195 0.000000
603310.678865 2476626.844874 0.000000
603305.690724 2476627.188554 0.000000
603300.702583 2476627.532234 0.000000
603295.714441 2476627.875913 0.000000
603290.726300 2476628.219593 0.000000
603285.738158 2476628.563272 0.000000
603280.750017 2476628.906952 0.000000
603275.761875 2476629.250632 0.000000
603270.773734 2476629.594311 0.000000
603265.785592 2476629.937991 0.000000
603260.797451 2476630.281671 0.000000
603255.809310 2476630.625350 0.000000
603250.821168 2476630.969030 0.000000
603245.833027 2476631.312709 0.000000
603240.844885 2476631.656389 0.000000
603235.856744 2476632.000069 0.000000
603230.868602 2476632.343748 0.000000
603225.880461 2476632.687428 0.000000
603220.892319 2476633.031108 0.000000
603215.904178 2476633.374787 0.000000
603210.916037 2476633.718467 0.000000
603205.927895 2476634.062146 0.000000
603200.939754 2476634.405826 0.000000
603195.951612 2476634.749506 0.000000
603190.963471 2476635.093185 0.000000
603185.975329 2476635.436865 0.000000
603180.987188 2476635.780545 0.000000
603175.999046 2476636.124224 0.000000
603171.010905 2476636.467904 0.000000
603166.022764 2476636.811583 0.000000
603161.034622 2476637.155263 0.000000
603156.046481 2476637.498943 0.000000
603151.058339 2476637.842622 0.000000
603146.070198 2476638.186302 0.000000
603141.082056 2476638.529982 0.000000
603136.093915 2476638.873661 0.000000
603131.105773 2476639.217341 0.000000
603126.117632 2476639.561020 0.000000
603121.129491 2476639.904700 0.000000
603116.141349 2476640.248380 0.000000
603111.153208 2476640.592059 0.000000
603106.165066 2476640.935739 0.000000
603101.176925 2476641.279419 0.000000
603096.188783 2476641.623098 0.000000
603091.200642 2476641.966778 0.000000
603086.212500 2476642.310457 0.000000
603081.224359 2476642.654137 0.000000
603076.236217 2476642.997817 0.000000
603071.248076 2476643.341496 0.000000
603066.259935 2476643.685176 0.000000
603061.271793 2476644.028856 0.000000
603056.283652 2476644.372535 0.000000
603051.295510 2476644.716215 0.000000
603046.307369 2476645.059894 0.000000
603041.319227 2476645.403574 0.000000
603036.331086 2476645.747254 0.000000
603031.342944 2476646.090933 0.000000
603026.354803 2476646.434613 0.000000
603021.366662 2476646.778293 0.000000
603016.378520 2476647.121972 0.000000
603011.390379 2476647.465652 0.000000
603006.402237 2476647.809331 0.000000
603001.414096 2476648.153011 0.000000
602996.425954 2476648.496691 0.000000
602991.437813 2476648.840370 0.000000
602986.449671 2476649.184050 0.000000
602981.461530 2476649.527730 0.000000
602976.473389 2476649.871409 0.000000
602971.485247 2476650.215089 0.000000
602966.497106 2476650.558768 0.000000
602961.508964 2476650.902448 0.000000
602956.520823 2476651.246128 0.000000
602951.532681 2476651.589807 0.000000
602946.544540 2476651.933487 0.000000
602941.556398 2476652.277167 0.000000
602936.568257 2476652.620846 0.000000
602931.580116 2476652.964526 0.000000
602926.591974 2476653.308206 0.000000
602921.603833 2476653.651885 0.000000
602916.615691 2476653.995565 0.000000
602911.627550 2476654.339244 0.000000
602906.639408 2476654.682924 0.000000
602901.651267 2476655.026604 0.000000
602896.663125 2476655.370283 0.000000
602891.674984 2476655.713963 0.000000
602886.686843 2476656.057643 0.000000
602881.698701 2476656.401322 0.000000
602876.710560 2476656.745002 0.000000
602871.722418 2476657.088681 0.000000
602866.734277 2476657.432361 0.000000
602861.746135 2476657.776041 0.000000
602856.757994 2476658.119720 0.000000
602851.769852 2476658.463400 0.000000
602846.781711 2476658.807080 0.000000
602841.793570 2476659.150759 0.000000
602836.805428 2476659.494439 0.000000
602831.817287 2476659.838118 0.000000
602826.829145 2476660.181798 0.000000
602821.841004 2476660.525478 0.000000
602816.852862 2476660.869157 0.000000
602811.864721 2476661.212837 0.000000
602806.876579 2476661.556517 0.000000
602801.888438 2476661.900196 0.000000
602796.900297 2476662.243876 0.000000
602791.912155 2476662.587555 0.000000
602786.924014 2476662.931235 0.000000
602781.935872 2476663.274915 0.000000
602776.947731 2476663.618594 0.000000
602771.959589 2476663.962274 0.000000
602766.971448 2476664.305954 0.000000
602761.983306 2476664.649633 0.000000
602756.995165 2476664.993313 0.000000
602752.007024 2476665.336992 0.000000
602747.018882 2476665.680672 0.000000
602742.030741 2476666.024352 0.000000
602737.042599 2476666.368031 0.000000
602732.054458 2476666.711711 0.000000
602727.066316 2476667.055391 0.000000
602722.078175 2476667.399070 0.000000
602717.090033 2476667.742750 0.000000
602712.101892 2476668.086429 0.000000
602707.113750 2476668.430109 0.000000
602702.125609 2476668.773789 0.000000
602697.137468 2476669.117468 0.000000
602692.149326 2476669.461148 0.000000
602687.161185 2476669.804828 0.000000
602682.173043 2476670.148507 0.000000
602677.184902 2476670.492187 0.000000
602672.196760 2476670.835866 0.000000
602667.208619 2476671.179546 0.000000
602662.220477 2476671.523226 0.000000
602657.232336 2476671.866905 0.000000
602652.244195 2476672.210585 0.000000
602647.256053 2476672.554265 0.000000
602642.267912 2476672.897944 0.000000
602637.279770 2476673.241624 0.000000
602632.291629 2476673.585303 0.000000
602627.303487 2476673.928983 0.000000
602622.315346 2476674.272663 0.000000
602617.327204 2476674.616342 0.000000
602612.339063 2476674.960022 0.000000
602607.350922 2476675.303702 0.000000
602602.362780 2476675.647381 0.000000
602597.374639 2476675.991061 0.000000
602592.386497 2476676.334740 0.000000
602587.398356 2476676.678420 0.000000
602582.410214 2476677.022100 0.000000
602577.422073 2476677.365779 0.000000
602572.433931 2476677.709459 0.000000
602567.445790 2476678.053139 0.000000
602562.457649 2476678.396818 0.000000
602557.469507 2476678.740498 0.000000
602552.481366 2476679.084177 0.000000
602547.493224 2476679.427857 0.000000
602542.505083 2476679.771537 0.000000
602537.516941 2476680.115216 0.000000
602532.528800 2476680.458896 0.000000
602527.540658 2476680.802576 0.000000
602522.552517 2476681.146255 0.000000
602517.564376 2476681.489935 0.000000
602512.576234 2476681.833614 0.000000
602507.588093 2476682.177294 0.000000
602502.599951 2476682.520974 0.000000
602497.611810 2476682.864653 0.000000
602492.623668 2476683.208333 0.000000
602487.635527 2476683.552013 0.000000
602482.647385 2476683.895692 0.000000
602477.659244 2476684.239372 0.000000
602472.671103 2476684.583051 0.000000
602467.682961 2476684.926731 0.000000
602462.694820 2476685.270411 0.000000
602457.706678 2476685.614090 0.000000
602452.718537 2476685.957770 0.000000
602447.730395 2476686.301450 0.000000
602442.742254 2476686.645129 0.000000
602437.754112 2476686.988809 0.000000
602432.765971 2476687.332488 0.000000
602427.777830 2476687.676168 0.000000
602422.789688 2476688.019848 0.000000
602417.801547 2476688.363527 0.000000
602412.813405 2476688.707207 0.000000
602407.825264 2476689.050887 0.000000
602402.837122 2476689.394566 0.000000
602397.848981 2476689.738246 0.000000
602392.860839 2476690.081925 0.000000
602387.872698 2476690.425605 0.000000
602382.884556 2476690.769285 0.000000
602377.896415 2476691.112964 0.000000
602372.908274 2476691.456644 0.000000
602367.920132 2476691.800324 0.000000
602362.931991 2476692.144003 0.000000
602357.943849 2476692.487683 0.000000
602352.955708 2476692.831362 0.000000
602347.967566 2476693.175042 0.000000
602342.979425 2476693.518722 0.000000
602337.991283 2476693.862401 0.000000
602333.003142 2476694.206081 0.000000
602328.015001 2476694.549761 0.000000
602323.026859 2476694.893440 0.000000
602318.038718 2476695.237120 0.000000
602313.050576 2476695.580800 0.000000
602308.062435 2476695.924479 0.000000
602303.074293 2476696.268159 0.000000
602298.086152 2476696.611838 0.000000
602293.098010 2476696.955518 0.000000
602288.109869 2476697.299198 0.000000
602283.121728 2476697.642877 0.000000
602278.133586 2476697.986557 0.000000
602273.145445 2476698.330237 0.000000
602268.157303 2476698.673916 0.000000
602263.169162 2476699.017596 0.000000
602258.181020 2476699.361275 0.000000
602253.192879 2476699.704955 0.000000
602248.204737 2476700.048635 0.000000
602243.216596 2476700.392314 0.000000
602238.228455 2476700.735994 0.000000
602233.240313 2476701.079674 0.000000
602228.252172 2476701.423353 0.000000
602223.264030 2476701.767033 0.000000
602218.275889 2476702.110712 0.000000
602213.287747 2476702.454392 0.000000
602208.299606 2476702.798072 0.000000
602203.311464 2476703.141751 0.000000
602198.323323 2476703.485431 0.000000
602193.335182 2476703.829111 0.000000
602188.347040 2476704.172790 0.000000
602183.358899 2476704.516470 0.000000
602178.370757 2476704.860149 0.000000
602173.382616 2476705.203829 0.000000
602168.394474 2476705.547509 0.000000
602163.406333 2476705.891188 0.000000
602158.418191 2476706.234868 0.000000
602153.430050 2476706.578548 0.000000
602148.441909 2476706.922227 0.000000
602143.453767 2476707.265907 0.000000
602138.465626 2476707.609586 0.000000
602133.477484 2476707.953266 0.000000
602128.489343 2476708.296946 0.000000
602123.501201 2476708.640625 0.000000
602118.513060 2476708.984305 0.000000
602113.524918 2476709.327985 0.000000
602108.536777 2476709.671664 0.000000
602103.548636 2476710.015344 0.000000
602098.560494 2476710.359023 0.000000
602093.572353 2476710.702703 0.000000
602088.584211 2476711.046383 0.000000
602083.596070 2476711.390062 0.000000
602078.607928 2476711.733742 0.000000
602073.619787 2476712.077422 0.000000
602068.631645 2476712.421101 0.000000
602063.643504 2476712.764781 0.000000
602058.655362 2476713.108460 0.000000
602053.667221 2476713.452140 0.000000
602048.679080 2476713.795820 0.000000
602043.690938 2476714.139499 0.000000
602038.702797 2476714.483179 0.000000
602033.714655 2476714.826859 0.000000
602028.726514 2476715.170538 0.000000
602023.738372 2476715.514218 0.000000
602018.750231 2476715.857897 0.000000
602013.762089 2476716.201577 0.000000
602008.773948 2476716.545257 0.000000
602003.785807 2476716.888936 0.000000
601998.797665 2476717.232616 0.000000
601993.809524 2476717.576296 0.000000
601988.821382 2476717.919975 0.000000
601983.833241 2476718.263655 0.000000
601978.845099 2476718.607334 0.000000
601973.856958 2476718.951014 0.000000
601968.868816 2476719.294694 0.000000
601963.880675 2476719.638373 0.000000
601958.892534 2476719.982053 0.000000
601953.904392 2476720.325733 0.000000
601948.916251 2476720.669412 0.000000
601943.928109 2476721.013092 0.000000
601938.939968 2476721.356771 0.000000
601933.951826 2476721.700451 0.000000
601928.963685 2476722.044131 0.000000
601923.975543 2476722.387810 0.000000
601918.987402 2476722.731490 0.000000
601913.999261 2476723.075170 0.000000
601909.011119 2476723.418849 0.000000
601904.022978 2476723.762529 0.000000
601899.034836 2476724.106208 0.000000
601894.046695 2476724.449888 0.000000
601889.058553 2476724.793568 0.000000
601884.070412 2476725.137247 0.000000
601879.082270 2476725.480927 0.000000
601874.094129 2476725.824607 0.000000
601869.105988 2476726.168286 0.000000
601864.117846 2476726.511966 0.000000
601859.129705 2476726.855645 0.000000
601854.141563 2476727.199325 0.000000
601849.153422 2476727.543005 0.000000
601844.165280 2476727.886684 0.000000
601839.177139 2476728.230364 0.000000
601834.188997 2476728.574044 0.000000
601829.200856 2476728.917723 0.000000
601824.212715 2476729.261403 0.000000
601819.224573 2476729.605082 0.000000
601814.236432 2476729.948762 0.000000
601809.248290 2476730.292442 0.000000
601804.260149 2476730.636121 0.000000
601799.272007 2476730.979801 0.000000
601794.283866 2476731.323481 0.000000
601789.295724 2476731.667160 0.000000
601784.307583 2476732.010840 0.000000
601779.319442 2476732.354519 0.000000
601774.331300 2476732.698199 0.000000
601769.343159 2476733.041879 0.000000
601764.355017 2476733.385558 0.000000
601759.366876 2476733.729238 0.000000
601754.378734 2476734.072918 0.000000
601749.390593 2476734.416597 0.000000
601744.402451 2476734.760277 0.000000
601739.414310 2476735.103957 0.000000
601734.426168 2476735.447636 0.000000
601729.438027 2476735.791316 0.000000
601724.449886 2476736.134995 0.000000
601719.461744 2476736.478675 0.000000
601714.473603 2476736.822355 0.000000
601709.485461 2476737.166034 0.000000
601704.497320 2476737.509714 0.000000
601699.509178 2476737.853394 0.000000
601694.521037 2476738.197073 0.000000
601689.532895 2476738.540753 0.000000
601684.544754 2476738.884432 0.000000
601679.556613 2476739.228112 0.000000
601674.568471 2476739.571792 0.000000
601669.580330 2476739.915471 0.000000
601664.592188 2476740.259151 0.000000
601659.604047 2476740.602831 0.000000
601654.615905 2476740.946510 0.000000
601649.627764 2476741.290190 0.000000
601644.639622 2476741.633869 0.000000
601639.651481 2476741.977549 0.000000
601634.663340 2476742.321229 0.000000
601629.675198 2476742.664908 0.000000
601624.687057 2476743.008588 0.000000
601619.698915 2476743.352268 0.000000
601614.710774 2476743.695947 0.000000
601609.722632 2476744.039627 0.000000
601604.734491 2476744.383306 0.000000
601599.746349 2476744.726986 0.000000
601594.758208 2476745.070666 0.000000
601589.770067 2476745.414345 0.000000
601584.781925 2476745.758025 0.000000
601579.793784 2476746.101705 0.000000
601574.805642 2476746.445384 0.000000
601569.817501 2476746.789064 0.000000
601564.829359 2476747.132743 0.000000
601559.841218 2476747.476423 0.000000
601554.853076 2476747.820103 0.000000
601549.864935 2476748.163782 0.000000
601544.876794 2476748.507462 0.000000
601539.888652 2476748.851142 0.000000
601534.900511 2476749.194821 0.000000
601529.912369 2476749.538501 0.000000
601524.924228 2476749.882180 0.000000
601519.936086 2476750.225860 0.000000
601514.947945 2476750.569540 0.000000
601509.959803 2476750.913219 0.000000
601504.971662 2476751.256899 0.000000
601499.983521 2476751.600579 0.000000
601494.995379 2476751.944258 0.000000
601490.007238 2476752.287938 0.000000
601485.019096 2476752.631617 0.000000
601480.030955 2476752.975297 0.000000
601475.042813 2476753.318977 0.000000
601470.054672 2476753.662656 0.000000
601465.066530 2476754.006336 0.000000
601460.078389 2476754.350016 0.000000
601455.090248 2476754.693695 0.000000
601450.102106 2476755.037375 0.000000
601445.113965 2476755.381054 0.000000
601440.125823 2476755.724734 0.000000
601435.137682 2476756.068414 0.000000
601430.149540 2476756.412093 0.000000
601425.161399 2476756.755773 0.000000
601420.173257 2476757.099453 0.000000
601415.185116 2476757.443132 0.000000
601410.196974 2476757.786812 0.000000
601405.208833 2476758.130491 0.000000
601400.220692 2476758.474171 0.000000
601395.232550 2476758.817851 0.000000
601390.244409 2476759.161530 0.000000
601385.256267 2476759.505210 0.000000
601380.268126 2476759.848890 0.000000
601375.279984 2476760.192569 0.000000
601370.291843 2476760.536249 0.000000
601365.303701 2476760.879928 0.000000
601360.315560 2476761.223608 0.000000
601355.327419 2476761.567288 0.000000
601350.339277 2476761.910967 0.000000
601345.351136 2476762.254647 0.000000
601340.362994 2476762.598327 0.000000
601335.374853 2476762.942006 0.000000
601330.386711 2476763.285686 0.000000
601325.398570 2476763.629365 0.000000
601320.410428 2476763.973045 0.000000
601315.422287 2476764.316725 0.000000
601310.434146 2476764.660404 0.000000
601305.446004 2476765.004084 0.000000
601300.457863 2476765.347764 0.000000
601295.469721 2476765.691443 0.000000
601290.481580 2476766.035123 0.000000
601285.493438 2476766.378802 0.000000
601280.505297 2476766.722482 0.000000
601275.517155 2476767.066162 0.000000
601270.529014 2476767.409841 0.000000
601265.540873 2476767.753521 0.000000
601260.552731 2476768.097201 0.000000
601255.564590 2476768.440880 0.000000
601250.576448 2476768.784560 0.000000
601245.588307 2476769.128239 0.000000
601240.600165 2476769.471919 0.000000
601235.612024 2476769.815599 0.000000
601230.623882 2476770.159278 0.000000
601225.635741 2476770.502958 0.000000
601220.647600 2476770.846638 0.000000
601215.659458 2476771.190317 0.000000
601210.671317 2476771.533997 0.000000
601205.683175 2476771.877676 0.000000
601200.695034 2476772.221356 0.000000
601195.706892 2476772.565036 0.000000
601190.718751 2476772.908715 0.000000
601185.730609 2476773.252395 0.000000
601180.742468 2476773.596075 0.000000
601175.754327 2476773.939754 0.000000
601170.766185 2476774.283434 0.000000
601165.778044 2476774.627113 0.000000
601160.789902 2476774.970793 0.000000
601155.801761 2476775.314473 0.000000
601150.813619 2476775.658152 0.000000
601145.825478 2476776.001832 0.000000
601140.837336 2476776.345512 0.000000
601135.849195 2476776.689191 0.000000
601130.861054 2476777.032871 0.000000
601125.872912 2476777.376551 0.000000
601120.884771 2476777.720230 0.000000
601115.896629 2476778.063910 0.000000
601110.908488 2476778.407589 0.000000
601105.920346 2476778.751269 0.000000
601100.932205 2476779.094949 0.000000
601095.944063 2476779.438628 0.000000
601090.955922 2476779.782308 0.000000
601085.967780 2476780.125988 0.000000
601080.979639 2476780.469667 0.000000
601075.991498 2476780.813347 0.000000
601071.003356 2476781.157026 0.000000
601066.015215 2476781.500706 0.000000
601061.027073 2476781.844386 0.000000
601056.038932 2476782.188065 0.000000
601051.050790 2476782.531745 0.000000
601046.062649 2476782.875425 0.000000
601041.074507 2476783.219104 0.000000
601036.086366 2476783.562784 0.000000
601031.098225 2476783.906463 0.000000
601026.110083 2476784.250143 0.000000
601021.121942 2476784.593823 0.000000
601016.133800 2476784.937502 0.000000
601011.145659 2476785.281182 0.000000
601006.157517 2476785.624862 0.000000
601001.169376 2476785.968541 0.000000
600996.181234 2476786.312221 0.000000
600991.193093 2476786.655900 0.000000
600986.204952 2476786.999580 0.000000
600981.216810 2476787.343260 0.000000
600976.228669 2476787.686939 0.000000
600971.240527 2476788.030619 0.000000
600966.252386 2476788.374299 0.000000
600961.264244 2476788.717978 0.000000
600956.276103 2476789.061658 0.000000
600951.287961 2476789.405337 0.000000
600946.299820 2476789.749017 0.000000
600941.311679 2476790.092697 0.000000
600936.323537 2476790.436376 0.000000
600931.335396 2476790.780056 0.000000
600926.347254 2476791.123736 0.000000
600921.359113 2476791.467415 0.000000
600916.370971 2476791.811095 0.000000
600911.382830 2476792.154774 0.000000
600906.394688 2476792.498454 0.000000
600901.406547 2476792.842134 0.000000
600896.418406 2476793.185813 0.000000
600891.430264 2476793.529493 0.000000
600886.442123 2476793.873173 0.000000
600881.453981 2476794.216852 0.000000
600876.465840 2476794.560532 0.000000
600871.477698 2476794.904211 0.000000
600866.489557 2476795.247891 0.000000
600861.501415 2476795.591571 0.000000
600856.513274 2476795.935250 0.000000
600851.525133 2476796.278930 0.000000
600846.536991 2476796.622610 0.000000
600841.548850 2476796.966289 0.000000
600836.560708 2476797.309969 0.000000
600831.572567 2476797.653648 0.000000
600826.584425 2476797.997328 0.000000
600821.596284 2476798.341008 0.000000
600816.608142 2476798.684687 0.000000
600811.620001 2476799.028367 0.000000
600806.631860 2476799.372047 0.000000
600801.643718 2476799.715726 0.000000
600796.655577 2476800.059406 0.000000
600791.667435 2476800.403085 0.000000
600786.679294 2476800.746765 0.000000
600781.691152 2476801.090445 0.000000
600776.703011 2476801.434124 0.000000
600771.714869 2476801.777804 0.000000
600766.726728 2476802.121484 0.000000
600761.738586 2476802.465163 0.000000
600756.750445 2476802.808843 0.000000
600751.762304 2476803.152522 0.000000
600746.774162 2476803.496202 0.000000
600741.786021 2476803.839882 0.000000
600736.797879 2476804.183561 0.000000
600731.809738 2476804.527241 0.000000
600726.821596 2476804.870921 0.000000
600721.833455 2476805.214600 0.000000
600716.845313 2476805.558280 0.000000
600711.857172 2476805.901959 0.000000
600706.869031 2476806.245639 0.000000
600701.880889 2476806.589319 0.000000
600696.892748 2476806.932998 0.000000
600691.904606 2476807.276678 0.000000
600686.916465 2476807.620358 0.000000
600681.928323 2476807.964037 0.000000
600676.940182 2476808.307717 0.000000
600671.952040 2476808.651396 0.000000
600666.963899 2476808.995076 0.000000
600661.975758 2476809.338756 0.000000
600656.987616 2476809.682435 0.000000
600651.999475 2476810.026115 0.000000
600647.011333 2476810.369795 0.000000
600642.023192 2476810.713474 0.000000
600637.035050 2476811.057154 0.000000
600632.046909 2476811.400833 0.000000
600627.058767 2476811.744513 0.000000
600622.070626 2476812.088193 0.000000
600617.082485 2476812.431872 0.000000
600612.094343 2476812.775552 0.000000
600607.106202 2476813.119232 0.000000
600602.118060 2476813.462911 0.000000
600597.129919 2476813.806591 0.000000
600592.141777 2476814.150270 0.000000
600587.153636 2476814.493950 0.000000
600582.165494 2476814.837630 0.000000
600577.177353 2476815.181309 0.000000
600572.189212 2476815.524989 0.000000
600567.201070 2476815.868669 0.000000
600562.212929 2476816.212348 0.000000
600557.224787 2476816.556028 0.000000
600552.236646 2476816.899708 0.000000
600547.248504 2476817.243387 0.000000
600542.260363 2476817.587067 0.000000
600537.272221 2476817.930746 0.000000
600532.284080 2476818.274426 0.000000
600527.295939 2476818.618106 0.000000
600522.307797 2476818.961785 0.000000
600517.319656 2476819.305465 0.000000
600512.331514 2476819.649145 0.000000
600507.343373 2476819.992824 0.000000
600502.355231 2476820.336504 0.000000
600497.367090 2476820.680183 0.000000
600492.378948 2476821.023863 0.000000
600487.390807 2476821.367543 0.000000
600482.402666 2476821.711222 0.000000
600477.414524 2476822.054902 0.000000
600472.426383 2476822.398582 0.000000
600467.438241 2476822.742261 0.000000
600462.450100 2476823.085941 0.000000
600457.461958 2476823.429620 0.000000
600452.473817 2476823.773300 0.000000
600447.485675 2476824.116980 0.000000
600442.497534 2476824.460659 0.000000
600437.509393 2476824.804339 0.000000
600432.521251 2476825.148019 0.000000
600427.533110 2476825.491698 0.000000
600422.544968 2476825.835378 0.000000
600417.556827 2476826.179057 0.000000
600412.568685 2476826.522737 0.000000
600407.580544 2476826.866417 0.000000
600402.592402 2476827.210096 0.000000
600397.604261 2476827.553776 0.000000
600392.616119 2476827.897456 0.000000
600387.627978 2476828.241135 0.000000
600382.639837 2476828.584815 0.000000
600377.651695 2476828.928494 0.000000
600372.663554 2476829.272174 0.000000
600367.675412 2476829.615854 0.000000
600362.687271 2476829.959533 0.000000
600357.699129 2476830.303213 0.000000
600352.710988 2476830.646893 0.000000
600347.722846 2476830.990572 0.000000
600342.734705 2476831.334252 0.000000
600337.746564 2476831.677931 0.000000
600332.758422 2476832.021611 0.000000
600327.770281 2476832.365291 0.000000
600322.782139 2476832.708970 0.000000
600317.793998 2476833.052650 0.000000
600312.805856 2476833.396330 0.000000
600307.817715 2476833.740009 0.000000
600302.829573 2476834.083689 0.000000
600297.841432 2476834.427368 0.000000
600292.853291 2476834.771048 0.000000
600287.865149 2476835.114728 0.000000
600282.877008 2476835.458407 0.000000
600277.888866 2476835.802087 0.000000
600272.900725 2476836.145767 0.000000
600267.912583 2476836.489446 0.000000
600262.924442 2476836.833126 0.000000
600257.936300 2476837.176805 0.000000
600252.948159 2476837.520485 0.000000
600247.960018 2476837.864165 0.000000
600242.971876 2476838.207844 0.000000
600237.983735 2476838.551524 0.000000
600232.995593 2476838.895204 0.000000
600228.007452 2476839.238883 0.000000
600223.019310 2476839.582563 0.000000
600218.031169 2476839.926242 0.000000
600213.043027 2476840.269922 0.000000
600208.054886 2476840.613602 0.000000
600203.066745 2476840.957281 0.000000
600198.078603 2476841.300961 0.000000
600193.090462 2476841.644641 0.000000
600188.102320 2476841.988320 0.000000
600183.114179 2476842.332000 0.000000
600178.126037 2476842.675679 0.000000
600173.137896 2476843.019359 0.000000
600168.149754 2476843.363039 0.000000
600163.161613 2476843.706718 0.000000
600158.173472 2476844.050398 0.000000
600153.185330 2476844.394078 0.000000
600148.197189 2476844.737757 0.000000
600143.209047 2476845.081437 0.000000
600138.220906 2476845.425116 0.000000
600133.232764 2476845.768796 0.000000
600128.244623 2476846.112476 0.000000
600123.256481 2476846.456155 0.000000
600118.268340 2476846.799835 0.000000
600113.280199 2476847.143515 0.000000
600108.292057 2476847.487194 0.000000
600103.303916 2476847.830874 0.000000
600098.315774 2476848.174553 0.000000
600093.327633 2476848.518233 0.000000
600088.339491 2476848.861913 0.000000
600083.351350 2476849.205592 0.000000
600078.363208 2476849.549272 0.000000
600073.375067 2476849.892952 0.000000
600068.386925 2476850.236631 0.000000
600063.398784 2476850.580311 0.000000
600058.410643 2476850.923990 0.000000
600053.422501 2476851.267670 0.000000
600048.434360 2476851.611350 0.000000
600043.446218 2476851.955029 0.000000
600038.458077 2476852.298709 0.000000
600033.469935 2476852.642389 0.000000
600028.481794 2476852.986068 0.000000
600023.493652 2476853.329748 0.000000
600018.505511 2476853.673427 0.000000
600013.517370 2476854.017107 0.000000
600008.529228 2476854.360787 0.000000
600003.541087 2476854.704466 0.000000
599998.552945 2476855.048146 0.000000
599993.564804 2476855.391826 0.000000
599988.576662 2476855.735505 0.000000
599983.588521 2476856.079185 0.000000
599978.600379 2476856.422865 0.000000
599973.612238 2476856.766544 0.000000
599968.624097 2476857.110224 0.000000
599963.635955 2476857.453903 0.000000
599958.647814 2476857.797583 0.000000
599953.659672 2476858.141263 0.000000
599948.671531 2476858.484942 0.000000
599943.683389 2476858.828622 0.000000
599938.695248 2476859.172302 0.000000
599933.707106 2476859.515981 0.000000
599928.718965 2476859.859661 0.000000
599923.730824 2476860.203340 0.000000
599918.742682 2476860.547020 0.000000
599913.754541 2476860.890700 0.000000
599908.766399 2476861.234379 0.000000
599903.778258 2476861.578059 0.000000
599898.790116 2476861.921739 0.000000
599893.801975 2476862.265418 0.000000
599888.813833 2476862.609098 0.000000
599883.825692 2476862.952777 0.000000
599878.837551 2476863.296457 0.000000
599873.849409 2476863.640137 0.000000
599868.861268 2476863.983816 0.000000
599863.873126 2476864.327496 0.000000
599858.884985 2476864.671176 0.000000
599853.896843 2476865.014855 0.000000
599848.908702 2476865.358535 0.000000
599843.920560 2476865.702214 0.000000
599838.932419 2476866.045894 0.000000
599833.944278 2476866.389574 0.000000
599828.956136 2476866.733253 0.000000
599823.967995 2476867.076933 0.000000
599818.979853 2476867.420613 0.000000
599813.991712 2476867.764292 0.000000
599809.003570 2476868.107972 0.000000
599804.015429 2476868.451651 0.000000
599799.027287 2476868.795331 0.000000
599794.039146 2476869.139011 0.000000
599789.051005 2476869.482690 0.000000
599784.062863 2476869.826370 0.000000
599779.074722 2476870.170050 0.000000
599774.086580 2476870.513729 0.000000
599769.098439 2476870.857409 0.000000
599764.110297 2476871.201088 0.000000
599759.122156 2476871.544768 0.000000
599754.134014 2476871.888448 0.000000
599749.145873 2476872.232127 0.000000
599744.157731 2476872.575807 0.000000
599739.169590 2476872.919487 0.000000
599734.181449 2476873.263166 0.000000
599729.193307 2476873.606846 0.000000
599724.205166 2476873.950525 0.000000
599719.217024 2476874.294205 0.000000
599714.228883 2476874.637885 0.000000
599709.240741 2476874.981564 0.000000
599704.252600 2476875.325244 0.000000
599699.264458 2476875.668924 0.000000
599694.276317 2476876.012603 0.000000
599689.288176 2476876.356283 0.000000
599684.300034 2476876.699962 0.000000
599679.311893 2476877.043642 0.000000
599674.323751 2476877.387322 0.000000
599669.335610 2476877.731001 0.000000
599664.347468 2476878.074681 0.000000
599659.359327 2476878.418361 0.000000
599654.371185 2476878.762040 0.000000
599649.383044 2476879.105720 0.000000
599644.394903 2476879.449399 0.000000
599639.406761 2476879.793079 0.000000
599634.418620 2476880.136759 0.000000
599629.430478 2476880.480438 0.000000
599624.442337 2476880.824118 0.000000
599619.454195 2476881.167798 0.000000
599614.466054 2476881.511477 0.000000
599609.477912 2476881.855157 0.000000
599604.489771 2476882.198836 0.000000
599599.501630 2476882.542516 0.000000
599594.513488 2476882.886196 0.000000
599589.525347 2476883.229875 0.000000
599584.537205 2476883.573555 0.000000
599579.549064 2476883.917235 0.000000
599574.560922 2476884.260914 0.000000
599569.572781 2476884.604594 0.000000
599564.584639 2476884.948273 0.000000
599559.596498 2476885.291953 0.000000
599554.608357 2476885.635633 0.000000
599549.620215 2476885.979312 0.000000
599544.632074 2476886.322992 0.000000
599539.643932 2476886.666672 0.000000
599534.655791 2476887.010351 0.000000
599529.667649 2476887.354031 0.000000
599524.679508 2476887.697710 0.000000
599519.691366 2476888.041390 0.000000
599514.703225 2476888.385070 0.000000
599509.715084 2476888.728749 0.000000
599504.726942 2476889.072429 0.000000
599499.738801 2476889.416109 0.000000
599494.750659 2476889.759788 0.000000
599489.762518 2476890.103468 0.000000
599484.774376 2476890.447147 0.000000
599479.786235 2476890.790827 0.000000
599474.798093 2476891.134507 0.000000
599469.809952 2476891.478186 0.000000
599464.821811 2476891.821866 0.000000
599459.833669 2476892.165546 0.000000
599454.845528 2476892.509225 0.000000
599449.857386 2476892.852905 0.000000
599444.869245 2476893.196584 0.000000
599439.881103 2476893.540264 0.000000
599434.892962 2476893.883944 0.000000
599429.904820 2476894.227623 0.000000
599424.916679 2476894.571303 0.000000
599419.928537 2476894.914983 0.000000
599414.940396 2476895.258662 0.000000
599409.952255 2476895.602342 0.000000
599404.964113 2476895.946021 0.000000
599399.975972 2476896.289701 0.000000
599394.987830 2476896.633381 0.000000
599389.999689 2476896.977060 0.000000
599385.011547 2476897.320740 0.000000
599380.023406 2476897.664420 0.000000
599375.035264 2476898.008099 0.000000
599370.047123 2476898.351779 0.000000
599365.058982 2476898.695459 0.000000
599360.070840 2476899.039138 0.000000
599355.082699 2476899.382818 0.000000
599350.094557 2476899.726497 0.000000
599345.106416 2476900.070177 0.000000
599340.118274 2476900.413857 0.000000
599335.130133 2476900.757536 0.000000
599330.141991 2476901.101216 0.000000
599325.153850 2476901.444896 0.000000
599320.165709 2476901.788575 0.000000
599315.177567 2476902.132255 0.000000
599310.189426 2476902.475934 0.000000
599305.201284 2476902.819614 0.000000
599300.213143 2476903.163294 0.000000
599295.225001 2476903.506973 0.000000
599290.236860 2476903.850653 0.000000
599285.248718 2476904.194333 0.000000
599280.260577 2476904.538012 0.000000
599275.272436 2476904.881692 0.000000
599270.284294 2476905.225371 0.000000
599265.296153 2476905.569051 0.000000
599260.308011 2476905.912731 0.000000
599255.319870 2476906.256410 0.000000
599250.331728 2476906.600090 0.000000
599245.343587 2476906.943770 0.000000
599240.355445 2476907.287449 0.000000
599235.367304 2476907.631129 0.000000
599230.379163 2476907.974808 0.000000
599225.391021 2476908.318488 0.000000
599220.402880 2476908.662168 0.000000
599215.414738 2476909.005847 0.000000
599210.426597 2476909.349527 0.000000
599205.438455 2476909.693207 0.000000
599200.450314 2476910.036886 0.000000
599195.462172 2476910.380566 0.000000
599190.474031 2476910.724245 0.000000
599185.485890 2476911.067925 0.000000
599180.497748 2476911.411605 0.000000
599175.509607 2476911.755284 0.000000
599170.521465 2476912.098964 0.000000
599165.533324 2476912.442644 0.000000
599160.545182 2476912.786323 0.000000
599155.557041 2476913.130003 0.000000
599150.568899 2476913.473682 0.000000
599145.580758 2476913.817362 0.000000
599140.592617 2476914.161042 0.000000
599135.604475 2476914.504721 0.000000
599130.616334 2476914.848401 0.000000
599125.628192 2476915.192081 0.000000
599120.640051 2476915.535760 0.000000
599115.651909 2476915.879440 0.000000
599110.663768 2476916.223119 0.000000
599105.675626 2476916.566799 0.000000
599100.687485 2476916.910479 0.000000
599095.699343 2476917.254158 0.000000
599090.711202 2476917.597838 0.000000
599085.723061 2476917.941518 0.000000
599080.734919 2476918.285197 0.000000
599075.746778 2476918.628877 0.000000
599070.758636 2476918.972556 0.000000
599065.770495 2476919.316236 0.000000
599060.782353 2476919.659916 0.000000
599055.794212 2476920.003595 0.000000
599050.806070 2476920.347275 0.000000
599045.817929 2476920.690955 0.000000
599040.829788 2476921.034634 0.000000
599035.841646 2476921.378314 0.000000
599030.853505 2476921.721993 0.000000
599025.865363 2476922.065673 0.000000
599020.877222 2476922.409353 0.000000
599015.889080 2476922.753032 0.000000
599010.900939 2476923.096712 0.000000
599005.912797 2476923.440392 0.000000
599000.924656 2476923.784071 0.000000
598995.936515 2476924.127751 0.000000
598990.948373 2476924.471430 0.000000
598985.960232 2476924.815110 0.000000
598980.972090 2476925.158790 0.000000
598975.983949 2476925.502469 0.000000
598970.995807 2476925.846149 0.000000
598966.007666 2476926.189829 0.000000
598961.019524 2476926.533508 0.000000
598956.031383 2476926.877188 0.000000
598951.043242 2476927.220867 0.000000
598946.055100 2476927.564547 0.000000
598941.066959 2476927.908227 0.000000
598936.078817 2476928.251906 0.000000
598931.090676 2476928.595586 0.000000
598926.102534 2476928.939266 0.000000
598921.114393 2476929.282945 0.000000
598916.126251 2476929.626625 0.000000
598911.138110 2476929.970304 0.000000
598906.149969 2476930.313984 0.000000
598901.161827 2476930.657664 0.000000
598896.173686 2476931.001343 0.000000
598891.185544 2476931.345023 0.000000
598886.197403 2476931.688703 0.000000
598881.209261 2476932.032382 0.000000
598876.221120 2476932.376062 0.000000
598871.232978 2476932.719741 0.000000
598866.244837 2476933.063421 0.000000
598861.256696 2476933.407101 0.000000
598856.268554 2476933.750780 0.000000
598851.280413 2476934.094460 0.000000
598846.292271 2476934.438140 0.000000
598841.304130 2476934.781819 0.000000
598836.315988 2476935.125499 0.000000
598831.327847 2476935.469178 0.000000
598826.339705 2476935.812858 0.000000
598821.351564 2476936.156538 0.000000
598816.363423 2476936.500217 0.000000
598811.375281 2476936.843897 0.000000
598806.387140 2476937.187577 0.000000
598801.398998 2476937.531256 0.000000
598796.410857 2476937.874936 0.000000
598791.422715 2476938.218616 0.000000
598786.434574 2476938.562295 0.000000
598781.446432 2476938.905975 0.000000
598776.458291 2476939.249654 0.000000
598771.470149 2476939.593334 0.000000
598766.482008 2476939.937014 0.000000
598761.493867 2476940.280693 0.000000
598756.505725 2476940.624373 0.000000
598751.517584 2476940.968053 0.000000
598746.529442 2476941.311732 0.000000
598741.541301 2476941.655412 0.000000
598736.553159 2476941.999091 0.000000
598731.565018 2476942.342771 0.000000
598726.576876 2476942.686451 0.000000
598721.588735 2476943.030130 0.000000
598716.600594 2476943.373810 0.000000
598711.612452 2476943.717490 0.000000
598706.624311 2476944.061169 0.000000
598701.636169 2476944.404849 0.000000
598696.648028 2476944.748528 0.000000
598691.659886 2476945.092208 0.000000
598686.671745 2476945.435888 0.000000
598681.683603 2476945.779567 0.000000
598676.695462 2476946.123247 0.000000
598671.707321 2476946.466927 0.000000
598666.719179 2476946.810606 0.000000
598661.731038 2476947.154286 0.000000
598656.742896 2476947.497965 0.000000
598651.754755 2476947.841645 0.000000
598646.766613 2476948.185325 0.000000
598641.778472 2476948.529004 0.000000
598636.790330 2476948.872684 0.000000
598631.802189 2476949.216364 0.000000
598626.814048 2476949.560043 0.000000
598621.825906 2476949.903723 0.000000
598616.837765 2476950.247402 0.000000
598611.849623 2476950.591082 0.000000
598606.861482 2476950.934762 0.000000
598601.873340 2476951.278441 0.000000
598596.885199 2476951.622121 0.000000
598591.897057 2476951.965801 0.000000
598586.908916 2476952.309480 0.000000
598581.920775 2476952.653160 0.000000
598576.932633 2476952.996839 0.000000
598571.944492 2476953.340519 0.000000
598566.956350 2476953.684199 0.000000
598561.968209 2476954.027878 0.000000
598556.980067 2476954.371558 0.000000
598551.991926 2476954.715238 0.000000
598547.003784 2476955.058917 0.000000
598542.015643 2476955.402597 0.000000
598537.027502 2476955.746276 0.000000
598532.039360 2476956.089956 0.000000
598527.051219 2476956.433636 0.000000
598522.063077 2476956.777315 0.000000
598517.074936 2476957.120995 0.000000
598512.086794 2476957.464675 0.000000
598507.098653 2476957.808354 0.000000
598502.110511 2476958.152034 0.000000
598497.122370 2476958.495713 0.000000
598492.134229 2476958.839393 0.000000
598487.146087 2476959.183073 0.000000
598482.157946 2476959.526752 0.000000
598477.169804 2476959.870432 0.000000
598472.181663 2476960.214112 0.000000
598467.193521 2476960.557791 0.000000
598462.205380 2476960.901471 0.000000
598457.217238 2476961.245150 0.000000
598452.229097 2476961.588830 0.000000
598447.240956 2476961.932510 0.000000
598442.252814 2476962.276189 0.000000
598437.264673 2476962.619869 0.000000
598432.276531 2476962.963549 0.000000
598427.288390 2476963.307228 0.000000
598422.300248 2476963.650908 0.000000
598417.312107 2476963.994587 0.000000
598412.323965 2476964.338267 0.000000
598407.335824 2476964.681947 0.000000
598402.347682 2476965.025626 0.000000
598397.359541 2476965.369306 0.000000
598392.371400 2476965.712986 0.000000
598387.383258 2476966.056665 0.000000
598382.395117 2476966.400345 0.000000
598377.406975 2476966.744024 0.000000
598372.418834 2476967.087704 0.000000
598367.430692 2476967.431384 0.000000
598362.442551 2476967.775063 0.000000
598357.454409 2476968.118743 0.000000
598352.466268 2476968.462423 0.000000
598347.478127 2476968.806102 0.000000
598342.489985 2476969.149782 0.000000
598337.501844 2476969.493461 0.000000
598332.513702 2476969.837141 0.000000
598327.525561 2476970.180821 0.000000
598322.537419 2476970.524500 0.000000
598317.549278 2476970.868180 0.000000
598312.561136 2476971.211860 0.000000
598307.572995 2476971.555539 0.000000
598302.584854 2476971.899219 0.000000
598297.596712 2476972.242898 0.000000
598292.608571 2476972.586578 0.000000
598287.620429 2476972.930258 0.000000
598282.632288 2476973.273937 0.000000
598277.644146 2476973.617617 0.000000
598272.656005 2476973.961297 0.000000
598267.667863 2476974.304976 0.000000
598262.679722 2476974.648656 0.000000
598257.691581 2476974.992335 0.000000
598252.703439 2476975.336015 0.000000
598247.715298 2476975.679695 0.000000
598242.727156 2476976.023374 0.000000
598237.739015 2476976.367054 0.000000
598232.750873 2476976.710734 0.000000
598227.762732 2476977.054413 0.000000
598222.774590 2476977.398093 0.000000
598217.786449 2476977.741772 0.000000
598212.798308 2476978.085452 0.000000
598207.810166 2476978.429132 0.000000
598202.822025 2476978.772811 0.000000
598197.833883 2476979.116491 0.000000
598192.845742 2476979.460171 0.000000
598187.857600 2476979.803850 0.000000
598182.869459 2476980.147530 0.000000
598177.881317 2476980.491210 0.000000
598172.893176 2476980.834889 0.000000
598167.905035 2476981.178569 0.000000
598162.916893 2476981.522248 0.000000
598157.928752 2476981.865928 0.000000
598152.940610 2476982.209608 0.000000
598147.952469 2476982.553287 0.000000
598142.964327 2476982.896967 0.000000
598137.976186 2476983.240647 0.000000
598132.988044 2476983.584326 0.000000
598127.999903 2476983.928006 0.000000
598123.011762 2476984.271685 0.000000
598118.023620 2476984.615365 0.000000
598113.035479 2476984.959045 0.000000
598108.047337 2476985.302724 0.000000
598103.059196 2476985.646404 0.000000
598098.071054 2476985.990084 0.000000
598093.082913 2476986.333763 0.000000
598088.094771 2476986.677443 0.000000
598083.106630 2476987.021122 0.000000
598078.118488 2476987.364802 0.000000
598073.130347 2476987.708482 0.000000
598068.142206 2476988.052161 0.000000
598063.154064 2476988.395841 0.000000
598058.165923 2476988.739521 0.000000
598053.177781 2476989.083200 0.000000
598048.189640 2476989.426880 0.000000
598043.201498 2476989.770559 0.000000
598038.213357 2476990.114239 0.000000
598033.225215 2476990.457919 0.000000
598028.237074 2476990.801598 0.000000
598023.248933 2476991.145278 0.000000
598018.260791 2476991.488958 0.000000
598013.272650 2476991.832637 0.000000
598008.284508 2476992.176317 0.000000
598003.296367 2476992.519996 0.000000
597998.308225 2476992.863676 0.000000
597993.320084 2476993.207356 0.000000
597988.331942 2476993.551035 0.000000
597983.343801 2476993.894715 0.000000
597978.355660 2476994.238395 0.000000
597973.367518 2476994.582074 0.000000
597968.379377 2476994.925754 0.000000
597963.391235 2476995.269433 0.000000
597958.403094 2476995.613113 0.000000
597953.414952 2476995.956793 0.000000
597948.426811 2476996.300472 0.000000
597943.438669 2476996.644152 0.000000
597938.450528 2476996.987832 0.000000
597933.462387 2476997.331511 0.000000
597928.474245 2476997.675191 0.000000
597923.486104 2476998.018870 0.000000
597918.497962 2476998.362550 0.000000
597913.509821 2476998.706230 0.000000
597908.521679 2476999.049909 0.000000
597903.533538 2476999.393589 0.000000
597898.545396 2476999.737269 0.000000
597893.557255 2477000.080948 0.000000
597888.569114 2477000.424628 0.000000
597883.580972 2477000.768307 0.000000
597878.592831 2477001.111987 0.000000
597873.604689 2477001.455667 0.000000
597868.616548 2477001.799346 0.000000
597863.628406 2477002.143026 0.000000
597858.640265 2477002.486706 0.000000
597853.652123 2477002.830385 0.000000
597848.663982 2477003.174065 0.000000
597843.675841 2477003.517744 0.000000
597838.687699 2477003.861424 0.000000
597833.699558 2477004.205104 0.000000
597828.711416 2477004.548783 0.000000
597823.723275 2477004.892463 0.000000
597818.735133 2477005.236143 0.000000
597813.746992 2477005.579822 0.000000
597808.758850 2477005.923502 0.000000
597803.770709 2477006.267181 0.000000
597798.782568 2477006.610861 0.000000
597793.794426 2477006.954541 0.000000
597788.806285 2477007.298220 0.000000
597783.818143 2477007.641900 0.000000
597778.830002 2477007.985580 0.000000
597773.841860 2477008.329259 0.000000
597768.853719 2477008.672939 0.000000
597763.865577 2477009.016618 0.000000
597758.877436 2477009.360298 0.000000
597753.889294 2477009.703978 0.000000
597748.901153 2477010.047657 0.000000
597743.913012 2477010.391337 0.000000
597738.924870 2477010.735017 0.000000
597733.936729 2477011.078696 0.000000
597728.948587 2477011.422376 0.000000
597723.960446 2477011.766055 0.000000
597718.972304 2477012.109735 0.000000
597713.984163 2477012.453415 0.000000
597708.996021 2477012.797094 0.000000
597704.007880 2477013.140774 0.000000
597699.019739 2477013.484454 0.000000
597694.031597 2477013.828133 0.000000
597689.043456 2477014.171813 0.000000
597684.055314 2477014.515492 0.000000
597679.067173 2477014.859172 0.000000
597674.079031 2477015.202852 0.000000
597669.090890 2477015.546531 0.000000
597664.102748 2477015.890211 0.000000
597659.114607 2477016.233891 0.000000
597654.126466 2477016.577570 0.000000
597649.138324 2477016.921250 0.000000
597644.150183 2477017.264929 0.000000
597639.162041 2477017.608609 0.000000
597634.173900 2477017.952289 0.000000
597629.185758 2477018.295968 0.000000
597624.197617 2477018.639648 0.000000
597619.209475 2477018.983328 0.000000
597614.221334 2477019.327007 0.000000
597609.233193 2477019.670687 0.000000
597604.245051 2477020.014367 0.000000
597599.256910 2477020.358046 0.000000
597594.268768 2477020.701726 0.000000
597589.280627 2477021.045405 0.000000
597584.292485 2477021.389085 0.000000
597579.304344 2477021.732765 0.000000
597574.316202 2477022.076444 0.000000
597569.328061 2477022.420124 0.000000
597564.339920 2477022.763804 0.000000
597559.351778 2477023.107483 0.000000
597554.363637 2477023.451163 0.000000
597549.375495 2477023.794842 0.000000
597544.387354 2477024.138522 0.000000
597539.399212 2477024.482202 0.000000
597534.411071 2477024.825881 0.000000
597529.422929 2477025.169561 0.000000
597524.434788 2477025.513241 0.000000
597519.446647 2477025.856920 0.000000
597514.458505 2477026.200600 0.000000
597509.470364 2477026.544279 0.000000
597504.482222 2477026.887959 0.000000
597499.494081 2477027.231639 0.000000
597494.505939 2477027.575318 0.000000
597489.517798 2477027.918998 0.000000
597484.529656 2477028.262678 0.000000
597479.541515 2477028.606357 0.000000
597474.553374 2477028.950037 0.000000
597469.565232 2477029.293716 0.000000
597464.577091 2477029.637396 0.000000
597459.588949 2477029.981076 0.000000
597454.600808 2477030.324755 0.000000
597449.612666 2477030.668435 0.000000
597444.624525 2477031.012115 0.000000
597439.636383 2477031.355794 0.000000
597434.648242 2477031.699474 0.000000
597429.660100 2477032.043153 0.000000
597424.671959 2477032.386833 0.000000
597419.683818 2477032.730513 0.000000
597414.695676 2477033.074192 0.000000
597409.707535 2477033.417872 0.000000
597404.719393 2477033.761552 0.000000
597399.731252 2477034.105231 0.000000
597394.743110 2477034.448911 0.000000
597389.754969 2477034.792590 0.000000
597384.766827 2477035.136270 0.000000
597379.778686 2477035.479950 0.000000
597374.790545 2477035.823629 0.000000
597369.802403 2477036.167309 0.000000
597364.814262 2477036.510989 0.000000
597359.826120 2477036.854668 0.000000
597354.837979 2477037.198348 0.000000
597349.849837 2477037.542027 0.000000
597344.861696 2477037.885707 0.000000
597339.873554 2477038.229387 0.000000
597334.885413 2477038.573066 0.000000
597329.897272 2477038.916746 0.000000
597324.909130 2477039.260426 0.000000
597319.920989 2477039.604105 0.000000
597314.932847 2477039.947785 0.000000
597309.944706 2477040.291464 0.000000
597304.956564 2477040.635144 0.000000
597299.968423 2477040.978824 0.000000
597294.980281 2477041.322503 0.000000
597289.992140 2477041.666183 0.000000
597285.003999 2477042.009863 0.000000
597280.015857 2477042.353542 0.000000
597275.027716 2477042.697222 0.000000
597270.039574 2477043.040901 0.000000
597265.051433 2477043.384581 0.000000
597260.063291 2477043.728261 0.000000
597255.075150 2477044.071940 0.000000
597250.087008 2477044.415620 0.000000
597245.098867 2477044.759300 0.000000
597240.110726 2477045.102979 0.000000
597235.122584 2477045.446659 0.000000
597230.134443 2477045.790338 0.000000
597225.146301 2477046.134018 0.000000
597220.158160 2477046.477698 0.000000
597215.170018 2477046.821377 0.000000
597210.181877 2477047.165057 0.000000
597205.193735 2477047.508737 0.000000
597200.205594 2477047.852416 0.000000
597195.217453 2477048.196096 0.000000
597190.229311 2477048.539775 0.000000
597185.241170 2477048.883455 0.000000
597180.253028 2477049.227135 0.000000
597175.264887 2477049.570814 0.000000
597170.276745 2477049.914494 0.000000
597165.288604 2477050.258174 0.000000
597160.300462 2477050.601853 0.000000
597155.312321 2477050.945533 0.000000
597150.324180 2477051.289212 0.000000
597145.336038 2477051.632892 0.000000
597140.347897 2477051.976572 0.000000
597135.359755 2477052.320251 0.000000
597130.371614 2477052.663931 0.000000
597125.383472 2477053.007611 0.000000
597120.395331 2477053.351290 0.000000
597115.407189 2477053.694970 0.000000
597110.419048 2477054.038649 0.000000
597105.430906 2477054.382329 0.000000
597100.442765 2477054.726009 0.000000
597095.454624 2477055.069688 0.000000
597090.466482 2477055.413368 0.000000
597085.478341 2477055.757048 0.000000
597080.490199 2477056.100727 0.000000
597075.502058 2477056.444407 0.000000
597070.513916 2477056.788086 0.000000
597065.525775 2477057.131766 0.000000
597060.537633 2477057.475446 0.000000
597055.549492 2477057.819125 0.000000
597050.561351 2477058.162805 0.000000
597045.573209 2477058.506485 0.000000
597040.585068 2477058.850164 0.000000
597035.596926 2477059.193844 0.000000
597030.608785 2477059.537523 0.000000
597025.620643 2477059.881203 0.000000
597020.632502 2477060.224883 0.000000
597015.644360 2477060.568562 0.000000
597010.656219 2477060.912242 0.000000
597005.668078 2477061.255922 0.000000
597000.679936 2477061.599601 0.000000
596995.691795 2477061.943281 0.000000
596990.703653 2477062.286961 0.000000
596985.715512 2477062.630640 0.000000
596980.727370 2477062.974320 0.000000
596975.739229 2477063.317999 0.000000
596970.751087 2477063.661679 0.000000
596965.762946 2477064.005359 0.000000
596960.774805 2477064.349038 0.000000
596955.786663 2477064.692718 0.000000
596950.798522 2477065.036398 0.000000
596945.810380 2477065.380077 0.000000
596940.822239 2477065.723757 0.000000
596935.834097 2477066.067436 0.000000
596930.845956 2477066.411116 0.000000
596925.857814 2477066.754796 0.000000
596920.869673 2477067.098475 0.000000
596915.881532 2477067.442155 0.000000
596910.893390 2477067.785835 0.000000
596905.905249 2477068.129514 0.000000
596900.917107 2477068.473194 0.000000
596895.928966 2477068.816873 0.000000
596890.940824 2477069.160553 0.000000
596885.952683 2477069.504233 0.000000
596880.964541 2477069.847912 0.000000
596875.976400 2477070.191592 0.000000
596870.988259 2477070.535272 0.000000
596866.000117 2477070.878951 0.000000
596861.011976 2477071.222631 0.000000
596856.023834 2477071.566310 0.000000
596851.035693 2477071.909990 0.000000
596846.047551 2477072.253670 0.000000
596841.059410 2477072.597349 0.000000
596836.071268 2477072.941029 0.000000
596831.083127 2477073.284709 0.000000
596826.094986 2477073.628388 0.000000
596821.106844 2477073.972068 0.000000
596816.118703 2477074.315747 0.000000
596811.130561 2477074.659427 0.000000
596806.142420 2477075.003107 0.000000
596801.154278 2477075.346786 0.000000
596796.166137 2477075.690466 0.000000
596791.177995 2477076.034146 0.000000
596786.189854 2477076.377825 0.000000
596781.201712 2477076.721505 0.000000
596776.213571 2477077.065184 0.000000
596771.225430 2477077.408864 0.000000
596766.237288 2477077.752544 0.000000
596761.249147 2477078.096223 0.000000
596756.261005 2477078.439903 0.000000
596751.272864 2477078.783583 0.000000
596746.284722 2477079.127262 0.000000
596741.296581 2477079.470942 0.000000
596736.308439 2477079.814621 0.000000
596731.320298 2477080.158301 0.000000
596726.332157 2477080.501981 0.000000
596721.344015 2477080.845660 0.000000
596716.355874 2477081.189340 0.000000
596711.367732 2477081.533020 0.000000
596706.379591 2477081.876699 0.000000
596701.391449 2477082.220379 0.000000
596696.403308 2477082.564058 0.000000
596691.415166 2477082.907738 0.000000
596686.427025 2477083.251418 0.000000
596681.438884 2477083.595097 0.000000
596676.450742 2477083.938777 0.000000
596671.462601 2477084.282457 0.000000
596666.474459 2477084.626136 0.000000
596661.486318 2477084.969816 0.000000
596656.498176 2477085.313495 0.000000
596651.510035 2477085.657175 0.000000
596646.521893 2477086.000855 0.000000
596641.533752 2477086.344534 0.000000
596636.545611 2477086.688214 0.000000
596631.557469 2477087.031894 0.000000
596626.569328 2477087.375573 0.000000
596621.581186 2477087.719253 0.000000
596616.593045 2477088.062932 0.000000
596611.604903 2477088.406612 0.000000
596606.616762 2477088.750292 0.000000
596601.628620 2477089.093971 0.000000
596596.640479 2477089.437651 0.000000
596591.652338 2477089.781331 0.000000
596586.664196 2477090.125010 0.000000
596581.676055 2477090.468690 0.000000
596576.687913 2477090.812369 0.000000
596571.699772 2477091.156049 0.000000
596566.711630 2477091.499729 0.000000
596561.723489 2477091.843408 0.000000
596556.735347 2477092.187088 0.000000
596551.747206 2477092.530768 0.000000
596546.759065 2477092.874447 0.000000
596541.770923 2477093.218127 0.000000
596536.782782 2477093.561806 0.000000
596531.794640 2477093.905486 0.000000
596526.806499 2477094.249166 0.000000
596521.818357 2477094.592845 0.000000
596516.830216 2477094.936525 0.000000
596511.842074 2477095.280205 0.000000
596506.853933 2477095.623884 0.000000
596501.865792 2477095.967564 0.000000
596496.877650 2477096.311243 0.000000
596491.889509 2477096.654923 0.000000
596486.901367 2477096.998603 0.000000
596481.913226 2477097.342282 0.000000
596476.925084 2477097.685962 0.000000
596471.936943 2477098.029642 0.000000
596466.948801 2477098.373321 0.000000
596461.960660 2477098.717001 0.000000
596456.972518 2477099.060680 0.000000
596451.984377 2477099.404360 0.000000
596446.996236 2477099.748040 0.000000
596442.008094 2477100.091719 0.000000
596437.019953 2477100.435399 0.000000
596432.031811 2477100.779079 0.000000
596427.043670 2477101.122758 0.000000
596422.055528 2477101.466438 0.000000
596417.067387 2477101.810118 0.000000
596412.079245 2477102.153797 0.000000
596407.091104 2477102.497477 0.000000
596402.102963 2477102.841156 0.000000
596397.114821 2477103.184836 0.000000
596392.126680 2477103.528516 0.000000
596387.138538 2477103.872195 0.000000
596382.150397 2477104.215875 0.000000
596377.162255 2477104.559555 0.000000
596372.174114 2477104.903234 0.000000
596367.185972 2477105.246914 0.000000
596362.197831 2477105.590593 0.000000
596357.209690 2477105.934273 0.000000
596352.221548 2477106.277953 0.000000
596347.233407 2477106.621632 0.000000
596342.245265 2477106.965312 0.000000
596337.257124 2477107.308992 0.000000
596332.268982 2477107.652671 0.000000
596327.280841 2477107.996351 0.000000
596322.292699 2477108.340030 0.000000
596317.304558 2477108.683710 0.000000
596312.316417 2477109.027390 0.000000
596307.328275 2477109.371069 0.000000
596302.340134 2477109.714749 0.000000
596297.351992 2477110.058429 0.000000
596292.363851 2477110.402108 0.000000
596287.375709 2477110.745788 0.000000
596282.387568 2477111.089467 0.000000
596277.399426 2477111.433147 0.000000
596272.411285 2477111.776827 0.000000
596267.423144 2477112.120506 0.000000
596262.435002 2477112.464186 0.000000
596257.446861 2477112.807866 0.000000
596252.458719 2477113.151545 0.000000
596247.470578 2477113.495225 0.000000
596242.482436 2477113.838904 0.000000
596237.494295 2477114.182584 0.000000
596232.506153 2477114.526264 0.000000
596227.518012 2477114.869943 0.000000
596222.529871 2477115.213623 0.000000
596217.541729 2477115.557303 0.000000
596212.553588 2477115.900982 0.000000
596207.565446 2477116.244662 0.000000
596202.577305 2477116.588341 0.000000
596197.589163 2477116.932021 0.000000
596192.601022 2477117.275701 0.000000
596187.612880 2477117.619380 0.000000
596182.624739 2477117.963060 0.000000
596177.636598 2477118.306740 0.000000
596172.648456 2477118.650419 0.000000
596167.660315 2477118.994099 0.000000
596162.672173 2477119.337778 0.000000
596157.684032 2477119.681458 0.000000
596152.695890 2477120.025138 0.000000
596147.707749 2477120.368817 0.000000
596142.719607 2477120.712497 0.000000
596137.731466 2477121.056177 0.000000
596132.743325 2477121.399856 0.000000
596127.755183 2477121.743536 0.000000
596122.767042 2477122.087215 0.000000
596117.778900 2477122.430895 0.000000
596112.790759 2477122.774575 0.000000
596107.802617 2477123.118254 0.000000
596102.814476 2477123.461934 0.000000
596097.826334 2477123.805614 0.000000
596092.838193 2477124.149293 0.000000
596087.850051 2477124.492973 0.000000
596082.861910 2477124.836652 0.000000
596077.873769 2477125.180332 0.000000
596072.885627 2477125.524012 0.000000
596067.897486 2477125.867691 0.000000
596062.909344 2477126.211371 0.000000
596057.921203 2477126.555051 0.000000
596052.933061 2477126.898730 0.000000
596047.944920 2477127.242410 0.000000
596042.956778 2477127.586089 0.000000
596037.968637 2477127.929769 0.000000
596032.980496 2477128.273449 0.000000
596027.992354 2477128.617128 0.000000
596023.004213 2477128.960808 0.000000
596018.016071 2477129.304488 0.000000
596013.027930 2477129.648167 0.000000
596008.039788 2477129.991847 0.000000
596003.051647 2477130.335526 0.000000
595998.063505 2477130.679206 0.000000
595993.075364 2477131.022886 0.000000
595988.087223 2477131.366565 0.000000
595983.099081 2477131.710245 0.000000
595978.110940 2477132.053925 0.000000
595973.122798 2477132.397604 0.000000
595968.134657 2477132.741284 0.000000
595963.146515 2477133.084963 0.000000
595958.158374 2477133.428643 0.000000
595953.170232 2477133.772323 0.000000
595948.182091 2477134.116002 0.000000
595943.193950 2477134.459682 0.000000
595938.205808 2477134.803362 0.000000
595933.217667 2477135.147041 0.000000
595928.229525 2477135.490721 0.000000
595923.241384 2477135.834400 0.000000
595918.253242 2477136.178080 0.000000
595913.265101 2477136.521760 0.000000
595908.276959 2477136.865439 0.000000
595903.288818 2477137.209119 0.000000
595898.300677 2477137.552799 0.000000
595893.312535 2477137.896478 0.000000
595888.324394 2477138.240158 0.000000
595883.336252 2477138.583837 0.000000
595878.348111 2477138.927517 0.000000
595873.359969 2477139.271197 0.000000
595868.371828 2477139.614876 0.000000
595863.383686 2477139.958556 0.000000
595858.395545 2477140.302236 0.000000
595853.407404 2477140.645915 0.000000
595848.419262 2477140.989595 0.000000
595843.431121 2477141.333274 0.000000
595838.442979 2477141.676954 0.000000
595833.454838 2477142.020634 0.000000
595828.466696 2477142.364313 0.000000
595823.478555 2477142.707993 0.000000
595818.490413 2477143.051673 0.000000
595813.502272 2477143.395352 0.000000
595808.514131 2477143.739032 0.000000
595803.525989 2477144.082712 0.000000
595798.537848 2477144.426391 0.000000
595793.549706 2477144.770071 0.000000
595788.561565 2477145.113750 0.000000
595783.573423 2477145.457430 0.000000
595778.585282 2477145.801110 0.000000
595773.597140 2477146.144789 0.000000
595768.608999 2477146.488469 0.000000
595763.620857 2477146.832149 0.000000
595758.632716 2477147.175828 0.000000
595753.644575 2477147.519508 0.000000
595748.656433 2477147.863187 0.000000
595743.668292 2477148.206867 0.000000
595738.680150 2477148.550547 0.000000
595733.692009 2477148.894226 0.000000
595728.703867 2477149.237906 0.000000
595723.715726 2477149.581586 0.000000
595718.727584 2477149.925265 0.000000
595713.739443 2477150.268945 0.000000
595708.751302 2477150.612624 0.000000
595703.763160 2477150.956304 0.000000
595698.775019 2477151.299984 0.000000
595693.786877 2477151.643663 0.000000
595688.798736 2477151.987343 0.000000
595683.810594 2477152.331023 0.000000
595678.822453 2477152.674702 0.000000
595673.834311 2477153.018382 0.000000
595668.846170 2477153.362061 0.000000
595663.858029 2477153.705741 0.000000
595658.869887 2477154.049421 0.000000
595653.881746 2477154.393100 0.000000
595648.893604 2477154.736780 0.000000
595643.905463 2477155.080460 0.000000
595638.917321 2477155.424139 0.000000
595633.929180 2477155.767819 0.000000
595628.941038 2477156.111498 0.000000
595623.952897 2477156.455178 0.000000
595618.964756 2477156.798858 0.000000
595613.976614 2477157.142537 0.000000
595608.988473 2477157.486217 0.000000
595604.000331 2477157.829897 0.000000
595599.012190 2477158.173576 0.000000
595594.024048 2477158.517256 0.000000
595589.035907 2477158.860935 0.000000
595584.047765 2477159.204615 0.000000
595579.059624 2477159.548295 0.000000
595574.071483 2477159.891974 0.000000
595569.083341 2477160.235654 0.000000
595564.095200 2477160.579334 0.000000
595559.107058 2477160.923013 0.000000
595554.118917 2477161.266693 0.000000
595549.130775 2477161.610372 0.000000
595544.142634 2477161.954052 0.000000
595539.154492 2477162.297732 0.000000
595534.166351 2477162.641411 0.000000
595529.178210 2477162.985091 0.000000
595524.190068 2477163.328771 0.000000
595519.201927 2477163.672450 0.000000
595514.213785 2477164.016130 0.000000
595509.225644 2477164.359809 0.000000
595504.237502 2477164.703489 0.000000
595499.249361 2477165.047169 0.000000
595494.261219 2477165.390848 0.000000
595489.273078 2477165.734528 0.000000
595484.284937 2477166.078208 0.000000
595479.296795 2477166.421887 0.000000
595474.308654 2477166.765567 0.000000
595469.320512 2477167.109246 0.000000
595464.332371 2477167.452926 0.000000
595459.344229 2477167.796606 0.000000
595454.356088 2477168.140285 0.000000
595449.367946 2477168.483965 0.000000
595444.379805 2477168.827645 0.000000
595439.391663 2477169.171324 0.000000
595434.403522 2477169.515004 0.000000
595429.415381 2477169.858683 0.000000
595424.427239 2477170.202363 0.000000
595419.439098 2477170.546043 0.000000
595414.450956 2477170.889722 0.000000
595409.462815 2477171.233402 0.000000
595404.474673 2477171.577082 0.000000
595399.486532 2477171.920761 0.000000
595394.498390 2477172.264441 0.000000
595389.510249 2477172.608120 0.000000
595384.522108 2477172.951800 0.000000
595379.533966 2477173.295480 0.000000
595374.545825 2477173.639159 0.000000
595369.557683 2477173.982839 0.000000
595364.569542 2477174.326519 0.000000
595359.581400 2477174.670198 0.000000
595354.593259 2477175.013878 0.000000
595349.605117 2477175.357557 0.000000
595344.616976 2477175.701237 0.000000
595339.628835 2477176.044917 0.000000
595334.640693 2477176.388596 0.000000
595329.652552 2477176.732276 0.000000
595324.664410 2477177.075956 0.000000
595319.676269 2477177.419635 0.000000
595314.688127 2477177.763315 0.000000
595309.699986 2477178.106994 0.000000
595304.711844 2477178.450674 0.000000
595299.723703 2477178.794354 0.000000
595294.735562 2477179.138033 0.000000
595289.747420 2477179.481713 0.000000
595284.759279 2477179.825393 0.000000
595279.771137 2477180.169072 0.000000
595274.782996 2477180.512752 0.000000
595269.794854 2477180.856431 0.000000
595264.806713 2477181.200111 0.000000
595259.818571 2477181.543791 0.000000
595254.830430 2477181.887470 0.000000
595249.842289 2477182.231150 0.000000
595244.854147 2477182.574830 0.000000
595239.866006 2477182.918509 0.000000
595234.877864 2477183.262189 0.000000
595229.889723 2477183.605869 0.000000
595224.901581 2477183.949548 0.000000
595219.913440 2477184.293228 0.000000
595214.925298 2477184.636907 0.000000
595209.937157 2477184.980587 0.000000
595204.949016 2477185.324267 0.000000
595199.960874 2477185.667946 0.000000
595194.972733 2477186.011626 0.000000
595189.984591 2477186.355306 0.000000
595184.996450 2477186.698985 0.000000
595180.008308 2477187.042665 0.000000
595175.020167 2477187.386344 0.000000
595170.032025 2477187.730024 0.000000
595165.043884 2477188.073704 0.000000
595160.055743 2477188.417383 0.000000
595155.067601 2477188.761063 0.000000
595150.079460 2477189.104743 0.000000
595145.091318 2477189.448422 0.000000
595140.103177 2477189.792102 0.000000
595135.115035 2477190.135781 0.000000
595130.126894 2477190.479461 0.000000
595125.138752 2477190.823141 0.000000
595120.150611 2477191.166820 0.000000
595115.162469 2477191.510500 0.000000
595110.174328 2477191.854180 0.000000
595105.186187 2477192.197859 0.000000
595100.198045 2477192.541539 0.000000
595095.209904 2477192.885218 0.000000
595090.221762 2477193.228898 0.000000
595085.233621 2477193.572578 0.000000
595080.245479 2477193.916257 0.000000
595075.257338 2477194.259937 0.000000
595070.269196 2477194.603617 0.000000
595065.281055 2477194.947296 0.000000
595060.292914 2477195.290976 0.000000
595055.304772 2477195.634655 0.000000
595050.316631 2477195.978335 0.000000
595045.328489 2477196.322015 0.000000
595040.340348 2477196.665694 0.000000
595035.352206 2477197.009374 0.000000
595030.364065 2477197.353054 0.000000
595025.375923 2477197.696733 0.000000
595020.387782 2477198.040413 0.000000
595015.399641 2477198.384092 0.000000
595010.411499 2477198.727772 0.000000
595005.423358 2477199.071452 0.000000
595000.435216 2477199.415131 0.000000
594995.447075 2477199.758811 0.000000
594990.458933 2477200.102491 0.000000
594985.470792 2477200.446170 0.000000
594980.482650 2477200.789850 0.000000
594975.494509 2477201.133529 0.000000
594970.506368 2477201.477209 0.000000
594965.518226 2477201.820889 0.000000
594960.530085 2477202.164568 0.000000
594955.541943 2477202.508248 0.000000
594950.553802 2477202.851928 0.000000
594945.565660 2477203.195607 0.000000
594940.577519 2477203.539287 0.000000
594935.589377 2477203.882966 0.000000
594930.601236 2477204.226646 0.000000
594925.613095 2477204.570326 0.000000
594920.624953 2477204.914005 0.000000
594915.636812 2477205.257685 0.000000
594910.648670 2477205.601365 0.000000
594905.660529 2477205.945044 0.000000
594900.672387 2477206.288724 0.000000
594895.684246 2477206.632403 0.000000
594890.696104 2477206.976083 0.000000
594885.707963 2477207.319763 0.000000
594880.719822 2477207.663442 0.000000
594875.731680 2477208.007122 0.000000
594870.743539 2477208.350802 0.000000
594865.755397 2477208.694481 0.000000
594860.767256 2477209.038161 0.000000
594855.779114 2477209.381840 0.000000
594850.790973 2477209.725520 0.000000
594845.802831 2477210.069200 0.000000
594840.814690 2477210.412879 0.000000
594835.826549 2477210.756559 0.000000
594830.838407 2477211.100239 0.000000
594825.850266 2477211.443918 0.000000
594820.862124 2477211.787598 0.000000
594815.873983 2477212.131277 0.000000
594810.885841 2477212.474957 0.000000
594805.897700 2477212.818637 0.000000
594800.909558 2477213.162316 0.000000
594795.921417 2477213.505996 0.000000
594790.933275 2477213.849676 0.000000
594785.945134 2477214.193355 0.000000
594780.956993 2477214.537035 0.000000
594775.968851 2477214.880714 0.000000
594770.980710 2477215.224394 0.000000
594765.992568 2477215.568074 0.000000
594761.004427 2477215.911753 0.000000
594756.016285 2477216.255433 0.000000
594751.028144 2477216.599113 0.000000
594746.040002 2477216.942792 0.000000
594741.051861 2477217.286472 0.000000
594736.063720 2477217.630151 0.000000
594731.075578 2477217.973831 0.000000
594726.087437 2477218.317511 0.000000
594721.099295 2477218.661190 0.000000
594716.111154 2477219.004870 0.000000
594711.123012 2477219.348550 0.000000
594706.134871 2477219.692229 0.000000
594701.146729 2477220.035909 0.000000
594696.158588 2477220.379588 0.000000
594691.170447 2477220.723268 0.000000
594686.182305 2477221.066948 0.000000
594681.194164 2477221.410627 0.000000
594676.206022 2477221.754307 0.000000
594671.217881 2477222.097987 0.000000
594666.229739 2477222.441666 0.000000
594661.241598 2477222.785346 0.000000
594656.253456 2477223.129026 0.000000
594651.265315 2477223.472705 0.000000
594646.277174 2477223.816385 0.000000
594641.289032 2477224.160064 0.000000
594636.300891 2477224.503744 0.000000
594631.312749 2477224.847424 0.000000
594626.324608 2477225.191103 0.000000
594621.336466 2477225.534783 0.000000
594616.348325 2477225.878463 0.000000
594611.360183 2477226.222142 0.000000
594606.372042 2477226.565822 0.000000
594601.383901 2477226.909501 0.000000
594596.395759 2477227.253181 0.000000
594591.407618 2477227.596861 0.000000
594586.419476 2477227.940540 0.000000
594581.431335 2477228.284220 0.000000
594576.443193 2477228.627900 0.000000
594571.455052 2477228.971579 0.000000
594566.466910 2477229.315259 0.000000
594561.478769 2477229.658938 0.000000
594556.490628 2477230.002618 0.000000
594551.502486 2477230.346298 0.000000
594546.514345 2477230.689977 0.000000
594541.526203 2477231.033657 0.000000
594536.538062 2477231.377337 0.000000
594531.549920 2477231.721016 0.000000
594526.561779 2477232.064696 0.000000
594521.573637 2477232.408375 0.000000
594516.585496 2477232.752055 0.000000
594511.597355 2477233.095735 0.000000
594506.609213 2477233.439414 0.000000
594501.621072 2477233.783094 0.000000
594496.632930 2477234.126774 0.000000
594491.644789 2477234.470453 0.000000
594486.656647 2477234.814133 0.000000
594481.668506 2477235.157812 0.000000
594476.680364 2477235.501492 0.000000
594471.692223 2477235.845172 0.000000
594466.704081 2477236.188851 0.000000
594461.715940 2477236.532531 0.000000
594456.727799 2477236.876211 0.000000
594451.739657 2477237.219890 0.000000
594446.751516 2477237.563570 0.000000
594441.763374 2477237.907249 0.000000
594436.775233 2477238.250929 0.000000
594431.787091 2477238.594609 0.000000
594426.798950 2477238.938288 0.000000
594421.810808 2477239.281968 0.000000
594416.822667 2477239.625648 0.000000
594411.834526 2477239.969327 0.000000
594406.846384 2477240.313007 0.000000
594401.858243 2477240.656686 0.000000
594396.870101 2477241.000366 0.000000
594391.881960 2477241.344046 0.000000
594386.893818 2477241.687725 0.000000
594381.905677 2477242.031405 0.000000
594376.917535 2477242.375085 0.000000
594371.929394 2477242.718764 0.000000
594366.941253 2477243.062444 0.000000
594361.953111 2477243.406123 0.000000
594356.964970 2477243.749803 0.000000
594351.976828 2477244.093483 0.000000
594346.988687 2477244.437162 0.000000
594342.000545 2477244.780842 0.000000
594337.012404 2477245.124522 0.000000
594332.024262 2477245.468201 0.000000
594327.036121 2477245.811881 0.000000
594322.047980 2477246.155560 0.000000
594317.059838 2477246.499240 0.000000
594312.071697 2477246.842920 0.000000
594307.083555 2477247.186599 0.000000
594302.095414 2477247.530279 0.000000
594297.107272 2477247.873959 0.000000
594292.119131 2477248.217638 0.000000
594287.130989 2477248.561318 0.000000
594282.142848 2477248.904997 0.000000
594277.154707 2477249.248677 0.000000
594272.166565 2477249.592357 0.000000
594267.178424 2477249.936036 0.000000
594262.190282 2477250.279716 0.000000
594257.202141 2477250.623396 0.000000
594252.213999 2477250.967075 0.000000
594247.225858 2477251.310755 0.000000
594242.237716 2477251.654434 0.000000
594237.249575 2477251.998114 0.000000
594232.261434 2477252.341794 0.000000
594227.273292 2477252.685473 0.000000
594222.285151 2477253.029153 0.000000
594217.297009 2477253.372833 0.000000
594212.308868 2477253.716512 0.000000
594207.320726 2477254.060192 0.000000
594202.332585 2477254.403871 0.000000
594197.344443 2477254.747551 0.000000
594192.356302 2477255.091231 0.000000
594187.368161 2477255.434910 0.000000
594182.380019 2477255.778590 0.000000
594177.391878 2477256.122270 0.000000
594172.403736 2477256.465949 0.000000
594167.415595 2477256.809629 0.000000
594162.427453 2477257.153308 0.000000
594157.439312 2477257.496988 0.000000
594152.451170 2477257.840668 0.000000
594147.463029 2477258.184347 0.000000
594142.474888 2477258.528027 0.000000
594137.486746 2477258.871707 0.000000
594132.498605 2477259.215386 0.000000
594127.510463 2477259.559066 0.000000
594122.522322 2477259.902745 0.000000
594117.534180 2477260.246425 0.000000
594112.546039 2477260.590105 0.000000
594107.557897 2477260.933784 0.000000
594102.569756 2477261.277464 0.000000
594097.581614 2477261.621144 0.000000
594092.593473 2477261.964823 0.000000
594087.605332 2477262.308503 0.000000
594082.617190 2477262.652182 0.000000
594077.629049 2477262.995862 0.000000
594072.640907 2477263.339542 0.000000
594067.652766 2477263.683221 0.000000
594062.664624 2477264.026901 0.000000
594057.676483 2477264.370581 0.000000
594052.688341 2477264.714260 0.000000
594047.700200 2477265.057940 0.000000
594042.712059 2477265.401620 0.000000
594037.723917 2477265.745299 0.000000
594032.735776 2477266.088979 0.000000
594027.747634 2477266.432658 0.000000
594022.759493 2477266.776338 0.000000
594017.771351 2477267.120018 0.000000
594012.783210 2477267.463697 0.000000
594007.795068 2477267.807377 0.000000
594002.806927 2477268.151057 0.000000
593997.818786 2477268.494736 0.000000
593992.830644 2477268.838416 0.000000
593987.842503 2477269.182095 0.000000
593982.854361 2477269.525775 0.000000
593977.866220 2477269.869455 0.000000
593972.878078 2477270.213134 0.000000
593967.889937 2477270.556814 0.000000
593962.901795 2477270.900494 0.000000
593957.913654 2477271.244173 0.000000
593952.925513 2477271.587853 0.000000
593947.937371 2477271.931532 0.000000
593942.949230 2477272.275212 0.000000
593937.961088 2477272.618892 0.000000
593932.972947 2477272.962571 0.000000
593927.984805 2477273.306251 0.000000
593922.996664 2477273.649931 0.000000
593918.008522 2477273.993610 0.000000
593913.020381 2477274.337290 0.000000
593908.032240 2477274.680969 0.000000
593903.044098 2477275.024649 0.000000
593898.055957 2477275.368329 0.000000
593893.067815 2477275.712008 0.000000
593888.079674 2477276.055688 0.000000
593883.091532 2477276.399368 0.000000
593878.103391 2477276.743047 0.000000
593873.115249 2477277.086727 0.000000
593868.127108 2477277.430406 0.000000
593863.138967 2477277.774086 0.000000
593858.150825 2477278.117766 0.000000
593853.162684 2477278.461445 0.000000
593848.174542 2477278.805125 0.000000
593843.186401 2477279.148805 0.000000
593838.198259 2477279.492484 0.000000
593833.210118 2477279.836164 0.000000
593828.221976 2477280.179843 0.000000
593823.233835 2477280.523523 0.000000
593818.245694 2477280.867203 0.000000
593813.257552 2477281.210882 0.000000
593808.269411 2477281.554562 0.000000
593803.281269 2477281.898242 0.000000
593798.293128 2477282.241921 0.000000
593793.304986 2477282.585601 0.000000
593788.316845 2477282.929280 0.000000
593783.328703 2477283.272960 0.000000
593778.340562 2477283.616640 0.000000
593773.352420 2477283.960319 0.000000
593768.364279 2477284.303999 0.000000
593763.376138 2477284.647679 0.000000
593758.387996 2477284.991358 0.000000
593753.399855 2477285.335038 0.000000
593748.411713 2477285.678717 0.000000
593743.423572 2477286.022397 0.000000
593738.435430 2477286.366077 0.000000
593733.447289 2477286.709756 0.000000
593728.459147 2477287.053436 0.000000
593723.471006 2477287.397116 0.000000
593718.482865 2477287.740795 0.000000
593713.494723 2477288.084475 0.000000
593708.506582 2477288.428154 0.000000
593703.518440 2477288.771834 0.000000
593698.530299 2477289.115514 0.000000
593693.542157 2477289.459193 0.000000
593688.554016 2477289.802873 0.000000
593683.565874 2477290.146553 0.000000
593678.577733 2477290.490232 0.000000
593673.589592 2477290.833912 0.000000
593668.601450 2477291.177591 0.000000
593663.613309 2477291.521271 0.000000
593658.625167 2477291.864951 0.000000
593653.637026 2477292.208630 0.000000
593648.648884 2477292.552310 0.000000
593643.660743 2477292.895990 0.000000
593638.672601 2477293.239669 0.000000
593633.684460 2477293.583349 0.000000
593628.696319 2477293.927028 0.000000
593623.708177 2477294.270708 0.000000
593618.720036 2477294.614388 0.000000
593613.731894 2477294.958067 0.000000
593608.743753 2477295.301747 0.000000
593603.755611 2477295.645427 0.000000
593598.767470 2477295.989106 0.000000
593593.779328 2477296.332786 0.000000
593588.791187 2477296.676465 0.000000
593583.803046 2477297.020145 0.000000
593578.814904 2477297.363825 0.000000
593573.826763 2477297.707504 0.000000
593568.838621 2477298.051184 0.000000
593563.850480 2477298.394864 0.000000
593558.862338 2477298.738543 0.000000
593553.874197 2477299.082223 0.000000
593548.886055 2477299.425902 0.000000
593543.897914 2477299.769582 0.000000
593538.909773 2477300.113262 0.000000
593533.921631 2477300.456941 0.000000
593528.933490 2477300.800621 0.000000
593523.945348 2477301.144301 0.000000
593518.957207 2477301.487980 0.000000
593513.969065 2477301.831660 0.000000
593508.980924 2477302.175339 0.000000
593503.992782 2477302.519019 0.000000
593499.004641 2477302.862699 0.000000
593494.016500 2477303.206378 0.000000
593489.028358 2477303.550058 0.000000
593484.040217 2477303.893738 0.000000
593479.052075 2477304.237417 0.000000
593474.063934 2477304.581097 0.000000
593469.075792 2477304.924777 0.000000
593464.087651 2477305.268456 0.000000
593459.099509 2477305.612136 0.000000
593454.111368 2477305.955815 0.000000
593449.123226 2477306.299495 0.000000
593444.135085 2477306.643175 0.000000
593439.146944 2477306.986854 0.000000
593434.158802 2477307.330534 0.000000
593429.170661 2477307.674214 0.000000
593424.182519 2477308.017893 0.000000
593419.194378 2477308.361573 0.000000
593414.206236 2477308.705252 0.000000
593409.218095 2477309.048932 0.000000
593404.229953 2477309.392612 0.000000
593399.241812 2477309.736291 0.000000
593394.253671 2477310.079971 0.000000
593389.265529 2477310.423651 0.000000
593384.277388 2477310.767330 0.000000
593379.289246 2477311.111010 0.000000
593374.301105 2477311.454689 0.000000
593369.312963 2477311.798369 0.000000
593364.324822 2477312.142049 0.000000
593359.336680 2477312.485728 0.000000
593354.348539 2477312.829408 0.000000
593349.360398 2477313.173088 0.000000
593344.372256 2477313.516767 0.000000
593339.384115 2477313.860447 0.000000
593334.395973 2477314.204126 0.000000
593329.407832 2477314.547806 0.000000
593324.419690 2477314.891486 0.000000
593319.431549 2477315.235165 0.000000
593314.443407 2477315.578845 0.000000
593309.455266 2477315.922525 0.000000
593304.467125 2477316.266204 0.000000
593299.478983 2477316.609884 0.000000
593294.490842 2477316.953563 0.000000
593289.502700 2477317.297243 0.000000
593284.514559 2477317.640923 0.000000
593279.526417 2477317.984602 0.000000
593274.538276 2477318.328282 0.000000
593269.550134 2477318.671962 0.000000
593264.561993 2477319.015641 0.000000
593259.573852 2477319.359321 0.000000
593254.585710 2477319.703000 0.000000
593249.597569 2477320.046680 0.000000
593244.609427 2477320.390360 0.000000
593239.621286 2477320.734039 0.000000
593234.633144 2477321.077719 0.000000
593229.645003 2477321.421399 0.000000
593224.656861 2477321.765078 0.000000
593219.668720 2477322.108758 0.000000
593214.680579 2477322.452437 0.000000
593209.692437 2477322.796117 0.000000
593204.704296 2477323.139797 0.000000
593199.716154 2477323.483476 0.000000
593194.728013 2477323.827156 0.000000
593189.739871 2477324.170836 0.000000
593184.751730 2477324.514515 0.000000
593179.763588 2477324.858195 0.000000
593174.775447 2477325.201874 0.000000
593169.787306 2477325.545554 0.000000
593164.799164 2477325.889234 0.000000
593159.811023 2477326.232913 0.000000
593154.822881 2477326.576593 0.000000
593149.834740 2477326.920273 0.000000
593144.846598 2477327.263952 0.000000
593139.858457 2477327.607632 0.000000
593134.870315 2477327.951311 0.000000
593129.882174 2477328.294991 0.000000
593124.894032 2477328.638671 0.000000
593119.905891 2477328.982350 0.000000
593114.917750 2477329.326030 0.000000
593109.929608 2477329.669710 0.000000
593104.941467 2477330.013389 0.000000
593099.953325 2477330.357069 0.000000
593094.965184 2477330.700748 0.000000
593089.977042 2477331.044428 0.000000
593084.988901 2477331.388108 0.000000
593080.000759 2477331.731787 0.000000
593075.012618 2477332.075467 0.000000
593070.024477 2477332.419147 0.000000
593065.036335 2477332.762826 0.000000
593060.048194 2477333.106506 0.000000
593055.060052 2477333.450185 0.000000
593050.071911 2477333.793865 0.000000
593045.083769 2477334.137545 0.000000
593040.095628 2477334.481224 0.000000
593035.107486 2477334.824904 0.000000
593030.119345 2477335.168584 0.000000
593025.131204 2477335.512263 0.000000
593020.143062 2477335.855943 0.000000
593015.154921 2477336.199622 0.000000
593010.166779 2477336.543302 0.000000
593005.178638 2477336.886982 0.000000
593000.190496 2477337.230661 0.000000
592995.202355 2477337.574341 0.000000
592990.214213 2477337.918021 0.000000
592985.226072 2477338.261700 0.000000
592980.237931 2477338.605380 0.000000
592975.249789 2477338.949059 0.000000
592970.261648 2477339.292739 0.000000
592965.273506 2477339.636419 0.000000
592960.285365 2477339.980098 0.000000
592955.297223 2477340.323778 0.000000
592950.309082 2477340.667458 0.000000
592945.320940 2477341.011137 0.000000
592940.332799 2477341.354817 0.000000
592935.344658 2477341.698496 0.000000
592930.356516 2477342.042176 0.000000
592925.368375 2477342.385856 0.000000
592920.380233 2477342.729535 0.000000
592915.392092 2477343.073215 0.000000
592910.403950 2477343.416895 0.000000
592905.415809 2477343.760574 0.000000
592900.427667 2477344.104254 0.000000
592895.439526 2477344.447933 0.000000
592890.451385 2477344.791613 0.000000
592885.463243 2477345.135293 0.000000
592880.475102 2477345.478972 0.000000
592875.486960 2477345.822652 0.000000
592870.498819 2477346.166332 0.000000
592865.510677 2477346.510011 0.000000
592860.522536 2477346.853691 0.000000
592855.534394 2477347.197371 0.000000
592850.546253 2477347.541050 0.000000
592845.558112 2477347.884730 0.000000
592840.569970 2477348.228409 0.000000
592835.581829 2477348.572089 0.000000
592830.593687 2477348.915769 0.000000
592825.605546 2477349.259448 0.000000
592820.617404 2477349.603128 0.000000
592815.629263 2477349.946808 0.000000
592810.641121 2477350.290487 0.000000
592805.652980 2477350.634167 0.000000
592800.664838 2477350.977846 0.000000
592795.676697 2477351.321526 0.000000
592790.688556 2477351.665206 0.000000
592785.700414 2477352.008885 0.000000
592780.712273 2477352.352565 0.000000
592775.724131 2477352.696245 0.000000
592770.735990 2477353.039924 0.000000
592765.747848 2477353.383604 0.000000
592760.759707 2477353.727283 0.000000
592755.771565 2477354.070963 0.000000
592750.783424 2477354.414643 0.000000
592745.795283 2477354.758322 0.000000
592740.807141 2477355.102002 0.000000
592735.819000 2477355.445682 0.000000
592730.830858 2477355.789361 0.000000
592725.842717 2477356.133041 0.000000
592720.854575 2477356.476720 0.000000
592715.866434 2477356.820400 0.000000
592710.878292 2477357.164080 0.000000
592705.890151 2477357.507759 0.000000
592700.902010 2477357.851439 0.000000
592695.913868 2477358.195119 0.000000
592690.925727 2477358.538798 0.000000
592685.937585 2477358.882478 0.000000
592680.949444 2477359.226157 0.000000
592675.961302 2477359.569837 0.000000
592670.973161 2477359.913517 0.000000
592665.985019 2477360.257196 0.000000
592660.996878 2477360.600876 0.000000
592656.008737 2477360.944556 0.000000
592651.020595 2477361.288235 0.000000
592646.032454 2477361.631915 0.000000
592641.044312 2477361.975594 0.000000
592636.056171 2477362.319274 0.000000
592631.068029 2477362.662954 0.000000
592626.079888 2477363.006633 0.000000
592621.091746 2477363.350313 0.000000
592616.103605 2477363.693993 0.000000
592611.115464 2477364.037672 0.000000
592606.127322 2477364.381352 0.000000
592601.139181 2477364.725031 0.000000
592596.151039 2477365.068711 0.000000
592591.162898 2477365.412391 0.000000
592586.174756 2477365.756070 0.000000
592581.186615 2477366.099750 0.000000
592576.198473 2477366.443430 0.000000
592571.210332 2477366.787109 0.000000
592566.222191 2477367.130789 0.000000
592561.234049 2477367.474468 0.000000
592556.245908 2477367.818148 0.000000
592551.257766 2477368.161828 0.000000
592546.269625 2477368.505507 0.000000
592541.281483 2477368.849187 0.000000
592536.293342 2477369.192867 0.000000
592531.305200 2477369.536546 0.000000
592526.317059 2477369.880226 0.000000
592521.328918 2477370.223905 0.000000
592516.340776 2477370.567585 0.000000
592511.352635 2477370.911265 0.000000
592506.364493 2477371.254944 0.000000
592501.376352 2477371.598624 0.000000
592496.388210 2477371.942304 0.000000
592491.400069 2477372.285983 0.000000
592486.411927 2477372.629663 0.000000
592481.423786 2477372.973342 0.000000
592476.435644 2477373.317022 0.000000
592471.447503 2477373.660702 0.000000
592466.459362 2477374.004381 0.000000
592461.471220 2477374.348061 0.000000
592456.483079 2477374.691741 0.000000
592451.494937 2477375.035420 0.000000
592446.506796 2477375.379100 0.000000
592441.518654 2477375.722779 0.000000
592436.530513 2477376.066459 0.000000
592431.542371 2477376.410139 0.000000
592426.554230 2477376.753818 0.000000
592421.566089 2477377.097498 0.000000
592416.577947 2477377.441178 0.000000
592411.589806 2477377.784857 0.000000
592406.601664 2477378.128537 0.000000
592401.613523 2477378.472216 0.000000
592396.625381 2477378.815896 0.000000
592391.637240 2477379.159576 0.000000
592386.649098 2477379.503255 0.000000
592381.660957 2477379.846935 0.000000
592376.672816 2477380.190615 0.000000
592371.684674 2477380.534294 0.000000
592366.696533 2477380.877974 0.000000
592361.708391 2477381.221653 0.000000
592356.720250 2477381.565333 0.000000
592351.732108 2477381.909013 0.000000
592346.743967 2477382.252692 0.000000
592341.755825 2477382.596372 0.000000
592336.767684 2477382.940052 0.000000
592331.779543 2477383.283731 0.000000
592326.791401 2477383.627411 0.000000
592321.803260 2477383.971090 0.000000
592316.815118 2477384.314770 0.000000
592311.826977 2477384.658450 0.000000
592306.838835 2477385.002129 0.000000
592301.850694 2477385.345809 0.000000
592296.862552 2477385.689489 0.000000
592291.874411 2477386.033168 0.000000
592286.886270 2477386.376848 0.000000
592281.898128 2477386.720528 0.000000
592276.909987 2477387.064207 0.000000
592271.921845 2477387.407887 0.000000
592266.933704 2477387.751566 0.000000
592261.945562 2477388.095246 0.000000
592256.957421 2477388.438926 0.000000
592251.969279 2477388.782605 0.000000
592246.981138 2477389.126285 0.000000
592241.992997 2477389.469965 0.000000
592237.004855 2477389.813644 0.000000
592232.016714 2477390.157324 0.000000
592227.028572 2477390.501003 0.000000
592222.040431 2477390.844683 0.000000
592217.052289 2477391.188363 0.000000
592212.064148 2477391.532042 0.000000
592207.076006 2477391.875722 0.000000
592202.087865 2477392.219402 0.000000
592197.099724 2477392.563081 0.000000
592192.111582 2477392.906761 0.000000
592187.123441 2477393.250440 0.000000
592182.135299 2477393.594120 0.000000
592177.147158 2477393.937800 0.000000
592172.159016 2477394.281479 0.000000
592167.170875 2477394.625159 0.000000
592162.182733 2477394.968839 0.000000
592157.194592 2477395.312518 0.000000
592152.206451 2477395.656198 0.000000
592147.218309 2477395.999877 0.000000
592142.230168 2477396.343557 0.000000
592137.242026 2477396.687237 0.000000
592132.253885 2477397.030916 0.000000
592127.265743 2477397.374596 0.000000
592122.277602 2477397.718276 0.000000
592117.289460 2477398.061955 0.000000
592112.301319 2477398.405635 0.000000
592107.313177 2477398.749314 0.000000
592102.325036 2477399.092994 0.000000
592097.336895 2477399.436674 0.000000
592092.348753 2477399.780353 0.000000
592087.360612 2477400.124033 0.000000
592082.372470 2477400.467713 0.000000
592077.384329 2477400.811392 0.000000
592072.396187 2477401.155072 0.000000
592067.408046 2477401.498751 0.000000
592062.419904 2477401.842431 0.000000
592057.431763 2477402.186111 0.000000
592052.443622 2477402.529790 0.000000
592047.455480 2477402.873470 0.000000
592042.467339 2477403.217150 0.000000
592037.479197 2477403.560829 0.000000
592032.491056 2477403.904509 0.000000
592027.502914 2477404.248188 0.000000
592022.514773 2477404.591868 0.000000
592017.526631 2477404.935548 0.000000
592012.538490 2477405.279227 0.000000
592007.550349 2477405.622907 0.000000
592002.562207 2477405.966587 0.000000
591997.574066 2477406.310266 0.000000
591992.585924 2477406.653946 0.000000
591987.597783 2477406.997625 0.000000
591982.609641 2477407.341305 0.000000
591977.621500 2477407.684985 0.000000
591972.633358 2477408.028664 0.000000
591967.645217 2477408.372344 0.000000
591962.657076 2477408.716024 0.000000
591957.668934 2477409.059703 0.000000
591952.680793 2477409.403383 0.000000
591947.692651 2477409.747062 0.000000
591942.704510 2477410.090742 0.000000
591937.716368 2477410.434422 0.000000
591932.728227 2477410.778101 0.000000
591927.740085 2477411.121781 0.000000
591922.751944 2477411.465461 0.000000
591917.763803 2477411.809140 0.000000
591912.775661 2477412.152820 0.000000
591907.787520 2477412.496499 0.000000
591902.799378 2477412.840179 0.000000
591897.811237 2477413.183859 0.000000
591892.823095 2477413.527538 0.000000
591887.834954 2477413.871218 0.000000
591882.846812 2477414.214898 0.000000
591877.858671 2477414.558577 0.000000
591872.870530 2477414.902257 0.000000
591867.882388 2477415.245936 0.000000
591862.894247 2477415.589616 0.000000
591857.906105 2477415.933296 0.000000
591852.917964 2477416.276975 0.000000
591847.929822 2477416.620655 0.000000
591842.941681 2477416.964335 0.000000
591837.953539 2477417.308014 0.000000
591832.965398 2477417.651694 0.000000
591827.977257 2477417.995373 0.000000
591822.989115 2477418.339053 0.000000
591818.000974 2477418.682733 0.000000
591813.012832 2477419.026412 0.000000
591808.024691 2477419.370092 0.000000
591803.036549 2477419.713772 0.000000
591798.048408 2477420.057451 0.000000
591793.060266 2477420.401131 0.000000
591788.072125 2477420.744810 0.000000
591783.083983 2477421.088490 0.000000
591778.095842 2477421.432170 0.000000
591773.107701 2477421.775849 0.000000
591768.119559 2477422.119529 0.000000
591763.131418 2477422.463209 0.000000
591758.143276 2477422.806888 0.000000
591753.155135 2477423.150568 0.000000
591748.166993 2477423.494247 0.000000
591743.178852 2477423.837927 0.000000
591738.190710 2477424.181607 0.000000
591733.202569 2477424.525286 0.000000
591728.214428 2477424.868966 0.000000
591723.226286 2477425.212646 0.000000
591718.238145 2477425.556325 0.000000
591713.250003 2477425.900005 0.000000
591708.261862 2477426.243684 0.000000
591703.273720 2477426.587364 0.000000
591698.285579 2477426.931044 0.000000
591693.297437 2477427.274723 0.000000
591688.309296 2477427.618403 0.000000
591683.321155 2477427.962083 0.000000
591678.333013 2477428.305762 0.000000
591673.344872 2477428.649442 0.000000
591668.356730 2477428.993122 0.000000
591663.368589 2477429.336801 0.000000
591658.380447 2477429.680481 0.000000
591653.392306 2477430.024160 0.000000
591648.404164 2477430.367840 0.000000
591643.416023 2477430.711520 0.000000
591638.427882 2477431.055199 0.000000
591633.439740 2477431.398879 0.000000
591628.451599 2477431.742559 0.000000
591623.463457 2477432.086238 0.000000
591618.475316 2477432.429918 0.000000
591613.487174 2477432.773597 0.000000
591608.499033 2477433.117277 0.000000
591603.510891 2477433.460957 0.000000
591598.522750 2477433.804636 0.000000
591593.534609 2477434.148316 0.000000
591588.546467 2477434.491996 0.000000
591583.558326 2477434.835675 0.000000
591578.570184 2477435.179355 0.000000
591573.582043 2477435.523034 0.000000
591568.593901 2477435.866714 0.000000
591563.605760 2477436.210394 0.000000
591558.617618 2477436.554073 0.000000
591553.629477 2477436.897753 0.000000
591548.641336 2477437.241433 0.000000
591543.653194 2477437.585112 0.000000
591538.665053 2477437.928792 0.000000
591533.676911 2477438.272471 0.000000
591528.688770 2477438.616151 0.000000
591523.700628 2477438.959831 0.000000
591518.712487 2477439.303510 0.000000
591513.724345 2477439.647190 0.000000
591508.736204 2477439.990870 0.000000
591503.748063 2477440.334549 0.000000
591498.759921 2477440.678229 0.000000
591493.771780 2477441.021908 0.000000
591488.783638 2477441.365588 0.000000
591483.795497 2477441.709268 0.000000
591478.807355 2477442.052947 0.000000
591473.819214 2477442.396627 0.000000
591468.831072 2477442.740307 0.000000
591463.842931 2477443.083986 0.000000
591458.854789 2477443.427666 0.000000
591453.866648 2477443.771345 0.000000
591448.878507 2477444.115025 0.000000
591443.890365 2477444.458705 0.000000
591438.902224 2477444.802384 0.000000
591433.914082 2477445.146064 0.000000
591428.925941 2477445.489744 0.000000
591423.937799 2477445.833423 0.000000
591418.949658 2477446.177103 0.000000
591413.961516 2477446.520782 0.000000
591408.973375 2477446.864462 0.000000
591403.985234 2477447.208142 0.000000
591398.997092 2477447.551821 0.000000
591394.008951 2477447.895501 0.000000
591389.020809 2477448.239181 0.000000
591384.032668 2477448.582860 0.000000
591379.044526 2477448.926540 0.000000
591374.056385 2477449.270219 0.000000
591369.068243 2477449.613899 0.000000
591364.080102 2477449.957579 0.000000
591359.091961 2477450.301258 0.000000
591354.103819 2477450.644938 0.000000
591349.115678 2477450.988618 0.000000
591344.127536 2477451.332297 0.000000
591339.139395 2477451.675977 0.000000
591334.151253 2477452.019656 0.000000
591329.163112 2477452.363336 0.000000
591324.174970 2477452.707016 0.000000
591319.186829 2477453.050695 0.000000
591314.198688 2477453.394375 0.000000
591309.210546 2477453.738055 0.000000
591304.222405 2477454.081734 0.000000
591299.234263 2477454.425414 0.000000
591294.246122 2477454.769093 0.000000
591289.257980 2477455.112773 0.000000
591284.269839 2477455.456453 0.000000
591279.281697 2477455.800132 0.000000
591274.293556 2477456.143812 0.000000
591269.305415 2477456.487492 0.000000
591264.317273 2477456.831171 0.000000
591259.329132 2477457.174851 0.000000
591254.340990 2477457.518530 0.000000
591249.352849 2477457.862210 0.000000
591244.364707 2477458.205890 0.000000
591239.376566 2477458.549569 0.000000
591234.388424 2477458.893249 0.000000
591229.400283 2477459.236929 0.000000
591224.412142 2477459.580608 0.000000
591219.424000 2477459.924288 0.000000
591214.435859 2477460.267967 0.000000
591209.447717 2477460.611647 0.000000
591204.459576 2477460.955327 0.000000
591199.471434 2477461.299006 0.000000
591194.483293 2477461.642686 0.000000
591189.495151 2477461.986366 0.000000
591184.507010 2477462.330045 0.000000
591179.518869 2477462.673725 0.000000
591174.530727 2477463.017404 0.000000
591169.542586 2477463.361084 0.000000
591164.554444 2477463.704764 0.000000
591159.566303 2477464.048443 0.000000
591154.578161 2477464.392123 0.000000
591149.590020 2477464.735803 0.000000
591144.601878 2477465.079482 0.000000
591139.613737 2477465.423162 0.000000
591134.625595 2477465.766841 0.000000
591129.637454 2477466.110521 0.000000
591124.649313 2477466.454201 0.000000
591119.661171 2477466.797880 0.000000
591114.673030 2477467.141560 0.000000
591109.684888 2477467.485240 0.000000
591104.696747 2477467.828919 0.000000
591099.708605 2477468.172599 0.000000
591094.720464 2477468.516279 0.000000
591089.732322 2477468.859958 0.000000
591084.744181 2477469.203638 0.000000
591079.756040 2477469.547317 0.000000
591074.767898 2477469.890997 0.000000
591069.779757 2477470.234677 0.000000
591064.791615 2477470.578356 0.000000
591059.803474 2477470.922036 0.000000
591054.815332 2477471.265716 0.000000
591049.827191 2477471.609395 0.000000
591044.839049 2477471.953075 0.000000
591039.850908 2477472.296754 0.000000
591034.862767 2477472.640434 0.000000
591029.874625 2477472.984114 0.000000
591024.886484 2477473.327793 0.000000
591019.898342 2477473.671473 0.000000
591014.910201 2477474.015153 0.000000
591009.922059 2477474.358832 0.000000
591004.933918 2477474.702512 0.000000
590999.945776 2477475.046191 0.000000
590994.957635 2477475.389871 0.000000
590989.969494 2477475.733551 0.000000
590984.981352 2477476.077230 0.000000
590979.993211 2477476.420910 0.000000
590975.005069 2477476.764590 0.000000
590970.016928 2477477.108269 0.000000
590965.028786 2477477.451949 0.000000
590960.040645 2477477.795628 0.000000
590955.052503 2477478.139308 0.000000
590950.064362 2477478.482988 0.000000
590945.076221 2477478.826667 0.000000
590940.088079 2477479.170347 0.000000
590935.099938 2477479.514027 0.000000
590930.111796 2477479.857706 0.000000
590925.123655 2477480.201386 0.000000
590920.135513 2477480.545065 0.000000
590915.147372 2477480.888745 0.000000
590910.159230 2477481.232425 0.000000
590905.171089 2477481.576104 0.000000
590900.182948 2477481.919784 0.000000
590895.194806 2477482.263464 0.000000
590890.206665 2477482.607143 0.000000
590885.218523 2477482.950823 0.000000
590880.230382 2477483.294502 0.000000
590875.242240 2477483.638182 0.000000
590870.254099 2477483.981862 0.000000
590865.265957 2477484.325541 0.000000
590860.277816 2477484.669221 0.000000
590855.289675 2477485.012901 0.000000
590850.301533 2477485.356580 0.000000
590845.313392 2477485.700260 0.000000
590840.325250 2477486.043939 0.000000
590835.337109 2477486.387619 0.000000
590830.348967 2477486.731299 0.000000
590825.360826 2477487.074978 0.000000
590820.372684 2477487.418658 0.000000
590815.384543 2477487.762338 0.000000
590810.396401 2477488.106017 0.000000
590805.408260 2477488.449697 0.000000
590800.420119 2477488.793376 0.000000
590795.431977 2477489.137056 0.000000
590790.443836 2477489.480736 0.000000
590785.455694 2477489.824415 0.000000
590780.467553 2477490.168095 0.000000
590775.479411 2477490.511775 0.000000
590770.491270 2477490.855454 0.000000
590765.503128 2477491.199134 0.000000
590760.514987 2477491.542813 0.000000
590755.526846 2477491.886493 0.000000
590750.538704 2477492.230173 0.000000
590745.550563 2477492.573852 0.000000
590740.562421 2477492.917532 0.000000
590735.574280 2477493.261212 0.000000
590730.586138 2477493.604891 0.000000
590725.597997 2477493.948571 0.000000
590720.609855 2477494.292250 0.000000
590715.621714 2477494.635930 0.000000
590710.633573 2477494.979610 0.000000
590705.645431 2477495.323289 0.000000
590700.657290 2477495.666969 0.000000
590695.669148 2477496.010649 0.000000
590690.681007 2477496.354328 0.000000
590685.692865 2477496.698008 0.000000
590680.704724 2477497.041687 0.000000
590675.716582 2477497.385367 0.000000
590670.728441 2477497.729047 0.000000
590665.740300 2477498.072726 0.000000
590660.752158 2477498.416406 0.000000
590655.764017 2477498.760086 0.000000
590650.775875 2477499.103765 0.000000
590645.787734 2477499.447445 0.000000
590640.799592 2477499.791124 0.000000
590635.811451 2477500.134804 0.000000
590630.823309 2477500.478484 0.000000
590625.835168 2477500.822163 0.000000
590620.847027 2477501.165843 0.000000
590615.858885 2477501.509523 0.000000
590610.870744 2477501.853202 0.000000
590605.882602 2477502.196882 0.000000
590600.894461 2477502.540561 0.000000
590595.906319 2477502.884241 0.000000
590590.918178 2477503.227921 0.000000
590585.930036 2477503.571600 0.000000
590580.941895 2477503.915280 0.000000
590575.953754 2477504.258960 0.000000
590570.965612 2477504.602639 0.000000
590565.977471 2477504.946319 0.000000
590560.989329 2477505.289998 0.000000
590556.001188 2477505.633678 0.000000
590551.013046 2477505.977358 0.000000
590546.024905 2477506.321037 0.000000
590541.036763 2477506.664717 0.000000
590536.048622 2477507.008397 0.000000
590531.060481 2477507.352076 0.000000
590526.072339 2477507.695756 0.000000
590521.084198 2477508.039435 0.000000
590516.096056 2477508.383115 0.000000
590511.107915 2477508.726795 0.000000
590506.119773 2477509.070474 0.000000
590501.131632 2477509.414154 0.000000
590496.143490 2477509.757834 0.000000
590491.155349 2477510.101513 0.000000
590486.167207 2477510.445193 0.000000
590481.179066 2477510.788873 0.000000
590476.190925 2477511.132552 0.000000
590471.202783 2477511.476232 0.000000
590466.214642 2477511.819911 0.000000
590461.226500 2477512.163591 0.000000
590456.238359 2477512.507271 0.000000
590451.250217 2477512.850950 0.000000
590446.262076 2477513.194630 0.000000
590441.273934 2477513.538310 0.000000
590436.285793 2477513.881989 0.000000
590431.297652 2477514.225669 0.000000
590426.309510 2477514.569348 0.000000
590421.321369 2477514.913028 0.000000
590416.333227 2477515.256708 0.000000
590411.345086 2477515.600387 0.000000
590406.356944 2477515.944067 0.000000
590401.368803 2477516.287747 0.000000
590396.380661 2477516.631426 0.000000
590391.392520 2477516.975106 0.000000
590386.404379 2477517.318785 0.000000
590381.416237 2477517.662465 0.000000
590376.428096 2477518.006145 0.000000
590371.439954 2477518.349824 0.000000
590366.451813 2477518.693504 0.000000
590361.463671 2477519.037184 0.000000
590356.475530 2477519.380863 0.000000
590351.487388 2477519.724543 0.000000
590346.499247 2477520.068222 0.000000
590341.511106 2477520.411902 0.000000
590336.522964 2477520.755582 0.000000
590331.534823 2477521.099261 0.000000
590326.546681 2477521.442941 0.000000
590321.558540 2477521.786621 0.000000
590316.570398 2477522.130300 0.000000
590311.582257 2477522.473980 0.000000
590306.594115 2477522.817659 0.000000
590301.605974 2477523.161339 0.000000
590296.617833 2477523.505019 0.000000
590291.629691 2477523.848698 0.000000
590286.641550 2477524.192378 0.000000
590281.653408 2477524.536058 0.000000
590276.665267 2477524.879737 0.000000
590271.677125 2477525.223417 0.000000
590266.688984 2477525.567096 0.000000
590261.700842 2477525.910776 0.000000
590256.712701 2477526.254456 0.000000
590251.724560 2477526.598135 0.000000
590246.736418 2477526.941815 0.000000
590241.748277 2477527.285495 0.000000
590236.760135 2477527.629174 0.000000
590231.771994 2477527.972854 0.000000
590226.783852 2477528.316533 0.000000
590221.795711 2477528.660213 0.000000
590216.807569 2477529.003893 0.000000
590211.819428 2477529.347572 0.000000
590206.831287 2477529.691252 0.000000
590201.843145 2477530.034932 0.000000
590196.855004 2477530.378611 0.000000
590191.866862 2477530.722291 0.000000
590186.878721 2477531.065970 0.000000
590181.890579 2477531.409650 0.000000
590176.902438 2477531.753330 0.000000
590171.914296 2477532.097009 0.000000
590166.926155 2477532.440689 0.000000
590161.938013 2477532.784369 0.000000
590156.949872 2477533.128048 0.000000
590151.961731 2477533.471728 0.000000
590146.973589 2477533.815407 0.000000
590141.985448 2477534.159087 0.000000
590136.997306 2477534.502767 0.000000
590132.009165 2477534.846446 0.000000
590127.021023 2477535.190126 0.000000
590122.032882 2477535.533806 0.000000
590117.044740 2477535.877485 0.000000
590112.056599 2477536.221165 0.000000
590107.068458 2477536.564844 0.000000
590102.080316 2477536.908524 0.000000
590097.092175 2477537.252204 0.000000
590092.104033 2477537.595883 0.000000
590087.115892 2477537.939563 0.000000
590082.127750 2477538.283243 0.000000
590077.139609 2477538.626922 0.000000
590072.151467 2477538.970602 0.000000
590067.163326 2477539.314281 0.000000
590062.175185 2477539.657961 0.000000
590057.187043 2477540.001641 0.000000
590052.198902 2477540.345320 0.000000
590047.210760 2477540.689000 0.000000
590042.222619 2477541.032680 0.000000
590037.234477 2477541.376359 0.000000
590032.246336 2477541.720039 0.000000
590027.258194 2477542.063718 0.000000
590022.270053 2477542.407398 0.000000
590017.281912 2477542.751078 0.000000
590012.293770 2477543.094757 0.000000
590007.305629 2477543.438437 0.000000
590002.317487 2477543.782117 0.000000
589997.329346 2477544.125796 0.000000
589992.341204 2477544.469476 0.000000
589987.353063 2477544.813155 0.000000
589982.364921 2477545.156835 0.000000
589977.376780 2477545.500515 0.000000
589972.388639 2477545.844194 0.000000
589967.400497 2477546.187874 0.000000
589962.412356 2477546.531554 0.000000
589957.424214 2477546.875233 0.000000
589952.436073 2477547.218913 0.000000
589947.447931 2477547.562592 0.000000
589942.459790 2477547.906272 0.000000
589937.471648 2477548.249952 0.000000
589932.483507 2477548.593631 0.000000
589927.495366 2477548.937311 0.000000
589922.507224 2477549.280991 0.000000
589917.519083 2477549.624670 0.000000
589912.530941 2477549.968350 0.000000
589907.542800 2477550.312030 0.000000
589902.554658 2477550.655709 0.000000
589897.566517 2477550.999389 0.000000
589892.578375 2477551.343068 0.000000
589887.590234 2477551.686748 0.000000
589882.602093 2477552.030428 0.000000
589877.613951 2477552.374107 0.000000
589872.625810 2477552.717787 0.000000
589867.637668 2477553.061467 0.000000
589862.649527 2477553.405146 0.000000
589857.661385 2477553.748826 0.000000
589852.673244 2477554.092505 0.000000
589847.685102 2477554.436185 0.000000
589842.696961 2477554.779865 0.000000
589837.708820 2477555.123544 0.000000
589832.720678 2477555.467224 0.000000
589827.732537 2477555.810904 0.000000
589822.744395 2477556.154583 0.000000
589817.756254 2477556.498263 0.000000
589812.768112 2477556.841942 0.000000
589807.779971 2477557.185622 0.000000
589802.791829 2477557.529302 0.000000
589797.803688 2477557.872981 0.000000
589792.815546 2477558.216661 0.000000
589787.827405 2477558.560341 0.000000
589782.839264 2477558.904020 0.000000
589777.851122 2477559.247700 0.000000
589772.862981 2477559.591379 0.000000
589767.874839 2477559.935059 0.000000
589762.886698 2477560.278739 0.000000
589757.898556 2477560.622418 0.000000
589752.910415 2477560.966098 0.000000
589747.922273 2477561.309778 0.000000
589742.934132 2477561.653457 0.000000
589737.945991 2477561.997137 0.000000
589732.957849 2477562.340816 0.000000
589727.969708 2477562.684496 0.000000
589722.981566 2477563.028176 0.000000
589717.993425 2477563.371855 0.000000
589713.005283 2477563.715535 0.000000
589708.017142 2477564.059215 0.000000
589703.029000 2477564.402894 0.000000
589698.040859 2477564.746574 0.000000
589025.041876 2477610.746588 0.000000
589020.052682 2477611.090001 0.000000
589015.063489 2477611.433414 0.000000
589010.074296 2477611.776826 0.000000
589005.085102 2477612.120239 0.000000
589000.095909 2477612.463651 0.000000
588995.106716 2477612.807064 0.000000
588990.117522 2477613.150477 0.000000
588985.128329 2477613.493889 0.000000
588980.139136 2477613.837302 0.000000
588975.149942 2477614.180715 0.000000
588970.160749 2477614.524127 0.000000
588965.171556 2477614.867540 0.000000
588960.182362 2477615.210952 0.000000
588955.193169 2477615.554365 0.000000
588950.203976 2477615.897778 0.000000
588945.214782 2477616.241190 0.000000
588940.225589 2477616.584603 0.000000
588935.236396 2477616.928015 0.000000
588930.247202 2477617.271428 0.000000
588925.258009 2477617.614841 0.000000
588920.268816 2477617.958253 0.000000
588915.279622 2477618.301666 0.000000
588910.290429 2477618.645079 0.000000
588905.301236 2477618.988491 0.000000
588900.312042 2477619.331904 0.000000
588895.322849 2477619.675316 0.000000
588890.333656 2477620.018729 0.000000
588885.344462 2477620.362142 0.000000
588880.355269 2477620.705554 0.000000
588875.366076 2477621.048967 0.000000
588870.376882 2477621.392380 0.000000
588865.387689 2477621.735792 0.000000
588860.398496 2477622.079205 0.000000
588855.409302 2477622.422617 0.000000
588850.420109 2477622.766030 0.000000
588845.430916 2477623.109443 0.000000
588840.441722 2477623.452855 0.000000
588835.452529 2477623.796268 0.000000
588830.463336 2477624.139681 0.000000
588825.474142 2477624.483093 0.000000
588820.484949 2477624.826506 0.000000
588815.495756 2477625.169918 0.000000
588810.506562 2477625.513331 0.000000
588805.517369 2477625.856744 0.000000
588800.528176 2477626.200156 0.000000
588795.538982 2477626.543569 0.000000
588790.549789 2477626.886981 0.000000
588785.560596 2477627.230394 0.000000
588780.571402 2477627.573807 0.000000
588775.582209 2477627.917219 0.000000
588770.593016 2477628.260632 0.000000
588765.603822 2477628.604045 0.000000
588760.614629 2477628.947457 0.000000
588755.625436 2477629.290870 0.000000
588750.636242 2477629.634282 0.000000
588745.647049 2477629.977695 0.000000
588740.657856 2477630.321108 0.000000
588735.668662 2477630.664520 0.000000
588730.679469 2477631.007933 0.000000
588725.690276 2477631.351346 0.000000
588720.701082 2477631.694758 0.000000
588715.711889 2477632.038171 0.000000
588710.722696 2477632.381583 0.000000
588705.733502 2477632.724996 0.000000
588700.744309 2477633.068409 0.000000
588695.755116 2477633.411821 0.000000
588690.765922 2477633.755234 0.000000
588685.776729 2477634.098647 0.000000
588680.787536 2477634.442059 0.000000
588675.798343 2477634.785472 0.000000
588670.809149 2477635.128884 0.000000
588665.819956 2477635.472297 0.000000
588660.830763 2477635.815710 0.000000
588655.841569 2477636.159122 0.000000
588650.852376 2477636.502535 0.000000
588645.863183 2477636.845947 0.000000
588640.873989 2477637.189360 0.000000
588635.884796 2477637.532773 0.000000
588630.895603 2477637.876185 0.000000
588625.906409 2477638.219598 0.000000
588620.917216 2477638.563011 0.000000
588615.928023 2477638.906423 0.000000
588610.938829 2477639.249836 0.000000
588605.949636 2477639.593248 0.000000
588600.960443 2477639.936661 0.000000
588595.971249 2477640.280074 0.000000
588590.982056 2477640.623486 0.000000
588585.992863 2477640.966899 0.000000
588581.003669 2477641.310312 0.000000
588576.014476 2477641.653724 0.000000
588571.025283 2477641.997137 0.000000
588566.036089 2477642.340549 0.000000
588561.046896 2477642.683962 0.000000
588556.057703 2477643.027375 0.000000
588551.068509 2477643.370787 0.000000
588546.079316 2477643.714200 0.000000
588541.090123 2477644.057613 0.000000
588536.100929 2477644.401025 0.000000
588531.111736 2477644.744438 0.000000
588526.122543 2477645.087850 0.000000
588521.133349 2477645.431263 0.000000
588516.144156 2477645.774676 0.000000
588511.154963 2477646.118088 0.000000
588506.165769 2477646.461501 0.000000
588501.176576 2477646.804913 0.000000
588496.187383 2477647.148326 0.000000
588491.198189 2477647.491739 0.000000
588486.208996 2477647.835151 0.000000
588481.219803 2477648.178564 0.000000
588476.230609 2477648.521977 0.000000
588471.241416 2477648.865389 0.000000
588466.252223 2477649.208802 0.000000
588461.263029 2477649.552214 0.000000
588456.273836 2477649.895627 0.000000
588451.284643 2477650.239040 0.000000
588446.295449 2477650.582452 0.000000
588441.306256 2477650.925865 0.000000
588436.317063 2477651.269278 0.000000
588431.327869 2477651.612690 0.000000
588426.338676 2477651.956103 0.000000
588421.349483 2477652.299515 0.000000
588416.360289 2477652.642928 0.000000
588411.371096 2477652.986341 0.000000
588406.381903 2477653.329753 0.000000
588401.392709 2477653.673166 0.000000
588396.403516 2477654.016579 0.000000
588391.414323 2477654.359991 0.000000
588386.425129 2477654.703404 0.000000
588381.435936 2477655.046816 0.000000
588376.446743 2477655.390229 0.000000
588371.457549 2477655.733642 0.000000
588366.468356 2477656.077054 0.000000
588361.479163 2477656.420467 0.000000
588356.489969 2477656.763879 0.000000
588351.500776 2477657.107292 0.000000
588346.511583 2477657.450705 0.000000
588341.522389 2477657.794117 0.000000
588336.533196 2477658.137530 0.000000
588331.544003 2477658.480943 0.000000
588326.554810 2477658.824355 0.000000
588321.565616 2477659.167768 0.000000
588316.576423 2477659.511180 0.000000
588311.587230 2477659.854593 0.000000
588306.598036 2477660.198006 0.000000
588301.608843 2477660.541418 0.000000
588296.619650 2477660.884831 0.000000
588291.630456 2477661.228244 0.000000
588286.641263 2477661.571656 0.000000
588281.652070 2477661.915069 0.000000
588276.662876 2477662.258481 0.000000
588271.673683 2477662.601894 0.000000
588266.684490 2477662.945307 0.000000
588261.695296 2477663.288719 0.000000
588256.706103 2477663.632132 0.000000
588251.716910 2477663.975545 0.000000
588246.727716 2477664.318957 0.000000
588241.738523 2477664.662370 0.000000
588236.749330 2477665.005782 0.000000
588231.760136 2477665.349195 0.000000
588226.770943 2477665.692608 0.000000
588221.781750 2477666.036020 0.000000
588216.792556 2477666.379433 0.000000
588211.803363 2477666.722845 0.000000
588206.814170 2477667.066258 0.000000
588201.824976 2477667.409671 0.000000
588196.835783 2477667.753083 0.000000
588191.846590 2477668.096496 0.000000
588186.857396 2477668.439909 0.000000
588181.868203 2477668.783321 0.000000
588176.879010 2477669.126734 0.000000
588171.889816 2477669.470146 0.000000
588166.900623 2477669.813559 0.000000
588161.911430 2477670.156972 0.000000
588156.922236 2477670.500384 0.000000
588151.933043 2477670.843797 0.000000
588146.943850 2477671.187210 0.000000
588141.954656 2477671.530622 0.000000
588136.965463 2477671.874035 0.000000
588131.976270 2477672.217447 0.000000
588126.987076 2477672.560860 0.000000
588121.997883 2477672.904273 0.000000
588117.008690 2477673.247685 0.000000
588112.019496 2477673.591098 0.000000
588107.030303 2477673.934511 0.000000
588102.041110 2477674.277923 0.000000
588097.051916 2477674.621336 0.000000
588092.062723 2477674.964748 0.000000
588087.073530 2477675.308161 0.000000
588082.084336 2477675.651574 0.000000
588077.095143 2477675.994986 0.000000
588072.105950 2477676.338399 0.000000
588067.116756 2477676.681811 0.000000
588062.127563 2477677.025224 0.000000
588057.138370 2477677.368637 0.000000
588052.149176 2477677.712049 0.000000
588047.159983 2477678.055462 0.000000
588042.170790 2477678.398875 0.000000
588037.181596 2477678.742287 0.000000
588032.192403 2477679.085700 0.000000
588027.203210 2477679.429112 0.000000
588022.214016 2477679.772525 0.000000
588017.224823 2477680.115938 0.000000
588012.235630 2477680.459350 0.000000
588007.246436 2477680.802763 0.000000
588002.257243 2477681.146176 0.000000
587997.268050 2477681.489588 0.000000
587992.278856 2477681.833001 0.000000
587987.289663 2477682.176413 0.000000
587982.300470 2477682.519826 0.000000
587977.311277 2477682.863239 0.000000
587972.322083 2477683.206651 0.000000
587967.332890 2477683.550064 0.000000
587962.343697 2477683.893476 0.000000
587957.354503 2477684.236889 0.000000
587952.365310 2477684.580302 0.000000
587947.376117 2477684.923714 0.000000
587942.386923 2477685.267127 0.000000
587937.397730 2477685.610540 0.000000
587932.408537 2477685.953952 0.000000
587927.419343 2477686.297365 0.000000
587922.430150 2477686.640777 0.000000
587917.440957 2477686.984190 0.000000
587912.451763 2477687.327603 0.000000
587907.462570 2477687.671015 0.000000
587902.473377 2477688.014428 0.000000
587897.484183 2477688.357841 0.000000
587892.494990 2477688.701253 0.000000
587887.505797 2477689.044666 0.000000
587882.516603 2477689.388078 0.000000
587877.527410 2477689.731491 0.000000
587872.538217 2477690.074904 0.000000
587867.549023 2477690.418316 0.000000
587862.559830 2477690.761729 0.000000
587857.570637 2477691.105142 0.000000
587852.581443 2477691.448554 0.000000
587847.592250 2477691.791967 0.000000
587842.603057 2477692.135379 0.000000
587837.613863 2477692.478792 0.000000
587832.624670 2477692.822205 0.000000
587827.635477 2477693.165617 0.000000
587822.646283 2477693.509030 0.000000
587817.657090 2477693.852442 0.000000
587812.667897 2477694.195855 0.000000
587807.678703 2477694.539268 0.000000
587802.689510 2477694.882680 0.000000
587797.700317 2477695.226093 0.000000
587792.711123 2477695.569506 0.000000
587787.721930 2477695.912918 0.000000
587782.732737 2477696.256331 0.000000
587777.743543 2477696.599743 0.000000
587772.754350 2477696.943156 0.000000
587767.765157 2477697.286569 0.000000
587762.775963 2477697.629981 0.000000
587757.786770 2477697.973394 0.000000
587752.797577 2477698.316807 0.000000
587747.808383 2477698.660219 0.000000
587742.819190 2477699.003632 0.000000
587737.829997 2477699.347044 0.000000
587732.840803 2477699.690457 0.000000
587727.851610 2477700.033870 0.000000
587722.862417 2477700.377282 0.000000
587717.873223 2477700.720695 0.000000
587712.884030 2477701.064108 0.000000
587707.894837 2477701.407520 0.000000
587702.905643 2477701.750933 0.000000
587697.916450 2477702.094345 0.000000
587692.927257 2477702.437758 0.000000
587687.938063 2477702.781171 0.000000
587682.948870 2477703.124583 0.000000
587677.959677 2477703.467996 0.000000
587672.970483 2477703.811408 0.000000
587667.981290 2477704.154821 0.000000
587662.992097 2477704.498234 0.000000
587658.002903 2477704.841646 0.000000
587653.013710 2477705.185059 0.000000
587648.024517 2477705.528472 0.000000
587643.035323 2477705.871884 0.000000
587638.046130 2477706.215297 0.000000
587633.056937 2477706.558709 0.000000
587628.067743 2477706.902122 0.000000
587623.078550 2477707.245535 0.000000
587618.089357 2477707.588947 0.000000
587613.100164 2477707.932360 0.000000
587608.110970 2477708.275773 0.000000
587603.121777 2477708.619185 0.000000
587598.132584 2477708.962598 0.000000
587593.143390 2477709.306010 0.000000
587588.154197 2477709.649423 0.000000
587583.165004 2477709.992836 0.000000
587578.175810 2477710.336248 0.000000
587573.186617 2477710.679661 0.000000
587568.197424 2477711.023074 0.000000
587563.208230 2477711.366486 0.000000
587558.219037 2477711.709899 0.000000
587553.229844 2477712.053311 0.000000
587548.240650 2477712.396724 0.000000
587543.251457 2477712.740137 0.000000
587538.262264 2477713.083549 0.000000
587533.273070 2477713.426962 0.000000
587528.283877 2477713.770374 0.000000
587523.294684 2477714.113787 0.000000
587518.305490 2477714.457200 0.000000
587513.316297 2477714.800612 0.000000
587508.327104 2477715.144025 0.000000
587503.337910 2477715.487438 0.000000
587498.348717 2477715.830850 0.000000
587493.359524 2477716.174263 0.000000
587488.370330 2477716.517675 0.000000
587483.381137 2477716.861088 0.000000
587478.391944 2477717.204501 0.000000
587473.402750 2477717.547913 0.000000
587468.413557 2477717.891326 0.000000
587463.424364 2477718.234739 0.000000
587458.435170 2477718.578151 0.000000
587453.445977 2477718.921564 0.000000
587448.456784 2477719.264976 0.000000
587443.467590 2477719.608389 0.000000
587438.478397 2477719.951802 0.000000
587433.489204 2477720.295214 0.000000
587428.500010 2477720.638627 0.000000
587423.510817 2477720.982040 0.000000
587418.521624 2477721.325452 0.000000
587413.532430 2477721.668865 0.000000
587408.543237 2477722.012277 0.000000
587403.554044 2477722.355690 0.000000
587398.564850 2477722.699103 0.000000
587393.575657 2477723.042515 0.000000
587388.586464 2477723.385928 0.000000
587383.597270 2477723.729340 0.000000
587378.608077 2477724.072753 0.000000
587373.618884 2477724.416166 0.000000
587368.629690 2477724.759578 0.000000
587363.640497 2477725.102991 0.000000
587358.651304 2477725.446404 0.000000
587353.662110 2477725.789816 0.000000
587348.672917 2477726.133229 0.000000
587343.683724 2477726.476641 0.000000
587338.694530 2477726.820054 0.000000
587333.705337 2477727.163467 0.000000
587328.716144 2477727.506879 0.000000
587323.726950 2477727.850292 0.000000
587318.737757 2477728.193705 0.000000
587313.748564 2477728.537117 0.000000
587308.759370 2477728.880530 0.000000
587303.770177 2477729.223942 0.000000
587298.780984 2477729.567355 0.000000
587293.791790 2477729.910768 0.000000
587288.802597 2477730.254180 0.000000
587283.813404 2477730.597593 0.000000
587278.824210 2477730.941006 0.000000
587273.835017 2477731.284418 0.000000
587268.845824 2477731.627831 0.000000
587263.856631 2477731.971243 0.000000
587258.867437 2477732.314656 0.000000
587253.878244 2477732.658069 0.000000
587248.889051 2477733.001481 0.000000
587243.899857 2477733.344894 0.000000
587238.910664 2477733.688306 0.000000
587233.921471 2477734.031719 0.000000
587228.932277 2477734.375132 0.000000
587223.943084 2477734.718544 0.000000
587218.953891 2477735.061957 0.000000
587213.964697 2477735.405370 0.000000
587208.975504 2477735.748782 0.000000
587203.986311 2477736.092195 0.000000
587198.997117 2477736.435607 0.000000
587194.007924 2477736.779020 0.000000
587189.018731 2477737.122433 0.000000
587184.029537 2477737.465845 0.000000
587179.040344 2477737.809258 0.000000
587174.051151 2477738.152671 0.000000
587169.061957 2477738.496083 0.000000
587164.072764 2477738.839496 0.000000
587159.083571 2477739.182908 0.000000
587154.094377 2477739.526321 0.000000
587149.105184 2477739.869734 0.000000
587144.115991 2477740.213146 0.000000
587139.126797 2477740.556559 0.000000
587134.137604 2477740.899972 0.000000
587129.148411 2477741.243384 0.000000
587124.159217 2477741.586797 0.000000
587119.170024 2477741.930209 0.000000
587114.180831 2477742.273622 0.000000
587109.191637 2477742.617035 0.000000
587104.202444 2477742.960447 0.000000
587099.213251 2477743.303860 0.000000
587094.224057 2477743.647272 0.000000
587089.234864 2477743.990685 0.000000
587084.245671 2477744.334098 0.000000
587079.256477 2477744.677510 0.000000
587074.267284 2477745.020923 0.000000
587069.278091 2477745.364336 0.000000
587064.288897 2477745.707748 0.000000
587059.299704 2477746.051161 0.000000
587054.310511 2477746.394573 0.000000
587049.321317 2477746.737986 0.000000
587044.332124 2477747.081399 0.000000
587039.342931 2477747.424811 0.000000
587034.353737 2477747.768224 0.000000
587029.364544 2477748.111637 0.000000
587024.375351 2477748.455049 0.000000
587019.386157 2477748.798462 0.000000
587014.396964 2477749.141874 0.000000
587009.407771 2477749.485287 0.000000
587004.418577 2477749.828700 0.000000
586999.429384 2477750.172112 0.000000
586994.440191 2477750.515525 0.000000
586989.450997 2477750.858938 0.000000
586984.461804 2477751.202350 0.000000
586979.472611 2477751.545763 0.000000
586974.483417 2477751.889175 0.000000
586969.494224 2477752.232588 0.000000
586964.505031 2477752.576001 0.000000
586959.515837 2477752.919413 0.000000
586954.526644 2477753.262826 0.000000
586949.537451 2477753.606238 0.000000
586944.548257 2477753.949651 0.000000
586939.559064 2477754.293064 0.000000
586934.569871 2477754.636476 0.000000
586929.580677 2477754.979889 0.000000
586924.591484 2477755.323302 0.000000
586919.602291 2477755.666714 0.000000
586914.613098 2477756.010127 0.000000
586909.623904 2477756.353539 0.000000
586904.634711 2477756.696952 0.000000
586899.645518 2477757.040365 0.000000
586894.656324 2477757.383777 0.000000
586889.667131 2477757.727190 0.000000
586884.677938 2477758.070603 0.000000
586879.688744 2477758.414015 0.000000
586874.699551 2477758.757428 0.000000
586869.710358 2477759.100840 0.000000
586864.721164 2477759.444253 0.000000
586859.731971 2477759.787666 0.000000
586854.742778 2477760.131078 0.000000
586849.753584 2477760.474491 0.000000
586844.764391 2477760.817904 0.000000
586839.775198 2477761.161316 0.000000
586834.786004 2477761.504729 0.000000
586829.796811 2477761.848141 0.000000
586824.807618 2477762.191554 0.000000
586819.818424 2477762.534967 0.000000
586814.829231 2477762.878379 0.000000
586809.840038 2477763.221792 0.000000
586804.850844 2477763.565204 0.000000
586799.861651 2477763.908617 0.000000
586794.872458 2477764.252030 0.000000
586789.883264 2477764.595442 0.000000
586784.894071 2477764.938855 0.000000
586779.904878 2477765.282268 0.000000
586774.915684 2477765.625680 0.000000
586769.926491 2477765.969093 0.000000
586764.937298 2477766.312505 0.000000
586759.948104 2477766.655918 0.000000
586754.958911 2477766.999331 0.000000
586749.969718 2477767.342743 0.000000
586744.980524 2477767.686156 0.000000
586739.991331 2477768.029569 0.000000
586735.002138 2477768.372981 0.000000
586730.012944 2477768.716394 0.000000
586725.023751 2477769.059806 0.000000
586720.034558 2477769.403219 0.000000
586715.045364 2477769.746632 0.000000
585548.047127 2477850.746650 0.000000
585543.058919 2477851.091768 0.000000
585538.070711 2477851.436885 0.000000
585533.082503 2477851.782003 0.000000
585528.094295 2477852.127121 0.000000
585523.106087 2477852.472239 0.000000
585518.117879 2477852.817357 0.000000
585513.129671 2477853.162475 0.000000
585508.141463 2477853.507593 0.000000
585503.153255 2477853.852711 0.000000
585498.165047 2477854.197829 0.000000
585493.176839 2477854.542947 0.000000
585488.188631 2477854.888064 0.000000
585483.200423 2477855.233182 0.000000
585478.212215 2477855.578300 0.000000
585473.224007 2477855.923418 0.000000
585468.235800 2477856.268536 0.000000
585463.247592 2477856.613654 0.000000
585458.259384 2477856.958772 0.000000
585453.271176 2477857.303890 0.000000
585448.282968 2477857.649008 0.000000
585443.294760 2477857.994126 0.000000
585438.306552 2477858.339243 0.000000
585433.318344 2477858.684361 0.000000
585428.330136 2477859.029479 0.000000
585423.341928 2477859.374597 0.000000
585418.353720 2477859.719715 0.000000
585413.365512 2477860.064833 0.000000
585408.377304 2477860.409951 0.000000
585403.389096 2477860.755069 0.000000
585398.400888 2477861.100187 0.000000
585393.412680 2477861.445305 0.000000
585388.424472 2477861.790422 0.000000
585383.436264 2477862.135540 0.000000
585378.448056 2477862.480658 0.000000
585373.459848 2477862.825776 0.000000
585368.471640 2477863.170894 0.000000
585363.483432 2477863.516012 0.000000
585358.495224 2477863.861130 0.000000
585353.507017 2477864.206248 0.000000
585348.518809 2477864.551366 0.000000
585343.530601 2477864.896484 0.000000
585338.542393 2477865.241601 0.000000
585333.554185 2477865.586719 0.000000
585328.565977 2477865.931837 0.000000
585323.577769 2477866.276955 0.000000
585318.589561 2477866.622073 0.000000
585313.601353 2477866.967191 0.000000
585308.613145 2477867.312309 0.000000
585303.624937 2477867.657427 0.000000
585298.636729 2477868.002545 0.000000
585293.648521 2477868.347663 0.000000
585288.660313 2477868.692780 0.000000
585283.672105 2477869.037898 0.000000
585278.683897 2477869.383016 0.000000
585273.695689 2477869.728134 0.000000
585268.707481 2477870.073252 0.000000
585263.719273 2477870.418370 0.000000
585258.731065 2477870.763488 0.000000
585253.742857 2477871.108606 0.000000
585248.754649 2477871.453724 0.000000
585243.766441 2477871.798841 0.000000
585238.778234 2477872.143959 0.000000
585233.790026 2477872.489077 0.000000
585228.801818 2477872.834195 0.000000
585223.813610 2477873.179313 0.000000
585218.825402 2477873.524431 0.000000
585213.837194 2477873.869549 0.000000
585208.848986 2477874.214667 0.000000
585203.860778 2477874.559785 0.000000
585198.872570 2477874.904903 0.000000
585193.884362 2477875.250020 0.000000
585188.896154 2477875.595138 0.000000
585183.907946 2477875.940256 0.000000
585178.919738 2477876.285374 0.000000
585173.931530 2477876.630492 0.000000
585168.943322 2477876.975610 0.000000
585163.955114 2477877.320728 0.000000
585158.966906 2477877.665846 0.000000
585153.978698 2477878.010964 0.000000
585148.990490 2477878.356082 0.000000
585144.002282 2477878.701199 0.000000
585139.014074 2477879.046317 0.000000
585134.025866 2477879.391435 0.000000
585129.037658 2477879.736553 0.000000
585124.049451 2477880.081671 0.000000
585119.061243 2477880.426789 0.000000
585114.073035 2477880.771907 0.000000
585109.084827 2477881.117025 0.000000
585104.096619 2477881.462143 0.000000
585099.108411 2477881.807261 0.000000
585094.120203 2477882.152378 0.000000
585089.131995 2477882.497496 0.000000
585084.143787 2477882.842614 0.000000
585079.155579 2477883.187732 0.000000
585074.167371 2477883.532850 0.000000
585069.179163 2477883.877968 0.000000
585064.190955 2477884.223086 0.000000
585059.202747 2477884.568204 0.000000
585054.214539 2477884.913322 0.000000
585049.226331 2477885.258440 0.000000
585044.238123 2477885.603557 0.000000
585039.249915 2477885.948675 0.000000
585034.261707 2477886.293793 0.000000
585029.273499 2477886.638911 0.000000
585024.285291 2477886.984029 0.000000
585019.297083 2477887.329147 0.000000
585014.308875 2477887.674265 0.000000
585009.320668 2477888.019383 0.000000
585004.332460 2477888.364501 0.000000
584999.344252 2477888.709619 0.000000
584994.356044 2477889.054736 0.000000
584989.367836 2477889.399854 0.000000
584984.379628 2477889.744972 0.000000
584979.391420 2477890.090090 0.000000
584974.403212 2477890.435208 0.000000
584969.415004 2477890.780326 0.000000
584964.426796 2477891.125444 0.000000
584959.438588 2477891.470562 0.000000
584954.450380 2477891.815680 0.000000
584949.462172 2477892.160798 0.000000
584944.473964 2477892.505915 0.000000
584939.485756 2477892.851033 0.000000
584934.497548 2477893.196151 0.000000
584929.509340 2477893.541269 0.000000
584924.521132 2477893.886387 0.000000
584919.532924 2477894.231505 0.000000
584914.544716 2477894.576623 0.000000
584909.556508 2477894.921741 0.000000
584904.568300 2477895.266859 0.000000
584899.580092 2477895.611977 0.000000
584894.591885 2477895.957094 0.000000
584889.603677 2477896.302212 0.000000
584884.615469 2477896.647330 0.000000
584879.627261 2477896.992448 0.000000
584874.639053 2477897.337566 0.000000
584869.650845 2477897.682684 0.000000
584864.662637 2477898.027802 0.000000
584859.674429 2477898.372920 0.000000
584854.686221 2477898.718038 0.000000
584849.698013 2477899.063156 0.000000
584844.709805 2477899.408273 0.000000
584839.721597 2477899.753391 0.000000
584834.733389 2477900.098509 0.000000
584829.745181 2477900.443627 0.000000
584824.756973 2477900.788745 0.000000
584819.768765 2477901.133863 0.000000
584814.780557 2477901.478981 0.000000
584809.792349 2477901.824099 0.000000
584804.804141 2477902.169217 0.000000
584799.815933 2477902.514335 0.000000
584794.827725 2477902.859452 0.000000
584789.839517 2477903.204570 0.000000
584784.851309 2477903.549688 0.000000
584779.863102 2477903.894806 0.000000
584774.874894 2477904.239924 0.000000
584769.886686 2477904.585042 0.000000
584764.898478 2477904.930160 0.000000
584759.910270 2477905.275278 0.000000
584754.922062 2477905.620396 0.000000
584749.933854 2477905.965514 0.000000
584744.945646 2477906.310631 0.000000
584739.957438 2477906.655749 0.000000
584734.969230 2477907.000867 0.000000
584729.981022 2477907.345985 0.000000
584724.992814 2477907.691103 0.000000
584720.004606 2477908.036221 0.000000
584715.016398 2477908.381339 0.000000
584710.028190 2477908.726457 0.000000
584705.039982 2477909.071575 0.000000
584700.051774 2477909.416692 0.000000
584695.063566 2477909.761810 0.000000
584690.075358 2477910.106928 0.000000
584685.087150 2477910.452046 0.000000
584680.098942 2477910.797164 0.000000
584675.110734 2477911.142282 0.000000
584670.122526 2477911.487400 0.000000
584665.134318 2477911.832518 0.000000
584660.146111 2477912.177636 0.000000
584655.157903 2477912.522754 0.000000
584650.169695 2477912.867871 0.000000
584645.181487 2477913.212989 0.000000
584640.193279 2477913.558107 0.000000
584635.205071 2477913.903225 0.000000
584630.216863 2477914.248343 0.000000
584625.228655 2477914.593461 0.000000
584620.240447 2477914.938579 0.000000
584615.252239 2477915.283697 0.000000
584610.264031 2477915.628815 0.000000
584605.275823 2477915.973933 0.000000
584600.287615 2477916.319050 0.000000
584595.299407 2477916.664168 0.000000
584590.311199 2477917.009286 0.000000
584585.322991 2477917.354404 0.000000
584580.334783 2477917.699522 0.000000
584575.346575 2477918.044640 0.000000
584570.358367 2477918.389758 0.000000
584565.370159 2477918.734876 0.000000
584560.381951 2477919.079994 0.000000
584555.393743 2477919.425112 0.000000
584550.405535 2477919.770229 0.000000
584545.417328 2477920.115347 0.000000
584540.429120 2477920.460465 0.000000
584535.440912 2477920.805583 0.000000
584530.452704 2477921.150701 0.000000
584525.464496 2477921.495819 0.000000
584520.476288 2477921.840937 0.000000
584515.488080 2477922.186055 0.000000
584510.499872 2477922.531173 0.000000
584505.511664 2477922.876291 0.000000
584500.523456 2477923.221408 0.000000
584495.535248 2477923.566526 0.000000
584490.547040 2477923.911644 0.000000
584485.558832 2477924.256762 0.000000
584480.570624 2477924.601880 0.000000
584475.582416 2477924.946998 0.000000
584470.594208 2477925.292116 0.000000
584465.606000 2477925.637234 0.000000
584460.617792 2477925.982352 0.000000
584455.629584 2477926.327470 0.000000
584450.641376 2477926.672587 0.000000
584445.653168 2477927.017705 0.000000
584440.664960 2477927.362823 0.000000
584435.676752 2477927.707941 0.000000
584430.688545 2477928.053059 0.000000
584425.700337 2477928.398177 0.000000
584420.712129 2477928.743295 0.000000
584415.723921 2477929.088413 0.000000
584410.735713 2477929.433531 0.000000
584405.747505 2477929.778649 0.000000
584400.759297 2477930.123766 0.000000
584395.771089 2477930.468884 0.000000
584390.782881 2477930.814002 0.000000
584385.794673 2477931.159120 0.000000
584380.806465 2477931.504238 0.000000
584375.818257 2477931.849356 0.000000
584370.830049 2477932.194474 0.000000
584365.841841 2477932.539592 0.000000
584360.853633 2477932.884710 0.000000
584355.865425 2477933.229828 0.000000
584350.877217 2477933.574945 0.000000
584345.889009 2477933.920063 0.000000
584340.900801 2477934.265181 0.000000
584335.912593 2477934.610299 0.000000
584330.924385 2477934.955417 0.000000
584325.936177 2477935.300535 0.000000
584320.947969 2477935.645653 0.000000
584315.959762 2477935.990771 0.000000
584310.971554 2477936.335889 0.000000
584305.983346 2477936.681007 0.000000
584300.995138 2477937.026124 0.000000
584296.006930 2477937.371242 0.000000
584291.018722 2477937.716360 0.000000
584286.030514 2477938.061478 0.000000
584281.042306 2477938.406596 0.000000
584276.054098 2477938.751714 0.000000
584271.065890 2477939.096832 0.000000
584266.077682 2477939.441950 0.000000
584261.089474 2477939.787068 0.000000
584256.101266 2477940.132186 0.000000
584251.113058 2477940.477303 0.000000
584246.124850 2477940.822421 0.000000
584241.136642 2477941.167539 0.000000
584236.148434 2477941.512657 0.000000
584231.160226 2477941.857775 0.000000
584226.172018 2477942.202893 0.000000
584221.183810 2477942.548011 0.000000
584216.195602 2477942.893129 0.000000
584211.207394 2477943.238247 0.000000
584206.219186 2477943.583364 0.000000
584201.230979 2477943.928482 0.000000
584196.242771 2477944.273600 0.000000
584191.254563 2477944.618718 0.000000
584186.266355 2477944.963836 0.000000
584181.278147 2477945.308954 0.000000
584176.289939 2477945.654072 0.000000
584171.301731 2477945.999190 0.000000
584166.313523 2477946.344308 0.000000
584161.325315 2477946.689426 0.000000
584156.337107 2477947.034543 0.000000
584151.348899 2477947.379661 0.000000
584146.360691 2477947.724779 0.000000
584141.372483 2477948.069897 0.000000
584136.384275 2477948.415015 0.000000
584131.396067 2477948.760133 0.000000
584126.407859 2477949.105251 0.000000
584121.419651 2477949.450369 0.000000
584116.431443 2477949.795487 0.000000
584111.443235 2477950.140605 0.000000
584106.455027 2477950.485722 0.000000
584101.466819 2477950.830840 0.000000
584096.478611 2477951.175958 0.000000
584091.490403 2477951.521076 0.000000
584086.502196 2477951.866194 0.000000
584081.513988 2477952.211312 0.000000
584076.525780 2477952.556430 0.000000
584071.537572 2477952.901548 0.000000
584066.549364 2477953.246666 0.000000
584061.561156 2477953.591784 0.000000
584056.572948 2477953.936901 0.000000
584051.584740 2477954.282019 0.000000
584046.596532 2477954.627137 0.000000
584041.608324 2477954.972255 0.000000
584036.620116 2477955.317373 0.000000
584031.631908 2477955.662491 0.000000
584026.643700 2477956.007609 0.000000
584021.655492 2477956.352727 0.000000
584016.667284 2477956.697845 0.000000
584011.679076 2477957.042963 0.000000
584006.690868 2477957.388080 0.000000
584001.702660 2477957.733198 0.000000
583996.714452 2477958.078316 0.000000
583991.726244 2477958.423434 0.000000
583986.738036 2477958.768552 0.000000
583981.749828 2477959.113670 0.000000
583976.761620 2477959.458788 0.000000
583971.773413 2477959.803906 0.000000
583966.785205 2477960.149024 0.000000
583961.796997 2477960.494142 0.000000
583956.808789 2477960.839259 0.000000
583951.820581 2477961.184377 0.000000
583946.832373 2477961.529495 0.000000
583941.844165 2477961.874613 0.000000
583936.855957 2477962.219731 0.000000
583931.867749 2477962.564849 0.000000
583926.879541 2477962.909967 0.000000
583921.891333 2477963.255085 0.000000
583916.903125 2477963.600203 0.000000
583911.914917 2477963.945321 0.000000
583906.926709 2477964.290438 0.000000
583901.938501 2477964.635556 0.000000
583896.950293 2477964.980674 0.000000
583891.962085 2477965.325792 0.000000
583886.973877 2477965.670910 0.000000
583881.985669 2477966.016028 0.000000
583876.997461 2477966.361146 0.000000
583872.009253 2477966.706264 0.000000
583867.021045 2477967.051382 0.000000
583862.032837 2477967.396500 0.000000
583857.044630 2477967.741617 0.000000
583852.056422 2477968.086735 0.000000
583847.068214 2477968.431853 0.000000
583842.080006 2477968.776971 0.000000
583837.091798 2477969.122089 0.000000
583832.103590 2477969.467207 0.000000
583827.115382 2477969.812325 0.000000
583822.127174 2477970.157443 0.000000
583817.138966 2477970.502561 0.000000
583812.150758 2477970.847679 0.000000
583807.162550 2477971.192796 0.000000
583802.174342 2477971.537914 0.000000
583797.186134 2477971.883032 0.000000
583792.197926 2477972.228150 0.000000
583787.209718 2477972.573268 0.000000
583782.221510 2477972.918386 0.000000
583777.233302 2477973.263504 0.000000
583772.245094 2477973.608622 0.000000
583767.256886 2477973.953740 0.000000
583762.268678 2477974.298858 0.000000
583757.280470 2477974.643975 0.000000
583752.292262 2477974.989093 0.000000
583747.304054 2477975.334211 0.000000
583742.315847 2477975.679329 0.000000
583737.327639 2477976.024447 0.000000
583732.339431 2477976.369565 0.000000
583727.351223 2477976.714683 0.000000
583722.363015 2477977.059801 0.000000
583717.374807 2477977.404919 0.000000
583712.386599 2477977.750036 0.000000
583707.398391 2477978.095154 0.000000
583702.410183 2477978.440272 0.000000
583697.421975 2477978.785390 0.000000
583692.433767 2477979.130508 0.000000
583687.445559 2477979.475626 0.000000
583682.457351 2477979.820744 0.000000
583677.469143 2477980.165862 0.000000
583672.480935 2477980.510980 0.000000
583667.492727 2477980.856098 0.000000
583662.504519 2477981.201215 0.000000
583657.516311 2477981.546333 0.000000
583652.528103 2477981.891451 0.000000
583647.539895 2477982.236569 0.000000
583642.551687 2477982.581687 0.000000
583637.563479 2477982.926805 0.000000
583632.575271 2477983.271923 0.000000
583627.587064 2477983.617041 0.000000
583622.598856 2477983.962159 0.000000
583617.610648 2477984.307277 0.000000
583612.622440 2477984.652394 0.000000
583607.634232 2477984.997512 0.000000
583602.646024 2477985.342630 0.000000
583597.657816 2477985.687748 0.000000
583592.669608 2477986.032866 0.000000
583587.681400 2477986.377984 0.000000
583582.693192 2477986.723102 0.000000
583577.704984 2477987.068220 0.000000
583572.716776 2477987.413338 0.000000
583567.728568 2477987.758456 0.000000
583562.740360 2477988.103573 0.000000
583557.752152 2477988.448691 0.000000
583552.763944 2477988.793809 0.000000
583547.775736 2477989.138927 0.000000
583542.787528 2477989.484045 0.000000
583537.799320 2477989.829163 0.000000
583532.811112 2477990.174281 0.000000
583527.822904 2477990.519399 0.000000
583522.834696 2477990.864517 0.000000
583517.846488 2477991.209635 0.000000
583512.858281 2477991.554752 0.000000
583507.870073 2477991.899870 0.000000
583502.881865 2477992.244988 0.000000
583497.893657 2477992.590106 0.000000
583492.905449 2477992.935224 0.000000
583487.917241 2477993.280342 0.000000
583482.929033 2477993.625460 0.000000
583477.940825 2477993.970578 0.000000
583472.952617 2477994.315696 0.000000
583467.964409 2477994.660814 0.000000
583462.976201 2477995.005931 0.000000
583457.987993 2477995.351049 0.000000
583452.999785 2477995.696167 0.000000
583448.011577 2477996.041285 0.000000
583443.023369 2477996.386403 0.000000
583438.035161 2477996.731521 0.000000
583433.046953 2477997.076639 0.000000
583428.058745 2477997.421757 0.000000
583423.070537 2477997.766875 0.000000
583418.082329 2477998.111993 0.000000
583413.094121 2477998.457110 0.000000
583408.105913 2477998.802228 0.000000
583403.117705 2477999.147346 0.000000
583398.129498 2477999.492464 0.000000
583393.141290 2477999.837582 0.000000
583388.153082 2478000.182700 0.000000
583383.164874 2478000.527818 0.000000
583378.176666 2478000.872936 0.000000
583373.188458 2478001.218054 0.000000
583368.200250 2478001.563172 0.000000
583363.212042 2478001.908289 0.000000
583358.223834 2478002.253407 0.000000
583353.235626 2478002.598525 0.000000
583348.247418 2478002.943643 0.000000
583343.259210 2478003.288761 0.000000
583338.271002 2478003.633879 0.000000
583333.282794 2478003.978997 0.000000
583328.294586 2478004.324115 0.000000
583323.306378 2478004.669233 0.000000
583318.318170 2478005.014351 0.000000
583313.329962 2478005.359468 0.000000
583308.341754 2478005.704586 0.000000
583303.353546 2478006.049704 0.000000
583298.365338 2478006.394822 0.000000
583293.377130 2478006.739940 0.000000
583288.388922 2478007.085058 0.000000
583283.400715 2478007.430176 0.000000
583278.412507 2478007.775294 0.000000
583273.424299 2478008.120412 0.000000
583268.436091 2478008.465530 0.000000
583263.447883 2478008.810647 0.000000
583258.459675 2478009.155765 0.000000
583253.471467 2478009.500883 0.000000
583248.483259 2478009.846001 0.000000
583243.495051 2478010.191119 0.000000
583238.506843 2478010.536237 0.000000
583233.518635 2478010.881355 0.000000
583228.530427 2478011.226473 0.000000
583223.542219 2478011.571591 0.000000
583218.554011 2478011.916708 0.000000
583213.565803 2478012.261826 0.000000
583208.577595 2478012.606944 0.000000
583203.589387 2478012.952062 0.000000
583198.601179 2478013.297180 0.000000
583193.612971 2478013.642298 0.000000
583188.624763 2478013.987416 0.000000
583183.636555 2478014.332534 0.000000
583178.648347 2478014.677652 0.000000
583173.660139 2478015.022770 0.000000
583168.671932 2478015.367887 0.000000
583163.683724 2478015.713005 0.000000
583158.695516 2478016.058123 0.000000
583153.707308 2478016.403241 0.000000
583148.719100 2478016.748359 0.000000
583143.730892 2478017.093477 0.000000
583138.742684 2478017.438595 0.000000
583133.754476 2478017.783713 0.000000
583128.766268 2478018.128831 0.000000
583123.778060 2478018.473949 0.000000
583118.789852 2478018.819066 0.000000
583113.801644 2478019.164184 0.000000
583108.813436 2478019.509302 0.000000
583103.825228 2478019.854420 0.000000
583098.837020 2478020.199538 0.000000
583093.848812 2478020.544656 0.000000
583088.860604 2478020.889774 0.000000
583083.872396 2478021.234892 0.000000
583078.884188 2478021.580010 0.000000
583073.895980 2478021.925128 0.000000
583068.907772 2478022.270245 0.000000
583063.919564 2478022.615363 0.000000
583058.931356 2478022.960481 0.000000
583053.943149 2478023.305599 0.000000
583048.954941 2478023.650717 0.000000
583043.966733 2478023.995835 0.000000
583038.978525 2478024.340953 0.000000
583033.990317 2478024.686071 0.000000
583029.002109 2478025.031189 0.000000
583024.013901 2478025.376307 0.000000
583019.025693 2478025.721424 0.000000
583014.037485 2478026.066542 0.000000
583009.049277 2478026.411660 0.000000
583004.061069 2478026.756778 0.000000
582999.072861 2478027.101896 0.000000
582994.084653 2478027.447014 0.000000
582989.096445 2478027.792132 0.000000
582984.108237 2478028.137250 0.000000
582979.120029 2478028.482368 0.000000
582974.131821 2478028.827486 0.000000
582969.143613 2478029.172603 0.000000
582964.155405 2478029.517721 0.000000
582959.167197 2478029.862839 0.000000
582954.178989 2478030.207957 0.000000
582949.190781 2478030.553075 0.000000
582944.202573 2478030.898193 0.000000
582939.214366 2478031.243311 0.000000
582934.226158 2478031.588429 0.000000
582929.237950 2478031.933547 0.000000
582924.249742 2478032.278665 0.000000
582919.261534 2478032.623782 0.000000
582914.273326 2478032.968900 0.000000
582909.285118 2478033.314018 0.000000
582904.296910 2478033.659136 0.000000
582899.308702 2478034.004254 0.000000
582894.320494 2478034.349372 0.000000
582889.332286 2478034.694490 0.000000
582884.344078 2478035.039608 0.000000
582879.355870 2478035.384726 0.000000
582874.367662 2478035.729844 0.000000
582869.379454 2478036.074961 0.000000
582864.391246 2478036.420079 0.000000
582859.403038 2478036.765197 0.000000
582854.414830 2478037.110315 0.000000
582849.426622 2478037.455433 0.000000
582844.438414 2478037.800551 0.000000
582839.450206 2478038.145669 0.000000
582834.461998 2478038.490787 0.000000
582829.473790 2478038.835905 0.000000
582824.485583 2478039.181023 0.000000
582819.497375 2478039.526140 0.000000
582814.509167 2478039.871258 0.000000
582809.520959 2478040.216376 0.000000
582804.532751 2478040.561494 0.000000
582799.544543 2478040.906612 0.000000
582794.556335 2478041.251730 0.000000
582789.568127 2478041.596848 0.000000
582784.579919 2478041.941966 0.000000
582779.591711 2478042.287084 0.000000
582774.603503 2478042.632202 0.000000
582769.615295 2478042.977319 0.000000
582764.627087 2478043.322437 0.000000
582759.638879 2478043.667555 0.000000
582754.650671 2478044.012673 0.000000
582749.662463 2478044.357791 0.000000
582744.674255 2478044.702909 0.000000
582739.686047 2478045.048027 0.000000
582734.697839 2478045.393145 0.000000
582729.709631 2478045.738263 0.000000
582724.721423 2478046.083380 0.000000
582719.733215 2478046.428498 0.000000
582714.745007 2478046.773616 0.000000
582709.756800 2478047.118734 0.000000
582704.768592 2478047.463852 0.000000
582699.780384 2478047.808970 0.000000
582694.792176 2478048.154088 0.000000
582689.803968 2478048.499206 0.000000
582684.815760 2478048.844324 0.000000
582679.827552 2478049.189442 0.000000
582674.839344 2478049.534559 0.000000
582669.851136 2478049.879677 0.000000
582664.862928 2478050.224795 0.000000
582659.874720 2478050.569913 0.000000
582654.886512 2478050.915031 0.000000
582649.898304 2478051.260149 0.000000
582644.910096 2478051.605267 0.000000
582639.921888 2478051.950385 0.000000
582634.933680 2478052.295503 0.000000
582629.945472 2478052.640621 0.000000
582624.957264 2478052.985738 0.000000
582619.969056 2478053.330856 0.000000
582614.980848 2478053.675974 0.000000
582609.992640 2478054.021092 0.000000
582605.004432 2478054.366210 0.000000
582600.016224 2478054.711328 0.000000
582595.028017 2478055.056446 0.000000
582590.039809 2478055.401564 0.000000
582585.051601 2478055.746682 0.000000
582580.063393 2478056.091800 0.000000
582575.075185 2478056.436917 0.000000
582570.086977 2478056.782035 0.000000
582565.098769 2478057.127153 0.000000
582560.110561 2478057.472271 0.000000
582555.122353 2478057.817389 0.000000
582550.134145 2478058.162507 0.000000
582545.145937 2478058.507625 0.000000
582540.157729 2478058.852743 0.000000
582535.169521 2478059.197861 0.000000
582530.181313 2478059.542979 0.000000
582525.193105 2478059.888096 0.000000
582520.204897 2478060.233214 0.000000
582515.216689 2478060.578332 0.000000
582510.228481 2478060.923450 0.000000
582505.240273 2478061.268568 0.000000
582500.252065 2478061.613686 0.000000
582495.263857 2478061.958804 0.000000
582490.275649 2478062.303922 0.000000
582485.287441 2478062.649040 0.000000
582480.299234 2478062.994158 0.000000
582475.311026 2478063.339275 0.000000
582470.322818 2478063.684393 0.000000
582465.334610 2478064.029511 0.000000
582460.346402 2478064.374629 0.000000
582455.358194 2478064.719747 0.000000
582450.369986 2478065.064865 0.000000
582445.381778 2478065.409983 0.000000
582440.393570 2478065.755101 0.000000
582435.405362 2478066.100219 0.000000
582430.417154 2478066.445337 0.000000
582425.428946 2478066.790454 0.000000
582420.440738 2478067.135572 0.000000
582415.452530 2478067.480690 0.000000
582410.464322 2478067.825808 0.000000
582405.476114 2478068.170926 0.000000
582400.487906 2478068.516044 0.000000
582395.499698 2478068.861162 0.000000
582390.511490 2478069.206280 0.000000
582385.523282 2478069.551398 0.000000
582380.535074 2478069.896516 0.000000
582375.546866 2478070.241633 0.000000
582370.558658 2478070.586751 0.000000
582365.570451 2478070.931869 0.000000
582360.582243 2478071.276987 0.000000
582355.594035 2478071.622105 0.000000
582350.605827 2478071.967223 0.000000
582345.617619 2478072.312341 0.000000
582340.629411 2478072.657459 0.000000
582335.641203 2478073.002577 0.000000
582330.652995 2478073.347695 0.000000
582325.664787 2478073.692812 0.000000
582320.676579 2478074.037930 0.000000
582315.688371 2478074.383048 0.000000
582310.700163 2478074.728166 0.000000
582305.711955 2478075.073284 0.000000
582300.723747 2478075.418402 0.000000
582295.735539 2478075.763520 0.000000
582290.747331 2478076.108638 0.000000
582285.759123 2478076.453756 0.000000
582280.770915 2478076.798874 0.000000
582275.782707 2478077.143991 0.000000
582270.794499 2478077.489109 0.000000
582265.806291 2478077.834227 0.000000
582260.818083 2478078.179345 0.000000
582255.829875 2478078.524463 0.000000
582250.841668 2478078.869581 0.000000
582245.853460 2478079.214699 0.000000
582240.865252 2478079.559817 0.000000
582235.877044 2478079.904935 0.000000
582230.888836 2478080.250052 0.000000
582225.900628 2478080.595170 0.000000
582220.912420 2478080.940288 0.000000
582215.924212 2478081.285406 0.000000
582210.936004 2478081.630524 0.000000
582205.947796 2478081.975642 0.000000
582200.959588 2478082.320760 0.000000
582195.971380 2478082.665878 0.000000
582190.983172 2478083.010996 0.000000
582185.994964 2478083.356114 0.000000
582181.006756 2478083.701231 0.000000
582176.018548 2478084.046349 0.000000
582171.030340 2478084.391467 0.000000
582166.042132 2478084.736585 0.000000
582161.053924 2478085.081703 0.000000
582156.065716 2478085.426821 0.000000
582151.077508 2478085.771939 0.000000
582146.089300 2478086.117057 0.000000
582141.101092 2478086.462175 0.000000
582136.112885 2478086.807293 0.000000
582131.124677 2478087.152410 0.000000
582126.136469 2478087.497528 0.000000
582121.148261 2478087.842646 0.000000
582116.160053 2478088.187764 0.000000
582111.171845 2478088.532882 0.000000
582106.183637 2478088.878000 0.000000
582101.195429 2478089.223118 0.000000
582096.207221 2478089.568236 0.000000
582091.219013 2478089.913354 0.000000
582086.230805 2478090.258472 0.000000
582081.242597 2478090.603589 0.000000
582076.254389 2478090.948707 0.000000
582071.266181 2478091.293825 0.000000
582066.277973 2478091.638943 0.000000
582061.289765 2478091.984061 0.000000
582056.301557 2478092.329179 0.000000
582051.313349 2478092.674297 0.000000
582046.325141 2478093.019415 0.000000
582041.336933 2478093.364533 0.000000
582036.348725 2478093.709651 0.000000
582031.360517 2478094.054768 0.000000
582026.372309 2478094.399886 0.000000
582021.384102 2478094.745004 0.000000
582016.395894 2478095.090122 0.000000
582011.407686 2478095.435240 0.000000
582006.419478 2478095.780358 0.000000
582001.431270 2478096.125476 0.000000
581996.443062 2478096.470594 0.000000
581991.454854 2478096.815712 0.000000
581986.466646 2478097.160830 0.000000
581981.478438 2478097.505947 0.000000
581976.490230 2478097.851065 0.000000
581971.502022 2478098.196183 0.000000
581966.513814 2478098.541301 0.000000
581961.525606 2478098.886419 0.000000
581956.537398 2478099.231537 0.000000
581951.549190 2478099.576655 0.000000
581946.560982 2478099.921773 0.000000
581941.572774 2478100.266891 0.000000
581936.584566 2478100.612009 0.000000
581931.596358 2478100.957126 0.000000
581926.608150 2478101.302244 0.000000
581921.619942 2478101.647362 0.000000
581916.631734 2478101.992480 0.000000
581911.643526 2478102.337598 0.000000
581906.655319 2478102.682716 0.000000
581901.667111 2478103.027834 0.000000
581896.678903 2478103.372952 0.000000
581891.690695 2478103.718070 0.000000
581886.702487 2478104.063188 0.000000
581881.714279 2478104.408305 0.000000
581876.726071 2478104.753423 0.000000
581871.737863 2478105.098541 0.000000
581866.749655 2478105.443659 0.000000
581861.761447 2478105.788777 0.000000
581856.773239 2478106.133895 0.000000
581851.785031 2478106.479013 0.000000
581846.796823 2478106.824131 0.000000
581841.808615 2478107.169249 0.000000
581836.820407 2478107.514367 0.000000
581831.832199 2478107.859484 0.000000
581826.843991 2478108.204602 0.000000
581821.855783 2478108.549720 0.000000
581816.867575 2478108.894838 0.000000
581811.879367 2478109.239956 0.000000
581806.891159 2478109.585074 0.000000
581801.902951 2478109.930192 0.000000
581796.914743 2478110.275310 0.000000
581791.926536 2478110.620428 0.000000
581786.938328 2478110.965546 0.000000
581781.950120 2478111.310663 0.000000
581776.961912 2478111.655781 0.000000
581771.973704 2478112.000899 0.000000
581766.985496 2478112.346017 0.000000
581761.997288 2478112.691135 0.000000
581757.009080 2478113.036253 0.000000
581752.020872 2478113.381371 0.000000
581747.032664 2478113.726489 0.000000
581742.044456 2478114.071607 0.000000
581737.056248 2478114.416724 0.000000
581732.068040 2478114.761842 0.000000
581727.079832 2478115.106960 0.000000
581722.091624 2478115.452078 0.000000
581717.103416 2478115.797196 0.000000
581712.115208 2478116.142314 0.000000
581707.127000 2478116.487432 0.000000
581702.138792 2478116.832550 0.000000
581697.150584 2478117.177668 0.000000
581692.162376 2478117.522786 0.000000
581687.174168 2478117.867903 0.000000
581682.185960 2478118.213021 0.000000
581677.197752 2478118.558139 0.000000
581672.209545 2478118.903257 0.000000
581667.221337 2478119.248375 0.000000
581662.233129 2478119.593493 0.000000
581657.244921 2478119.938611 0.000000
581652.256713 2478120.283729 0.000000
581647.268505 2478120.628847 0.000000
581642.280297 2478120.973965 0.000000
581637.292089 2478121.319082 0.000000
581632.303881 2478121.664200 0.000000
581627.315673 2478122.009318 0.000000
581622.327465 2478122.354436 0.000000
581617.339257 2478122.699554 0.000000
581612.351049 2478123.044672 0.000000
581607.362841 2478123.389790 0.000000
581602.374633 2478123.734908 0.000000
581597.386425 2478124.080026 0.000000
581592.398217 2478124.425144 0.000000
581587.410009 2478124.770261 0.000000
581582.421801 2478125.115379 0.000000
581577.433593 2478125.460497 0.000000
581572.445385 2478125.805615 0.000000
581567.457177 2478126.150733 0.000000
581562.468970 2478126.495851 0.000000
581557.480762 2478126.840969 0.000000
581552.492554 2478127.186087 0.000000
581547.504346 2478127.531205 0.000000
581542.516138 2478127.876323 0.000000
581537.527930 2478128.221440 0.000000
581532.539722 2478128.566558 0.000000
581527.551514 2478128.911676 0.000000
581522.563306 2478129.256794 0.000000
581517.575098 2478129.601912 0.000000
581512.586890 2478129.947030 0.000000
581507.598682 2478130.292148 0.000000
581502.610474 2478130.637266 0.000000
581497.622266 2478130.982384 0.000000
581492.634058 2478131.327502 0.000000
581487.645850 2478131.672619 0.000000
581482.657642 2478132.017737 0.000000
581477.669434 2478132.362855 0.000000
581472.681226 2478132.707973 0.000000
581467.693018 2478133.053091 0.000000
581462.704810 2478133.398209 0.000000
581457.716602 2478133.743327 0.000000
581452.728394 2478134.088445 0.000000
581447.740186 2478134.433563 0.000000
581442.751979 2478134.778681 0.000000
581437.763771 2478135.123798 0.000000
581432.775563 2478135.468916 0.000000
581427.787355 2478135.814034 0.000000
581422.799147 2478136.159152 0.000000
581417.810939 2478136.504270 0.000000
581412.822731 2478136.849388 0.000000
581407.834523 2478137.194506 0.000000
581402.846315 2478137.539624 0.000000
581397.858107 2478137.884742 0.000000
581392.869899 2478138.229860 0.000000
581387.881691 2478138.574977 0.000000
581382.893483 2478138.920095 0.000000
581377.905275 2478139.265213 0.000000
581372.917067 2478139.610331 0.000000
581367.928859 2478139.955449 0.000000
581362.940651 2478140.300567 0.000000
581357.952443 2478140.645685 0.000000
581352.964235 2478140.990803 0.000000
581347.976027 2478141.335921 0.000000
581342.987819 2478141.681039 0.000000
581337.999611 2478142.026156 0.000000
581333.011403 2478142.371274 0.000000
581328.023196 2478142.716392 0.000000
581323.034988 2478143.061510 0.000000
581318.046780 2478143.406628 0.000000
581313.058572 2478143.751746 0.000000
581308.070364 2478144.096864 0.000000
581303.082156 2478144.441982 0.000000
581298.093948 2478144.787100 0.000000
581293.105740 2478145.132218 0.000000
581288.117532 2478145.477335 0.000000
581283.129324 2478145.822453 0.000000
581278.141116 2478146.167571 0.000000
581273.152908 2478146.512689 0.000000
581268.164700 2478146.857807 0.000000
581263.176492 2478147.202925 0.000000
581258.188284 2478147.548043 0.000000
581253.200076 2478147.893161 0.000000
581248.211868 2478148.238279 0.000000
581243.223660 2478148.583396 0.000000
581238.235452 2478148.928514 0.000000
581233.247244 2478149.273632 0.000000
581228.259036 2478149.618750 0.000000
581223.270828 2478149.963868 0.000000
581218.282620 2478150.308986 0.000000
581213.294413 2478150.654104 0.000000
581208.306205 2478150.999222 0.000000
581203.317997 2478151.344340 0.000000
581198.329789 2478151.689458 0.000000
581193.341581 2478152.034575 0.000000
581188.353373 2478152.379693 0.000000
581183.365165 2478152.724811 0.000000
581178.376957 2478153.069929 0.000000
581173.388749 2478153.415047 0.000000
581168.400541 2478153.760165 0.000000
581163.412333 2478154.105283 0.000000
581158.424125 2478154.450401 0.000000
581153.435917 2478154.795519 0.000000
581148.447709 2478155.140637 0.000000
581143.459501 2478155.485754 0.000000
581138.471293 2478155.830872 0.000000
581133.483085 2478156.175990 0.000000
581128.494877 2478156.521108 0.000000
581123.506669 2478156.866226 0.000000
581118.518461 2478157.211344 0.000000
581113.530253 2478157.556462 0.000000
581108.542045 2478157.901580 0.000000
581103.553837 2478158.246698 0.000000
581098.565630 2478158.591816 0.000000
581093.577422 2478158.936933 0.000000
581088.589214 2478159.282051 0.000000
581083.601006 2478159.627169 0.000000
581078.612798 2478159.972287 0.000000
581073.624590 2478160.317405 0.000000
581068.636382 2478160.662523 0.000000
581063.648174 2478161.007641 0.000000
581058.659966 2478161.352759 0.000000
581053.671758 2478161.697877 0.000000
581048.683550 2478162.042995 0.000000
581043.695342 2478162.388112 0.000000
581038.707134 2478162.733230 0.000000
581033.718926 2478163.078348 0.000000
581028.730718 2478163.423466 0.000000
581023.742510 2478163.768584 0.000000
581018.754302 2478164.113702 0.000000
581013.766094 2478164.458820 0.000000
581008.777886 2478164.803938 0.000000
581003.789678 2478165.149056 0.000000
580998.801470 2478165.494174 0.000000
580993.813262 2478165.839291 0.000000
580988.825054 2478166.184409 0.000000
580983.836847 2478166.529527 0.000000
580978.848639 2478166.874645 0.000000
580973.860431 2478167.219763 0.000000
580968.872223 2478167.564881 0.000000
580963.884015 2478167.909999 0.000000
580958.895807 2478168.255117 0.000000
580953.907599 2478168.600235 0.000000
580948.919391 2478168.945353 0.000000
580943.931183 2478169.290470 0.000000
580938.942975 2478169.635588 0.000000
580933.954767 2478169.980706 0.000000
580928.966559 2478170.325824 0.000000
580923.978351 2478170.670942 0.000000
580918.990143 2478171.016060 0.000000
580914.001935 2478171.361178 0.000000
580909.013727 2478171.706296 0.000000
580904.025519 2478172.051414 0.000000
580899.037311 2478172.396532 0.000000
580894.049103 2478172.741649 0.000000
580889.060895 2478173.086767 0.000000
580884.072687 2478173.431885 0.000000
580879.084479 2478173.777003 0.000000
580874.096271 2478174.122121 0.000000
580869.108064 2478174.467239 0.000000
580864.119856 2478174.812357 0.000000
580859.131648 2478175.157475 0.000000
580854.143440 2478175.502593 0.000000
580849.155232 2478175.847711 0.000000
580844.167024 2478176.192828 0.000000
580839.178816 2478176.537946 0.000000
580834.190608 2478176.883064 0.000000
580829.202400 2478177.228182 0.000000
580824.214192 2478177.573300 0.000000
580819.225984 2478177.918418 0.000000
580814.237776 2478178.263536 0.000000
580809.249568 2478178.608654 0.000000
580804.261360 2478178.953772 0.000000
580799.273152 2478179.298890 0.000000
580794.284944 2478179.644007 0.000000
580789.296736 2478179.989125 0.000000
580784.308528 2478180.334243 0.000000
580779.320320 2478180.679361 0.000000
580774.332112 2478181.024479 0.000000
580769.343904 2478181.369597 0.000000
580764.355696 2478181.714715 0.000000
580759.367488 2478182.059833 0.000000
580754.379281 2478182.404951 0.000000
580749.391073 2478182.750068 0.000000
580744.402865 2478183.095186 0.000000
580739.414657 2478183.440304 0.000000
580734.426449 2478183.785422 0.000000
580729.438241 2478184.130540 0.000000
580724.450033 2478184.475658 0.000000
580719.461825 2478184.820776 0.000000
580714.473617 2478185.165894 0.000000
580709.485409 2478185.511012 0.000000
580704.497201 2478185.856130 0.000000
580699.508993 2478186.201247 0.000000
580694.520785 2478186.546365 0.000000
580689.532577 2478186.891483 0.000000
580684.544369 2478187.236601 0.000000
580679.556161 2478187.581719 0.000000
580674.567953 2478187.926837 0.000000
580669.579745 2478188.271955 0.000000
580664.591537 2478188.617073 0.000000
580659.603329 2478188.962191 0.000000
580654.615121 2478189.307309 0.000000
580649.626913 2478189.652426 0.000000
580644.638705 2478189.997544 0.000000
580639.650498 2478190.342662 0.000000
580634.662290 2478190.687780 0.000000
580629.674082 2478191.032898 0.000000
580624.685874 2478191.378016 0.000000
580619.697666 2478191.723134 0.000000
580614.709458 2478192.068252 0.000000
580609.721250 2478192.413370 0.000000
580604.733042 2478192.758488 0.000000
580599.744834 2478193.103605 0.000000
580594.756626 2478193.448723 0.000000
580589.768418 2478193.793841 0.000000
580584.780210 2478194.138959 0.000000
580579.792002 2478194.484077 0.000000
580574.803794 2478194.829195 0.000000
580569.815586 2478195.174313 0.000000
580564.827378 2478195.519431 0.000000
580559.839170 2478195.864549 0.000000
580554.850962 2478196.209667 0.000000
580549.862754 2478196.554784 0.000000
580544.874546 2478196.899902 0.000000
580539.886338 2478197.245020 0.000000
580534.898130 2478197.590138 0.000000
580529.909922 2478197.935256 0.000000
580524.921715 2478198.280374 0.000000
580519.933507 2478198.625492 0.000000
580514.945299 2478198.970610 0.000000
580509.957091 2478199.315728 0.000000
580504.968883 2478199.660846 0.000000
580499.980675 2478200.005963 0.000000
580494.992467 2478200.351081 0.000000
580490.004259 2478200.696199 0.000000
580485.016051 2478201.041317 0.000000
580480.027843 2478201.386435 0.000000
580475.039635 2478201.731553 0.000000
580470.051427 2478202.076671 0.000000
580465.063219 2478202.421789 0.000000
580460.075011 2478202.766907 0.000000
580455.086803 2478203.112025 0.000000
580450.098595 2478203.457142 0.000000
580445.110387 2478203.802260 0.000000
580440.122179 2478204.147378 0.000000
580435.133971 2478204.492496 0.000000
580430.145763 2478204.837614 0.000000
580425.157555 2478205.182732 0.000000
580420.169347 2478205.527850 0.000000
580415.181139 2478205.872968 0.000000
580410.192932 2478206.218086 0.000000
580405.204724 2478206.563204 0.000000
580400.216516 2478206.908321 0.000000
580395.228308 2478207.253439 0.000000
580390.240100 2478207.598557 0.000000
580385.251892 2478207.943675 0.000000
580380.263684 2478208.288793 0.000000
580375.275476 2478208.633911 0.000000
580370.287268 2478208.979029 0.000000
580365.299060 2478209.324147 0.000000
580360.310852 2478209.669265 0.000000
580355.322644 2478210.014383 0.000000
580350.334436 2478210.359500 0.000000
580345.346228 2478210.704618 0.000000
580340.358020 2478211.049736 0.000000
580335.369812 2478211.394854 0.000000
580330.381604 2478211.739972 0.000000
580325.393396 2478212.085090 0.000000
580320.405188 2478212.430208 0.000000
580315.416980 2478212.775326 0.000000
580310.428772 2478213.120444 0.000000
580305.440564 2478213.465562 0.000000
580300.452356 2478213.810679 0.000000
580295.464149 2478214.155797 0.000000
580290.475941 2478214.500915 0.000000
580285.487733 2478214.846033 0.000000
580280.499525 2478215.191151 0.000000
580275.511317 2478215.536269 0.000000
580270.523109 2478215.881387 0.000000
580265.534901 2478216.226505 0.000000
580260.546693 2478216.571623 0.000000
580255.558485 2478216.916740 0.000000
580250.570277 2478217.261858 0.000000
580245.582069 2478217.606976 0.000000
580240.593861 2478217.952094 0.000000
580235.605653 2478218.297212 0.000000
580230.617445 2478218.642330 0.000000
580225.629237 2478218.987448 0.000000
580220.641029 2478219.332566 0.000000
580215.652821 2478219.677684 0.000000
580210.664613 2478220.022802 0.000000
580205.676405 2478220.367919 0.000000
580200.688197 2478220.713037 0.000000
580195.699989 2478221.058155 0.000000
580190.711781 2478221.403273 0.000000
580185.723573 2478221.748391 0.000000
580180.735366 2478222.093509 0.000000
580175.747158 2478222.438627 0.000000
580170.758950 2478222.783745 0.000000
580165.770742 2478223.128863 0.000000
580160.782534 2478223.473981 0.000000
580155.794326 2478223.819098 0.000000
580150.806118 2478224.164216 0.000000
580145.817910 2478224.509334 0.000000
580140.829702 2478224.854452 0.000000
580135.841494 2478225.199570 0.000000
580130.853286 2478225.544688 0.000000
580125.865078 2478225.889806 0.000000
580120.876870 2478226.234924 0.000000
580115.888662 2478226.580042 0.000000
580110.900454 2478226.925160 0.000000
580105.912246 2478227.270277 0.000000
580100.924038 2478227.615395 0.000000
580095.935830 2478227.960513 0.000000
580090.947622 2478228.305631 0.000000
580085.959414 2478228.650749 0.000000
580080.971206 2478228.995867 0.000000
580075.982998 2478229.340985 0.000000
580070.994790 2478229.686103 0.000000
580066.006583 2478230.031221 0.000000
580061.018375 2478230.376339 0.000000
580056.030167 2478230.721456 0.000000
580051.041959 2478231.066574 0.000000
580046.053751 2478231.411692 0.000000
580041.065543 2478231.756810 0.000000
580036.077335 2478232.101928 0.000000
580031.089127 2478232.447046 0.000000
580026.100919 2478232.792164 0.000000
580021.112711 2478233.137282 0.000000
580016.124503 2478233.482400 0.000000
580011.136295 2478233.827518 0.000000
580006.148087 2478234.172635 0.000000
580001.159879 2478234.517753 0.000000
579996.171671 2478234.862871 0.000000
579991.183463 2478235.207989 0.000000
579986.195255 2478235.553107 0.000000
579981.207047 2478235.898225 0.000000
579976.218839 2478236.243343 0.000000
579971.230631 2478236.588461 0.000000
579966.242423 2478236.933579 0.000000
579961.254215 2478237.278697 0.000000
579956.266007 2478237.623814 0.000000
579951.277800 2478237.968932 0.000000
579946.289592 2478238.314050 0.000000
579941.301384 2478238.659168 0.000000
579936.313176 2478239.004286 0.000000
579931.324968 2478239.349404 0.000000
579926.336760 2478239.694522 0.000000
579921.348552 2478240.039640 0.000000
579916.360344 2478240.384758 0.000000
579911.372136 2478240.729876 0.000000
579906.383928 2478241.074993 0.000000
579901.395720 2478241.420111 0.000000
579896.407512 2478241.765229 0.000000
579891.419304 2478242.110347 0.000000
579886.431096 2478242.455465 0.000000
579881.442888 2478242.800583 0.000000
579876.454680 2478243.145701 0.000000
579871.466472 2478243.490819 0.000000
579866.478264 2478243.835937 0.000000
579861.490056 2478244.181055 0.000000
579856.501848 2478244.526172 0.000000
579851.513640 2478244.871290 0.000000
579846.525432 2478245.216408 0.000000
579841.537224 2478245.561526 0.000000
579836.549017 2478245.906644 0.000000
579831.560809 2478246.251762 0.000000
579826.572601 2478246.596880 0.000000
579821.584393 2478246.941998 0.000000
579816.596185 2478247.287116 0.000000
579811.607977 2478247.632234 0.000000
579806.619769 2478247.977351 0.000000
579801.631561 2478248.322469 0.000000
579796.643353 2478248.667587 0.000000
579791.655145 2478249.012705 0.000000
579786.666937 2478249.357823 0.000000
579781.678729 2478249.702941 0.000000
579776.690521 2478250.048059 0.000000
579771.702313 2478250.393177 0.000000
579766.714105 2478250.738295 0.000000
579761.725897 2478251.083412 0.000000
579756.737689 2478251.428530 0.000000
579751.749481 2478251.773648 0.000000
579746.761273 2478252.118766 0.000000
579741.773065 2478252.463884 0.000000
579736.784857 2478252.809002 0.000000
579731.796649 2478253.154120 0.000000
579726.808441 2478253.499238 0.000000
579721.820234 2478253.844356 0.000000
579716.832026 2478254.189474 0.000000
579711.843818 2478254.534591 0.000000
579706.855610 2478254.879709 0.000000
579701.867402 2478255.224827 0.000000
579696.879194 2478255.569945 0.000000
579691.890986 2478255.915063 0.000000
579686.902778 2478256.260181 0.000000
579681.914570 2478256.605299 0.000000
579676.926362 2478256.950417 0.000000
579671.938154 2478257.295535 0.000000
579666.949946 2478257.640653 0.000000
579661.961738 2478257.985770 0.000000
579656.973530 2478258.330888 0.000000
579651.985322 2478258.676006 0.000000
579646.997114 2478259.021124 0.000000
579642.008906 2478259.366242 0.000000
579637.020698 2478259.711360 0.000000
579632.032490 2478260.056478 0.000000
579627.044282 2478260.401596 0.000000
579622.056074 2478260.746714 0.000000
579617.114905 2478261.393772 0.000000
579612.173736 2478262.040830 0.000000
579607.232567 2478262.687889 0.000000
579602.291398 2478263.334947 0.000000
579597.350229 2478263.982006 0.000000
579592.409061 2478264.629064 0.000000
579587.467892 2478265.276122 0.000000
579582.526723 2478265.923181 0.000000
579577.585554 2478266.570239 0.000000
579572.644385 2478267.217298 0.000000
579567.703216 2478267.864356 0.000000
579562.762047 2478268.511414 0.000000
579557.820878 2478269.158473 0.000000
579552.879709 2478269.805531 0.000000
579547.938540 2478270.452590 0.000000
579542.997371 2478271.099648 0.000000
579538.056202 2478271.746706 0.000000
579533.115033 2478272.393765 0.000000
579528.173864 2478273.040823 0.000000
579523.232695 2478273.687882 0.000000
579518.291526 2478274.334940 0.000000
579513.350357 2478274.981998 0.000000
579508.409188 2478275.629057 0.000000
579503.468019 2478276.276115 0.000000
579498.526850 2478276.923174 0.000000
579493.585681 2478277.570232 0.000000
579488.644512 2478278.217290 0.000000
579483.703343 2478278.864349 0.000000
579478.762174 2478279.511407 0.000000
579473.821005 2478280.158466 0.000000
579468.879836 2478280.805524 0.000000
579463.938667 2478281.452582 0.000000
579458.997498 2478282.099641 0.000000
579454.056329 2478282.746699 0.000000
579449.119628 2478283.632774 0.000000
579444.182926 2478284.518849 0.000000
579439.246225 2478285.404925 0.000000
579434.309524 2478286.291000 0.000000
579429.372822 2478287.177075 0.000000
579424.436121 2478288.063150 0.000000
579419.499420 2478288.949225 0.000000
579414.562718 2478289.835300 0.000000
579409.626017 2478290.721375 0.000000
579404.689316 2478291.607451 0.000000
579399.752614 2478292.493526 0.000000
579394.815913 2478293.379601 0.000000
579389.879212 2478294.265676 0.000000
579384.942510 2478295.151751 0.000000
579380.005809 2478296.037826 0.000000
579375.069108 2478296.923902 0.000000
579370.132406 2478297.809977 0.000000
579365.195705 2478298.696052 0.000000
579360.259004 2478299.582127 0.000000
579355.322302 2478300.468202 0.000000
579350.385601 2478301.354277 0.000000
579345.448899 2478302.240353 0.000000
579340.512198 2478303.126428 0.000000
579335.575497 2478304.012503 0.000000
579330.638795 2478304.898578 0.000000
579325.702094 2478305.784653 0.000000
579320.765393 2478306.670728 0.000000
579315.828691 2478307.556803 0.000000
579310.891990 2478308.442879 0.000000
579305.955289 2478309.328954 0.000000
579301.018587 2478310.215029 0.000000
579296.081886 2478311.101104 0.000000
579291.145185 2478311.987179 0.000000
579286.208483 2478312.873254 0.000000
579281.271782 2478313.759330 0.000000
579276.335081 2478314.645405 0.000000
579271.398379 2478315.531480 0.000000
579266.461678 2478316.417555 0.000000
579261.524977 2478317.303630 0.000000
579256.588275 2478318.189705 0.000000
579251.651574 2478319.075781 0.000000
579246.714873 2478319.961856 0.000000
579241.778171 2478320.847931 0.000000
579236.841470 2478321.734006 0.000000
579231.904768 2478322.620081 0.000000
579226.968067 2478323.506156 0.000000
579222.031366 2478324.392231 0.000000
579217.094664 2478325.278307 0.000000
579212.157963 2478326.164382 0.000000
579207.221262 2478327.050457 0.000000
579202.284560 2478327.936532 0.000000
579197.347859 2478328.822607 0.000000
579192.411158 2478329.708682 0.000000
579187.474456 2478330.594758 0.000000
579182.537755 2478331.480833 0.000000
579177.601054 2478332.366908 0.000000
579172.664352 2478333.252983 0.000000
579167.727651 2478334.139058 0.000000
579162.790950 2478335.025133 0.000000
579157.854248 2478335.911208 0.000000
579152.917547 2478336.797284 0.000000
579147.980846 2478337.683359 0.000000
579143.044144 2478338.569434 0.000000
579138.107443 2478339.455509 0.000000
579133.170742 2478340.341584 0.000000
579128.234040 2478341.227659 0.000000
579123.297339 2478342.113735 0.000000
579118.360637 2478342.999810 0.000000
579113.423936 2478343.885885 0.000000
579108.487235 2478344.771960 0.000000
579103.550533 2478345.658035 0.000000
579098.613832 2478346.544110 0.000000
579093.677131 2478347.430186 0.000000
579088.740429 2478348.316261 0.000000
579083.803728 2478349.202336 0.000000
579078.867027 2478350.088411 0.000000
579073.930325 2478350.974486 0.000000
579068.993624 2478351.860561 0.000000
579064.056923 2478352.746636 0.000000
579059.149523 2478353.746636 0.000000
579054.242123 2478354.746635 0.000000
579049.334723 2478355.746634 0.000000
579044.427323 2478356.746633 0.000000
579039.519923 2478357.746632 0.000000
579034.612523 2478358.746631 0.000000
579029.705123 2478359.746630 0.000000
579024.797723 2478360.746629 0.000000
579019.890323 2478361.746628 0.000000
579014.982923 2478362.746627 0.000000
579010.075523 2478363.746626 0.000000
579005.168123 2478364.746625 0.000000
579000.260724 2478365.746624 0.000000
578995.353324 2478366.746623 0.000000
578990.445924 2478367.746622 0.000000
578985.538524 2478368.746621 0.000000
578980.631124 2478369.746620 0.000000
578975.723724 2478370.746619 0.000000
578970.816324 2478371.746618 0.000000
578965.908924 2478372.746617 0.000000
578961.001524 2478373.746616 0.000000
578956.094124 2478374.746615 0.000000
578951.186724 2478375.746614 0.000000
578946.279324 2478376.746613 0.000000
578941.371924 2478377.746612 0.000000
578936.464525 2478378.746611 0.000000
578931.557125 2478379.746610 0.000000
578926.649725 2478380.746609 0.000000
578921.742325 2478381.746608 0.000000
578916.834925 2478382.746607 0.000000
578911.927525 2478383.746606 0.000000
578907.020125 2478384.746605 0.000000
578902.112725 2478385.746604 0.000000
578897.205325 2478386.746603 0.000000
578892.297925 2478387.746603 0.000000
578887.390525 2478388.746602 0.000000
578882.483125 2478389.746601 0.000000
578877.575725 2478390.746600 0.000000
578872.668325 2478391.746599 0.000000
578867.760926 2478392.746598 0.000000
578862.853526 2478393.746597 0.000000
578857.946126 2478394.746596 0.000000
578853.038726 2478395.746595 0.000000
578848.131326 2478396.746594 0.000000
578843.223926 2478397.746593 0.000000
578838.316526 2478398.746592 0.000000
578833.409126 2478399.746591 0.000000
578828.501726 2478400.746590 0.000000
578823.594326 2478401.746589 0.000000
578818.686926 2478402.746588 0.000000
578813.779526 2478403.746587 0.000000
578808.872126 2478404.746586 0.000000
578803.964726 2478405.746585 0.000000
578799.057327 2478406.746584 0.000000
578794.104953 2478407.413250 0.000000
578789.152580 2478408.079916 0.000000
578784.200206 2478408.746583 0.000000
578779.247833 2478409.413249 0.000000
578774.295459 2478410.079915 0.000000
578769.343086 2478410.746581 0.000000
578764.390712 2478411.413248 0.000000
578759.438339 2478412.079914 0.000000
578754.485966 2478412.746580 0.000000
578749.533592 2478413.413246 0.000000
578744.581219 2478414.079912 0.000000
578739.628845 2478414.746579 0.000000
578734.676472 2478415.413245 0.000000
578729.724098 2478416.079911 0.000000
578724.771725 2478416.746577 0.000000
578719.819351 2478417.413243 0.000000
578714.866978 2478418.079910 0.000000
578709.914605 2478418.746576 0.000000
578704.962231 2478419.413242 0.000000
578700.009858 2478420.079908 0.000000
578695.057484 2478420.746574 0.000000
578690.105111 2478421.413241 0.000000
578685.152737 2478422.079907 0.000000
578680.200364 2478422.746573 0.000000
578675.247991 2478423.413239 0.000000
578670.295617 2478424.079905 0.000000
578665.343244 2478424.746572 0.000000
578660.390870 2478425.413238 0.000000
578655.438497 2478426.079904 0.000000
578650.486123 2478426.746570 0.000000
578645.533750 2478427.413236 0.000000
578640.581376 2478428.079903 0.000000
578635.629003 2478428.746569 0.000000
578630.676630 2478429.413235 0.000000
578625.724256 2478430.079901 0.000000
578620.771883 2478430.746567 0.000000
578615.819509 2478431.413234 0.000000
578610.867136 2478432.079900 0.000000
578605.914762 2478432.746566 0.000000
578600.962389 2478433.413232 0.000000
578596.010015 2478434.079898 0.000000
578591.057642 2478434.746565 0.000000
578586.057650 2478434.805389 0.000000
578581.057657 2478434.864213 0.000000
578576.057665 2478434.923037 0.000000
578571.057672 2478434.981861 0.000000
578566.057680 2478435.040685 0.000000
578561.057687 2478435.099509 0.000000
578556.057695 2478435.158333 0.000000
578551.057702 2478435.217157 0.000000
578546.057710 2478435.275981 0.000000
578541.057717 2478435.334805 0.000000
578536.057725 2478435.393629 0.000000
578531.057732 2478435.452453 0.000000
578526.057740 2478435.511276 0.000000
578521.057747 2478435.570100 0.000000
578516.057755 2478435.628924 0.000000
578511.057762 2478435.687748 0.000000
578506.057770 2478435.746572 0.000000
578501.057777 2478435.805396 0.000000
578496.057785 2478435.864220 0.000000
578491.057792 2478435.923044 0.000000
578486.057800 2478435.981868 0.000000
578481.057807 2478436.040692 0.000000
578476.057815 2478436.099516 0.000000
578471.057822 2478436.158340 0.000000
578466.057830 2478436.217164 0.000000
578461.057837 2478436.275988 0.000000
578456.057845 2478436.334812 0.000000
578451.057852 2478436.393636 0.000000
578446.057860 2478436.452460 0.000000
578441.057867 2478436.511284 0.000000
578436.057875 2478436.570108 0.000000
578431.057882 2478436.628932 0.000000
578426.057890 2478436.687756 0.000000
578421.057898 2478436.746580 0.000000
578416.034096 2478436.520391 0.000000
578411.010294 2478436.294201 0.000000
578405.986492 2478436.068011 0.000000
578400.962690 2478435.841822 0.000000
578395.938888 2478435.615632 0.000000
578390.915086 2478435.389443 0.000000
578385.891283 2478435.163253 0.000000
578380.867481 2478434.937064 0.000000
578375.843679 2478434.710874 0.000000
578370.819877 2478434.484684 0.000000
578365.796075 2478434.258495 0.000000
578360.772273 2478434.032305 0.000000
578355.748471 2478433.806116 0.000000
578350.724669 2478433.579926 0.000000
578345.700867 2478433.353736 0.000000
578340.677065 2478433.127547 0.000000
578335.653263 2478432.901357 0.000000
578330.629461 2478432.675168 0.000000
578325.605659 2478432.448978 0.000000
578320.581857 2478432.222789 0.000000
578315.558055 2478431.996599 0.000000
578310.534253 2478431.770409 0.000000
578305.510451 2478431.544220 0.000000
578300.486649 2478431.318030 0.000000
578295.462847 2478431.091841 0.000000
578290.439045 2478430.865651 0.000000
578285.415243 2478430.639461 0.000000
578280.391441 2478430.413272 0.000000
578275.367639 2478430.187082 0.000000
578270.343837 2478429.960893 0.000000
578265.320035 2478429.734703 0.000000
578260.296233 2478429.508514 0.000000
578255.272431 2478429.282324 0.000000
578250.248629 2478429.056134 0.000000
578245.224827 2478428.829945 0.000000
578240.201025 2478428.603755 0.000000
578235.177223 2478428.377566 0.000000
578230.153421 2478428.151376 0.000000
578225.129619 2478427.925186 0.000000
578220.105817 2478427.698997 0.000000
578215.082015 2478427.472807 0.000000
578210.058213 2478427.246618 0.000000
578205.034411 2478427.020428 0.000000
578200.010609 2478426.794238 0.000000
578194.986807 2478426.568049 0.000000
578189.963005 2478426.341859 0.000000
578184.939203 2478426.115670 0.000000
578179.915401 2478425.889480 0.000000
578174.891599 2478425.663291 0.000000
578169.867797 2478425.437101 0.000000
578164.843995 2478425.210911 0.000000
578159.820193 2478424.984722 0.000000
578154.796391 2478424.758532 0.000000
578149.772589 2478424.532343 0.000000
578144.748787 2478424.306153 0.000000
578139.724985 2478424.079963 0.000000
578134.701183 2478423.853774 0.000000
578129.677381 2478423.627584 0.000000
578124.653579 2478423.401395 0.000000
578119.629777 2478423.175205 0.000000
578114.605975 2478422.949016 0.000000
578109.582173 2478422.722826 0.000000
578104.558371 2478422.496636 0.000000
578099.534569 2478422.270447 0.000000
578094.510767 2478422.044257 0.000000
578089.486965 2478421.818068 0.000000
578084.463163 2478421.591878 0.000000
578079.439361 2478421.365688 0.000000
578074.415559 2478421.139499 0.000000
578069.391757 2478420.913309 0.000000
578064.367955 2478420.687120 0.000000
578059.344153 2478420.460930 0.000000
578054.320351 2478420.234740 0.000000
578049.296549 2478420.008551 0.000000
578044.272747 2478419.782361 0.000000
578039.248945 2478419.556172 0.000000
578034.225143 2478419.329982 0.000000
578029.201341 2478419.103793 0.000000
578024.177539 2478418.877603 0.000000
578019.153737 2478418.651413 0.000000
578014.129935 2478418.425224 0.000000
578009.106133 2478418.199034 0.000000
578004.082331 2478417.972845 0.000000
577999.058529 2478417.746655 0.000000
577994.058537 2478417.387682 0.000000
577989.058544 2478417.028708 0.000000
577984.058552 2478416.669735 0.000000
577979.058559 2478416.310762 0.000000
577974.058567 2478415.951789 0.000000
577969.058574 2478415.592815 0.000000
577964.058581 2478415.233842 0.000000
577959.058589 2478414.874869 0.000000
577954.058596 2478414.515896 0.000000
577949.058604 2478414.156922 0.000000
577944.058611 2478413.797949 0.000000
577939.058619 2478413.438976 0.000000
577934.058626 2478413.080002 0.000000
577929.058634 2478412.721029 0.000000
577924.058641 2478412.362056 0.000000
577919.058649 2478412.003083 0.000000
577914.058656 2478411.644109 0.000000
577909.058664 2478411.285136 0.000000
577904.058671 2478410.926163 0.000000
577899.058679 2478410.567190 0.000000
577894.058686 2478410.208216 0.000000
577889.058694 2478409.849243 0.000000
577884.058701 2478409.490270 0.000000
577879.058708 2478409.131296 0.000000
577874.058716 2478408.772323 0.000000
577869.058723 2478408.413350 0.000000
577864.058731 2478408.054377 0.000000
577859.058738 2478407.695403 0.000000
577854.058746 2478407.336430 0.000000
577849.058753 2478406.977457 0.000000
577844.058761 2478406.618484 0.000000
577839.058768 2478406.259510 0.000000
577834.058776 2478405.900537 0.000000
577829.058783 2478405.541564 0.000000
577824.058791 2478405.182590 0.000000
577819.058798 2478404.823617 0.000000
577814.058806 2478404.464644 0.000000
577809.058813 2478404.105671 0.000000
577804.058821 2478403.746697 0.000000
577799.013374 2478403.701243 0.000000
577793.967927 2478403.655790 0.000000
577788.922480 2478403.610336 0.000000
577783.877033 2478403.564882 0.000000
577778.831586 2478403.519428 0.000000
577773.786139 2478403.473974 0.000000
577768.740692 2478403.428520 0.000000
577763.695245 2478403.383066 0.000000
577758.649798 2478403.337612 0.000000
577753.604351 2478403.292158 0.000000
577748.558904 2478403.246704 0.000000
577743.513457 2478403.201250 0.000000
577738.468010 2478403.155796 0.000000
577733.422563 2478403.110342 0.000000
577728.377116 2478403.064888 0.000000
577723.331669 2478403.019435 0.000000
577718.286222 2478402.973981 0.000000
577713.240775 2478402.928527 0.000000
577708.195328 2478402.883073 0.000000
577703.149881 2478402.837619 0.000000
577698.104434 2478402.792165 0.000000
577693.058987 2478402.746711 0.000000
577688.013540 2478402.701257 0.000000
577682.968093 2478402.655803 0.000000
577677.922646 2478402.610349 0.000000
577672.877199 2478402.564895 0.000000
577667.831752 2478402.519441 0.000000
577662.786305 2478402.473987 0.000000
577657.740858 2478402.428533 0.000000
577652.695411 2478402.383080 0.000000
577647.649964 2478402.337626 0.000000
577642.604517 2478402.292172 0.000000
577637.559070 2478402.246718 0.000000
577632.513623 2478402.201264 0.000000
577627.468176 2478402.155810 0.000000
577622.422730 2478402.110356 0.000000
577617.377283 2478402.064902 0.000000
577612.331836 2478402.019448 0.000000
577607.286389 2478401.973994 0.000000
577602.240942 2478401.928540 0.000000
577597.195495 2478401.883086 0.000000
577592.150048 2478401.837632 0.000000
577587.104601 2478401.792178 0.000000
577582.059154 2478401.746725 0.000000
577577.068685 2478401.994344 0.000000
577572.078216 2478402.241963 0.000000
577567.087748 2478402.489582 0.000000
577562.097279 2478402.737201 0.000000
577557.106810 2478402.984821 0.000000
577552.116342 2478403.232440 0.000000
577547.125873 2478403.480059 0.000000
577542.135404 2478403.727678 0.000000
577537.144936 2478403.975297 0.000000
577532.154467 2478404.222917 0.000000
577527.163998 2478404.470536 0.000000
577522.173530 2478404.718155 0.000000
577517.183061 2478404.965774 0.000000
577512.192592 2478405.213393 0.000000
577507.202124 2478405.461013 0.000000
577502.211655 2478405.708632 0.000000
577497.221186 2478405.956251 0.000000
577492.230718 2478406.203870 0.000000
577487.240249 2478406.451490 0.000000
577482.249780 2478406.699109 0.000000
577477.259312 2478406.946728 0.000000
577472.268843 2478407.194347 0.000000
577467.278374 2478407.441966 0.000000
577462.287906 2478407.689586 0.000000
577457.297437 2478407.937205 0.000000
577452.306968 2478408.184824 0.000000
577447.316500 2478408.432443 0.000000
577442.326031 2478408.680062 0.000000
577437.335562 2478408.927682 0.000000
577432.345094 2478409.175301 0.000000
577427.354625 2478409.422920 0.000000
577422.364156 2478409.670539 0.000000
577417.373688 2478409.918159 0.000000
577412.383219 2478410.165778 0.000000
577407.392750 2478410.413397 0.000000
577402.402282 2478410.661016 0.000000
577397.411813 2478410.908635 0.000000
577392.421344 2478411.156255 0.000000
577387.430876 2478411.403874 0.000000
577382.440407 2478411.651493 0.000000
577377.449938 2478411.899112 0.000000
577372.459470 2478412.146731 0.000000
577367.469001 2478412.394351 0.000000
577362.478532 2478412.641970 0.000000
577357.488064 2478412.889589 0.000000
577352.497595 2478413.137208 0.000000
577347.507126 2478413.384827 0.000000
577342.516658 2478413.632447 0.000000
577337.526189 2478413.880066 0.000000
577332.535720 2478414.127685 0.000000
577327.545252 2478414.375304 0.000000
577322.554783 2478414.622924 0.000000
577317.564314 2478414.870543 0.000000
577312.573846 2478415.118162 0.000000
577307.583377 2478415.365781 0.000000
577302.592908 2478415.613400 0.000000
577297.602440 2478415.861020 0.000000
577292.611971 2478416.108639 0.000000
577287.621502 2478416.356258 0.000000
577282.631034 2478416.603877 0.000000
577277.640565 2478416.851496 0.000000
577272.650096 2478417.099116 0.000000
577267.659628 2478417.346735 0.000000
577262.669159 2478417.594354 0.000000
577257.678690 2478417.841973 0.000000
577252.688222 2478418.089593 0.000000
577247.697753 2478418.337212 0.000000
577242.707284 2478418.584831 0.000000
577237.716816 2478418.832450 0.000000
577232.726347 2478419.080069 0.000000
577227.735878 2478419.327689 0.000000
577222.745410 2478419.575308 0.000000
577217.754941 2478419.822927 0.000000
577212.764472 2478420.070546 0.000000
577207.774004 2478420.318165 0.000000
577202.783535 2478420.565785 0.000000
577197.793066 2478420.813404 0.000000
577192.802598 2478421.061023 0.000000
577187.812129 2478421.308642 0.000000
577182.821660 2478421.556261 0.000000
577177.831192 2478421.803881 0.000000
577172.840723 2478422.051500 0.000000
577167.850254 2478422.299119 0.000000
577162.859786 2478422.546738 0.000000
577157.869317 2478422.794358 0.000000
577152.878848 2478423.041977 0.000000
577147.888380 2478423.289596 0.000000
577142.897911 2478423.537215 0.000000
577137.907442 2478423.784834 0.000000
577132.916974 2478424.032454 0.000000
577127.926505 2478424.280073 0.000000
577122.936036 2478424.527692 0.000000
577117.945568 2478424.775311 0.000000
577112.955099 2478425.022930 0.000000
577107.964630 2478425.270550 0.000000
577102.974162 2478425.518169 0.000000
577097.983693 2478425.765788 0.000000
577092.993224 2478426.013407 0.000000
577088.002756 2478426.261027 0.000000
577083.012287 2478426.508646 0.000000
577078.021818 2478426.756265 0.000000
577073.031350 2478427.003884 0.000000
577068.040881 2478427.251503 0.000000
577063.050412 2478427.499123 0.000000
577058.059944 2478427.746742 0.000000
577053.068647 2478428.094568 0.000000
577048.077350 2478428.442394 0.000000
577043.086053 2478428.790220 0.000000
577038.094756 2478429.138046 0.000000
577033.103459 2478429.485872 0.000000
577028.112163 2478429.833698 0.000000
577023.120866 2478430.181524 0.000000
577018.129569 2478430.529351 0.000000
577013.138272 2478430.877177 0.000000
577008.146975 2478431.225003 0.000000
577003.155679 2478431.572829 0.000000
576998.164382 2478431.920655 0.000000
576993.173085 2478432.268481 0.000000
576988.181788 2478432.616307 0.000000
576983.190491 2478432.964133 0.000000
576978.199195 2478433.311959 0.000000
576973.207898 2478433.659785 0.000000
576968.216601 2478434.007612 0.000000
576963.225304 2478434.355438 0.000000
576958.234007 2478434.703264 0.000000
576953.242710 2478435.051090 0.000000
576948.251414 2478435.398916 0.000000
576943.260117 2478435.746742 0.000000
576938.268820 2478436.094568 0.000000
576933.277523 2478436.442394 0.000000
576928.286226 2478436.790220 0.000000
576923.294930 2478437.138046 0.000000
576918.303633 2478437.485872 0.000000
576913.312336 2478437.833699 0.000000
576908.321039 2478438.181525 0.000000
576903.329742 2478438.529351 0.000000
576898.338445 2478438.877177 0.000000
576893.347149 2478439.225003 0.000000
576888.355852 2478439.572829 0.000000
576883.364555 2478439.920655 0.000000
576878.373258 2478440.268481 0.000000
576873.381961 2478440.616307 0.000000
576868.390665 2478440.964133 0.000000
576863.399368 2478441.311960 0.000000
576858.408071 2478441.659786 0.000000
576853.416774 2478442.007612 0.000000
576848.425477 2478442.355438 0.000000
576843.434181 2478442.703264 0.000000
576838.442884 2478443.051090 0.000000
576833.451587 2478443.398916 0.000000
576828.460290 2478443.746742 0.000000
576823.468993 2478444.094568 0.000000
576818.477696 2478444.442394 0.000000
576813.486400 2478444.790221 0.000000
576808.495103 2478445.138047 0.000000
576803.503806 2478445.485873 0.000000
576798.512509 2478445.833699 0.000000
576793.521212 2478446.181525 0.000000
576788.529916 2478446.529351 0.000000
576783.538619 2478446.877177 0.000000
576778.547322 2478447.225003 0.000000
576773.556025 2478447.572829 0.000000
576768.564728 2478447.920655 0.000000
576763.573432 2478448.268481 0.000000
576758.582135 2478448.616308 0.000000
576753.590838 2478448.964134 0.000000
576748.599541 2478449.311960 0.000000
576743.608244 2478449.659786 0.000000
576738.616947 2478450.007612 0.000000
576733.625651 2478450.355438 0.000000
576728.634354 2478450.703264 0.000000
576723.643057 2478451.051090 0.000000
576718.651760 2478451.398916 0.000000
576713.660463 2478451.746742 0.000000
576708.669167 2478452.094569 0.000000
576703.677870 2478452.442395 0.000000
576698.686573 2478452.790221 0.000000
576693.695276 2478453.138047 0.000000
576688.703979 2478453.485873 0.000000
576683.712682 2478453.833699 0.000000
576678.721386 2478454.181525 0.000000
576673.730089 2478454.529351 0.000000
576668.738792 2478454.877177 0.000000
576663.747495 2478455.225003 0.000000
576658.756198 2478455.572830 0.000000
576653.764902 2478455.920656 0.000000
576648.773605 2478456.268482 0.000000
576643.782308 2478456.616308 0.000000
576638.791011 2478456.964134 0.000000
576633.799714 2478457.311960 0.000000
576628.808418 2478457.659786 0.000000
576623.817121 2478458.007612 0.000000
576618.825824 2478458.355438 0.000000
576613.834527 2478458.703264 0.000000
576608.843230 2478459.051090 0.000000
576603.851933 2478459.398917 0.000000
576598.860637 2478459.746743 0.000000
576593.869340 2478460.094569 0.000000
576588.878043 2478460.442395 0.000000
576583.886746 2478460.790221 0.000000
576578.895449 2478461.138047 0.000000
576573.904153 2478461.485873 0.000000
576568.912856 2478461.833699 0.000000
576563.921559 2478462.181525 0.000000
576558.930262 2478462.529351 0.000000
576553.938965 2478462.877178 0.000000
576548.947669 2478463.225004 0.000000
576543.956372 2478463.572830 0.000000
576538.965075 2478463.920656 0.000000
576533.973778 2478464.268482 0.000000
576528.982481 2478464.616308 0.000000
576523.991184 2478464.964134 0.000000
576518.999888 2478465.311960 0.000000
576514.008591 2478465.659786 0.000000
576509.017294 2478466.007612 0.000000
576504.025997 2478466.355439 0.000000
576499.034700 2478466.703265 0.000000
576494.043404 2478467.051091 0.000000
576489.052107 2478467.398917 0.000000
576484.060810 2478467.746743 0.000000
576479.091587 2478468.208281 0.000000
576474.122363 2478468.669819 0.000000
576469.153140 2478469.131358 0.000000
576464.183917 2478469.592896 0.000000
576459.214694 2478470.054434 0.000000
576454.245470 2478470.515973 0.000000
576449.276247 2478470.977511 0.000000
576444.307024 2478471.439049 0.000000
576439.337801 2478471.900588 0.000000
576434.368577 2478472.362126 0.000000
576429.399354 2478472.823664 0.000000
576424.430131 2478473.285202 0.000000
576419.460908 2478473.746741 0.000000
576414.491684 2478474.208279 0.000000
576409.522461 2478474.669817 0.000000
576404.553238 2478475.131356 0.000000
576399.584015 2478475.592894 0.000000
576394.614791 2478476.054432 0.000000
576389.645568 2478476.515970 0.000000
576384.676345 2478476.977509 0.000000
576379.707122 2478477.439047 0.000000
576374.737898 2478477.900585 0.000000
576369.768675 2478478.362124 0.000000
576364.799452 2478478.823662 0.000000
576359.830229 2478479.285200 0.000000
576354.861005 2478479.746739 0.000000
576349.891782 2478480.208277 0.000000
576344.922559 2478480.669815 0.000000
576339.953335 2478481.131353 0.000000
576334.984112 2478481.592892 0.000000
576330.014889 2478482.054430 0.000000
576325.045666 2478482.515968 0.000000
576320.076442 2478482.977507 0.000000
576315.107219 2478483.439045 0.000000
576310.137996 2478483.900583 0.000000
576305.168773 2478484.362121 0.000000
576300.199549 2478484.823660 0.000000
576295.230326 2478485.285198 0.000000
576290.261103 2478485.746736 0.000000
576285.291880 2478486.208275 0.000000
576280.322656 2478486.669813 0.000000
576275.353433 2478487.131351 0.000000
576270.384210 2478487.592890 0.000000
576265.414987 2478488.054428 0.000000
576260.445763 2478488.515966 0.000000
576255.476540 2478488.977504 0.000000
576250.507317 2478489.439043 0.000000
576245.538094 2478489.900581 0.000000
576240.568870 2478490.362119 0.000000
576235.599647 2478490.823658 0.000000
576230.630424 2478491.285196 0.000000
576225.661201 2478491.746734 0.000000
576220.691977 2478492.208272 0.000000
576215.722754 2478492.669811 0.000000
576210.753531 2478493.131349 0.000000
576205.784308 2478493.592887 0.000000
576200.815084 2478494.054426 0.000000
576195.845861 2478494.515964 0.000000
576190.876638 2478494.977502 0.000000
576185.907415 2478495.439041 0.000000
576180.938191 2478495.900579 0.000000
576175.968968 2478496.362117 0.000000
576170.999745 2478496.823655 0.000000
576166.030521 2478497.285194 0.000000
576161.061298 2478497.746732 0.000000
576156.071015 2478498.091392 0.000000
576151.080731 2478498.436052 0.000000
576146.090447 2478498.780713 0.000000
576141.100163 2478499.125373 0.000000
576136.109880 2478499.470033 0.000000
576131.119596 2478499.814693 0.000000
576126.129312 2478500.159353 0.000000
576121.139028 2478500.504014 0.000000
576116.148745 2478500.848674 0.000000
576111.158461 2478501.193334 0.000000
576106.168177 2478501.537994 0.000000
576101.177893 2478501.882654 0.000000
576096.187610 2478502.227315 0.000000
576091.197326 2478502.571975 0.000000
576086.207042 2478502.916635 0.000000
576081.216759 2478503.261295 0.000000
576076.226475 2478503.605955 0.000000
576071.236191 2478503.950616 0.000000
576066.245907 2478504.295276 0.000000
576061.255624 2478504.639936 0.000000
576056.265340 2478504.984596 0.000000
576051.275056 2478505.329256 0.000000
576046.284772 2478505.673917 0.000000
576041.294489 2478506.018577 0.000000
576036.304205 2478506.363237 0.000000
576031.313921 2478506.707897 0.000000
576026.323638 2478507.052557 0.000000
576021.333354 2478507.397218 0.000000
576016.343070 2478507.741878 0.000000
576011.352786 2478508.086538 0.000000
576006.362503 2478508.431198 0.000000
576001.372219 2478508.775858 0.000000
575996.381935 2478509.120519 0.000000
575991.391651 2478509.465179 0.000000
575986.401368 2478509.809839 0.000000
575981.411084 2478510.154499 0.000000
575976.420800 2478510.499159 0.000000
575971.430516 2478510.843820 0.000000
575966.440233 2478511.188480 0.000000
575961.449949 2478511.533140 0.000000
575956.459665 2478511.877800 0.000000
575951.469382 2478512.222460 0.000000
575946.479098 2478512.567121 0.000000
575941.488814 2478512.911781 0.000000
575936.498530 2478513.256441 0.000000
575931.508247 2478513.601101 0.000000
575926.517963 2478513.945761 0.000000
575921.527679 2478514.290422 0.000000
575916.537395 2478514.635082 0.000000
575911.547112 2478514.979742 0.000000
575906.556828 2478515.324402 0.000000
575901.566544 2478515.669062 0.000000
575896.576261 2478516.013723 0.000000
575891.585977 2478516.358383 0.000000
575886.595693 2478516.703043 0.000000
575881.605409 2478517.047703 0.000000
575876.615126 2478517.392363 0.000000
575871.624842 2478517.737024 0.000000
575866.634558 2478518.081684 0.000000
575861.644274 2478518.426344 0.000000
575856.653991 2478518.771004 0.000000
575851.663707 2478519.115664 0.000000
575846.673423 2478519.460325 0.000000
575841.683139 2478519.804985 0.000000
575836.692856 2478520.149645 0.000000
575831.702572 2478520.494305 0.000000
575826.712288 2478520.838965 0.000000
575821.722005 2478521.183626 0.000000
575816.731721 2478521.528286 0.000000
575811.741437 2478521.872946 0.000000
575806.751153 2478522.217606 0.000000
575801.760870 2478522.562266 0.000000
575796.770586 2478522.906927 0.000000
575791.780302 2478523.251587 0.000000
575786.790018 2478523.596247 0.000000
575781.799735 2478523.940907 0.000000
575776.809451 2478524.285567 0.000000
575771.819167 2478524.630228 0.000000
575766.828884 2478524.974888 0.000000
575761.838600 2478525.319548 0.000000
575756.848316 2478525.664208 0.000000
575751.858032 2478526.008868 0.000000
575746.867749 2478526.353529 0.000000
575741.877465 2478526.698189 0.000000
575736.887181 2478527.042849 0.000000
575731.896897 2478527.387509 0.000000
575726.906614 2478527.732169 0.000000
575721.916330 2478528.076830 0.000000
575716.926046 2478528.421490 0.000000
575711.935762 2478528.766150 0.000000
575706.945479 2478529.110810 0.000000
575701.955195 2478529.455470 0.000000
575696.964911 2478529.800131 0.000000
575691.974628 2478530.144791 0.000000
575686.984344 2478530.489451 0.000000
575681.994060 2478530.834111 0.000000
575677.003776 2478531.178771 0.000000
575672.013493 2478531.523432 0.000000
575667.023209 2478531.868092 0.000000
575662.032925 2478532.212752 0.000000
575657.042641 2478532.557412 0.000000
575652.052358 2478532.902072 0.000000
575647.062074 2478533.246733 0.000000
575642.071790 2478533.591393 0.000000
575637.081507 2478533.936053 0.000000
575632.091223 2478534.280713 0.000000
575627.100939 2478534.625373 0.000000
575622.110655 2478534.970034 0.000000
575617.120372 2478535.314694 0.000000
575612.130088 2478535.659354 0.000000
575607.139804 2478536.004014 0.000000
575602.149520 2478536.348674 0.000000
575597.159237 2478536.693335 0.000000
575592.168953 2478537.037995 0.000000
575587.178669 2478537.382655 0.000000
575582.188385 2478537.727315 0.000000
575577.198102 2478538.071975 0.000000
575572.207818 2478538.416636 0.000000
575567.217534 2478538.761296 0.000000
575562.227251 2478539.105956 0.000000
575557.236967 2478539.450616 0.000000
575552.246683 2478539.795276 0.000000
575547.256399 2478540.139937 0.000000
575542.266116 2478540.484597 0.000000
575537.275832 2478540.829257 0.000000
575532.285548 2478541.173917 0.000000
575527.295264 2478541.518577 0.000000
575522.304981 2478541.863238 0.000000
575517.314697 2478542.207898 0.000000
575512.324413 2478542.552558 0.000000
575507.334130 2478542.897218 0.000000
575502.343846 2478543.241878 0.000000
575497.353562 2478543.586539 0.000000
575492.363278 2478543.931199 0.000000
575487.372995 2478544.275859 0.000000
575482.382711 2478544.620519 0.000000
575477.392427 2478544.965179 0.000000
575472.402143 2478545.309840 0.000000
575467.411860 2478545.654500 0.000000
575462.421576 2478545.999160 0.000000
575457.431292 2478546.343820 0.000000
575452.441008 2478546.688480 0.000000
575447.450725 2478547.033141 0.000000
575442.460441 2478547.377801 0.000000
575437.470157 2478547.722461 0.000000
575432.479874 2478548.067121 0.000000
575427.489590 2478548.411781 0.000000
575422.499306 2478548.756442 0.000000
575417.509022 2478549.101102 0.000000
575412.518739 2478549.445762 0.000000
575407.528455 2478549.790422 0.000000
575402.538171 2478550.135082 0.000000
575397.547887 2478550.479743 0.000000
575392.557604 2478550.824403 0.000000
575387.567320 2478551.169063 0.000000
575382.577036 2478551.513723 0.000000
575377.586753 2478551.858383 0.000000
575372.596469 2478552.203044 0.000000
575367.606185 2478552.547704 0.000000
575362.615901 2478552.892364 0.000000
575357.625618 2478553.237024 0.000000
575352.635334 2478553.581684 0.000000
575347.645050 2478553.926345 0.000000
575342.654766 2478554.271005 0.000000
575337.664483 2478554.615665 0.000000
575332.674199 2478554.960325 0.000000
575327.683915 2478555.304985 0.000000
575322.693631 2478555.649646 0.000000
575317.703348 2478555.994306 0.000000
575312.713064 2478556.338966 0.000000
575307.722780 2478556.683626 0.000000
575302.732497 2478557.028286 0.000000
575297.742213 2478557.372947 0.000000
575292.751929 2478557.717607 0.000000
575287.761645 2478558.062267 0.000000
575282.771362 2478558.406927 0.000000
575277.781078 2478558.751587 0.000000
575272.790794 2478559.096248 0.000000
575267.800510 2478559.440908 0.000000
575262.810227 2478559.785568 0.000000
575257.819943 2478560.130228 0.000000
575252.829659 2478560.474888 0.000000
575247.839376 2478560.819549 0.000000
575242.849092 2478561.164209 0.000000
575237.858808 2478561.508869 0.000000
575232.868524 2478561.853529 0.000000
575227.878241 2478562.198189 0.000000
575222.887957 2478562.542850 0.000000
575217.897673 2478562.887510 0.000000
575212.907389 2478563.232170 0.000000
575207.917106 2478563.576830 0.000000
575202.926822 2478563.921490 0.000000
575197.936538 2478564.266151 0.000000
575192.946254 2478564.610811 0.000000
575187.955971 2478564.955471 0.000000
575182.965687 2478565.300131 0.000000
575177.975403 2478565.644791 0.000000
575172.985120 2478565.989452 0.000000
575167.994836 2478566.334112 0.000000
575163.004552 2478566.678772 0.000000
575158.014268 2478567.023432 0.000000
575153.023985 2478567.368092 0.000000
575148.033701 2478567.712753 0.000000
575143.043417 2478568.057413 0.000000
575138.053133 2478568.402073 0.000000
575133.062850 2478568.746733 0.000000
574220.064227 2478630.746735 0.000000
574215.076310 2478631.092509 0.000000
574210.088392 2478631.438282 0.000000
574205.100474 2478631.784056 0.000000
574200.112556 2478632.129830 0.000000
574195.124638 2478632.475604 0.000000
574190.136720 2478632.821378 0.000000
574185.148803 2478633.167152 0.000000
574180.160885 2478633.512926 0.000000
574175.172967 2478633.858699 0.000000
574170.185049 2478634.204473 0.000000
574165.197131 2478634.550247 0.000000
574160.209213 2478634.896021 0.000000
574155.221296 2478635.241795 0.000000
574150.233378 2478635.587569 0.000000
574145.245460 2478635.933343 0.000000
574140.257542 2478636.279116 0.000000
574135.269624 2478636.624890 0.000000
574130.281706 2478636.970664 0.000000
574125.293789 2478637.316438 0.000000
574120.305871 2478637.662212 0.000000
574115.317953 2478638.007986 0.000000
574110.330035 2478638.353760 0.000000
574105.342117 2478638.699533 0.000000
574100.354199 2478639.045307 0.000000
574095.366282 2478639.391081 0.000000
574090.378364 2478639.736855 0.000000
574085.390446 2478640.082629 0.000000
574080.402528 2478640.428403 0.000000
574075.414610 2478640.774177 0.000000
574070.426692 2478641.119950 0.000000
574065.438775 2478641.465724 0.000000
574060.450857 2478641.811498 0.000000
574055.462939 2478642.157272 0.000000
574050.475021 2478642.503046 0.000000
574045.487103 2478642.848820 0.000000
574040.499185 2478643.194593 0.000000
574035.511268 2478643.540367 0.000000
574030.523350 2478643.886141 0.000000
574025.535432 2478644.231915 0.000000
574020.547514 2478644.577689 0.000000
574015.559596 2478644.923463 0.000000
574010.571678 2478645.269237 0.000000
574005.583761 2478645.615010 0.000000
574000.595843 2478645.960784 0.000000
573995.607925 2478646.306558 0.000000
573990.620007 2478646.652332 0.000000
573985.632089 2478646.998106 0.000000
573980.644172 2478647.343880 0.000000
573975.656254 2478647.689654 0.000000
573970.668336 2478648.035427 0.000000
573965.680418 2478648.381201 0.000000
573960.692500 2478648.726975 0.000000
573955.704582 2478649.072749 0.000000
573950.716665 2478649.418523 0.000000
573945.728747 2478649.764297 0.000000
573940.740829 2478650.110071 0.000000
573935.752911 2478650.455844 0.000000
573930.764993 2478650.801618 0.000000
573925.777075 2478651.147392 0.000000
573920.789158 2478651.493166 0.000000
573915.801240 2478651.838940 0.000000
573910.813322 2478652.184714 0.000000
573905.825404 2478652.530488 0.000000
573900.837486 2478652.876261 0.000000
573895.849568 2478653.222035 0.000000
573890.861651 2478653.567809 0.000000
573885.873733 2478653.913583 0.000000
573880.885815 2478654.259357 0.000000
573875.897897 2478654.605131 0.000000
573870.909979 2478654.950904 0.000000
573865.922061 2478655.296678 0.000000
573860.934144 2478655.642452 0.000000
573855.946226 2478655.988226 0.000000
573850.958308 2478656.334000 0.000000
573845.970390 2478656.679774 0.000000
573840.982472 2478657.025548 0.000000
573835.994554 2478657.371321 0.000000
573831.006637 2478657.717095 0.000000
573826.018719 2478658.062869 0.000000
573821.030801 2478658.408643 0.000000
573816.042883 2478658.754417 0.000000
573811.054965 2478659.100191 0.000000
573806.067047 2478659.445965 0.000000
573801.079130 2478659.791738 0.000000
573796.091212 2478660.137512 0.000000
573791.103294 2478660.483286 0.000000
573786.115376 2478660.829060 0.000000
573781.127458 2478661.174834 0.000000
573776.139540 2478661.520608 0.000000
573771.151623 2478661.866382 0.000000
573766.163705 2478662.212155 0.000000
573761.175787 2478662.557929 0.000000
573756.187869 2478662.903703 0.000000
573751.199951 2478663.249477 0.000000
573746.212033 2478663.595251 0.000000
573741.224116 2478663.941025 0.000000
573736.236198 2478664.286799 0.000000
573731.248280 2478664.632572 0.000000
573726.260362 2478664.978346 0.000000
573721.272444 2478665.324120 0.000000
573716.284526 2478665.669894 0.000000
573711.296609 2478666.015668 0.000000
573706.308691 2478666.361442 0.000000
573701.320773 2478666.707216 0.000000
573696.332855 2478667.052989 0.000000
573691.344937 2478667.398763 0.000000
573686.357019 2478667.744537 0.000000
573681.369102 2478668.090311 0.000000
573676.381184 2478668.436085 0.000000
573671.393266 2478668.781859 0.000000
573666.405348 2478669.127632 0.000000
573661.417430 2478669.473406 0.000000
573656.429512 2478669.819180 0.000000
573651.441595 2478670.164954 0.000000
573646.453677 2478670.510728 0.000000
573641.465759 2478670.856502 0.000000
573636.477841 2478671.202276 0.000000
573631.489923 2478671.548049 0.000000
573626.502006 2478671.893823 0.000000
573621.514088 2478672.239597 0.000000
573616.526170 2478672.585371 0.000000
573611.538252 2478672.931145 0.000000
573606.550334 2478673.276919 0.000000
573601.562416 2478673.622693 0.000000
573596.574499 2478673.968466 0.000000
573591.586581 2478674.314240 0.000000
573586.598663 2478674.660014 0.000000
573581.610745 2478675.005788 0.000000
573576.622827 2478675.351562 0.000000
573571.634909 2478675.697336 0.000000
573566.646992 2478676.043110 0.000000
573561.659074 2478676.388883 0.000000
573556.671156 2478676.734657 0.000000
573551.683238 2478677.080431 0.000000
573546.695320 2478677.426205 0.000000
573541.707402 2478677.771979 0.000000
573536.719485 2478678.117753 0.000000
573531.731567 2478678.463527 0.000000
573526.743649 2478678.809300 0.000000
573521.755731 2478679.155074 0.000000
573516.767813 2478679.500848 0.000000
573511.779895 2478679.846622 0.000000
573506.791978 2478680.192396 0.000000
573501.804060 2478680.538170 0.000000
573496.816142 2478680.883944 0.000000
573491.828224 2478681.229717 0.000000
573486.840306 2478681.575491 0.000000
573481.852388 2478681.921265 0.000000
573476.864471 2478682.267039 0.000000
573471.876553 2478682.612813 0.000000
573466.888635 2478682.958587 0.000000
573461.900717 2478683.304360 0.000000
573456.912799 2478683.650134 0.000000
573451.924881 2478683.995908 0.000000
573446.936964 2478684.341682 0.000000
573441.949046 2478684.687456 0.000000
573436.961128 2478685.033230 0.000000
573431.973210 2478685.379004 0.000000
573426.985292 2478685.724777 0.000000
573421.997374 2478686.070551 0.000000
573417.009457 2478686.416325 0.000000
573412.021539 2478686.762099 0.000000
573407.033621 2478687.107873 0.000000
573402.045703 2478687.453647 0.000000
573397.057785 2478687.799421 0.000000
573392.069867 2478688.145194 0.000000
573387.081950 2478688.490968 0.000000
573382.094032 2478688.836742 0.000000
573377.106114 2478689.182516 0.000000
573372.118196 2478689.528290 0.000000
573367.130278 2478689.874064 0.000000
573362.142360 2478690.219838 0.000000
573357.154443 2478690.565611 0.000000
573352.166525 2478690.911385 0.000000
573347.178607 2478691.257159 0.000000
573342.190689 2478691.602933 0.000000
573337.202771 2478691.948707 0.000000
573332.214853 2478692.294481 0.000000
573327.226936 2478692.640255 0.000000
573322.239018 2478692.986028 0.000000
573317.251100 2478693.331802 0.000000
573312.263182 2478693.677576 0.000000
573307.275264 2478694.023350 0.000000
573302.287347 2478694.369124 0.000000
573297.299429 2478694.714898 0.000000
573292.311511 2478695.060671 0.000000
573287.323593 2478695.406445 0.000000
573282.335675 2478695.752219 0.000000
573277.347757 2478696.097993 0.000000
573272.359840 2478696.443767 0.000000
573267.371922 2478696.789541 0.000000
573262.384004 2478697.135315 0.000000
573257.396086 2478697.481088 0.000000
573252.408168 2478697.826862 0.000000
573247.420250 2478698.172636 0.000000
573242.432333 2478698.518410 0.000000
573237.444415 2478698.864184 0.000000
573232.456497 2478699.209958 0.000000
573227.468579 2478699.555732 0.000000
573222.480661 2478699.901505 0.000000
573217.492743 2478700.247279 0.000000
573212.504826 2478700.593053 0.000000
573207.516908 2478700.938827 0.000000
573202.528990 2478701.284601 0.000000
573197.541072 2478701.630375 0.000000
573192.553154 2478701.976149 0.000000
573187.565236 2478702.321922 0.000000
573182.577319 2478702.667696 0.000000
573177.589401 2478703.013470 0.000000
573172.601483 2478703.359244 0.000000
573167.613565 2478703.705018 0.000000
573162.625647 2478704.050792 0.000000
573157.637729 2478704.396566 0.000000
573152.649812 2478704.742339 0.000000
573147.661894 2478705.088113 0.000000
573142.673976 2478705.433887 0.000000
573137.686058 2478705.779661 0.000000
573132.698140 2478706.125435 0.000000
573127.710222 2478706.471209 0.000000
573122.722305 2478706.816983 0.000000
573117.734387 2478707.162756 0.000000
573112.746469 2478707.508530 0.000000
573107.758551 2478707.854304 0.000000
573102.770633 2478708.200078 0.000000
573097.782715 2478708.545852 0.000000
573092.794798 2478708.891626 0.000000
573087.806880 2478709.237399 0.000000
573082.818962 2478709.583173 0.000000
573077.831044 2478709.928947 0.000000
573072.843126 2478710.274721 0.000000
573067.855208 2478710.620495 0.000000
573062.867291 2478710.966269 0.000000
573057.879373 2478711.312043 0.000000
573052.891455 2478711.657816 0.000000
573047.903537 2478712.003590 0.000000
573042.915619 2478712.349364 0.000000
573037.927701 2478712.695138 0.000000
573032.939784 2478713.040912 0.000000
573027.951866 2478713.386686 0.000000
573022.963948 2478713.732460 0.000000
573017.976030 2478714.078233 0.000000
573012.988112 2478714.424007 0.000000
573008.000194 2478714.769781 0.000000
573003.012277 2478715.115555 0.000000
572998.024359 2478715.461329 0.000000
572993.036441 2478715.807103 0.000000
572988.048523 2478716.152877 0.000000
572983.060605 2478716.498650 0.000000
572978.072688 2478716.844424 0.000000
572973.084770 2478717.190198 0.000000
572968.096852 2478717.535972 0.000000
572963.108934 2478717.881746 0.000000
572958.121016 2478718.227520 0.000000
572953.133098 2478718.573294 0.000000
572948.145181 2478718.919067 0.000000
572943.157263 2478719.264841 0.000000
572938.169345 2478719.610615 0.000000
572933.181427 2478719.956389 0.000000
572928.193509 2478720.302163 0.000000
572923.205591 2478720.647937 0.000000
572918.217674 2478720.993710 0.000000
572913.229756 2478721.339484 0.000000
572908.241838 2478721.685258 0.000000
572903.253920 2478722.031032 0.000000
572898.266002 2478722.376806 0.000000
572893.278084 2478722.722580 0.000000
572888.290167 2478723.068354 0.000000
572883.302249 2478723.414127 0.000000
572878.314331 2478723.759901 0.000000
572873.326413 2478724.105675 0.000000
572868.338495 2478724.451449 0.000000
572863.350577 2478724.797223 0.000000
572858.362660 2478725.142997 0.000000
572853.374742 2478725.488771 0.000000
572848.386824 2478725.834544 0.000000
572843.398906 2478726.180318 0.000000
572838.410988 2478726.526092 0.000000
572833.423070 2478726.871866 0.000000
572828.435153 2478727.217640 0.000000
572823.447235 2478727.563414 0.000000
572818.459317 2478727.909188 0.000000
572813.471399 2478728.254961 0.000000
572808.483481 2478728.600735 0.000000
572803.495563 2478728.946509 0.000000
572798.507646 2478729.292283 0.000000
572793.519728 2478729.638057 0.000000
572788.531810 2478729.983831 0.000000
572783.543892 2478730.329605 0.000000
572778.555974 2478730.675378 0.000000
572773.568056 2478731.021152 0.000000
572768.580139 2478731.366926 0.000000
572763.592221 2478731.712700 0.000000
572758.604303 2478732.058474 0.000000
572753.616385 2478732.404248 0.000000
572748.628467 2478732.750022 0.000000
572743.640549 2478733.095795 0.000000
572738.652632 2478733.441569 0.000000
572733.664714 2478733.787343 0.000000
572728.676796 2478734.133117 0.000000
572723.688878 2478734.478891 0.000000
572718.700960 2478734.824665 0.000000
572713.713042 2478735.170438 0.000000
572708.725125 2478735.516212 0.000000
572703.737207 2478735.861986 0.000000
572698.749289 2478736.207760 0.000000
572693.761371 2478736.553534 0.000000
572688.773453 2478736.899308 0.000000
572683.785535 2478737.245082 0.000000
572678.797618 2478737.590855 0.000000
572673.809700 2478737.936629 0.000000
572668.821782 2478738.282403 0.000000
572663.833864 2478738.628177 0.000000
572658.845946 2478738.973951 0.000000
572653.858028 2478739.319725 0.000000
572648.870111 2478739.665499 0.000000
572643.882193 2478740.011272 0.000000
572638.894275 2478740.357046 0.000000
572633.906357 2478740.702820 0.000000
572628.918439 2478741.048594 0.000000
572623.930522 2478741.394368 0.000000
572618.942604 2478741.740142 0.000000
572613.954686 2478742.085916 0.000000
572608.966768 2478742.431689 0.000000
572603.978850 2478742.777463 0.000000
572598.990932 2478743.123237 0.000000
572594.003015 2478743.469011 0.000000
572589.015097 2478743.814785 0.000000
572584.027179 2478744.160559 0.000000
572579.039261 2478744.506333 0.000000
572574.051343 2478744.852106 0.000000
572569.063425 2478745.197880 0.000000
572564.075508 2478745.543654 0.000000
572559.087590 2478745.889428 0.000000
572554.099672 2478746.235202 0.000000
572549.111754 2478746.580976 0.000000
572544.123836 2478746.926749 0.000000
572539.135918 2478747.272523 0.000000
572534.148001 2478747.618297 0.000000
572529.160083 2478747.964071 0.000000
572524.172165 2478748.309845 0.000000
572519.184247 2478748.655619 0.000000
572514.196329 2478749.001393 0.000000
572509.208411 2478749.347166 0.000000
572504.220494 2478749.692940 0.000000
572499.232576 2478750.038714 0.000000
572494.244658 2478750.384488 0.000000
572489.256740 2478750.730262 0.000000
572484.268822 2478751.076036 0.000000
572479.280904 2478751.421810 0.000000
572474.292987 2478751.767583 0.000000
572469.305069 2478752.113357 0.000000
572464.317151 2478752.459131 0.000000
572459.329233 2478752.804905 0.000000
572454.341315 2478753.150679 0.000000
572449.353397 2478753.496453 0.000000
572444.365480 2478753.842227 0.000000
572439.377562 2478754.188000 0.000000
572434.389644 2478754.533774 0.000000
572429.401726 2478754.879548 0.000000
572424.413808 2478755.225322 0.000000
572419.425890 2478755.571096 0.000000
572414.437973 2478755.916870 0.000000
572409.450055 2478756.262644 0.000000
572404.462137 2478756.608417 0.000000
572399.474219 2478756.954191 0.000000
572394.486301 2478757.299965 0.000000
572389.498383 2478757.645739 0.000000
572384.510466 2478757.991513 0.000000
572379.522548 2478758.337287 0.000000
572374.534630 2478758.683061 0.000000
572369.546712 2478759.028834 0.000000
572364.558794 2478759.374608 0.000000
572359.570876 2478759.720382 0.000000
572354.582959 2478760.066156 0.000000
572349.595041 2478760.411930 0.000000
572344.607123 2478760.757704 0.000000
572339.619205 2478761.103477 0.000000
572334.631287 2478761.449251 0.000000
572329.643369 2478761.795025 0.000000
572324.655452 2478762.140799 0.000000
572319.667534 2478762.486573 0.000000
572314.679616 2478762.832347 0.000000
572309.691698 2478763.178121 0.000000
572304.703780 2478763.523894 0.000000
572299.715863 2478763.869668 0.000000
572294.727945 2478764.215442 0.000000
572289.740027 2478764.561216 0.000000
572284.752109 2478764.906990 0.000000
572279.764191 2478765.252764 0.000000
572274.776273 2478765.598538 0.000000
572269.788356 2478765.944311 0.000000
572264.800438 2478766.290085 0.000000
572259.812520 2478766.635859 0.000000
572254.824602 2478766.981633 0.000000
572249.836684 2478767.327407 0.000000
572244.848766 2478767.673181 0.000000
572239.860849 2478768.018955 0.000000
572234.872931 2478768.364728 0.000000
572229.885013 2478768.710502 0.000000
572224.897095 2478769.056276 0.000000
572219.909177 2478769.402050 0.000000
572214.921259 2478769.747824 0.000000
572209.933342 2478770.093598 0.000000
572204.945424 2478770.439372 0.000000
572199.957506 2478770.785145 0.000000
572194.969588 2478771.130919 0.000000
572189.981670 2478771.476693 0.000000
572184.993752 2478771.822467 0.000000
572180.005835 2478772.168241 0.000000
572175.017917 2478772.514015 0.000000
572170.029999 2478772.859788 0.000000
572165.042081 2478773.205562 0.000000
572160.054163 2478773.551336 0.000000
572155.066245 2478773.897110 0.000000
572150.078328 2478774.242884 0.000000
572145.090410 2478774.588658 0.000000
572140.102492 2478774.934432 0.000000
572135.114574 2478775.280205 0.000000
572130.126656 2478775.625979 0.000000
572125.138738 2478775.971753 0.000000
572120.150821 2478776.317527 0.000000
572115.162903 2478776.663301 0.000000
572110.174985 2478777.009075 0.000000
572105.187067 2478777.354849 0.000000
572100.199149 2478777.700622 0.000000
572095.211231 2478778.046396 0.000000
572090.223314 2478778.392170 0.000000
572085.235396 2478778.737944 0.000000
572080.247478 2478779.083718 0.000000
572075.259560 2478779.429492 0.000000
572070.271642 2478779.775266 0.000000
572065.283724 2478780.121039 0.000000
572060.295807 2478780.466813 0.000000
572055.307889 2478780.812587 0.000000
572050.319971 2478781.158361 0.000000
572045.332053 2478781.504135 0.000000
572040.344135 2478781.849909 0.000000
572035.356217 2478782.195683 0.000000
572030.368300 2478782.541456 0.000000
572025.380382 2478782.887230 0.000000
572020.392464 2478783.233004 0.000000
572015.404546 2478783.578778 0.000000
572010.416628 2478783.924552 0.000000
572005.428710 2478784.270326 0.000000
572000.440793 2478784.616100 0.000000
571995.452875 2478784.961873 0.000000
571990.464957 2478785.307647 0.000000
571985.477039 2478785.653421 0.000000
571980.489121 2478785.999195 0.000000
571975.501204 2478786.344969 0.000000
571970.513286 2478786.690743 0.000000
571965.525368 2478787.036516 0.000000
571960.537450 2478787.382290 0.000000
571955.549532 2478787.728064 0.000000
571950.561614 2478788.073838 0.000000
571945.573697 2478788.419612 0.000000
571940.585779 2478788.765386 0.000000
571935.597861 2478789.111160 0.000000
571930.609943 2478789.456933 0.000000
571925.622025 2478789.802707 0.000000
571920.634107 2478790.148481 0.000000
571915.646190 2478790.494255 0.000000
571910.658272 2478790.840029 0.000000
571905.670354 2478791.185803 0.000000
571900.682436 2478791.531577 0.000000
571895.694518 2478791.877350 0.000000
571890.706600 2478792.223124 0.000000
571885.718683 2478792.568898 0.000000
571880.730765 2478792.914672 0.000000
571875.742847 2478793.260446 0.000000
571870.754929 2478793.606220 0.000000
571865.767011 2478793.951994 0.000000
571860.779093 2478794.297767 0.000000
571855.791176 2478794.643541 0.000000
571850.803258 2478794.989315 0.000000
571845.815340 2478795.335089 0.000000
571840.827422 2478795.680863 0.000000
571835.839504 2478796.026637 0.000000
571830.851586 2478796.372411 0.000000
571825.863669 2478796.718184 0.000000
571820.875751 2478797.063958 0.000000
571815.887833 2478797.409732 0.000000
571810.899915 2478797.755506 0.000000
571805.911997 2478798.101280 0.000000
571800.924079 2478798.447054 0.000000
571795.936162 2478798.792827 0.000000
571790.948244 2478799.138601 0.000000
571785.960326 2478799.484375 0.000000
571780.972408 2478799.830149 0.000000
571775.984490 2478800.175923 0.000000
571770.996572 2478800.521697 0.000000
571766.008655 2478800.867471 0.000000
571761.020737 2478801.213244 0.000000
571756.032819 2478801.559018 0.000000
571751.044901 2478801.904792 0.000000
571746.056983 2478802.250566 0.000000
571741.069065 2478802.596340 0.000000
571736.081148 2478802.942114 0.000000
571731.093230 2478803.287888 0.000000
571726.105312 2478803.633661 0.000000
571721.117394 2478803.979435 0.000000
571716.129476 2478804.325209 0.000000
571711.141558 2478804.670983 0.000000
571706.153641 2478805.016757 0.000000
571701.165723 2478805.362531 0.000000
571696.177805 2478805.708305 0.000000
571691.189887 2478806.054078 0.000000
571686.201969 2478806.399852 0.000000
571681.214051 2478806.745626 0.000000
571676.226134 2478807.091400 0.000000
571671.238216 2478807.437174 0.000000
571666.250298 2478807.782948 0.000000
571661.262380 2478808.128722 0.000000
571656.274462 2478808.474495 0.000000
571651.286544 2478808.820269 0.000000
571646.298627 2478809.166043 0.000000
571641.310709 2478809.511817 0.000000
571636.322791 2478809.857591 0.000000
571631.334873 2478810.203365 0.000000
571626.346955 2478810.549139 0.000000
571621.359038 2478810.894912 0.000000
571616.371120 2478811.240686 0.000000
571611.383202 2478811.586460 0.000000
571606.395284 2478811.932234 0.000000
571601.407366 2478812.278008 0.000000
571596.419448 2478812.623782 0.000000
571591.431531 2478812.969555 0.000000
571586.443613 2478813.315329 0.000000
571581.455695 2478813.661103 0.000000
571576.467777 2478814.006877 0.000000
571571.479859 2478814.352651 0.000000
571566.491941 2478814.698425 0.000000
571561.504024 2478815.044199 0.000000
571556.516106 2478815.389972 0.000000
571551.528188 2478815.735746 0.000000
571546.540270 2478816.081520 0.000000
571541.552352 2478816.427294 0.000000
571536.564434 2478816.773068 0.000000
571531.576517 2478817.118842 0.000000
571526.588599 2478817.464616 0.000000
571521.600681 2478817.810389 0.000000
571516.612763 2478818.156163 0.000000
571511.624845 2478818.501937 0.000000
571506.636927 2478818.847711 0.000000
571501.649010 2478819.193485 0.000000
571496.661092 2478819.539259 0.000000
571491.673174 2478819.885033 0.000000
571486.685256 2478820.230806 0.000000
571481.697338 2478820.576580 0.000000
571476.709420 2478820.922354 0.000000
571471.721503 2478821.268128 0.000000
571466.733585 2478821.613902 0.000000
571461.745667 2478821.959676 0.000000
571456.757749 2478822.305450 0.000000
571451.769831 2478822.651223 0.000000
571446.781913 2478822.996997 0.000000
571441.793996 2478823.342771 0.000000
571436.806078 2478823.688545 0.000000
571431.818160 2478824.034319 0.000000
571426.830242 2478824.380093 0.000000
571421.842324 2478824.725866 0.000000
571416.854406 2478825.071640 0.000000
571411.866489 2478825.417414 0.000000
571406.878571 2478825.763188 0.000000
571401.890653 2478826.108962 0.000000
571396.902735 2478826.454736 0.000000
571391.914817 2478826.800510 0.000000
571386.926899 2478827.146283 0.000000
571381.938982 2478827.492057 0.000000
571376.951064 2478827.837831 0.000000
571371.963146 2478828.183605 0.000000
571366.975228 2478828.529379 0.000000
571361.987310 2478828.875153 0.000000
571356.999392 2478829.220927 0.000000
571352.011475 2478829.566700 0.000000
571347.023557 2478829.912474 0.000000
571342.035639 2478830.258248 0.000000
571337.047721 2478830.604022 0.000000
571332.059803 2478830.949796 0.000000
571327.071885 2478831.295570 0.000000
571322.083968 2478831.641344 0.000000
571317.096050 2478831.987117 0.000000
571312.108132 2478832.332891 0.000000
571307.120214 2478832.678665 0.000000
571302.132296 2478833.024439 0.000000
571297.144379 2478833.370213 0.000000
571292.156461 2478833.715987 0.000000
571287.168543 2478834.061761 0.000000
571282.180625 2478834.407534 0.000000
571277.192707 2478834.753308 0.000000
571272.204789 2478835.099082 0.000000
571267.216872 2478835.444856 0.000000
571262.228954 2478835.790630 0.000000
571257.241036 2478836.136404 0.000000
571252.253118 2478836.482178 0.000000
571247.265200 2478836.827951 0.000000
571242.277282 2478837.173725 0.000000
571237.289365 2478837.519499 0.000000
571232.301447 2478837.865273 0.000000
571227.313529 2478838.211047 0.000000
571222.325611 2478838.556821 0.000000
571217.337693 2478838.902594 0.000000
571212.349775 2478839.248368 0.000000
571207.361858 2478839.594142 0.000000
571202.373940 2478839.939916 0.000000
571197.386022 2478840.285690 0.000000
571192.398104 2478840.631464 0.000000
571187.410186 2478840.977238 0.000000
571182.422268 2478841.323011 0.000000
571177.434351 2478841.668785 0.000000
571172.446433 2478842.014559 0.000000
571167.458515 2478842.360333 0.000000
571162.470597 2478842.706107 0.000000
571157.482679 2478843.051881 0.000000
571152.494761 2478843.397655 0.000000
571147.506844 2478843.743428 0.000000
571142.518926 2478844.089202 0.000000
571137.531008 2478844.434976 0.000000
571132.543090 2478844.780750 0.000000
571127.555172 2478845.126524 0.000000
571122.567254 2478845.472298 0.000000
571117.579337 2478845.818072 0.000000
571112.591419 2478846.163845 0.000000
571107.603501 2478846.509619 0.000000
571102.615583 2478846.855393 0.000000
571097.627665 2478847.201167 0.000000
571092.639747 2478847.546941 0.000000
571087.651830 2478847.892715 0.000000
571082.663912 2478848.238489 0.000000
571077.675994 2478848.584262 0.000000
571072.688076 2478848.930036 0.000000
571067.700158 2478849.275810 0.000000
571062.712240 2478849.621584 0.000000
571057.724323 2478849.967358 0.000000
571052.736405 2478850.313132 0.000000
571047.748487 2478850.658905 0.000000
571042.760569 2478851.004679 0.000000
571037.772651 2478851.350453 0.000000
571032.784733 2478851.696227 0.000000
571027.796816 2478852.042001 0.000000
571022.808898 2478852.387775 0.000000
571017.820980 2478852.733549 0.000000
571012.833062 2478853.079322 0.000000
571007.845144 2478853.425096 0.000000
571002.857226 2478853.770870 0.000000
570997.869309 2478854.116644 0.000000
570992.881391 2478854.462418 0.000000
570987.893473 2478854.808192 0.000000
570982.905555 2478855.153966 0.000000
570977.917637 2478855.499739 0.000000
570972.929720 2478855.845513 0.000000
570967.941802 2478856.191287 0.000000
570962.953884 2478856.537061 0.000000
570957.965966 2478856.882835 0.000000
570952.978048 2478857.228609 0.000000
570947.990130 2478857.574383 0.000000
570943.002213 2478857.920156 0.000000
570938.014295 2478858.265930 0.000000
570933.026377 2478858.611704 0.000000
570928.038459 2478858.957478 0.000000
570923.050541 2478859.303252 0.000000
570918.062623 2478859.649026 0.000000
570913.074706 2478859.994800 0.000000
570908.086788 2478860.340573 0.000000
570903.098870 2478860.686347 0.000000
570898.110952 2478861.032121 0.000000
570893.123034 2478861.377895 0.000000
570888.135116 2478861.723669 0.000000
570883.147199 2478862.069443 0.000000
570878.159281 2478862.415217 0.000000
570873.171363 2478862.760990 0.000000
570868.183445 2478863.106764 0.000000
570863.195527 2478863.452538 0.000000
570858.207609 2478863.798312 0.000000
570853.219692 2478864.144086 0.000000
570848.231774 2478864.489860 0.000000
570843.243856 2478864.835633 0.000000
570838.255938 2478865.181407 0.000000
570833.268020 2478865.527181 0.000000
570828.280102 2478865.872955 0.000000
570823.292185 2478866.218729 0.000000
570818.304267 2478866.564503 0.000000
570813.316349 2478866.910277 0.000000
570808.328431 2478867.256050 0.000000
570803.340513 2478867.601824 0.000000
570798.352595 2478867.947598 0.000000
570793.364678 2478868.293372 0.000000
570788.376760 2478868.639146 0.000000
570783.388842 2478868.984920 0.000000
570778.400924 2478869.330694 0.000000
570773.413006 2478869.676467 0.000000
570768.425088 2478870.022241 0.000000
570763.437171 2478870.368015 0.000000
570758.449253 2478870.713789 0.000000
570753.461335 2478871.059563 0.000000
570748.473417 2478871.405337 0.000000
570743.485499 2478871.751111 0.000000
570738.497581 2478872.096884 0.000000
570733.509664 2478872.442658 0.000000
570728.521746 2478872.788432 0.000000
570723.533828 2478873.134206 0.000000
570718.545910 2478873.479980 0.000000
570713.557992 2478873.825754 0.000000
570708.570074 2478874.171528 0.000000
570703.582157 2478874.517301 0.000000
570698.594239 2478874.863075 0.000000
570693.606321 2478875.208849 0.000000
570688.618403 2478875.554623 0.000000
570683.630485 2478875.900397 0.000000
570678.642567 2478876.246171 0.000000
570673.654650 2478876.591944 0.000000
570668.666732 2478876.937718 0.000000
570663.678814 2478877.283492 0.000000
570658.690896 2478877.629266 0.000000
570653.702978 2478877.975040 0.000000
570648.715061 2478878.320814 0.000000
570643.727143 2478878.666588 0.000000
570638.739225 2478879.012361 0.000000
570633.751307 2478879.358135 0.000000
570628.763389 2478879.703909 0.000000
570623.775471 2478880.049683 0.000000
570618.787554 2478880.395457 0.000000
570613.799636 2478880.741231 0.000000
570608.811718 2478881.087005 0.000000
570603.823800 2478881.432778 0.000000
570598.835882 2478881.778552 0.000000
570593.847964 2478882.124326 0.000000
570588.860047 2478882.470100 0.000000
570583.872129 2478882.815874 0.000000
570578.884211 2478883.161648 0.000000
570573.896293 2478883.507422 0.000000
570568.908375 2478883.853195 0.000000
570563.920457 2478884.198969 0.000000
570558.932540 2478884.544743 0.000000
570553.944622 2478884.890517 0.000000
570548.956704 2478885.236291 0.000000
570543.968786 2478885.582065 0.000000
570538.980868 2478885.927839 0.000000
570533.992950 2478886.273612 0.000000
570529.005033 2478886.619386 0.000000
570524.017115 2478886.965160 0.000000
570519.029197 2478887.310934 0.000000
570514.041279 2478887.656708 0.000000
570509.053361 2478888.002482 0.000000
570504.065443 2478888.348256 0.000000
570499.077526 2478888.694029 0.000000
570494.089608 2478889.039803 0.000000
570489.101690 2478889.385577 0.000000
570484.113772 2478889.731351 0.000000
570479.125854 2478890.077125 0.000000
570474.137936 2478890.422899 0.000000
570469.150019 2478890.768672 0.000000
570464.162101 2478891.114446 0.000000
570459.174183 2478891.460220 0.000000
570454.186265 2478891.805994 0.000000
570449.198347 2478892.151768 0.000000
570444.210429 2478892.497542 0.000000
570439.222512 2478892.843316 0.000000
570434.234594 2478893.189089 0.000000
570429.246676 2478893.534863 0.000000
570424.258758 2478893.880637 0.000000
570419.270840 2478894.226411 0.000000
570414.282922 2478894.572185 0.000000
570409.295005 2478894.917959 0.000000
570404.307087 2478895.263733 0.000000
570399.319169 2478895.609506 0.000000
570394.331251 2478895.955280 0.000000
570389.343333 2478896.301054 0.000000
570384.355415 2478896.646828 0.000000
570379.367498 2478896.992602 0.000000
570374.379580 2478897.338376 0.000000
570369.391662 2478897.684150 0.000000
570364.403744 2478898.029923 0.000000
570359.415826 2478898.375697 0.000000
570354.427908 2478898.721471 0.000000
570349.439991 2478899.067245 0.000000
570344.452073 2478899.413019 0.000000
570339.464155 2478899.758793 0.000000
570334.476237 2478900.104567 0.000000
570329.488319 2478900.450340 0.000000
570324.500401 2478900.796114 0.000000
570319.512484 2478901.141888 0.000000
570314.524566 2478901.487662 0.000000
570309.536648 2478901.833436 0.000000
570304.548730 2478902.179210 0.000000
570299.560812 2478902.524983 0.000000
570294.572895 2478902.870757 0.000000
570289.584977 2478903.216531 0.000000
570284.597059 2478903.562305 0.000000
570279.609141 2478903.908079 0.000000
570274.621223 2478904.253853 0.000000
570269.633305 2478904.599627 0.000000
570264.645388 2478904.945400 0.000000
570259.657470 2478905.291174 0.000000
570254.669552 2478905.636948 0.000000
570249.681634 2478905.982722 0.000000
570244.693716 2478906.328496 0.000000
570239.705798 2478906.674270 0.000000
570234.717881 2478907.020044 0.000000
570229.729963 2478907.365817 0.000000
570224.742045 2478907.711591 0.000000
570219.754127 2478908.057365 0.000000
570214.766209 2478908.403139 0.000000
570209.778291 2478908.748913 0.000000
570204.790374 2478909.094687 0.000000
570199.802456 2478909.440461 0.000000
570194.814538 2478909.786234 0.000000
570189.826620 2478910.132008 0.000000
570184.838702 2478910.477782 0.000000
570179.850784 2478910.823556 0.000000
570174.862867 2478911.169330 0.000000
570169.874949 2478911.515104 0.000000
570164.887031 2478911.860878 0.000000
570159.899113 2478912.206651 0.000000
570154.911195 2478912.552425 0.000000
570149.923277 2478912.898199 0.000000
570144.935360 2478913.243973 0.000000
570139.947442 2478913.589747 0.000000
570134.959524 2478913.935521 0.000000
570129.971606 2478914.281295 0.000000
570124.983688 2478914.627068 0.000000
570119.995770 2478914.972842 0.000000
570115.007853 2478915.318616 0.000000
570110.019935 2478915.664390 0.000000
570105.032017 2478916.010164 0.000000
570100.044099 2478916.355938 0.000000
570095.056181 2478916.701711 0.000000
570090.068263 2478917.047485 0.000000
570085.080346 2478917.393259 0.000000
570080.092428 2478917.739033 0.000000
570075.104510 2478918.084807 0.000000
570070.116592 2478918.430581 0.000000
570065.128674 2478918.776355 0.000000
570060.140756 2478919.122128 0.000000
570055.152839 2478919.467902 0.000000
570050.164921 2478919.813676 0.000000
570045.177003 2478920.159450 0.000000
570040.189085 2478920.505224 0.000000
570035.201167 2478920.850998 0.000000
570030.213249 2478921.196772 0.000000
570025.225332 2478921.542545 0.000000
570020.237414 2478921.888319 0.000000
570015.249496 2478922.234093 0.000000
570010.261578 2478922.579867 0.000000
570005.273660 2478922.925641 0.000000
570000.285742 2478923.271415 0.000000
569995.297825 2478923.617189 0.000000
569990.309907 2478923.962962 0.000000
569985.321989 2478924.308736 0.000000
569980.334071 2478924.654510 0.000000
569975.346153 2478925.000284 0.000000
569970.358236 2478925.346058 0.000000
569965.370318 2478925.691832 0.000000
569960.382400 2478926.037606 0.000000
569955.394482 2478926.383379 0.000000
569950.406564 2478926.729153 0.000000
569945.418646 2478927.074927 0.000000
569940.430729 2478927.420701 0.000000
569935.442811 2478927.766475 0.000000
569930.454893 2478928.112249 0.000000
569925.466975 2478928.458022 0.000000
569920.479057 2478928.803796 0.000000
569915.491139 2478929.149570 0.000000
569910.503222 2478929.495344 0.000000
569905.515304 2478929.841118 0.000000
569900.527386 2478930.186892 0.000000
569895.539468 2478930.532666 0.000000
569890.551550 2478930.878439 0.000000
569885.563632 2478931.224213 0.000000
569880.575715 2478931.569987 0.000000
569875.587797 2478931.915761 0.000000
569870.599879 2478932.261535 0.000000
569865.611961 2478932.607309 0.000000
569860.624043 2478932.953083 0.000000
569855.636125 2478933.298856 0.000000
569850.648208 2478933.644630 0.000000
569845.660290 2478933.990404 0.000000
569840.672372 2478934.336178 0.000000
569835.684454 2478934.681952 0.000000
569830.696536 2478935.027726 0.000000
569825.708618 2478935.373500 0.000000
569820.720701 2478935.719273 0.000000
569815.732783 2478936.065047 0.000000
569810.744865 2478936.410821 0.000000
569805.756947 2478936.756595 0.000000
569800.769029 2478937.102369 0.000000
569795.781111 2478937.448143 0.000000
569790.793194 2478937.793917 0.000000
569785.805276 2478938.139690 0.000000
569780.817358 2478938.485464 0.000000
569775.829440 2478938.831238 0.000000
569770.841522 2478939.177012 0.000000
569765.853604 2478939.522786 0.000000
569760.865687 2478939.868560 0.000000
569755.877769 2478940.214334 0.000000
569750.889851 2478940.560107 0.000000
569745.901933 2478940.905881 0.000000
569740.914015 2478941.251655 0.000000
569735.926097 2478941.597429 0.000000
569730.938180 2478941.943203 0.000000
569725.950262 2478942.288977 0.000000
569720.962344 2478942.634750 0.000000
569715.974426 2478942.980524 0.000000
569710.986508 2478943.326298 0.000000
569705.998590 2478943.672072 0.000000
569701.010673 2478944.017846 0.000000
569696.022755 2478944.363620 0.000000
569691.034837 2478944.709394 0.000000
569686.046919 2478945.055167 0.000000
569681.059001 2478945.400941 0.000000
569676.071083 2478945.746715 0.000000
569671.158047 2478946.659758 0.000000
569666.245011 2478947.572800 0.000000
569661.331975 2478948.485843 0.000000
569656.418939 2478949.398885 0.000000
569651.505903 2478950.311928 0.000000
569646.592867 2478951.224971 0.000000
569641.679831 2478952.138013 0.000000
569636.766795 2478953.051056 0.000000
569631.853759 2478953.964098 0.000000
569626.940723 2478954.877141 0.000000
569622.027687 2478955.790183 0.000000
569617.114651 2478956.703226 0.000000
569612.201615 2478957.616269 0.000000
569607.288579 2478958.529311 0.000000
569602.375543 2478959.442354 0.000000
569597.462507 2478960.355396 0.000000
569592.549471 2478961.268439 0.000000
569587.636435 2478962.181482 0.000000
569582.723399 2478963.094524 0.000000
569577.810363 2478964.007567 0.000000
569572.897327 2478964.920609 0.000000
569567.984291 2478965.833652 0.000000
569563.071255 2478966.746694 0.000000
569558.263570 2478968.208231 0.000000
569553.455885 2478969.669768 0.000000
569548.648200 2478971.131305 0.000000
569543.840515 2478972.592841 0.000000
569539.032831 2478974.054378 0.000000
569534.225146 2478975.515915 0.000000
569529.417461 2478976.977451 0.000000
569524.609776 2478978.438988 0.000000
569519.802091 2478979.900525 0.000000
569514.994406 2478981.362062 0.000000
569510.186721 2478982.823598 0.000000
569505.379036 2478984.285135 0.000000
569500.571351 2478985.746672 0.000000
569495.763666 2478987.208208 0.000000
569490.955981 2478988.669745 0.000000
569486.148296 2478990.131282 0.000000
569481.340611 2478991.592819 0.000000
569476.532926 2478993.054355 0.000000
569471.725241 2478994.515892 0.000000
569466.917556 2478995.977429 0.000000
569462.109871 2478997.438966 0.000000
569457.302186 2478998.900502 0.000000
569452.494501 2479000.362039 0.000000
569447.686817 2479001.823576 0.000000
569442.879132 2479003.285112 0.000000
569438.071447 2479004.746649 0.000000
569433.456069 2479006.708185 0.000000
569428.840692 2479008.669721 0.000000
569424.225314 2479010.631257 0.000000
569419.609937 2479012.592793 0.000000
569414.994559 2479014.554329 0.000000
569410.379182 2479016.515865 0.000000
569405.763804 2479018.477401 0.000000
569401.148427 2479020.438937 0.000000
569396.533049 2479022.400473 0.000000
569391.917672 2479024.362009 0.000000
569387.302294 2479026.323545 0.000000
569382.686917 2479028.285080 0.000000
569378.071539 2479030.246616 0.000000
569373.456162 2479032.208152 0.000000
569368.840784 2479034.169688 0.000000
569364.225407 2479036.131224 0.000000
569359.610029 2479038.092760 0.000000
569354.994652 2479040.054296 0.000000
569350.379274 2479042.015832 0.000000
569345.763897 2479043.977368 0.000000
569341.148519 2479045.938904 0.000000
569336.533142 2479047.900440 0.000000
569331.917764 2479049.861976 0.000000
569327.302387 2479051.823512 0.000000
569322.687009 2479053.785048 0.000000
569318.071632 2479055.746584 0.000000
569313.592766 2479057.986017 0.000000
569309.113899 2479060.225451 0.000000
569304.635033 2479062.464885 0.000000
569300.156167 2479064.704318 0.000000
569295.677300 2479066.943752 0.000000
569291.198434 2479069.183186 0.000000
569286.719568 2479071.422619 0.000000
569282.240701 2479073.662053 0.000000
569277.761835 2479075.901487 0.000000
569273.282969 2479078.140920 0.000000
569268.804103 2479080.380354 0.000000
569264.325236 2479082.619788 0.000000
569259.846370 2479084.859221 0.000000
569255.367504 2479087.098655 0.000000
569250.888637 2479089.338089 0.000000
569246.409771 2479091.577522 0.000000
569241.930905 2479093.816956 0.000000
569237.452038 2479096.056390 0.000000
569232.973172 2479098.295823 0.000000
569228.494306 2479100.535257 0.000000
569224.015440 2479102.774691 0.000000
569219.536573 2479105.014124 0.000000
569215.057707 2479107.253558 0.000000
569210.578841 2479109.492992 0.000000
569206.099974 2479111.732425 0.000000
569201.621108 2479113.971859 0.000000
569197.142242 2479116.211293 0.000000
569192.663375 2479118.450726 0.000000
569188.184509 2479120.690160 0.000000
569183.705643 2479122.929594 0.000000
569179.226777 2479125.169027 0.000000
569174.747910 2479127.408461 0.000000
569170.269044 2479129.647895 0.000000
569165.790178 2479131.887328 0.000000
569161.311311 2479134.126762 0.000000
569156.832445 2479136.366196 0.000000
569152.353579 2479138.605629 0.000000
569147.874712 2479140.845063 0.000000
569143.395846 2479143.084497 0.000000
569138.916980 2479145.323930 0.000000
569134.438114 2479147.563364 0.000000
569129.959247 2479149.802798 0.000000
569125.480381 2479152.042231 0.000000
569121.001515 2479154.281665 0.000000
569116.522648 2479156.521099 0.000000
569112.043782 2479158.760532 0.000000
569107.564916 2479160.999966 0.000000
569103.086050 2479163.239400 0.000000
569098.607183 2479165.478833 0.000000
569094.128317 2479167.718267 0.000000
569089.649451 2479169.957701 0.000000
569085.170584 2479172.197134 0.000000
569080.691718 2479174.436568 0.000000
569076.212852 2479176.676002 0.000000
569071.733985 2479178.915435 0.000000
569067.255119 2479181.154869 0.000000
569062.776253 2479183.394303 0.000000
569058.297387 2479185.633736 0.000000
569053.818520 2479187.873170 0.000000
569049.339654 2479190.112604 0.000000
569044.860788 2479192.352037 0.000000
569040.381921 2479194.591471 0.000000
569035.903055 2479196.830905 0.000000
569031.424189 2479199.070338 0.000000
569026.945322 2479201.309772 0.000000
569022.466456 2479203.549206 0.000000
569017.987590 2479205.788639 0.000000
569013.508724 2479208.028073 0.000000
569009.029857 2479210.267507 0.000000
569004.550991 2479212.506941 0.000000
569000.072125 2479214.746374 0.000000
568995.485925 2479216.746372 0.000000
568990.899725 2479218.746369 0.000000
568986.313525 2479220.746366 0.000000
568981.727325 2479222.746364 0.000000
568977.141126 2479224.746361 0.000000
568972.554926 2479226.746359 0.000000
568967.968726 2479228.746356 0.000000
568963.382526 2479230.746354 0.000000
568958.796326 2479232.746351 0.000000
568954.210127 2479234.746348 0.000000
568949.623927 2479236.746346 0.000000
568945.037727 2479238.746343 0.000000
568940.451527 2479240.746341 0.000000
568935.865327 2479242.746338 0.000000
568931.279127 2479244.746335 0.000000
568926.692928 2479246.746333 0.000000
568922.106728 2479248.746330 0.000000
568917.520528 2479250.746328 0.000000
568912.934328 2479252.746325 0.000000
568908.348128 2479254.746323 0.000000
568903.761929 2479256.746320 0.000000
568899.175729 2479258.746317 0.000000
568894.589529 2479260.746315 0.000000
568890.003329 2479262.746312 0.000000
568885.417129 2479264.746310 0.000000
568880.830929 2479266.746307 0.000000
568876.244730 2479268.746305 0.000000
568871.658530 2479270.746302 0.000000
568867.072330 2479272.746299 0.000000
568862.299610 2479274.291752 0.000000
568857.526890 2479275.837205 0.000000
568852.754170 2479277.382657 0.000000
568847.981450 2479278.928110 0.000000
568843.208730 2479280.473563 0.000000
568838.436010 2479282.019015 0.000000
568833.663290 2479283.564468 0.000000
568828.890570 2479285.109921 0.000000
568824.117850 2479286.655373 0.000000
568819.345130 2479288.200826 0.000000
568814.572410 2479289.746279 0.000000
568809.799690 2479291.291731 0.000000
568805.026971 2479292.837184 0.000000
568800.254251 2479294.382637 0.000000
568795.481531 2479295.928089 0.000000
568790.708811 2479297.473542 0.000000
568785.936091 2479299.018995 0.000000
568781.163371 2479300.564447 0.000000
568776.390651 2479302.109900 0.000000
568771.617931 2479303.655353 0.000000
568766.845211 2479305.200805 0.000000
568762.072491 2479306.746258 0.000000
568757.205832 2479307.812924 0.000000
568752.339172 2479308.879589 0.000000
568747.472513 2479309.946255 0.000000
568742.605854 2479311.012920 0.000000
568737.739195 2479312.079586 0.000000
568732.872535 2479313.146251 0.000000
568728.005876 2479314.212917 0.000000
568723.139217 2479315.279582 0.000000
568718.272558 2479316.346248 0.000000
568713.405898 2479317.412913 0.000000
568708.539239 2479318.479579 0.000000
568703.672580 2479319.546244 0.000000
568698.805921 2479320.612910 0.000000
568693.939261 2479321.679575 0.000000
568689.072602 2479322.746241 0.000000
568684.072610 2479323.207779 0.000000
568679.072617 2479323.669317 0.000000
568674.072625 2479324.130856 0.000000
568669.072632 2479324.592394 0.000000
568664.072640 2479325.053932 0.000000
568659.072647 2479325.515470 0.000000
568654.072655 2479325.977009 0.000000
568649.072662 2479326.438547 0.000000
568644.072670 2479326.900085 0.000000
568639.072678 2479327.361623 0.000000
568634.072685 2479327.823162 0.000000
568629.072693 2479328.284700 0.000000
568624.072700 2479328.746238 0.000000
568619.072708 2479328.579572 0.000000
568614.072715 2479328.412906 0.000000
568609.072723 2479328.246240 0.000000
568604.072730 2479328.079574 0.000000
568599.072738 2479327.912908 0.000000
568594.072745 2479327.746242 0.000000
568589.072753 2479327.579577 0.000000
568584.072760 2479327.412911 0.000000
568579.072768 2479327.246245 0.000000
568574.072775 2479327.079579 0.000000
568569.072783 2479326.912913 0.000000
568564.072790 2479326.746247 0.000000
568559.072798 2479326.121248 0.000000
568554.072805 2479325.496250 0.000000
568549.072812 2479324.871251 0.000000
568544.072820 2479324.246253 0.000000
568539.072827 2479323.621254 0.000000
568534.072835 2479322.996255 0.000000
568529.072842 2479322.371257 0.000000
568524.072850 2479321.746258 0.000000
568519.072857 2479321.121260 0.000000
568514.072865 2479320.496261 0.000000
568509.072872 2479319.871262 0.000000
568504.072879 2479319.246264 0.000000
568499.072887 2479318.621265 0.000000
568494.072894 2479317.996267 0.000000
568489.072902 2479317.371268 0.000000
568484.072909 2479316.746270 0.000000
568479.168155 2479315.698653 0.000000
568474.263400 2479314.651036 0.000000
568469.358645 2479313.603419 0.000000
568464.453891 2479312.555802 0.000000
568459.549136 2479311.508185 0.000000
568454.644381 2479310.460568 0.000000
568449.739627 2479309.412951 0.000000
568444.834872 2479308.365334 0.000000
568439.930117 2479307.317717 0.000000
568435.025363 2479306.270100 0.000000
568430.120608 2479305.222483 0.000000
568425.215854 2479304.174866 0.000000
568420.311099 2479303.127249 0.000000
568415.406344 2479302.079632 0.000000
568410.501590 2479301.032015 0.000000
568405.596835 2479299.984398 0.000000
568400.692080 2479298.936781 0.000000
568395.787326 2479297.889164 0.000000
568390.882571 2479296.841547 0.000000
568385.977816 2479295.793930 0.000000
568381.073062 2479294.746313 0.000000
568376.345796 2479293.200861 0.000000
568371.618530 2479291.655409 0.000000
568366.891264 2479290.109957 0.000000
568362.163999 2479288.564506 0.000000
568357.436733 2479287.019054 0.000000
568352.709467 2479285.473602 0.000000
568347.982201 2479283.928150 0.000000
568343.254936 2479282.382699 0.000000
568338.527670 2479280.837247 0.000000
568333.800404 2479279.291795 0.000000
568329.073138 2479277.746343 0.000000
568324.345872 2479276.200892 0.000000
568319.618607 2479274.655440 0.000000
568314.891341 2479273.109988 0.000000
568310.164075 2479271.564536 0.000000
568305.436809 2479270.019084 0.000000
568300.709544 2479268.473633 0.000000
568295.982278 2479266.928181 0.000000
568291.255012 2479265.382729 0.000000
568286.527746 2479263.837277 0.000000
568281.800480 2479262.291826 0.000000
568277.073215 2479260.746374 0.000000
568272.395255 2479258.898920 0.000000
568267.717296 2479257.051465 0.000000
568263.039337 2479255.204011 0.000000
568258.361378 2479253.356556 0.000000
568253.683418 2479251.509102 0.000000
568249.005459 2479249.661648 0.000000
568244.327500 2479247.814193 0.000000
568239.649541 2479245.966739 0.000000
568234.971581 2479244.119284 0.000000
568230.293622 2479242.271830 0.000000
568225.615663 2479240.424376 0.000000
568220.937704 2479238.576921 0.000000
568216.259744 2479236.729467 0.000000
568211.581785 2479234.882012 0.000000
568206.903826 2479233.034558 0.000000
568202.225867 2479231.187104 0.000000
568197.547907 2479229.339649 0.000000
568192.869948 2479227.492195 0.000000
568188.191989 2479225.644740 0.000000
568183.514030 2479223.797286 0.000000
568178.836070 2479221.949832 0.000000
568174.158111 2479220.102377 0.000000
568169.480152 2479218.254923 0.000000
568164.802193 2479216.407469 0.000000
568160.124233 2479214.560014 0.000000
568155.446274 2479212.712560 0.000000
568150.768315 2479210.865105 0.000000
568146.090356 2479209.017651 0.000000
568141.412396 2479207.170197 0.000000
568136.734437 2479205.322742 0.000000
568132.056478 2479203.475288 0.000000
568127.378519 2479201.627833 0.000000
568122.700559 2479199.780379 0.000000
568118.022600 2479197.932925 0.000000
568113.344641 2479196.085470 0.000000
568108.666682 2479194.238016 0.000000
568103.988722 2479192.390561 0.000000
568099.310763 2479190.543107 0.000000
568094.632804 2479188.695653 0.000000
568089.954845 2479186.848198 0.000000
568085.276885 2479185.000744 0.000000
568080.598926 2479183.153289 0.000000
568075.920967 2479181.305835 0.000000
568071.243008 2479179.458381 0.000000
568066.565048 2479177.610926 0.000000
568061.887089 2479175.763472 0.000000
568057.209130 2479173.916018 0.000000
568052.531171 2479172.068563 0.000000
568047.853211 2479170.221109 0.000000
568043.175252 2479168.373654 0.000000
568038.497293 2479166.526200 0.000000
568033.819334 2479164.678746 0.000000
568029.141374 2479162.831291 0.000000
568024.463415 2479160.983837 0.000000
568019.785456 2479159.136382 0.000000
568015.107497 2479157.288928 0.000000
568010.429537 2479155.441474 0.000000
568005.751578 2479153.594019 0.000000
568001.073619 2479151.746565 0.000000
567996.295848 2479150.265086 0.000000
567991.518077 2479148.783607 0.000000
567986.740307 2479147.302128 0.000000
567981.962536 2479145.820650 0.000000
567977.184765 2479144.339171 0.000000
567972.406994 2479142.857692 0.000000
567967.629224 2479141.376213 0.000000
567962.851453 2479139.894735 0.000000
567958.073682 2479138.413256 0.000000
567953.295911 2479136.931777 0.000000
567948.518141 2479135.450298 0.000000
567943.740370 2479133.968819 0.000000
567938.962599 2479132.487341 0.000000
567934.184828 2479131.005862 0.000000
567929.407058 2479129.524383 0.000000
567924.629287 2479128.042904 0.000000
567919.851516 2479126.561425 0.000000
567915.073745 2479125.079947 0.000000
567910.295975 2479123.598468 0.000000
567905.518204 2479122.116989 0.000000
567900.740433 2479120.635510 0.000000
567895.962662 2479119.154031 0.000000
567891.184892 2479117.672553 0.000000
567886.407121 2479116.191074 0.000000
567881.629350 2479114.709595 0.000000
567876.851579 2479113.228116 0.000000
567872.073809 2479111.746637 0.000000
567867.204251 2479110.703161 0.000000
567862.334693 2479109.659685 0.000000
567857.465135 2479108.616209 0.000000
567852.595577 2479107.572733 0.000000
567847.726019 2479106.529256 0.000000
567842.856461 2479105.485780 0.000000
567837.986903 2479104.442304 0.000000
567833.117345 2479103.398828 0.000000
567828.247787 2479102.355351 0.000000
567823.378229 2479101.311875 0.000000
567818.508671 2479100.268399 0.000000
567813.639113 2479099.224923 0.000000
567808.769555 2479098.181447 0.000000
567803.899997 2479097.137970 0.000000
567799.030439 2479096.094494 0.000000
567794.160881 2479095.051018 0.000000
567789.291323 2479094.007542 0.000000
567784.421765 2479092.964065 0.000000
567779.552207 2479091.920589 0.000000
567774.682649 2479090.877113 0.000000
567769.813091 2479089.833637 0.000000
567764.943533 2479088.790161 0.000000
567760.073975 2479087.746684 0.000000
567755.073982 2479087.181468 0.000000
567750.073990 2479086.616252 0.000000
567745.073997 2479086.051036 0.000000
567740.074004 2479085.485820 0.000000
567735.074012 2479084.920604 0.000000
567730.074019 2479084.355388 0.000000
567725.074027 2479083.790172 0.000000
567720.074034 2479083.224956 0.000000
567715.074042 2479082.659740 0.000000
567710.074049 2479082.094524 0.000000
567705.074057 2479081.529308 0.000000
567700.074064 2479080.964092 0.000000
567695.074072 2479080.398876 0.000000
567690.074079 2479079.833659 0.000000
567685.074086 2479079.268443 0.000000
567680.074094 2479078.703227 0.000000
567675.074101 2479078.138011 0.000000
567670.074109 2479077.572795 0.000000
567665.074116 2479077.007579 0.000000
567660.074124 2479076.442363 0.000000
567655.074131 2479075.877147 0.000000
567650.074139 2479075.311931 0.000000
567645.074146 2479074.746715 0.000000
567640.074154 2479074.701261 0.000000
567635.074161 2479074.655807 0.000000
567630.074169 2479074.610353 0.000000
567625.074176 2479074.564899 0.000000
567620.074184 2479074.519445 0.000000
567615.074191 2479074.473991 0.000000
567610.074199 2479074.428537 0.000000
567605.074206 2479074.383083 0.000000
567600.074214 2479074.337629 0.000000
567595.074221 2479074.292175 0.000000
567590.074229 2479074.246721 0.000000
567585.074236 2479074.201267 0.000000
567580.074244 2479074.155813 0.000000
567575.074251 2479074.110359 0.000000
567570.074259 2479074.064905 0.000000
567565.074266 2479074.019451 0.000000
567560.074274 2479073.973997 0.000000
567555.074281 2479073.928543 0.000000
567550.074289 2479073.883089 0.000000
567545.074296 2479073.837635 0.000000
567540.074304 2479073.792181 0.000000
567535.074311 2479073.746727 0.000000
567530.074319 2479074.105217 0.000000
567525.074326 2479074.463708 0.000000
567520.074334 2479074.822198 0.000000
567515.074341 2479075.180689 0.000000
567510.074349 2479075.539179 0.000000
567505.074356 2479075.897670 0.000000
567500.074364 2479076.256160 0.000000
567495.074372 2479076.614651 0.000000
567490.074379 2479076.973141 0.000000
567485.074387 2479077.331632 0.000000
567480.074394 2479077.690122 0.000000
567475.074402 2479078.048613 0.000000
567470.074409 2479078.407103 0.000000
567465.074417 2479078.765594 0.000000
567460.074424 2479079.124084 0.000000
567455.074432 2479079.482575 0.000000
567450.074439 2479079.841065 0.000000
567445.074447 2479080.199556 0.000000
567440.074454 2479080.558046 0.000000
567435.074462 2479080.916537 0.000000
567430.074470 2479081.275027 0.000000
567425.074477 2479081.633518 0.000000
567420.074485 2479081.992008 0.000000
567415.074492 2479082.350499 0.000000
567410.074500 2479082.708989 0.000000
567405.074507 2479083.067480 0.000000
567400.074515 2479083.425970 0.000000
567395.074522 2479083.784461 0.000000
567390.074530 2479084.142951 0.000000
567385.074537 2479084.501442 0.000000
567380.074545 2479084.859932 0.000000
567375.074553 2479085.218423 0.000000
567370.074560 2479085.576913 0.000000
567365.074568 2479085.935404 0.000000
567360.074575 2479086.293894 0.000000
567355.074583 2479086.652385 0.000000
567350.074590 2479087.010875 0.000000
567345.074598 2479087.369366 0.000000
567340.074605 2479087.727856 0.000000
567335.074613 2479088.086347 0.000000
567330.074620 2479088.444837 0.000000
567325.074628 2479088.803328 0.000000
567320.074636 2479089.161818 0.000000
567315.074643 2479089.520309 0.000000
567310.074651 2479089.878799 0.000000
567305.074658 2479090.237290 0.000000
567300.074666 2479090.595780 0.000000
567295.074673 2479090.954270 0.000000
567290.074681 2479091.312761 0.000000
567285.074688 2479091.671251 0.000000
567280.074696 2479092.029742 0.000000
567275.074703 2479092.388232 0.000000
567270.074711 2479092.746723 0.000000
567265.118197 2479093.369911 0.000000
567260.161682 2479093.993099 0.000000
567255.205168 2479094.616287 0.000000
567250.248654 2479095.239475 0.000000
567245.292140 2479095.862663 0.000000
567240.335626 2479096.485851 0.000000
567235.379111 2479097.109038 0.000000
567230.422597 2479097.732226 0.000000
567225.466083 2479098.355414 0.000000
567220.509569 2479098.978602 0.000000
567215.553054 2479099.601790 0.000000
567210.596540 2479100.224978 0.000000
567205.640026 2479100.848166 0.000000
567200.683512 2479101.471354 0.000000
567195.726997 2479102.094542 0.000000
567190.770483 2479102.717730 0.000000
567185.813969 2479103.340918 0.000000
567180.857455 2479103.964106 0.000000
567175.900940 2479104.587294 0.000000
567170.944426 2479105.210482 0.000000
567165.987912 2479105.833669 0.000000
567161.031398 2479106.456857 0.000000
567156.074884 2479107.080045 0.000000
567151.118369 2479107.703233 0.000000
567146.161855 2479108.326421 0.000000
567141.205341 2479108.949609 0.000000
567136.248827 2479109.572797 0.000000
567131.292312 2479110.195985 0.000000
567126.335798 2479110.819173 0.000000
567121.379284 2479111.442361 0.000000
567116.422770 2479112.065549 0.000000
567111.466255 2479112.688737 0.000000
567106.509741 2479113.311925 0.000000
567101.553227 2479113.935113 0.000000
567096.596713 2479114.558300 0.000000
567091.640198 2479115.181488 0.000000
567086.683684 2479115.804676 0.000000
567081.727170 2479116.427864 0.000000
567076.770656 2479117.051052 0.000000
567071.814141 2479117.674240 0.000000
567066.857627 2479118.297428 0.000000
567061.901113 2479118.920616 0.000000
567056.944599 2479119.543804 0.000000
567051.988085 2479120.166992 0.000000
567047.031570 2479120.790180 0.000000
567042.075056 2479121.413368 0.000000
567037.118542 2479122.036556 0.000000
567032.162028 2479122.659744 0.000000
567027.205513 2479123.282931 0.000000
567022.248999 2479123.906119 0.000000
567017.292485 2479124.529307 0.000000
567012.335971 2479125.152495 0.000000
567007.379456 2479125.775683 0.000000
567002.422942 2479126.398871 0.000000
566997.466428 2479127.022059 0.000000
566992.509914 2479127.645247 0.000000
566987.553399 2479128.268435 0.000000
566982.596885 2479128.891623 0.000000
566977.640371 2479129.514811 0.000000
566972.683857 2479130.137999 0.000000
566967.727343 2479130.761187 0.000000
566962.770828 2479131.384375 0.000000
566957.814314 2479132.007562 0.000000
566952.857800 2479132.630750 0.000000
566947.901286 2479133.253938 0.000000
566942.944771 2479133.877126 0.000000
566937.988257 2479134.500314 0.000000
566933.031743 2479135.123502 0.000000
566928.075229 2479135.746690 0.000000
566923.082278 2479136.098803 0.000000
566918.089328 2479136.450915 0.000000
566913.096378 2479136.803028 0.000000
566908.103428 2479137.155140 0.000000
566903.110478 2479137.507253 0.000000
566898.117527 2479137.859366 0.000000
566893.124577 2479138.211478 0.000000
566888.131627 2479138.563591 0.000000
566883.138677 2479138.915703 0.000000
566878.145726 2479139.267816 0.000000
566873.152776 2479139.619929 0.000000
566868.159826 2479139.972041 0.000000
566863.166876 2479140.324154 0.000000
566858.173926 2479140.676267 0.000000
566853.180975 2479141.028379 0.000000
566848.188025 2479141.380492 0.000000
566843.195075 2479141.732604 0.000000
566838.202125 2479142.084717 0.000000
566833.209175 2479142.436830 0.000000
566828.216224 2479142.788942 0.000000
566823.223274 2479143.141055 0.000000
566818.230324 2479143.493167 0.000000
566813.237374 2479143.845280 0.000000
566808.244423 2479144.197393 0.000000
566803.251473 2479144.549505 0.000000
566798.258523 2479144.901618 0.000000
566793.265573 2479145.253730 0.000000
566788.272623 2479145.605843 0.000000
566783.279672 2479145.957956 0.000000
566778.286722 2479146.310068 0.000000
566773.293772 2479146.662181 0.000000
566768.300822 2479147.014293 0.000000
566763.307871 2479147.366406 0.000000
566758.314921 2479147.718519 0.000000
566753.321971 2479148.070631 0.000000
566748.329021 2479148.422744 0.000000
566743.336071 2479148.774857 0.000000
566738.343120 2479149.126969 0.000000
566733.350170 2479149.479082 0.000000
566728.357220 2479149.831194 0.000000
566723.364270 2479150.183307 0.000000
566718.371320 2479150.535420 0.000000
566713.378369 2479150.887532 0.000000
566708.385419 2479151.239645 0.000000
566703.392469 2479151.591757 0.000000
566698.399519 2479151.943870 0.000000
566693.406568 2479152.295983 0.000000
566688.413618 2479152.648095 0.000000
566683.420668 2479153.000208 0.000000
566678.427718 2479153.352320 0.000000
566673.434768 2479153.704433 0.000000
566668.441817 2479154.056546 0.000000
566663.448867 2479154.408658 0.000000
566658.455917 2479154.760771 0.000000
566653.462967 2479155.112883 0.000000
566648.470017 2479155.464996 0.000000
566643.477066 2479155.817109 0.000000
566638.484116 2479156.169221 0.000000
566633.491166 2479156.521334 0.000000
566628.498216 2479156.873447 0.000000
566623.505265 2479157.225559 0.000000
566618.512315 2479157.577672 0.000000
566613.519365 2479157.929784 0.000000
566608.526415 2479158.281897 0.000000
566603.533465 2479158.634010 0.000000
566598.540514 2479158.986122 0.000000
566593.547564 2479159.338235 0.000000
566588.554614 2479159.690347 0.000000
566583.561664 2479160.042460 0.000000
566578.568714 2479160.394573 0.000000
566573.575763 2479160.746685 0.000000
566568.582813 2479161.098798 0.000000
566563.589863 2479161.450910 0.000000
566558.596913 2479161.803023 0.000000
566553.603962 2479162.155136 0.000000
566548.611012 2479162.507248 0.000000
566543.618062 2479162.859361 0.000000
566538.625112 2479163.211473 0.000000
566533.632162 2479163.563586 0.000000
566528.639211 2479163.915699 0.000000
566523.646261 2479164.267811 0.000000
566518.653311 2479164.619924 0.000000
566513.660361 2479164.972036 0.000000
566508.667411 2479165.324149 0.000000
566503.674460 2479165.676262 0.000000
566498.681510 2479166.028374 0.000000
566493.688560 2479166.380487 0.000000
566488.695610 2479166.732600 0.000000
566483.702659 2479167.084712 0.000000
566478.709709 2479167.436825 0.000000
566473.716759 2479167.788937 0.000000
566468.723809 2479168.141050 0.000000
566463.730859 2479168.493163 0.000000
566458.737908 2479168.845275 0.000000
566453.744958 2479169.197388 0.000000
566448.752008 2479169.549500 0.000000
566443.759058 2479169.901613 0.000000
566438.766107 2479170.253726 0.000000
566433.773157 2479170.605838 0.000000
566428.780207 2479170.957951 0.000000
566423.787257 2479171.310063 0.000000
566418.794307 2479171.662176 0.000000
566413.801356 2479172.014289 0.000000
566408.808406 2479172.366401 0.000000
566403.815456 2479172.718514 0.000000
566398.822506 2479173.070626 0.000000
566393.829556 2479173.422739 0.000000
566388.836605 2479173.774852 0.000000
566383.843655 2479174.126964 0.000000
566378.850705 2479174.479077 0.000000
566373.857755 2479174.831190 0.000000
566368.864804 2479175.183302 0.000000
566363.871854 2479175.535415 0.000000
566358.878904 2479175.887527 0.000000
566353.885954 2479176.239640 0.000000
566348.893004 2479176.591753 0.000000
566343.900053 2479176.943865 0.000000
566338.907103 2479177.295978 0.000000
566333.914153 2479177.648090 0.000000
566328.921203 2479178.000203 0.000000
566323.928253 2479178.352316 0.000000
566318.935302 2479178.704428 0.000000
566313.942352 2479179.056541 0.000000
566308.949402 2479179.408653 0.000000
566303.956452 2479179.760766 0.000000
566298.963501 2479180.112879 0.000000
566293.970551 2479180.464991 0.000000
566288.977601 2479180.817104 0.000000
566283.984651 2479181.169216 0.000000
566278.991701 2479181.521329 0.000000
566273.998750 2479181.873442 0.000000
566269.005800 2479182.225554 0.000000
566264.012850 2479182.577667 0.000000
566259.019900 2479182.929779 0.000000
566254.026950 2479183.281892 0.000000
566249.033999 2479183.634005 0.000000
566244.041049 2479183.986117 0.000000
566239.048099 2479184.338230 0.000000
566234.055149 2479184.690343 0.000000
566229.062198 2479185.042455 0.000000
566224.069248 2479185.394568 0.000000
566219.076298 2479185.746680 0.000000
566214.112020 2479186.460965 0.000000
566209.147742 2479187.175251 0.000000
566204.183463 2479187.889536 0.000000
566199.219185 2479188.603821 0.000000
566194.254907 2479189.318106 0.000000
566189.290629 2479190.032391 0.000000
566184.326351 2479190.746676 0.000000
566179.362072 2479191.460961 0.000000
566174.397794 2479192.175246 0.000000
566169.433516 2479192.889531 0.000000
566164.469238 2479193.603816 0.000000
566159.504960 2479194.318101 0.000000
566154.540682 2479195.032387 0.000000
566149.576403 2479195.746672 0.000000
566144.612125 2479196.460957 0.000000
566139.647847 2479197.175242 0.000000
566134.683569 2479197.889527 0.000000
566129.719291 2479198.603812 0.000000
566124.755012 2479199.318097 0.000000
566119.790734 2479200.032382 0.000000
566114.826456 2479200.746667 0.000000
566109.862178 2479201.460952 0.000000
566104.897900 2479202.175237 0.000000
566099.933621 2479202.889523 0.000000
566094.969343 2479203.603808 0.000000
566090.005065 2479204.318093 0.000000
566085.040787 2479205.032378 0.000000
566080.076509 2479205.746663 0.000000
566075.112230 2479206.460948 0.000000
566070.147952 2479207.175233 0.000000
566065.183674 2479207.889518 0.000000
566060.219396 2479208.603803 0.000000
566055.255118 2479209.318088 0.000000
566050.290839 2479210.032374 0.000000
566045.326561 2479210.746659 0.000000
566040.362283 2479211.460944 0.000000
566035.398005 2479212.175229 0.000000
566030.433727 2479212.889514 0.000000
566025.469448 2479213.603799 0.000000
566020.505170 2479214.318084 0.000000
566015.540892 2479215.032369 0.000000
566010.576614 2479215.746654 0.000000
566005.612336 2479216.460939 0.000000
566000.648058 2479217.175224 0.000000
565995.683779 2479217.889510 0.000000
565990.719501 2479218.603795 0.000000
565985.755223 2479219.318080 0.000000
565980.790945 2479220.032365 0.000000
565975.826667 2479220.746650 0.000000
565970.862388 2479221.460935 0.000000
565965.898110 2479222.175220 0.000000
565960.933832 2479222.889505 0.000000
565955.969554 2479223.603790 0.000000
565951.005276 2479224.318075 0.000000
565946.040997 2479225.032360 0.000000
565941.076719 2479225.746646 0.000000
565936.143393 2479226.691089 0.000000
565931.210068 2479227.635532 0.000000
565926.276742 2479228.579976 0.000000
565921.343416 2479229.524419 0.000000
565916.410090 2479230.468863 0.000000
565911.476764 2479231.413306 0.000000
565906.543438 2479232.357750 0.000000
565901.610112 2479233.302193 0.000000
565896.676787 2479234.246637 0.000000
565891.743461 2479235.191080 0.000000
565886.810135 2479236.135524 0.000000
565881.876809 2479237.079967 0.000000
565876.943483 2479238.024411 0.000000
565872.010157 2479238.968854 0.000000
565867.076832 2479239.913298 0.000000
565862.143506 2479240.857741 0.000000
565857.210180 2479241.802185 0.000000
565852.276854 2479242.746628 0.000000
565847.343528 2479243.691071 0.000000
565842.410202 2479244.635515 0.000000
565837.476877 2479245.579958 0.000000
565832.543551 2479246.524402 0.000000
565827.610225 2479247.468845 0.000000
565822.676899 2479248.413289 0.000000
565817.743573 2479249.357732 0.000000
565812.810247 2479250.302176 0.000000
565807.876922 2479251.246619 0.000000
565802.943596 2479252.191063 0.000000
565798.010270 2479253.135506 0.000000
565793.076944 2479254.079950 0.000000
565788.143618 2479255.024393 0.000000
565783.210292 2479255.968837 0.000000
565778.276967 2479256.913280 0.000000
565773.343641 2479257.857724 0.000000
565768.410315 2479258.802167 0.000000
565763.476989 2479259.746610 0.000000
565758.543663 2479260.691054 0.000000
565753.610337 2479261.635497 0.000000
565748.677012 2479262.579941 0.000000
565743.743686 2479263.524384 0.000000
565738.810360 2479264.468828 0.000000
565733.877034 2479265.413271 0.000000
565728.943708 2479266.357715 0.000000
565724.010382 2479267.302158 0.000000
565719.077056 2479268.246602 0.000000
565714.143731 2479269.191045 0.000000
565709.210405 2479270.135489 0.000000
565704.277079 2479271.079932 0.000000
565699.343753 2479272.024376 0.000000
565694.410427 2479272.968819 0.000000
565689.477101 2479273.913263 0.000000
565684.543776 2479274.857706 0.000000
565679.610450 2479275.802149 0.000000
565674.677124 2479276.746593 0.000000
565669.743798 2479277.691036 0.000000
565664.810472 2479278.635480 0.000000
565659.877146 2479279.579923 0.000000
565654.943821 2479280.524367 0.000000
565650.010495 2479281.468810 0.000000
565645.077169 2479282.413254 0.000000
565640.143843 2479283.357697 0.000000
565635.210517 2479284.302141 0.000000
565630.277191 2479285.246584 0.000000
565625.343866 2479286.191028 0.000000
565620.410540 2479287.135471 0.000000
565615.477214 2479288.079915 0.000000
565610.543888 2479289.024358 0.000000
565605.610562 2479289.968802 0.000000
565600.677236 2479290.913245 0.000000
565595.743911 2479291.857688 0.000000
565590.810585 2479292.802132 0.000000
565585.877259 2479293.746575 0.000000
565580.943933 2479294.691019 0.000000
565576.010607 2479295.635462 0.000000
565571.077281 2479296.579906 0.000000
565566.143955 2479297.524349 0.000000
565561.210630 2479298.468793 0.000000
565556.277304 2479299.413236 0.000000
565551.343978 2479300.357680 0.000000
565546.410652 2479301.302123 0.000000
565541.477326 2479302.246567 0.000000
565536.544000 2479303.191010 0.000000
565531.610675 2479304.135454 0.000000
565526.677349 2479305.079897 0.000000
565521.744023 2479306.024340 0.000000
565516.810697 2479306.968784 0.000000
565511.877371 2479307.913227 0.000000
565506.944045 2479308.857671 0.000000
565502.010720 2479309.802114 0.000000
565497.077394 2479310.746558 0.000000
565492.113116 2479311.532271 0.000000
565487.148837 2479312.317985 0.000000
565482.184559 2479313.103698 0.000000
565477.220281 2479313.889412 0.000000
565472.256003 2479314.675126 0.000000
565467.291725 2479315.460839 0.000000
565462.327446 2479316.246553 0.000000
565457.363168 2479317.032266 0.000000
565452.398890 2479317.817980 0.000000
565447.434612 2479318.603693 0.000000
565442.470334 2479319.389407 0.000000
565437.506056 2479320.175120 0.000000
565432.541777 2479320.960834 0.000000
565427.577499 2479321.746548 0.000000
565422.613221 2479322.532261 0.000000
565417.648943 2479323.317975 0.000000
565412.684665 2479324.103688 0.000000
565407.720386 2479324.889402 0.000000
565402.756108 2479325.675115 0.000000
565397.791830 2479326.460829 0.000000
565392.827552 2479327.246542 0.000000
565387.863274 2479328.032256 0.000000
565382.898995 2479328.817970 0.000000
565377.934717 2479329.603683 0.000000
565372.970439 2479330.389397 0.000000
565368.006161 2479331.175110 0.000000
565363.041883 2479331.960824 0.000000
565358.077605 2479332.746537 0.000000
565353.113326 2479333.532251 0.000000
565348.149048 2479334.317964 0.000000
565343.184770 2479335.103678 0.000000
565338.220492 2479335.889391 0.000000
565333.256214 2479336.675105 0.000000
565328.291935 2479337.460819 0.000000
565323.327657 2479338.246532 0.000000
565318.363379 2479339.032246 0.000000
565313.399101 2479339.817959 0.000000
565308.434823 2479340.603673 0.000000
565303.470544 2479341.389386 0.000000
565298.506266 2479342.175100 0.000000
565293.541988 2479342.960813 0.000000
565288.577710 2479343.746527 0.000000
565283.613432 2479344.532241 0.000000
565278.649153 2479345.317954 0.000000
565273.684875 2479346.103668 0.000000
565268.720597 2479346.889381 0.000000
565263.756319 2479347.675095 0.000000
565258.792041 2479348.460808 0.000000
565253.827763 2479349.246522 0.000000
565248.863484 2479350.032235 0.000000
565243.899206 2479350.817949 0.000000
565238.934928 2479351.603663 0.000000
565233.970650 2479352.389376 0.000000
565229.006372 2479353.175090 0.000000
565224.042093 2479353.960803 0.000000
565219.077815 2479354.746517 0.000000
565214.077823 2479355.055608 0.000000
565209.077830 2479355.364699 0.000000
565204.077838 2479355.673789 0.000000
565199.077845 2479355.982880 0.000000
565194.077853 2479356.291971 0.000000
565189.077860 2479356.601062 0.000000
565184.077868 2479356.910153 0.000000
565179.077876 2479357.219244 0.000000
565174.077883 2479357.528335 0.000000
565169.077891 2479357.837426 0.000000
565164.077898 2479358.146517 0.000000
565159.077906 2479358.455607 0.000000
565154.077913 2479358.764698 0.000000
565149.077921 2479359.073789 0.000000
565144.077928 2479359.382880 0.000000
565139.077936 2479359.691971 0.000000
565134.077943 2479360.001062 0.000000
565129.077951 2479360.310153 0.000000
565124.077958 2479360.619244 0.000000
565119.077966 2479360.928335 0.000000
565114.077974 2479361.237426 0.000000
565109.077981 2479361.546516 0.000000
565104.077989 2479361.855607 0.000000
565099.077996 2479362.164698 0.000000
565094.078004 2479362.473789 0.000000
565089.078011 2479362.782880 0.000000
565084.078019 2479363.091971 0.000000
565079.078026 2479363.401062 0.000000
565074.078034 2479363.710153 0.000000
565069.078041 2479364.019244 0.000000
565064.078049 2479364.328335 0.000000
565059.078056 2479364.637425 0.000000
565054.078064 2479364.946516 0.000000
565049.078071 2479365.255607 0.000000
565044.078079 2479365.564698 0.000000
565039.078087 2479365.873789 0.000000
565034.078094 2479366.182880 0.000000
565029.078102 2479366.491971 0.000000
565024.078109 2479366.801062 0.000000
565019.078117 2479367.110153 0.000000
565014.078124 2479367.419243 0.000000
565009.078132 2479367.728334 0.000000
565004.078139 2479368.037425 0.000000
564999.078147 2479368.346516 0.000000
564994.078154 2479368.655607 0.000000
564989.078162 2479368.964698 0.000000
564984.078169 2479369.273789 0.000000
564979.078177 2479369.582880 0.000000
564974.078185 2479369.891971 0.000000
564969.078192 2479370.201062 0.000000
564964.078200 2479370.510152 0.000000
564959.078207 2479370.819243 0.000000
564954.078215 2479371.128334 0.000000
564949.078222 2479371.437425 0.000000
564944.078230 2479371.746516 0.000000
564939.057619 2479371.581568 0.000000
564934.037008 2479371.416621 0.000000
564929.016397 2479371.251673 0.000000
564923.995786 2479371.086725 0.000000
564918.975175 2479370.921777 0.000000
564913.954564 2479370.756830 0.000000
564908.933953 2479370.591882 0.000000
564903.913341 2479370.426934 0.000000
564898.892730 2479370.261986 0.000000
564893.872119 2479370.097038 0.000000
564888.851508 2479369.932091 0.000000
564883.830897 2479369.767143 0.000000
564878.810286 2479369.602195 0.000000
564873.789675 2479369.437247 0.000000
564868.769064 2479369.272300 0.000000
564863.748453 2479369.107352 0.000000
564858.727842 2479368.942404 0.000000
564853.707231 2479368.777456 0.000000
564848.686620 2479368.612509 0.000000
564843.666009 2479368.447561 0.000000
564838.645398 2479368.282613 0.000000
564833.624787 2479368.117665 0.000000
564828.604176 2479367.952718 0.000000
564823.583565 2479367.787770 0.000000
564818.562954 2479367.622822 0.000000
564813.542343 2479367.457874 0.000000
564808.521732 2479367.292927 0.000000
564803.501121 2479367.127979 0.000000
564798.480510 2479366.963031 0.000000
564793.459899 2479366.798083 0.000000
564788.439288 2479366.633136 0.000000
564783.418677 2479366.468188 0.000000
564778.398066 2479366.303240 0.000000
564773.377455 2479366.138292 0.000000
564768.356844 2479365.973345 0.000000
564763.336233 2479365.808397 0.000000
564758.315622 2479365.643449 0.000000
564753.295011 2479365.478501 0.000000
564748.274399 2479365.313554 0.000000
564743.253788 2479365.148606 0.000000
564738.233177 2479364.983658 0.000000
564733.212566 2479364.818710 0.000000
564728.191955 2479364.653763 0.000000
564723.171344 2479364.488815 0.000000
564718.150733 2479364.323867 0.000000
564713.130122 2479364.158919 0.000000
564708.109511 2479363.993972 0.000000
564703.088900 2479363.829024 0.000000
564698.068289 2479363.664076 0.000000
564693.047678 2479363.499128 0.000000
564688.027067 2479363.334181 0.000000
564683.006456 2479363.169233 0.000000
564677.985845 2479363.004285 0.000000
564672.965234 2479362.839337 0.000000
564667.944623 2479362.674390 0.000000
564662.924012 2479362.509442 0.000000
564657.903401 2479362.344494 0.000000
564652.882790 2479362.179546 0.000000
564647.862179 2479362.014599 0.000000
564642.841568 2479361.849651 0.000000
564637.820957 2479361.684703 0.000000
564632.800346 2479361.519755 0.000000
564627.779735 2479361.354808 0.000000
564622.759124 2479361.189860 0.000000
564617.738513 2479361.024912 0.000000
564612.717902 2479360.859964 0.000000
564607.697291 2479360.695017 0.000000
564602.676680 2479360.530069 0.000000
564597.656068 2479360.365121 0.000000
564592.635457 2479360.200173 0.000000
564587.614846 2479360.035226 0.000000
564582.594235 2479359.870278 0.000000
564577.573624 2479359.705330 0.000000
564572.553013 2479359.540382 0.000000
564567.532402 2479359.375435 0.000000
564562.511791 2479359.210487 0.000000
564557.491180 2479359.045539 0.000000
564552.470569 2479358.880591 0.000000
564547.449958 2479358.715644 0.000000
564542.429347 2479358.550696 0.000000
564537.408736 2479358.385748 0.000000
564532.388125 2479358.220800 0.000000
564527.367514 2479358.055853 0.000000
564522.346903 2479357.890905 0.000000
564517.326292 2479357.725957 0.000000
564512.305681 2479357.561009 0.000000
564507.285070 2479357.396062 0.000000
564502.264459 2479357.231114 0.000000
564497.243848 2479357.066166 0.000000
564492.223237 2479356.901218 0.000000
564487.202626 2479356.736271 0.000000
564482.182015 2479356.571323 0.000000
564477.161404 2479356.406375 0.000000
564472.140793 2479356.241427 0.000000
564467.120182 2479356.076480 0.000000
564462.099571 2479355.911532 0.000000
564457.078960 2479355.746584 0.000000
564452.078967 2479355.729041 0.000000
564447.078975 2479355.711497 0.000000
564442.078982 2479355.693954 0.000000
564437.078990 2479355.676411 0.000000
564432.078997 2479355.658867 0.000000
564427.079005 2479355.641324 0.000000
564422.079012 2479355.623780 0.000000
564417.079020 2479355.606237 0.000000
564412.079027 2479355.588694 0.000000
564407.079035 2479355.571150 0.000000
564402.079042 2479355.553607 0.000000
564397.079050 2479355.536064 0.000000
564392.079057 2479355.518520 0.000000
564387.079065 2479355.500977 0.000000
564382.079072 2479355.483433 0.000000
564377.079080 2479355.465890 0.000000
564372.079087 2479355.448347 0.000000
564367.079095 2479355.430803 0.000000
564362.079102 2479355.413260 0.000000
564357.079110 2479355.395716 0.000000
564352.079117 2479355.378173 0.000000
564347.079125 2479355.360630 0.000000
564342.079132 2479355.343086 0.000000
564337.079140 2479355.325543 0.000000
564332.079147 2479355.308000 0.000000
564327.079155 2479355.290456 0.000000
564322.079162 2479355.272913 0.000000
564317.079170 2479355.255369 0.000000
564312.079177 2479355.237826 0.000000
564307.079185 2479355.220283 0.000000
564302.079192 2479355.202739 0.000000
564297.079200 2479355.185196 0.000000
564292.079207 2479355.167652 0.000000
564287.079215 2479355.150109 0.000000
564282.079222 2479355.132566 0.000000
564277.079230 2479355.115022 0.000000
564272.079237 2479355.097479 0.000000
564267.079245 2479355.079936 0.000000
564262.079252 2479355.062392 0.000000
564257.079260 2479355.044849 0.000000
564252.079267 2479355.027305 0.000000
564247.079275 2479355.009762 0.000000
564242.079282 2479354.992219 0.000000
564237.079290 2479354.974675 0.000000
564232.079297 2479354.957132 0.000000
564227.079305 2479354.939588 0.000000
564222.079312 2479354.922045 0.000000
564217.079320 2479354.904502 0.000000
564212.079327 2479354.886958 0.000000
564207.079335 2479354.869415 0.000000
564202.079342 2479354.851872 0.000000
564197.079350 2479354.834328 0.000000
564192.079357 2479354.816785 0.000000
564187.079365 2479354.799241 0.000000
564182.079372 2479354.781698 0.000000
564177.079380 2479354.764155 0.000000
564172.079387 2479354.746611 0.000000
564167.053079 2479354.851875 0.000000
564162.026771 2479354.957138 0.000000
564157.000463 2479355.062402 0.000000
564151.974155 2479355.167665 0.000000
564146.947846 2479355.272928 0.000000
564141.921538 2479355.378192 0.000000
564136.895230 2479355.483455 0.000000
564131.868922 2479355.588719 0.000000
564126.842613 2479355.693982 0.000000
564121.816305 2479355.799246 0.000000
564116.789997 2479355.904509 0.000000
564111.763689 2479356.009773 0.000000
564106.737380 2479356.115036 0.000000
564101.711072 2479356.220300 0.000000
564096.684764 2479356.325563 0.000000
564091.658456 2479356.430826 0.000000
564086.632148 2479356.536090 0.000000
564081.605839 2479356.641353 0.000000
564076.579531 2479356.746617 0.000000
564071.553223 2479356.851880 0.000000
564066.526915 2479356.957144 0.000000
564061.500606 2479357.062407 0.000000
564056.474298 2479357.167671 0.000000
564051.447990 2479357.272934 0.000000
564046.421682 2479357.378197 0.000000
564041.395373 2479357.483461 0.000000
564036.369065 2479357.588724 0.000000
564031.342757 2479357.693988 0.000000
564026.316449 2479357.799251 0.000000
564021.290141 2479357.904515 0.000000
564016.263832 2479358.009778 0.000000
564011.237524 2479358.115042 0.000000
564006.211216 2479358.220305 0.000000
564001.184908 2479358.325568 0.000000
563996.158599 2479358.430832 0.000000
563991.132291 2479358.536095 0.000000
563986.105983 2479358.641359 0.000000
563981.079675 2479358.746622 0.000000
563976.099290 2479359.158387 0.000000
563971.118905 2479359.570151 0.000000
563966.138521 2479359.981916 0.000000
563961.158136 2479360.393680 0.000000
563956.177751 2479360.805445 0.000000
563951.197367 2479361.217209 0.000000
563946.216982 2479361.628974 0.000000
563941.236598 2479362.040738 0.000000
563936.256213 2479362.452503 0.000000
563931.275828 2479362.864268 0.000000
563926.295444 2479363.276032 0.000000
563921.315059 2479363.687797 0.000000
563916.334674 2479364.099561 0.000000
563911.354290 2479364.511326 0.000000
563906.373905 2479364.923090 0.000000
563901.393520 2479365.334855 0.000000
563896.413136 2479365.746619 0.000000
563891.432751 2479366.158384 0.000000
563886.452366 2479366.570148 0.000000
563881.471982 2479366.981913 0.000000
563876.491597 2479367.393677 0.000000
563871.511213 2479367.805442 0.000000
563866.530828 2479368.217206 0.000000
563861.550443 2479368.628971 0.000000
563856.570059 2479369.040735 0.000000
563851.589674 2479369.452500 0.000000
563846.609289 2479369.864264 0.000000
563841.628905 2479370.276029 0.000000
563836.648520 2479370.687794 0.000000
563831.668135 2479371.099558 0.000000
563826.687751 2479371.511323 0.000000
563821.707366 2479371.923087 0.000000
563816.726982 2479372.334852 0.000000
563811.746597 2479372.746616 0.000000
563806.766212 2479373.158381 0.000000
563801.785828 2479373.570145 0.000000
563796.805443 2479373.981910 0.000000
563791.825058 2479374.393674 0.000000
563786.844674 2479374.805439 0.000000
563781.864289 2479375.217203 0.000000
563776.883904 2479375.628968 0.000000
563771.903520 2479376.040732 0.000000
563766.923135 2479376.452497 0.000000
563761.942750 2479376.864261 0.000000
563756.962366 2479377.276026 0.000000
563751.981981 2479377.687790 0.000000
563747.001597 2479378.099555 0.000000
563742.021212 2479378.511320 0.000000
563737.040827 2479378.923084 0.000000
563732.060443 2479379.334849 0.000000
563727.080058 2479379.746613 0.000000
563722.099673 2479380.158378 0.000000
563717.119289 2479380.570142 0.000000
563712.138904 2479380.981907 0.000000
563707.158519 2479381.393671 0.000000
563702.178135 2479381.805436 0.000000
563697.197750 2479382.217200 0.000000
563692.217365 2479382.628965 0.000000
563687.236981 2479383.040729 0.000000
563682.256596 2479383.452494 0.000000
563677.276212 2479383.864258 0.000000
563672.295827 2479384.276023 0.000000
563667.315442 2479384.687787 0.000000
563662.335058 2479385.099552 0.000000
563657.354673 2479385.511316 0.000000
563652.374288 2479385.923081 0.000000
563647.393904 2479386.334846 0.000000
563642.413519 2479386.746610 0.000000
563637.433134 2479387.158375 0.000000
563632.452750 2479387.570139 0.000000
563627.472365 2479387.981904 0.000000
563622.491981 2479388.393668 0.000000
563617.511596 2479388.805433 0.000000
563612.531211 2479389.217197 0.000000
563607.550827 2479389.628962 0.000000
563602.570442 2479390.040726 0.000000
563597.590057 2479390.452491 0.000000
563592.609673 2479390.864255 0.000000
563587.629288 2479391.276020 0.000000
563582.648903 2479391.687784 0.000000
563577.668519 2479392.099549 0.000000
563572.688134 2479392.511313 0.000000
563567.707749 2479392.923078 0.000000
563562.727365 2479393.334842 0.000000
563557.746980 2479393.746607 0.000000
563552.766596 2479394.158372 0.000000
563547.786211 2479394.570136 0.000000
563542.805826 2479394.981901 0.000000
563537.825442 2479395.393665 0.000000
563532.845057 2479395.805430 0.000000
563527.864672 2479396.217194 0.000000
563522.884288 2479396.628959 0.000000
563517.903903 2479397.040723 0.000000
563512.923518 2479397.452488 0.000000
563507.943134 2479397.864252 0.000000
563502.962749 2479398.276017 0.000000
563497.982364 2479398.687781 0.000000
563493.001980 2479399.099546 0.000000
563488.021595 2479399.511310 0.000000
563483.041211 2479399.923075 0.000000
563478.060826 2479400.334839 0.000000
563473.080441 2479400.746604 0.000000
563468.080449 2479401.511309 0.000000
563463.080456 2479402.276014 0.000000
563458.080464 2479403.040719 0.000000
563453.080472 2479403.805425 0.000000
563448.080479 2479404.570130 0.000000
563443.080487 2479405.334835 0.000000
563438.080494 2479406.099540 0.000000
563433.080502 2479406.864245 0.000000
563428.080509 2479407.628950 0.000000
563423.080517 2479408.393656 0.000000
563418.080525 2479409.158361 0.000000
563413.080532 2479409.923066 0.000000
563408.080540 2479410.687771 0.000000
563403.080547 2479411.452476 0.000000
563398.080555 2479412.217182 0.000000
563393.080562 2479412.981887 0.000000
563388.080570 2479413.746592 0.000000
563383.480577 2479415.746589 0.000000
563378.880584 2479417.746587 0.000000
563374.280591 2479419.746584 0.000000
563369.680598 2479421.746581 0.000000
563365.080605 2479423.746579 0.000000
