FFASCI 0 1 "LINES" 0 1e+10
FFATTR 0 1
->1
610774.009963 2482295.736500 0.000000
610769.084157 2482294.876746 0.000000
610764.158352 2482294.016992 0.000000
610759.232546 2482293.157238 0.000000
610754.306740 2482292.297484 0.000000
610749.380934 2482291.437730 0.000000
610744.455128 2482290.577976 0.000000
610739.529323 2482289.718222 0.000000
610734.603517 2482288.858468 0.000000
610729.677711 2482287.998714 0.000000
610724.751905 2482287.138960 0.000000
610719.826100 2482286.279206 0.000000
610714.900294 2482285.419452 0.000000
610709.974488 2482284.559698 0.000000
610705.048682 2482283.699944 0.000000
610700.122876 2482282.840190 0.000000
610695.197071 2482281.980435 0.000000
610690.271265 2482281.120681 0.000000
610685.345459 2482280.260927 0.000000
610680.419653 2482279.401173 0.000000
610675.493848 2482278.541419 0.000000
610670.568042 2482277.681665 0.000000
610665.642236 2482276.821911 0.000000
610660.716430 2482275.962157 0.000000
610655.790624 2482275.102403 0.000000
610650.864819 2482274.242649 0.000000
610645.939013 2482273.382895 0.000000
610641.013207 2482272.523141 0.000000
610636.087401 2482271.663387 0.000000
610631.161596 2482270.803633 0.000000
610626.235790 2482269.943879 0.000000
610621.309984 2482269.084125 0.000000
610616.384178 2482268.224370 0.000000
610611.458372 2482267.364616 0.000000
610606.532567 2482266.504862 0.000000
610601.606761 2482265.645108 0.000000
610596.680955 2482264.785354 0.000000
610591.755149 2482263.925600 0.000000
610586.829344 2482263.065846 0.000000
610581.903538 2482262.206092 0.000000
610576.977732 2482261.346338 0.000000
610572.051926 2482260.486584 0.000000
610567.126120 2482259.626830 0.000000
610562.200315 2482258.767076 0.000000
610557.274509 2482257.907322 0.000000
610552.348703 2482257.047568 0.000000
610547.422897 2482256.187814 0.000000
610542.497091 2482255.328060 0.000000
610537.571286 2482254.468305 0.000000
610532.645480 2482253.608551 0.000000
610527.719674 2482252.748797 0.000000
610522.793868 2482251.889043 0.000000
610517.868063 2482251.029289 0.000000
610512.942257 2482250.169535 0.000000
610508.016451 2482249.309781 0.000000
610503.090645 2482248.450027 0.000000
610498.164839 2482247.590273 0.000000
610493.239034 2482246.730519 0.000000
610488.313228 2482245.870765 0.000000
610483.387422 2482245.011011 0.000000
610478.461616 2482244.151257 0.000000
610473.535811 2482243.291503 0.000000
610468.610005 2482242.431749 0.000000
610463.684199 2482241.571995 0.000000
610458.758393 2482240.712240 0.000000
610453.832587 2482239.852486 0.000000
610448.906782 2482238.992732 0.000000
610443.980976 2482238.132978 0.000000
610439.055170 2482237.273224 0.000000
610434.129364 2482236.413470 0.000000
610429.203559 2482235.553716 0.000000
610424.277753 2482234.693962 0.000000
610419.351947 2482233.834208 0.000000
610414.426141 2482232.974454 0.000000
610409.500335 2482232.114700 0.000000
610404.574530 2482231.254946 0.000000
610399.648724 2482230.395192 0.000000
610394.722918 2482229.535438 0.000000
610389.797112 2482228.675684 0.000000
610384.871306 2482227.815930 0.000000
610379.945501 2482226.956175 0.000000
610375.019695 2482226.096421 0.000000
610370.093889 2482225.236667 0.000000
610365.168083 2482224.376913 0.000000
610360.242278 2482223.517159 0.000000
610355.316472 2482222.657405 0.000000
610350.390666 2482221.797651 0.000000
610345.464860 2482220.937897 0.000000
610340.539054 2482220.078143 0.000000
610335.613249 2482219.218389 0.000000
610330.687443 2482218.358635 0.000000
610325.761637 2482217.498881 0.000000
610320.835831 2482216.639127 0.000000
610315.910026 2482215.779373 0.000000
610310.984220 2482214.919619 0.000000
610306.058414 2482214.059865 0.000000
610301.132608 2482213.200110 0.000000
610296.206802 2482212.340356 0.000000
610291.280997 2482211.480602 0.000000
610286.355191 2482210.620848 0.000000
610281.429385 2482209.761094 0.000000
610276.503579 2482208.901340 0.000000
610271.577774 2482208.041586 0.000000
610266.651968 2482207.181832 0.000000
610261.726162 2482206.322078 0.000000
610256.800356 2482205.462324 0.000000
610251.874550 2482204.602570 0.000000
610246.948745 2482203.742816 0.000000
610242.022939 2482202.883062 0.000000
610237.097133 2482202.023308 0.000000
610232.171327 2482201.163554 0.000000
610227.245522 2482200.303800 0.000000
610222.319716 2482199.444046 0.000000
610217.393910 2482198.584291 0.000000
610212.468104 2482197.724537 0.000000
610207.542298 2482196.864783 0.000000
610202.616493 2482196.005029 0.000000
610197.690687 2482195.145275 0.000000
610192.764881 2482194.285521 0.000000
610187.839075 2482193.425767 0.000000
610182.913269 2482192.566013 0.000000
610177.987464 2482191.706259 0.000000
610173.061658 2482190.846505 0.000000
610168.135852 2482189.986751 0.000000
610163.210046 2482189.126997 0.000000
610158.284241 2482188.267243 0.000000
610153.358435 2482187.407489 0.000000
610148.432629 2482186.547735 0.000000
610143.506823 2482185.687981 0.000000
610138.581017 2482184.828226 0.000000
610133.655212 2482183.968472 0.000000
610128.729406 2482183.108718 0.000000
610123.803600 2482182.248964 0.000000
610118.877794 2482181.389210 0.000000
610113.951989 2482180.529456 0.000000
610109.026183 2482179.669702 0.000000
610104.100377 2482178.809948 0.000000
610099.174571 2482177.950194 0.000000
610094.248765 2482177.090440 0.000000
610089.322960 2482176.230686 0.000000
610084.397154 2482175.370932 0.000000
610079.471348 2482174.511178 0.000000
610074.545542 2482173.651424 0.000000
610069.619737 2482172.791670 0.000000
610064.693931 2482171.931916 0.000000
610059.768125 2482171.072161 0.000000
610054.842319 2482170.212407 0.000000
610049.916513 2482169.352653 0.000000
610044.990708 2482168.492899 0.000000
610040.064902 2482167.633145 0.000000
610035.139096 2482166.773391 0.000000
610030.213290 2482165.913637 0.000000
610025.287485 2482165.053883 0.000000
610020.361679 2482164.194129 0.000000
610015.435873 2482163.334375 0.000000
610010.510067 2482162.474621 0.000000
610005.584261 2482161.614867 0.000000
610000.658456 2482160.755113 0.000000
609995.732650 2482159.895359 0.000000
609990.806844 2482159.035605 0.000000
609985.881038 2482158.175851 0.000000
609980.955232 2482157.316096 0.000000
609976.029427 2482156.456342 0.000000
609971.103621 2482155.596588 0.000000
609966.177815 2482154.736834 0.000000
609961.252009 2482153.877080 0.000000
609956.326204 2482153.017326 0.000000
609951.400398 2482152.157572 0.000000
609946.474592 2482151.297818 0.000000
609941.548786 2482150.438064 0.000000
609936.622980 2482149.578310 0.000000
609931.697175 2482148.718556 0.000000
609926.771369 2482147.858802 0.000000
609921.845563 2482146.999048 0.000000
609916.919757 2482146.139294 0.000000
609911.993952 2482145.279540 0.000000
609907.068146 2482144.419786 0.000000
609902.142340 2482143.560031 0.000000
609897.216534 2482142.700277 0.000000
609892.290728 2482141.840523 0.000000
609887.364923 2482140.980769 0.000000
609882.439117 2482140.121015 0.000000
609877.513311 2482139.261261 0.000000
609872.587505 2482138.401507 0.000000
609867.661700 2482137.541753 0.000000
609862.735894 2482136.681999 0.000000
609857.810088 2482135.822245 0.000000
609852.884282 2482134.962491 0.000000
609847.958476 2482134.102737 0.000000
609843.032671 2482133.242983 0.000000
609838.106865 2482132.383229 0.000000
609833.181059 2482131.523475 0.000000
609828.255253 2482130.663721 0.000000
609823.329448 2482129.803966 0.000000
609818.403642 2482128.944212 0.000000
609813.477836 2482128.084458 0.000000
609808.552030 2482127.224704 0.000000
609803.626224 2482126.364950 0.000000
609798.700419 2482125.505196 0.000000
609793.774613 2482124.645442 0.000000
609788.848807 2482123.785688 0.000000
609783.923001 2482122.925934 0.000000
609778.997195 2482122.066180 0.000000
609774.071390 2482121.206426 0.000000
609769.145584 2482120.346672 0.000000
609764.219778 2482119.486918 0.000000
609759.293972 2482118.627164 0.000000
609754.368167 2482117.767410 0.000000
609749.442361 2482116.907656 0.000000
609744.516555 2482116.047901 0.000000
609739.590749 2482115.188147 0.000000
609734.664943 2482114.328393 0.000000
609729.739138 2482113.468639 0.000000
609724.813332 2482112.608885 0.000000
609719.887526 2482111.749131 0.000000
609714.961720 2482110.889377 0.000000
609710.035915 2482110.029623 0.000000
609705.110109 2482109.169869 0.000000
609700.184303 2482108.310115 0.000000
609695.258497 2482107.450361 0.000000
609690.332691 2482106.590607 0.000000
609685.406886 2482105.730853 0.000000
609680.481080 2482104.871099 0.000000
609675.555274 2482104.011345 0.000000
609670.629468 2482103.151591 0.000000
609665.703663 2482102.291836 0.000000
609660.777857 2482101.432082 0.000000
609655.852051 2482100.572328 0.000000
609650.926245 2482099.712574 0.000000
609646.000439 2482098.852820 0.000000
609641.074634 2482097.993066 0.000000
609636.148828 2482097.133312 0.000000
609631.223022 2482096.273558 0.000000
609626.297216 2482095.413804 0.000000
609621.371411 2482094.554050 0.000000
609616.445605 2482093.694296 0.000000
609611.519799 2482092.834542 0.000000
609606.593993 2482091.974788 0.000000
609601.668187 2482091.115034 0.000000
609596.742382 2482090.255280 0.000000
609591.816576 2482089.395526 0.000000
609586.890770 2482088.535771 0.000000
609581.964964 2482087.676017 0.000000
609577.039158 2482086.816263 0.000000
609572.113353 2482085.956509 0.000000
609567.187547 2482085.096755 0.000000
609562.261741 2482084.237001 0.000000
609557.335935 2482083.377247 0.000000
609552.410130 2482082.517493 0.000000
609547.484324 2482081.657739 0.000000
609542.558518 2482080.797985 0.000000
609537.632712 2482079.938231 0.000000
609532.706906 2482079.078477 0.000000
609527.781101 2482078.218723 0.000000
609522.855295 2482077.358969 0.000000
609517.929489 2482076.499215 0.000000
609513.003683 2482075.639461 0.000000
609508.077878 2482074.779706 0.000000
609503.152072 2482073.919952 0.000000
609498.226266 2482073.060198 0.000000
609493.300460 2482072.200444 0.000000
609488.374654 2482071.340690 0.000000
609483.448849 2482070.480936 0.000000
609478.523043 2482069.621182 0.000000
609473.597237 2482068.761428 0.000000
609468.671431 2482067.901674 0.000000
609463.745626 2482067.041920 0.000000
609458.819820 2482066.182166 0.000000
609453.894014 2482065.322412 0.000000
609448.968208 2482064.462658 0.000000
609444.042402 2482063.602904 0.000000
609439.116597 2482062.743150 0.000000
609434.190791 2482061.883396 0.000000
609429.264985 2482061.023641 0.000000
609424.339179 2482060.163887 0.000000
609419.413374 2482059.304133 0.000000
609414.487568 2482058.444379 0.000000
609409.561762 2482057.584625 0.000000
609404.635956 2482056.724871 0.000000
609399.710150 2482055.865117 0.000000
609394.784345 2482055.005363 0.000000
609389.858539 2482054.145609 0.000000
609384.932733 2482053.285855 0.000000
609380.006927 2482052.426101 0.000000
609375.081121 2482051.566347 0.000000
609370.155316 2482050.706593 0.000000
609365.229510 2482049.846839 0.000000
609360.303704 2482048.987085 0.000000
609355.377898 2482048.127331 0.000000
609350.452093 2482047.267576 0.000000
609345.526287 2482046.407822 0.000000
609340.600481 2482045.548068 0.000000
609335.674675 2482044.688314 0.000000
609330.748869 2482043.828560 0.000000
609325.823064 2482042.968806 0.000000
609320.897258 2482042.109052 0.000000
609315.971452 2482041.249298 0.000000
609311.045646 2482040.389544 0.000000
609306.119841 2482039.529790 0.000000
609301.194035 2482038.670036 0.000000
609296.268229 2482037.810282 0.000000
609291.342423 2482036.950528 0.000000
609286.416617 2482036.090774 0.000000
609281.490812 2482035.231020 0.000000
609276.565006 2482034.371266 0.000000
609271.639200 2482033.511511 0.000000
609266.713394 2482032.651757 0.000000
609261.787589 2482031.792003 0.000000
609256.861783 2482030.932249 0.000000
609251.935977 2482030.072495 0.000000
609247.010171 2482029.212741 0.000000
609242.084365 2482028.352987 0.000000
609237.158560 2482027.493233 0.000000
609232.232754 2482026.633479 0.000000
609227.306948 2482025.773725 0.000000
609222.381142 2482024.913971 0.000000
609217.455337 2482024.054217 0.000000
609212.529531 2482023.194463 0.000000
609207.603725 2482022.334709 0.000000
609202.677919 2482021.474955 0.000000
609197.752113 2482020.615201 0.000000
609192.826308 2482019.755446 0.000000
609187.900502 2482018.895692 0.000000
609182.974696 2482018.035938 0.000000
609178.048890 2482017.176184 0.000000
609173.123084 2482016.316430 0.000000
609168.197279 2482015.456676 0.000000
609163.271473 2482014.596922 0.000000
609158.345667 2482013.737168 0.000000
609153.419861 2482012.877414 0.000000
609148.494056 2482012.017660 0.000000
609143.568250 2482011.157906 0.000000
609138.642444 2482010.298152 0.000000
609133.716638 2482009.438398 0.000000
609128.790832 2482008.578644 0.000000
609123.865027 2482007.718890 0.000000
609118.939221 2482006.859136 0.000000
609114.013415 2482005.999381 0.000000
609109.087609 2482005.139627 0.000000
609104.161804 2482004.279873 0.000000
609099.235998 2482003.420119 0.000000
609094.310192 2482002.560365 0.000000
609089.384386 2482001.700611 0.000000
609084.458580 2482000.840857 0.000000
609079.532775 2481999.981103 0.000000
609074.606969 2481999.121349 0.000000
609069.681163 2481998.261595 0.000000
609064.755357 2481997.401841 0.000000
609059.829552 2481996.542087 0.000000
609054.903746 2481995.682333 0.000000
609049.977940 2481994.822579 0.000000
609045.052134 2481993.962825 0.000000
609040.126328 2481993.103071 0.000000
609035.200523 2481992.243316 0.000000
609030.274717 2481991.383562 0.000000
609025.348911 2481990.523808 0.000000
609020.423105 2481989.664054 0.000000
609015.497300 2481988.804300 0.000000
609010.571494 2481987.944546 0.000000
609005.645688 2481987.084792 0.000000
609000.719882 2481986.225038 0.000000
608995.794076 2481985.365284 0.000000
608990.868271 2481984.505530 0.000000
608985.942465 2481983.645776 0.000000
608981.016659 2481982.786022 0.000000
608976.090853 2481981.926268 0.000000
608971.165047 2481981.066514 0.000000
608966.239242 2481980.206760 0.000000
608961.313436 2481979.347006 0.000000
608956.387630 2481978.487251 0.000000
608951.461824 2481977.627497 0.000000
608946.536019 2481976.767743 0.000000
608941.610213 2481975.907989 0.000000
608936.684407 2481975.048235 0.000000
608931.758601 2481974.188481 0.000000
608926.832795 2481973.328727 0.000000
608921.906990 2481972.468973 0.000000
608916.981184 2481971.609219 0.000000
608912.055378 2481970.749465 0.000000
608907.129572 2481969.889711 0.000000
608902.203767 2481969.029957 0.000000
608897.277961 2481968.170203 0.000000
608892.352155 2481967.310449 0.000000
608887.426349 2481966.450695 0.000000
608882.500543 2481965.590941 0.000000
608877.574738 2481964.731186 0.000000
608872.648932 2481963.871432 0.000000
608867.723126 2481963.011678 0.000000
608862.797320 2481962.151924 0.000000
608857.871515 2481961.292170 0.000000
608852.945709 2481960.432416 0.000000
608848.019903 2481959.572662 0.000000
608843.094097 2481958.712908 0.000000
608838.168291 2481957.853154 0.000000
608833.242486 2481956.993400 0.000000
608828.316680 2481956.133646 0.000000
608823.390874 2481955.273892 0.000000
608818.465068 2481954.414138 0.000000
608813.539263 2481953.554384 0.000000
608808.613457 2481952.694630 0.000000
608803.687651 2481951.834876 0.000000
608798.761845 2481950.975121 0.000000
608793.836039 2481950.115367 0.000000
608788.910234 2481949.255613 0.000000
608783.984428 2481948.395859 0.000000
608779.058622 2481947.536105 0.000000
608774.132816 2481946.676351 0.000000
608769.207010 2481945.816597 0.000000
608764.281205 2481944.956843 0.000000
608759.355399 2481944.097089 0.000000
608754.429593 2481943.237335 0.000000
608749.503787 2481942.377581 0.000000
608744.577982 2481941.517827 0.000000
608739.652176 2481940.658073 0.000000
608734.726370 2481939.798319 0.000000
608729.800564 2481938.938565 0.000000
608724.874758 2481938.078811 0.000000
608719.948953 2481937.219056 0.000000
608715.023147 2481936.359302 0.000000
608710.097341 2481935.499548 0.000000
608705.171535 2481934.639794 0.000000
608700.245730 2481933.780040 0.000000
608695.319924 2481932.920286 0.000000
608690.394118 2481932.060532 0.000000
608685.468312 2481931.200778 0.000000
608680.542506 2481930.341024 0.000000
608675.616701 2481929.481270 0.000000
608670.690895 2481928.621516 0.000000
608665.765089 2481927.761762 0.000000
608660.839283 2481926.902008 0.000000
608655.913478 2481926.042254 0.000000
608650.987672 2481925.182500 0.000000
608646.061866 2481924.322746 0.000000
608641.136060 2481923.462991 0.000000
608636.210254 2481922.603237 0.000000
608631.284449 2481921.743483 0.000000
608626.358643 2481920.883729 0.000000
608621.432837 2481920.023975 0.000000
608616.507031 2481919.164221 0.000000
608611.581225 2481918.304467 0.000000
608606.655420 2481917.444713 0.000000
608601.729614 2481916.584959 0.000000
608596.803808 2481915.725205 0.000000
608591.878002 2481914.865451 0.000000
608586.952197 2481914.005697 0.000000
608582.026391 2481913.145943 0.000000
608577.100585 2481912.286189 0.000000
608572.174779 2481911.426435 0.000000
608567.248973 2481910.566681 0.000000
608562.323168 2481909.706926 0.000000
608557.397362 2481908.847172 0.000000
608552.471556 2481907.987418 0.000000
608547.545750 2481907.127664 0.000000
608542.619945 2481906.267910 0.000000
608537.694139 2481905.408156 0.000000
608532.768333 2481904.548402 0.000000
608527.842527 2481903.688648 0.000000
608522.916721 2481902.828894 0.000000
608517.990916 2481901.969140 0.000000
608513.065110 2481901.109386 0.000000
608508.139304 2481900.249632 0.000000
608503.213498 2481899.389878 0.000000
608498.287693 2481898.530124 0.000000
608493.361887 2481897.670370 0.000000
608488.436081 2481896.810616 0.000000
608483.510275 2481895.950861 0.000000
608478.584469 2481895.091107 0.000000
608473.658664 2481894.231353 0.000000
608468.732858 2481893.371599 0.000000
608463.807052 2481892.511845 0.000000
608458.881246 2481891.652091 0.000000
608453.955441 2481890.792337 0.000000
608449.029635 2481889.932583 0.000000
608444.103829 2481889.072829 0.000000
608439.178023 2481888.213075 0.000000
608434.252217 2481887.353321 0.000000
608429.326412 2481886.493567 0.000000
608424.400606 2481885.633813 0.000000
608419.474800 2481884.774059 0.000000
608414.548994 2481883.914305 0.000000
608409.623188 2481883.054551 0.000000
608404.697383 2481882.194796 0.000000
608399.771577 2481881.335042 0.000000
608394.845771 2481880.475288 0.000000
608389.919965 2481879.615534 0.000000
608384.994160 2481878.755780 0.000000
608380.068354 2481877.896026 0.000000
608375.142548 2481877.036272 0.000000
608370.216742 2481876.176518 0.000000
608365.290936 2481875.316764 0.000000
608360.365131 2481874.457010 0.000000
608355.439325 2481873.597256 0.000000
608350.513519 2481872.737502 0.000000
608345.587713 2481871.877748 0.000000
608340.661908 2481871.017994 0.000000
608335.736102 2481870.158240 0.000000
608330.810296 2481869.298486 0.000000
608325.884490 2481868.438731 0.000000
608320.958684 2481867.578977 0.000000
608316.032879 2481866.719223 0.000000
608311.107073 2481865.859469 0.000000
608306.181267 2481864.999715 0.000000
608301.255461 2481864.139961 0.000000
608296.329656 2481863.280207 0.000000
608291.403850 2481862.420453 0.000000
608286.478044 2481861.560699 0.000000
608281.552238 2481860.700945 0.000000
608276.626432 2481859.841191 0.000000
608271.700627 2481858.981437 0.000000
608266.774821 2481858.121683 0.000000
608261.849015 2481857.261929 0.000000
608256.923209 2481856.402175 0.000000
608251.997404 2481855.542421 0.000000
608247.071598 2481854.682666 0.000000
608242.145792 2481853.822912 0.000000
608237.219986 2481852.963158 0.000000
608232.294180 2481852.103404 0.000000
608227.368375 2481851.243650 0.000000
608222.442569 2481850.383896 0.000000
608217.516763 2481849.524142 0.000000
608212.590957 2481848.664388 0.000000
608207.665151 2481847.804634 0.000000
608202.739346 2481846.944880 0.000000
608197.813540 2481846.085126 0.000000
608192.887734 2481845.225372 0.000000
608187.961928 2481844.365618 0.000000
608183.036123 2481843.505864 0.000000
608178.110317 2481842.646110 0.000000
608173.184511 2481841.786356 0.000000
608168.258705 2481840.926601 0.000000
608163.332899 2481840.066847 0.000000
608158.407094 2481839.207093 0.000000
608153.481288 2481838.347339 0.000000
608148.555482 2481837.487585 0.000000
608143.629676 2481836.627831 0.000000
608138.703871 2481835.768077 0.000000
608133.778065 2481834.908323 0.000000
608128.852259 2481834.048569 0.000000
608123.926453 2481833.188815 0.000000
608119.000647 2481832.329061 0.000000
608114.074842 2481831.469307 0.000000
608109.149036 2481830.609553 0.000000
608104.223230 2481829.749799 0.000000
608099.297424 2481828.890045 0.000000
608094.371619 2481828.030291 0.000000
608089.445813 2481827.170536 0.000000
608084.520007 2481826.310782 0.000000
608079.594201 2481825.451028 0.000000
608074.668395 2481824.591274 0.000000
608069.742590 2481823.731520 0.000000
608064.816784 2481822.871766 0.000000
608059.890978 2481822.012012 0.000000
608054.965172 2481821.152258 0.000000
608050.039367 2481820.292504 0.000000
608045.113561 2481819.432750 0.000000
608040.187755 2481818.572996 0.000000
608035.261949 2481817.713242 0.000000
608030.336143 2481816.853488 0.000000
608025.410338 2481815.993734 0.000000
608020.484532 2481815.133980 0.000000
608015.558726 2481814.274226 0.000000
608010.632920 2481813.414471 0.000000
608005.707114 2481812.554717 0.000000
608000.781309 2481811.694963 0.000000
607995.855503 2481810.835209 0.000000
607990.929697 2481809.975455 0.000000
607986.003891 2481809.115701 0.000000
607981.078086 2481808.255947 0.000000
607976.152280 2481807.396193 0.000000
607971.226474 2481806.536439 0.000000
607966.300668 2481805.676685 0.000000
607961.374862 2481804.816931 0.000000
607956.449057 2481803.957177 0.000000
607951.523251 2481803.097423 0.000000
607946.597445 2481802.237669 0.000000
607941.671639 2481801.377915 0.000000
607936.745834 2481800.518161 0.000000
607931.820028 2481799.658406 0.000000
607926.894222 2481798.798652 0.000000
607921.968416 2481797.938898 0.000000
607917.042610 2481797.079144 0.000000
607912.116805 2481796.219390 0.000000
607907.190999 2481795.359636 0.000000
607902.265193 2481794.499882 0.000000
607897.339387 2481793.640128 0.000000
607892.413582 2481792.780374 0.000000
607887.487776 2481791.920620 0.000000
607882.561970 2481791.060866 0.000000
607877.636164 2481790.201112 0.000000
607872.710358 2481789.341358 0.000000
607867.784553 2481788.481604 0.000000
607862.858747 2481787.621850 0.000000
607857.932941 2481786.762096 0.000000
607853.007135 2481785.902341 0.000000
607848.081330 2481785.042587 0.000000
607843.155524 2481784.182833 0.000000
607838.229718 2481783.323079 0.000000
607833.303912 2481782.463325 0.000000
607828.378106 2481781.603571 0.000000
607823.452301 2481780.743817 0.000000
607818.526495 2481779.884063 0.000000
607813.600689 2481779.024309 0.000000
607808.674883 2481778.164555 0.000000
607803.749077 2481777.304801 0.000000
607798.823272 2481776.445047 0.000000
607793.897466 2481775.585293 0.000000
607788.971660 2481774.725539 0.000000
607784.045854 2481773.865785 0.000000
607779.120049 2481773.006031 0.000000
607774.194243 2481772.146276 0.000000
607769.268437 2481771.286522 0.000000
607764.342631 2481770.426768 0.000000
607759.416825 2481769.567014 0.000000
607754.491020 2481768.707260 0.000000
607749.565214 2481767.847506 0.000000
607744.639408 2481766.987752 0.000000
607739.713602 2481766.127998 0.000000
607734.787797 2481765.268244 0.000000
607729.861991 2481764.408490 0.000000
607724.936185 2481763.548736 0.000000
607720.010379 2481762.688982 0.000000
607715.084573 2481761.829228 0.000000
607710.158768 2481760.969474 0.000000
607705.232962 2481760.109720 0.000000
607700.307156 2481759.249966 0.000000
607695.381350 2481758.390211 0.000000
607690.455545 2481757.530457 0.000000
607685.529739 2481756.670703 0.000000
607680.603933 2481755.810949 0.000000
607675.678127 2481754.951195 0.000000
607670.752321 2481754.091441 0.000000
607665.826516 2481753.231687 0.000000
607660.900710 2481752.371933 0.000000
607655.974904 2481751.512179 0.000000
607651.049098 2481750.652425 0.000000
607646.123293 2481749.792671 0.000000
607641.197487 2481748.932917 0.000000
607636.271681 2481748.073163 0.000000
607631.345875 2481747.213409 0.000000
607626.420069 2481746.353655 0.000000
607621.494264 2481745.493901 0.000000
607616.568458 2481744.634146 0.000000
607611.642652 2481743.774392 0.000000
607606.716846 2481742.914638 0.000000
607601.791040 2481742.054884 0.000000
607596.865235 2481741.195130 0.000000
607591.939429 2481740.335376 0.000000
607587.013623 2481739.475622 0.000000
607582.087817 2481738.615868 0.000000
607577.162012 2481737.756114 0.000000
607572.236206 2481736.896360 0.000000
607567.310400 2481736.036606 0.000000
607562.384594 2481735.176852 0.000000
607557.458788 2481734.317098 0.000000
607552.532983 2481733.457344 0.000000
607547.607177 2481732.597590 0.000000
607542.681371 2481731.737836 0.000000
607537.755565 2481730.878081 0.000000
607532.829760 2481730.018327 0.000000
607527.903954 2481729.158573 0.000000
607522.978148 2481728.298819 0.000000
607518.052342 2481727.439065 0.000000
607513.126536 2481726.579311 0.000000
607508.200731 2481725.719557 0.000000
607503.274925 2481724.859803 0.000000
607498.349119 2481724.000049 0.000000
607493.423313 2481723.140295 0.000000
607488.497508 2481722.280541 0.000000
607483.571702 2481721.420787 0.000000
607478.645896 2481720.561033 0.000000
607473.720090 2481719.701279 0.000000
607468.794284 2481718.841525 0.000000
607463.868479 2481717.981771 0.000000
607458.942673 2481717.122016 0.000000
607454.016867 2481716.262262 0.000000
607449.091061 2481715.402508 0.000000
607444.165256 2481714.542754 0.000000
607439.239450 2481713.683000 0.000000
607434.313644 2481712.823246 0.000000
607429.387838 2481711.963492 0.000000
607424.462032 2481711.103738 0.000000
607419.536227 2481710.243984 0.000000
607414.610421 2481709.384230 0.000000
607409.684615 2481708.524476 0.000000
607404.758809 2481707.664722 0.000000
607399.833003 2481706.804968 0.000000
607394.907198 2481705.945214 0.000000
607389.981392 2481705.085460 0.000000
607385.055586 2481704.225706 0.000000
607380.129780 2481703.365951 0.000000
607375.203975 2481702.506197 0.000000
607370.278169 2481701.646443 0.000000
607365.352363 2481700.786689 0.000000
607360.426557 2481699.926935 0.000000
607355.500751 2481699.067181 0.000000
607350.574946 2481698.207427 0.000000
607345.649140 2481697.347673 0.000000
607340.723334 2481696.487919 0.000000
607335.797528 2481695.628165 0.000000
607330.871723 2481694.768411 0.000000
607325.945917 2481693.908657 0.000000
607321.020111 2481693.048903 0.000000
607316.094305 2481692.189149 0.000000
607311.168499 2481691.329395 0.000000
607306.242694 2481690.469641 0.000000
607301.316888 2481689.609886 0.000000
607296.391082 2481688.750132 0.000000
607291.465276 2481687.890378 0.000000
607286.539471 2481687.030624 0.000000
607281.613665 2481686.170870 0.000000
607276.687859 2481685.311116 0.000000
607271.762053 2481684.451362 0.000000
607266.836247 2481683.591608 0.000000
607261.910442 2481682.731854 0.000000
607256.984636 2481681.872100 0.000000
607252.058830 2481681.012346 0.000000
607247.133024 2481680.152592 0.000000
607242.207219 2481679.292838 0.000000
607237.281413 2481678.433084 0.000000
607232.355607 2481677.573330 0.000000
607227.429801 2481676.713576 0.000000
607222.503995 2481675.853821 0.000000
607217.578190 2481674.994067 0.000000
607212.652384 2481674.134313 0.000000
607207.726578 2481673.274559 0.000000
607202.800772 2481672.414805 0.000000
607197.874966 2481671.555051 0.000000
607192.949161 2481670.695297 0.000000
607188.023355 2481669.835543 0.000000
607183.097549 2481668.975789 0.000000
607178.171743 2481668.116035 0.000000
607173.245938 2481667.256281 0.000000
607168.320132 2481666.396527 0.000000
607163.394326 2481665.536773 0.000000
607158.468520 2481664.677019 0.000000
607153.542714 2481663.817265 0.000000
607148.616909 2481662.957511 0.000000
607143.691103 2481662.097757 0.000000
607138.765297 2481661.238002 0.000000
607133.839491 2481660.378248 0.000000
607128.913686 2481659.518494 0.000000
607123.987880 2481658.658740 0.000000
607119.062074 2481657.798986 0.000000
607114.136268 2481656.939232 0.000000
607109.210462 2481656.079478 0.000000
607104.284657 2481655.219724 0.000000
607099.358851 2481654.359970 0.000000
607094.433045 2481653.500216 0.000000
607089.507239 2481652.640462 0.000000
607084.581434 2481651.780708 0.000000
607079.655628 2481650.920954 0.000000
607074.729822 2481650.061200 0.000000
607069.804016 2481649.201446 0.000000
607064.878210 2481648.341692 0.000000
607059.952405 2481647.481937 0.000000
607055.026599 2481646.622183 0.000000
607050.100793 2481645.762429 0.000000
607045.174987 2481644.902675 0.000000
607040.249182 2481644.042921 0.000000
607035.323376 2481643.183167 0.000000
607030.397570 2481642.323413 0.000000
607025.471764 2481641.463659 0.000000
607020.545958 2481640.603905 0.000000
607015.620153 2481639.744151 0.000000
607010.694347 2481638.884397 0.000000
607005.768541 2481638.024643 0.000000
607000.842735 2481637.164889 0.000000
606995.916929 2481636.305135 0.000000
606990.991124 2481635.445381 0.000000
606986.065318 2481634.585627 0.000000
606981.139512 2481633.725872 0.000000
606976.213706 2481632.866118 0.000000
606971.287901 2481632.006364 0.000000
606966.362095 2481631.146610 0.000000
606961.436289 2481630.286856 0.000000
606956.510483 2481629.427102 0.000000
606951.584677 2481628.567348 0.000000
606946.658872 2481627.707594 0.000000
606941.733066 2481626.847840 0.000000
606936.807260 2481625.988086 0.000000
606931.881454 2481625.128332 0.000000
606926.955649 2481624.268578 0.000000
606922.029843 2481623.408824 0.000000
606917.104037 2481622.549070 0.000000
606912.178231 2481621.689316 0.000000
606907.252425 2481620.829562 0.000000
606902.326620 2481619.969807 0.000000
606897.400814 2481619.110053 0.000000
606892.475008 2481618.250299 0.000000
606887.549202 2481617.390545 0.000000
606882.623397 2481616.530791 0.000000
606877.697591 2481615.671037 0.000000
606872.771785 2481614.811283 0.000000
606867.845979 2481613.951529 0.000000
606862.920173 2481613.091775 0.000000
606857.994368 2481612.232021 0.000000
606853.068562 2481611.372267 0.000000
606848.142756 2481610.512513 0.000000
606843.216950 2481609.652759 0.000000
606838.291144 2481608.793005 0.000000
606833.365339 2481607.933251 0.000000
606828.439533 2481607.073497 0.000000
606823.513727 2481606.213742 0.000000
606818.587921 2481605.353988 0.000000
606813.662116 2481604.494234 0.000000
606808.736310 2481603.634480 0.000000
606803.810504 2481602.774726 0.000000
606798.884698 2481601.914972 0.000000
606793.958892 2481601.055218 0.000000
606789.033087 2481600.195464 0.000000
606784.107281 2481599.335710 0.000000
606779.181475 2481598.475956 0.000000
606774.255669 2481597.616202 0.000000
606769.329864 2481596.756448 0.000000
606764.404058 2481595.896694 0.000000
606759.478252 2481595.036940 0.000000
606754.552446 2481594.177186 0.000000
606749.626640 2481593.317432 0.000000
606744.700835 2481592.457677 0.000000
606739.775029 2481591.597923 0.000000
606734.849223 2481590.738169 0.000000
606729.923417 2481589.878415 0.000000
606724.997612 2481589.018661 0.000000
606720.071806 2481588.158907 0.000000
606715.146000 2481587.299153 0.000000
606710.220194 2481586.439399 0.000000
606705.294388 2481585.579645 0.000000
606700.368583 2481584.719891 0.000000
606695.442777 2481583.860137 0.000000
606690.516971 2481583.000383 0.000000
606685.591165 2481582.140629 0.000000
606680.665360 2481581.280875 0.000000
606675.739554 2481580.421121 0.000000
606670.813748 2481579.561367 0.000000
606665.887942 2481578.701612 0.000000
606660.962136 2481577.841858 0.000000
606656.036331 2481576.982104 0.000000
606651.110525 2481576.122350 0.000000
606646.184719 2481575.262596 0.000000
606641.258913 2481574.402842 0.000000
606636.333107 2481573.543088 0.000000
606631.407302 2481572.683334 0.000000
606626.481496 2481571.823580 0.000000
606621.555690 2481570.963826 0.000000
606616.629884 2481570.104072 0.000000
606611.704079 2481569.244318 0.000000
606606.778273 2481568.384564 0.000000
606601.852467 2481567.524810 0.000000
606596.926661 2481566.665056 0.000000
606592.000855 2481565.805302 0.000000
606587.075050 2481564.945547 0.000000
606582.149244 2481564.085793 0.000000
606577.223438 2481563.226039 0.000000
606572.297632 2481562.366285 0.000000
606567.371827 2481561.506531 0.000000
606562.446021 2481560.646777 0.000000
606557.520215 2481559.787023 0.000000
606552.594409 2481558.927269 0.000000
606547.668603 2481558.067515 0.000000
606542.742798 2481557.207761 0.000000
606537.816992 2481556.348007 0.000000
606532.891186 2481555.488253 0.000000
606527.965380 2481554.628499 0.000000
606523.039575 2481553.768745 0.000000
606518.113769 2481552.908991 0.000000
606513.187963 2481552.049237 0.000000
606508.262157 2481551.189482 0.000000
606503.336351 2481550.329728 0.000000
606498.410546 2481549.469974 0.000000
606493.484740 2481548.610220 0.000000
606488.558934 2481547.750466 0.000000
606483.633128 2481546.890712 0.000000
606478.707323 2481546.030958 0.000000
606473.781517 2481545.171204 0.000000
606468.855711 2481544.311450 0.000000
606463.929905 2481543.451696 0.000000
606459.004099 2481542.591942 0.000000
606454.078294 2481541.732188 0.000000
606449.152488 2481540.872434 0.000000
606444.226682 2481540.012680 0.000000
606439.300876 2481539.152926 0.000000
606434.375070 2481538.293172 0.000000
606429.449265 2481537.433417 0.000000
606424.523459 2481536.573663 0.000000
606419.597653 2481535.713909 0.000000
606414.671847 2481534.854155 0.000000
606409.746042 2481533.994401 0.000000
606404.820236 2481533.134647 0.000000
606399.894430 2481532.274893 0.000000
606394.968624 2481531.415139 0.000000
606390.042818 2481530.555385 0.000000
606385.117013 2481529.695631 0.000000
606380.191207 2481528.835877 0.000000
606375.265401 2481527.976123 0.000000
606370.339595 2481527.116369 0.000000
606365.413790 2481526.256615 0.000000
606360.487984 2481525.396861 0.000000
606355.562178 2481524.537107 0.000000
606350.636372 2481523.677352 0.000000
606345.710566 2481522.817598 0.000000
606340.784761 2481521.957844 0.000000
606335.858955 2481521.098090 0.000000
606330.933149 2481520.238336 0.000000
606326.007343 2481519.378582 0.000000
606321.081538 2481518.518828 0.000000
606316.155732 2481517.659074 0.000000
606311.229926 2481516.799320 0.000000
606306.304120 2481515.939566 0.000000
606301.378314 2481515.079812 0.000000
606296.452509 2481514.220058 0.000000
606291.526703 2481513.360304 0.000000
606286.600897 2481512.500550 0.000000
606281.675091 2481511.640796 0.000000
606276.749286 2481510.781042 0.000000
606271.823480 2481509.921287 0.000000
606266.897674 2481509.061533 0.000000
606261.971868 2481508.201779 0.000000
606257.046062 2481507.342025 0.000000
606252.120257 2481506.482271 0.000000
606247.194451 2481505.622517 0.000000
606242.268645 2481504.762763 0.000000
606237.342839 2481503.903009 0.000000
606232.417033 2481503.043255 0.000000
606227.491228 2481502.183501 0.000000
606222.565422 2481501.323747 0.000000
606217.639616 2481500.463993 0.000000
606212.713810 2481499.604239 0.000000
606207.788005 2481498.744485 0.000000
606202.862199 2481497.884731 0.000000
606197.936393 2481497.024977 0.000000
606193.010587 2481496.165222 0.000000
606188.084781 2481495.305468 0.000000
606183.158976 2481494.445714 0.000000
606178.233170 2481493.585960 0.000000
606173.307364 2481492.726206 0.000000
606168.381558 2481491.866452 0.000000
606163.455753 2481491.006698 0.000000
606158.529947 2481490.146944 0.000000
606153.604141 2481489.287190 0.000000
606148.678335 2481488.427436 0.000000
606143.752529 2481487.567682 0.000000
606138.826724 2481486.707928 0.000000
606133.900918 2481485.848174 0.000000
606128.975112 2481484.988420 0.000000
606124.049306 2481484.128666 0.000000
606119.123501 2481483.268912 0.000000
606114.197695 2481482.409157 0.000000
606109.271889 2481481.549403 0.000000
606104.346083 2481480.689649 0.000000
606099.420277 2481479.829895 0.000000
606094.494472 2481478.970141 0.000000
606089.568666 2481478.110387 0.000000
606084.642860 2481477.250633 0.000000
606079.717054 2481476.390879 0.000000
606074.791249 2481475.531125 0.000000
606069.865443 2481474.671371 0.000000
606064.939637 2481473.811617 0.000000
606060.013831 2481472.951863 0.000000
606055.088025 2481472.092109 0.000000
606050.162220 2481471.232355 0.000000
606045.236414 2481470.372601 0.000000
606040.310608 2481469.512847 0.000000
606035.384802 2481468.653092 0.000000
606030.458996 2481467.793338 0.000000
606025.533191 2481466.933584 0.000000
606020.607385 2481466.073830 0.000000
606015.681579 2481465.214076 0.000000
606010.755773 2481464.354322 0.000000
606005.829968 2481463.494568 0.000000
606000.904162 2481462.634814 0.000000
605995.978356 2481461.775060 0.000000
605991.052550 2481460.915306 0.000000
605986.126744 2481460.055552 0.000000
605981.200939 2481459.195798 0.000000
605976.275133 2481458.336044 0.000000
605971.349327 2481457.476290 0.000000
605966.423521 2481456.616536 0.000000
605961.497716 2481455.756782 0.000000
605956.571910 2481454.897027 0.000000
605951.646104 2481454.037273 0.000000
605946.720298 2481453.177519 0.000000
605941.794492 2481452.317765 0.000000
605936.868687 2481451.458011 0.000000
605931.942881 2481450.598257 0.000000
605927.017075 2481449.738503 0.000000
605922.058749 2481449.155171 0.000000
605917.100423 2481448.571840 0.000000
605912.142097 2481447.988508 0.000000
605907.183771 2481447.405176 0.000000
605902.225445 2481446.821844 0.000000
605897.267119 2481446.238513 0.000000
605892.308793 2481445.655181 0.000000
605887.350467 2481445.071849 0.000000
605882.392141 2481444.488518 0.000000
605877.433815 2481443.905186 0.000000
605872.475489 2481443.321854 0.000000
605867.517163 2481442.738522 0.000000
605862.558837 2481442.155191 0.000000
605857.600511 2481441.571859 0.000000
605852.642185 2481440.988527 0.000000
605847.683859 2481440.405195 0.000000
605842.725533 2481439.821864 0.000000
605837.767207 2481439.238532 0.000000
605832.808881 2481438.655200 0.000000
605827.850555 2481438.071869 0.000000
605822.892229 2481437.488537 0.000000
605817.933903 2481436.905205 0.000000
605812.975577 2481436.321873 0.000000
605808.017251 2481435.738542 0.000000
605803.017258 2481435.471876 0.000000
605798.017266 2481435.205211 0.000000
605793.017273 2481434.938545 0.000000
605788.017281 2481434.671880 0.000000
605783.017288 2481434.405214 0.000000
605778.017295 2481434.138549 0.000000
605773.017303 2481433.871883 0.000000
605768.017310 2481433.605217 0.000000
605763.017318 2481433.338552 0.000000
605758.017325 2481433.071886 0.000000
605753.017333 2481432.805221 0.000000
605748.017340 2481432.538555 0.000000
605743.017348 2481432.271890 0.000000
605738.017355 2481432.005224 0.000000
605733.017362 2481431.738559 0.000000
605728.017370 2481431.738559 0.000000
605723.017377 2481431.738560 0.000000
605718.017385 2481431.738561 0.000000
605713.017392 2481431.738562 0.000000
605708.017400 2481431.738562 0.000000
605703.017407 2481431.738563 0.000000
605698.017415 2481431.738564 0.000000
605693.017422 2481431.738565 0.000000
605688.017430 2481431.738565 0.000000
605683.017437 2481431.738566 0.000000
605678.017445 2481431.738567 0.000000
605673.017452 2481431.738568 0.000000
605668.017460 2481431.738568 0.000000
605663.017467 2481431.738569 0.000000
605658.017474 2481431.738570 0.000000
605653.017482 2481431.738571 0.000000
605648.017489 2481431.738571 0.000000
605643.017497 2481432.125668 0.000000
605638.017504 2481432.512765 0.000000
605633.017512 2481432.899862 0.000000
605628.017520 2481433.286959 0.000000
605623.017527 2481433.674056 0.000000
605618.017535 2481434.061153 0.000000
605613.017542 2481434.448250 0.000000
605608.017550 2481434.835347 0.000000
605603.017557 2481435.222444 0.000000
605598.017565 2481435.609541 0.000000
605593.017572 2481435.996637 0.000000
605588.017580 2481436.383734 0.000000
605583.017587 2481436.770831 0.000000
605578.017595 2481437.157928 0.000000
605573.017602 2481437.545025 0.000000
605568.017610 2481437.932122 0.000000
605563.017617 2481438.319219 0.000000
605558.017625 2481438.706316 0.000000
605553.017632 2481439.093413 0.000000
605548.017640 2481439.480510 0.000000
605543.017648 2481439.867607 0.000000
605538.017655 2481440.254704 0.000000
605533.017663 2481440.641801 0.000000
605528.017670 2481441.028898 0.000000
605523.017678 2481441.415994 0.000000
605518.017685 2481441.803091 0.000000
605513.017693 2481442.190188 0.000000
605508.017700 2481442.577285 0.000000
605503.017708 2481442.964382 0.000000
605498.017715 2481443.351479 0.000000
605493.017723 2481443.738576 0.000000
605488.111480 2481444.644825 0.000000
605483.205238 2481445.551075 0.000000
605478.298995 2481446.457324 0.000000
605473.392753 2481447.363573 0.000000
605468.486510 2481448.269823 0.000000
605463.580268 2481449.176072 0.000000
605458.674025 2481450.082322 0.000000
605453.767783 2481450.988571 0.000000
605448.861540 2481451.894820 0.000000
605443.955298 2481452.801070 0.000000
605439.049055 2481453.707319 0.000000
605434.142812 2481454.613568 0.000000
605429.236570 2481455.519818 0.000000
605424.330327 2481456.426067 0.000000
605419.424085 2481457.332316 0.000000
605414.517842 2481458.238566 0.000000
605409.611600 2481459.144815 0.000000
605404.705357 2481460.051064 0.000000
605399.799115 2481460.957314 0.000000
605394.892872 2481461.863563 0.000000
605389.986630 2481462.769813 0.000000
605385.080387 2481463.676062 0.000000
605380.174145 2481464.582311 0.000000
605375.267902 2481465.488561 0.000000
605370.361660 2481466.394810 0.000000
605365.455417 2481467.301059 0.000000
605360.549174 2481468.207309 0.000000
605355.642932 2481469.113558 0.000000
605350.736689 2481470.019807 0.000000
605345.830447 2481470.926057 0.000000
605340.924204 2481471.832306 0.000000
605336.017962 2481472.738555 0.000000
605331.217969 2481474.138554 0.000000
605326.417977 2481475.538553 0.000000
605321.617984 2481476.938551 0.000000
605316.817991 2481478.338550 0.000000
605312.017999 2481479.738548 0.000000
605307.218006 2481481.138547 0.000000
605302.418013 2481482.538546 0.000000
605297.618021 2481483.938544 0.000000
605292.818028 2481485.338543 0.000000
605288.018036 2481486.738541 0.000000
605283.218043 2481488.138540 0.000000
605278.418050 2481489.538539 0.000000
605273.618058 2481490.938537 0.000000
605268.818065 2481492.338536 0.000000
605264.018072 2481493.738534 0.000000
605259.218080 2481495.138533 0.000000
605254.418087 2481496.538532 0.000000
605249.618095 2481497.938530 0.000000
605244.818102 2481499.338529 0.000000
605240.018109 2481500.738527 0.000000
605235.218117 2481502.138526 0.000000
605230.418124 2481503.538525 0.000000
605225.618131 2481504.938523 0.000000
605220.818139 2481506.338522 0.000000
605216.018146 2481507.738520 0.000000
605211.218154 2481509.138519 0.000000
605206.418161 2481510.538518 0.000000
605201.618168 2481511.938516 0.000000
605196.818176 2481513.338515 0.000000
605192.018183 2481514.738513 0.000000
605187.373029 2481516.577221 0.000000
605182.727875 2481518.415929 0.000000
605178.082721 2481520.254636 0.000000
605173.437567 2481522.093344 0.000000
605168.792413 2481523.932051 0.000000
605164.147259 2481525.770759 0.000000
605159.502105 2481527.609467 0.000000
605154.856951 2481529.448174 0.000000
605150.211796 2481531.286882 0.000000
605145.566642 2481533.125589 0.000000
605140.921488 2481534.964297 0.000000
605136.276334 2481536.803005 0.000000
605131.631180 2481538.641712 0.000000
605126.986026 2481540.480420 0.000000
605122.340872 2481542.319127 0.000000
605117.695718 2481544.157835 0.000000
605113.050564 2481545.996542 0.000000
605108.405410 2481547.835250 0.000000
605103.760256 2481549.673958 0.000000
605099.115102 2481551.512665 0.000000
605094.469948 2481553.351373 0.000000
605089.824793 2481555.190080 0.000000
605085.179639 2481557.028788 0.000000
605080.534485 2481558.867496 0.000000
605075.889331 2481560.706203 0.000000
605071.244177 2481562.544911 0.000000
605066.599023 2481564.383618 0.000000
605061.953869 2481566.222326 0.000000
605057.308715 2481568.061034 0.000000
605052.663561 2481569.899741 0.000000
605048.018407 2481571.738449 0.000000
605043.485856 2481573.847749 0.000000
605038.953305 2481575.957048 0.000000
605034.420754 2481578.066348 0.000000
605029.888202 2481580.175648 0.000000
605025.355651 2481582.284948 0.000000
605020.823100 2481584.394248 0.000000
605016.290549 2481586.503547 0.000000
605011.757998 2481588.612847 0.000000
605007.225447 2481590.722147 0.000000
605002.692896 2481592.831447 0.000000
604998.160345 2481594.940747 0.000000
604993.627794 2481597.050047 0.000000
604989.095243 2481599.159346 0.000000
604984.562692 2481601.268646 0.000000
604980.030141 2481603.377946 0.000000
604975.497590 2481605.487246 0.000000
604970.965039 2481607.596546 0.000000
604966.432488 2481609.705845 0.000000
604961.899937 2481611.815145 0.000000
604957.367385 2481613.924445 0.000000
604952.834834 2481616.033745 0.000000
604948.302283 2481618.143045 0.000000
604943.769732 2481620.252344 0.000000
604939.237181 2481622.361644 0.000000
604934.704630 2481624.470944 0.000000
604930.172079 2481626.580244 0.000000
604925.639528 2481628.689544 0.000000
604921.106977 2481630.798843 0.000000
604916.574426 2481632.908143 0.000000
604912.041875 2481635.017443 0.000000
604907.509324 2481637.126743 0.000000
604902.976773 2481639.236043 0.000000
604898.444222 2481641.345343 0.000000
604893.911671 2481643.454642 0.000000
604889.379120 2481645.563942 0.000000
604884.846568 2481647.673242 0.000000
604880.314017 2481649.782542 0.000000
604875.781466 2481651.891842 0.000000
604871.248915 2481654.001141 0.000000
604866.716364 2481656.110441 0.000000
604862.183813 2481658.219741 0.000000
604857.651262 2481660.329041 0.000000
604853.118711 2481662.438341 0.000000
604848.586160 2481664.547640 0.000000
604844.053609 2481666.656940 0.000000
604839.521058 2481668.766240 0.000000
604834.988507 2481670.875540 0.000000
604830.455956 2481672.984840 0.000000
604825.923405 2481675.094140 0.000000
604821.390854 2481677.203439 0.000000
604816.858303 2481679.312739 0.000000
604812.325751 2481681.422039 0.000000
604807.793200 2481683.531339 0.000000
604803.260649 2481685.640639 0.000000
604798.728098 2481687.749938 0.000000
604794.195547 2481689.859238 0.000000
604789.662996 2481691.968538 0.000000
604785.130445 2481694.077838 0.000000
604780.597894 2481696.187138 0.000000
604776.065343 2481698.296437 0.000000
604771.532792 2481700.405737 0.000000
604767.000241 2481702.515037 0.000000
604762.467690 2481704.624337 0.000000
604757.935139 2481706.733637 0.000000
604753.402588 2481708.842937 0.000000
604748.870037 2481710.952236 0.000000
604744.337486 2481713.061536 0.000000
604739.804934 2481715.170836 0.000000
604735.272383 2481717.280136 0.000000
604730.739832 2481719.389436 0.000000
604726.207281 2481721.498735 0.000000
604721.674730 2481723.608035 0.000000
604717.142179 2481725.717335 0.000000
604712.609628 2481727.826635 0.000000
604708.077077 2481729.935935 0.000000
604703.544526 2481732.045234 0.000000
604699.011975 2481734.154534 0.000000
604694.479424 2481736.263834 0.000000
604689.946873 2481738.373134 0.000000
604685.414322 2481740.482434 0.000000
604680.881771 2481742.591733 0.000000
604676.349220 2481744.701033 0.000000
604671.816669 2481746.810333 0.000000
604667.284118 2481748.919633 0.000000
604662.751566 2481751.028933 0.000000
604658.219015 2481753.138233 0.000000
604653.686464 2481755.247532 0.000000
604649.153913 2481757.356832 0.000000
604644.621362 2481759.466132 0.000000
604640.088811 2481761.575432 0.000000
604635.556260 2481763.684732 0.000000
604631.023709 2481765.794031 0.000000
604626.491158 2481767.903331 0.000000
604621.958607 2481770.012631 0.000000
604617.426056 2481772.121931 0.000000
604612.893505 2481774.231231 0.000000
604608.360954 2481776.340530 0.000000
604603.828403 2481778.449830 0.000000
604599.295852 2481780.559130 0.000000
604594.763301 2481782.668430 0.000000
604590.230749 2481784.777730 0.000000
604585.698198 2481786.887030 0.000000
604581.165647 2481788.996329 0.000000
604576.633096 2481791.105629 0.000000
604572.100545 2481793.214929 0.000000
604567.567994 2481795.324229 0.000000
604563.035443 2481797.433529 0.000000
604558.502892 2481799.542828 0.000000
604553.970341 2481801.652128 0.000000
604549.437790 2481803.761428 0.000000
604544.905239 2481805.870728 0.000000
604540.372688 2481807.980028 0.000000
604535.840137 2481810.089327 0.000000
604531.307586 2481812.198627 0.000000
604526.775035 2481814.307927 0.000000
604522.242484 2481816.417227 0.000000
604517.709932 2481818.526527 0.000000
604513.177381 2481820.635827 0.000000
604508.644830 2481822.745126 0.000000
604504.112279 2481824.854426 0.000000
604499.579728 2481826.963726 0.000000
604495.047177 2481829.073026 0.000000
604490.514626 2481831.182326 0.000000
604485.982075 2481833.291625 0.000000
604481.449524 2481835.400925 0.000000
604476.916973 2481837.510225 0.000000
604472.384422 2481839.619525 0.000000
604467.851871 2481841.728825 0.000000
604463.319320 2481843.838124 0.000000
604458.786769 2481845.947424 0.000000
604454.254218 2481848.056724 0.000000
604449.721667 2481850.166024 0.000000
604445.189115 2481852.275324 0.000000
604440.656564 2481854.384624 0.000000
604436.124013 2481856.493923 0.000000
604431.591462 2481858.603223 0.000000
604427.058911 2481860.712523 0.000000
604422.526360 2481862.821823 0.000000
604417.993809 2481864.931123 0.000000
604413.461258 2481867.040422 0.000000
604408.928707 2481869.149722 0.000000
604404.396156 2481871.259022 0.000000
604399.863605 2481873.368322 0.000000
604395.331054 2481875.477622 0.000000
604390.798503 2481877.586921 0.000000
604386.265952 2481879.696221 0.000000
604381.733401 2481881.805521 0.000000
604377.200850 2481883.914821 0.000000
604372.668298 2481886.024121 0.000000
604368.135747 2481888.133420 0.000000
604363.603196 2481890.242720 0.000000
604359.070645 2481892.352020 0.000000
604354.538094 2481894.461320 0.000000
604350.005543 2481896.570620 0.000000
604345.472992 2481898.679920 0.000000
604340.940441 2481900.789219 0.000000
604336.407890 2481902.898519 0.000000
604331.875339 2481905.007819 0.000000
604327.342788 2481907.117119 0.000000
604322.810237 2481909.226419 0.000000
604318.277686 2481911.335718 0.000000
604313.745135 2481913.445018 0.000000
604309.212584 2481915.554318 0.000000
604304.680033 2481917.663618 0.000000
604300.147481 2481919.772918 0.000000
604295.614930 2481921.882217 0.000000
604291.082379 2481923.991517 0.000000
604286.549828 2481926.100817 0.000000
604282.017277 2481928.210117 0.000000
604277.484726 2481930.319417 0.000000
604272.952175 2481932.428717 0.000000
604268.419624 2481934.538016 0.000000
604263.887073 2481936.647316 0.000000
604259.354522 2481938.756616 0.000000
604254.821971 2481940.865916 0.000000
604250.289420 2481942.975216 0.000000
604245.756869 2481945.084515 0.000000
604241.224318 2481947.193815 0.000000
604236.691767 2481949.303115 0.000000
604232.159216 2481951.412415 0.000000
604227.626664 2481953.521715 0.000000
604223.094113 2481955.631014 0.000000
604218.561562 2481957.740314 0.000000
604214.029011 2481959.849614 0.000000
604209.496460 2481961.958914 0.000000
604204.963909 2481964.068214 0.000000
604200.431358 2481966.177514 0.000000
604195.898807 2481968.286813 0.000000
604191.366256 2481970.396113 0.000000
604186.833705 2481972.505413 0.000000
604182.301154 2481974.614713 0.000000
604177.768603 2481976.724013 0.000000
604173.236052 2481978.833312 0.000000
604168.703501 2481980.942612 0.000000
604164.170950 2481983.051912 0.000000
604159.638399 2481985.161212 0.000000
604155.105847 2481987.270512 0.000000
604150.573296 2481989.379811 0.000000
604146.040745 2481991.489111 0.000000
604141.508194 2481993.598411 0.000000
604136.975643 2481995.707711 0.000000
604132.443092 2481997.817011 0.000000
604127.910541 2481999.926311 0.000000
604123.377990 2482002.035610 0.000000
604118.845439 2482004.144910 0.000000
604114.312888 2482006.254210 0.000000
604109.780337 2482008.363510 0.000000
604105.247786 2482010.472810 0.000000
604100.715235 2482012.582109 0.000000
604096.182684 2482014.691409 0.000000
604091.650133 2482016.800709 0.000000
604087.117582 2482018.910009 0.000000
604082.585030 2482021.019309 0.000000
604078.052479 2482023.128608 0.000000
604073.519928 2482025.237908 0.000000
604068.987377 2482027.347208 0.000000
604064.454826 2482029.456508 0.000000
604059.922275 2482031.565808 0.000000
604055.389724 2482033.675107 0.000000
604050.857173 2482035.784407 0.000000
604046.324622 2482037.893707 0.000000
604041.792071 2482040.003007 0.000000
604037.259520 2482042.112307 0.000000
604032.726969 2482044.221607 0.000000
604028.194418 2482046.330906 0.000000
604023.661867 2482048.440206 0.000000
604019.129316 2482050.549506 0.000000
604014.596765 2482052.658806 0.000000
604010.064214 2482054.768106 0.000000
604005.531662 2482056.877405 0.000000
604000.999111 2482058.986705 0.000000
603996.466560 2482061.096005 0.000000
603991.934009 2482063.205305 0.000000
603987.401458 2482065.314605 0.000000
603982.868907 2482067.423904 0.000000
603978.336356 2482069.533204 0.000000
603973.803805 2482071.642504 0.000000
603969.271254 2482073.751804 0.000000
603964.738703 2482075.861104 0.000000
603960.206152 2482077.970404 0.000000
603955.673601 2482080.079703 0.000000
603951.141050 2482082.189003 0.000000
603946.608499 2482084.298303 0.000000
603942.075948 2482086.407603 0.000000
603937.543397 2482088.516903 0.000000
603933.010845 2482090.626202 0.000000
603928.478294 2482092.735502 0.000000
603923.945743 2482094.844802 0.000000
603919.413192 2482096.954102 0.000000
603914.880641 2482099.063402 0.000000
603910.348090 2482101.172701 0.000000
603905.815539 2482103.282001 0.000000
603901.282988 2482105.391301 0.000000
603896.750437 2482107.500601 0.000000
603892.217886 2482109.609901 0.000000
603887.685335 2482111.719201 0.000000
603883.152784 2482113.828500 0.000000
603878.620233 2482115.937800 0.000000
603874.087682 2482118.047100 0.000000
603869.555131 2482120.156400 0.000000
603865.022580 2482122.265700 0.000000
603860.490028 2482124.374999 0.000000
603855.957477 2482126.484299 0.000000
603851.424926 2482128.593599 0.000000
603846.892375 2482130.702899 0.000000
603842.359824 2482132.812199 0.000000
603837.827273 2482134.921498 0.000000
603833.294722 2482137.030798 0.000000
603828.762171 2482139.140098 0.000000
603824.229620 2482141.249398 0.000000
603819.697069 2482143.358698 0.000000
603815.164518 2482145.467998 0.000000
603810.631967 2482147.577297 0.000000
603806.099416 2482149.686597 0.000000
603801.566865 2482151.795897 0.000000
603797.034314 2482153.905197 0.000000
603792.501763 2482156.014497 0.000000
603787.969211 2482158.123796 0.000000
603783.436660 2482160.233096 0.000000
603778.904109 2482162.342396 0.000000
603774.371558 2482164.451696 0.000000
603769.839007 2482166.560996 0.000000
603765.306456 2482168.670295 0.000000
603760.773905 2482170.779595 0.000000
603756.241354 2482172.888895 0.000000
603751.708803 2482174.998195 0.000000
603747.176252 2482177.107495 0.000000
603742.643701 2482179.216794 0.000000
603738.111150 2482181.326094 0.000000
603733.578599 2482183.435394 0.000000
603729.046048 2482185.544694 0.000000
603724.513497 2482187.653994 0.000000
603719.980946 2482189.763294 0.000000
603715.448394 2482191.872593 0.000000
603710.915843 2482193.981893 0.000000
603706.383292 2482196.091193 0.000000
603701.850741 2482198.200493 0.000000
603697.318190 2482200.309793 0.000000
603692.785639 2482202.419092 0.000000
603688.253088 2482204.528392 0.000000
603683.720537 2482206.637692 0.000000
603679.187986 2482208.746992 0.000000
603674.655435 2482210.856292 0.000000
603670.122884 2482212.965591 0.000000
603665.590333 2482215.074891 0.000000
603661.057782 2482217.184191 0.000000
603656.525231 2482219.293491 0.000000
603651.992680 2482221.402791 0.000000
603647.460129 2482223.512091 0.000000
603642.927577 2482225.621390 0.000000
603638.395026 2482227.730690 0.000000
603633.862475 2482229.839990 0.000000
603629.329924 2482231.949290 0.000000
603624.797373 2482234.058590 0.000000
603620.264822 2482236.167889 0.000000
603615.732271 2482238.277189 0.000000
603611.199720 2482240.386489 0.000000
603606.667169 2482242.495789 0.000000
603602.134618 2482244.605089 0.000000
603597.602067 2482246.714388 0.000000
603593.069516 2482248.823688 0.000000
603588.536965 2482250.932988 0.000000
603584.004414 2482253.042288 0.000000
603579.471863 2482255.151588 0.000000
603574.939312 2482257.260888 0.000000
603570.406760 2482259.370187 0.000000
603565.874209 2482261.479487 0.000000
603561.341658 2482263.588787 0.000000
603556.809107 2482265.698087 0.000000
603552.276556 2482267.807387 0.000000
603547.744005 2482269.916686 0.000000
603543.211454 2482272.025986 0.000000
603538.678903 2482274.135286 0.000000
603534.146352 2482276.244586 0.000000
603529.613801 2482278.353886 0.000000
603525.081250 2482280.463185 0.000000
603520.548699 2482282.572485 0.000000
603516.016148 2482284.681785 0.000000
603511.483597 2482286.791085 0.000000
603506.951046 2482288.900385 0.000000
603502.418495 2482291.009684 0.000000
603497.885943 2482293.118984 0.000000
603493.353392 2482295.228284 0.000000
603488.820841 2482297.337584 0.000000
603484.288290 2482299.446884 0.000000
603479.755739 2482301.556184 0.000000
603475.223188 2482303.665483 0.000000
603470.690637 2482305.774783 0.000000
603466.158086 2482307.884083 0.000000
603461.625535 2482309.993383 0.000000
603457.092984 2482312.102683 0.000000
603452.560433 2482314.211982 0.000000
603448.027882 2482316.321282 0.000000
603443.495331 2482318.430582 0.000000
603438.962780 2482320.539882 0.000000
603434.430229 2482322.649182 0.000000
603429.897678 2482324.758481 0.000000
603425.365126 2482326.867781 0.000000
603420.832575 2482328.977081 0.000000
603416.300024 2482331.086381 0.000000
603411.767473 2482333.195681 0.000000
603407.234922 2482335.304981 0.000000
603402.702371 2482337.414280 0.000000
603398.169820 2482339.523580 0.000000
603393.637269 2482341.632880 0.000000
603389.104718 2482343.742180 0.000000
603384.572167 2482345.851480 0.000000
603380.039616 2482347.960779 0.000000
603375.507065 2482350.070079 0.000000
603370.974514 2482352.179379 0.000000
603366.441963 2482354.288679 0.000000
603361.909412 2482356.397979 0.000000
603357.376861 2482358.507278 0.000000
603352.844309 2482360.616578 0.000000
603348.311758 2482362.725878 0.000000
603343.779207 2482364.835178 0.000000
603339.246656 2482366.944478 0.000000
603334.714105 2482369.053778 0.000000
603330.181554 2482371.163077 0.000000
603325.649003 2482373.272377 0.000000
603321.116452 2482375.381677 0.000000
603316.583901 2482377.490977 0.000000
603312.051350 2482379.600277 0.000000
603307.518799 2482381.709576 0.000000
603302.986248 2482383.818876 0.000000
603298.453697 2482385.928176 0.000000
603293.921146 2482388.037476 0.000000
603289.388595 2482390.146776 0.000000
603284.856044 2482392.256075 0.000000
603280.323493 2482394.365375 0.000000
603275.790941 2482396.474675 0.000000
603271.258390 2482398.583975 0.000000
603266.725839 2482400.693275 0.000000
603262.193288 2482402.802575 0.000000
603257.660737 2482404.911874 0.000000
603253.128186 2482407.021174 0.000000
603248.595635 2482409.130474 0.000000
603244.063084 2482411.239774 0.000000
603239.530533 2482413.349074 0.000000
603234.997982 2482415.458373 0.000000
603230.465431 2482417.567673 0.000000
603225.932880 2482419.676973 0.000000
603221.400329 2482421.786273 0.000000
603216.867778 2482423.895573 0.000000
603212.335227 2482426.004872 0.000000
603207.802676 2482428.114172 0.000000
603203.270124 2482430.223472 0.000000
603198.737573 2482432.332772 0.000000
603194.205022 2482434.442072 0.000000
603189.672471 2482436.551371 0.000000
603185.139920 2482438.660671 0.000000
603180.607369 2482440.769971 0.000000
603176.074818 2482442.879271 0.000000
603171.542267 2482444.988571 0.000000
603167.009716 2482447.097871 0.000000
603162.477165 2482449.207170 0.000000
603157.944614 2482451.316470 0.000000
603153.412063 2482453.425770 0.000000
603148.879512 2482455.535070 0.000000
603144.346961 2482457.644370 0.000000
603139.814410 2482459.753669 0.000000
603135.281859 2482461.862969 0.000000
603130.749307 2482463.972269 0.000000
603126.216756 2482466.081569 0.000000
603121.684205 2482468.190869 0.000000
603117.151654 2482470.300168 0.000000
603112.619103 2482472.409468 0.000000
603108.086552 2482474.518768 0.000000
603103.554001 2482476.628068 0.000000
603099.021450 2482478.737368 0.000000
603094.440062 2482480.760621 0.000000
603089.858674 2482482.783875 0.000000
603085.277285 2482484.807128 0.000000
603080.695897 2482486.830381 0.000000
603076.114509 2482488.853635 0.000000
603071.533121 2482490.876888 0.000000
603066.951733 2482492.900142 0.000000
603062.370344 2482494.923395 0.000000
603057.788956 2482496.946649 0.000000
603053.207568 2482498.969902 0.000000
603048.626180 2482500.993155 0.000000
603044.044791 2482503.016409 0.000000
603039.463403 2482505.039662 0.000000
603034.882015 2482507.062916 0.000000
603030.300627 2482509.086169 0.000000
603025.719239 2482511.109423 0.000000
603021.137850 2482513.132676 0.000000
603016.556462 2482515.155929 0.000000
603011.975074 2482517.179183 0.000000
603007.393686 2482519.202436 0.000000
603002.812297 2482521.225690 0.000000
602998.230909 2482523.248943 0.000000
602993.649521 2482525.272197 0.000000
602989.068133 2482527.295450 0.000000
602984.486745 2482529.318703 0.000000
602979.905356 2482531.341957 0.000000
602975.323968 2482533.365210 0.000000
602970.742580 2482535.388464 0.000000
602966.161192 2482537.411717 0.000000
602961.579804 2482539.434971 0.000000
602956.998415 2482541.458224 0.000000
602952.417027 2482543.481477 0.000000
602947.835639 2482545.504731 0.000000
602943.254251 2482547.527984 0.000000
602938.672862 2482549.551238 0.000000
602934.091474 2482551.574491 0.000000
602929.510086 2482553.597745 0.000000
602924.928698 2482555.620998 0.000000
602920.347310 2482557.644252 0.000000
602915.765921 2482559.667505 0.000000
602911.184533 2482561.690758 0.000000
602906.603145 2482563.714012 0.000000
602902.021757 2482565.737265 0.000000
602897.488869 2482567.849105 0.000000
602892.955981 2482569.960944 0.000000
602888.423094 2482572.072784 0.000000
602883.890206 2482574.184624 0.000000
602879.357318 2482576.296463 0.000000
602874.824431 2482578.408303 0.000000
602870.291543 2482580.520142 0.000000
602865.758655 2482582.631982 0.000000
602861.225768 2482584.743821 0.000000
602856.692880 2482586.855661 0.000000
602852.159992 2482588.967501 0.000000
602847.627105 2482591.079340 0.000000
602843.094217 2482593.191180 0.000000
602838.561329 2482595.303019 0.000000
602834.028442 2482597.414859 0.000000
602829.495554 2482599.526699 0.000000
602824.962666 2482601.638538 0.000000
602820.429779 2482603.750378 0.000000
602815.896891 2482605.862217 0.000000
602811.364003 2482607.974057 0.000000
602806.831116 2482610.085896 0.000000
602802.298228 2482612.197736 0.000000
602797.765340 2482614.309576 0.000000
602793.232453 2482616.421415 0.000000
602788.699565 2482618.533255 0.000000
602784.166677 2482620.645094 0.000000
602779.633790 2482622.756934 0.000000
602775.100902 2482624.868773 0.000000
602770.568014 2482626.980613 0.000000
602766.035127 2482629.092453 0.000000
602761.502239 2482631.204292 0.000000
602756.969351 2482633.316132 0.000000
602752.436464 2482635.427971 0.000000
602747.903576 2482637.539811 0.000000
602743.370688 2482639.651651 0.000000
602738.837801 2482641.763490 0.000000
602734.304913 2482643.875330 0.000000
602729.772025 2482645.987169 0.000000
602725.239138 2482648.099009 0.000000
602720.706250 2482650.210848 0.000000
602716.173362 2482652.322688 0.000000
602711.640475 2482654.434528 0.000000
602707.107587 2482656.546367 0.000000
602702.574699 2482658.658207 0.000000
602698.041812 2482660.770046 0.000000
602693.508924 2482662.881886 0.000000
602688.976036 2482664.993725 0.000000
602684.443149 2482667.105565 0.000000
602679.910261 2482669.217405 0.000000
602675.377373 2482671.329244 0.000000
602670.844486 2482673.441084 0.000000
602666.311598 2482675.552923 0.000000
602661.778710 2482677.664763 0.000000
602657.245823 2482679.776603 0.000000
602652.712935 2482681.888442 0.000000
602648.180047 2482684.000282 0.000000
602643.647160 2482686.112121 0.000000
602639.114272 2482688.223961 0.000000
602634.581384 2482690.335800 0.000000
602630.048497 2482692.447640 0.000000
602625.515609 2482694.559480 0.000000
602620.982721 2482696.671319 0.000000
602616.449834 2482698.783159 0.000000
602611.916946 2482700.894998 0.000000
602607.384058 2482703.006838 0.000000
602602.851171 2482705.118677 0.000000
602598.318283 2482707.230517 0.000000
602593.785395 2482709.342357 0.000000
602589.252508 2482711.454196 0.000000
602584.719620 2482713.566036 0.000000
602580.186732 2482715.677875 0.000000
602575.653845 2482717.789715 0.000000
602571.120957 2482719.901555 0.000000
602566.588069 2482722.013394 0.000000
602562.055182 2482724.125234 0.000000
602557.522294 2482726.237073 0.000000
602552.989406 2482728.348913 0.000000
602548.456519 2482730.460752 0.000000
602543.923631 2482732.572592 0.000000
602539.390743 2482734.684432 0.000000
602534.857856 2482736.796271 0.000000
602530.324968 2482738.908111 0.000000
602525.792080 2482741.019950 0.000000
602521.259193 2482743.131790 0.000000
602516.726305 2482745.243629 0.000000
602512.193417 2482747.355469 0.000000
602507.660530 2482749.467309 0.000000
602503.127642 2482751.579148 0.000000
602498.594754 2482753.690988 0.000000
602494.061867 2482755.802827 0.000000
602489.528979 2482757.914667 0.000000
602484.996091 2482760.026507 0.000000
602480.463204 2482762.138346 0.000000
602475.930316 2482764.250186 0.000000
602471.397428 2482766.362025 0.000000
602466.864541 2482768.473865 0.000000
602462.331653 2482770.585704 0.000000
602457.798765 2482772.697544 0.000000
602453.265878 2482774.809384 0.000000
602448.732990 2482776.921223 0.000000
602444.200102 2482779.033063 0.000000
602439.667215 2482781.144902 0.000000
602435.134327 2482783.256742 0.000000
602430.601439 2482785.368581 0.000000
602426.068552 2482787.480421 0.000000
602421.535664 2482789.592261 0.000000
602417.002776 2482791.704100 0.000000
602412.469889 2482793.815940 0.000000
602407.937001 2482795.927779 0.000000
602403.404113 2482798.039619 0.000000
602398.871226 2482800.151459 0.000000
602394.338338 2482802.263298 0.000000
602389.805450 2482804.375138 0.000000
602385.272563 2482806.486977 0.000000
602380.739675 2482808.598817 0.000000
602376.206787 2482810.710656 0.000000
602371.673900 2482812.822496 0.000000
602367.141012 2482814.934336 0.000000
602362.608124 2482817.046175 0.000000
602358.075237 2482819.158015 0.000000
602353.542349 2482821.269854 0.000000
602349.009461 2482823.381694 0.000000
602344.476574 2482825.493533 0.000000
602339.943686 2482827.605373 0.000000
602335.410798 2482829.717213 0.000000
602330.877911 2482831.829052 0.000000
602326.345023 2482833.940892 0.000000
602321.812135 2482836.052731 0.000000
602317.279248 2482838.164571 0.000000
602312.746360 2482840.276411 0.000000
602308.213472 2482842.388250 0.000000
602303.680585 2482844.500090 0.000000
602299.147697 2482846.611929 0.000000
602294.614809 2482848.723769 0.000000
602290.081922 2482850.835608 0.000000
602285.549034 2482852.947448 0.000000
602281.016146 2482855.059288 0.000000
602276.483259 2482857.171127 0.000000
602271.950371 2482859.282967 0.000000
602267.417483 2482861.394806 0.000000
602262.884596 2482863.506646 0.000000
602258.351708 2482865.618485 0.000000
602253.818820 2482867.730325 0.000000
602249.285933 2482869.842165 0.000000
602244.753045 2482871.954004 0.000000
602240.220157 2482874.065844 0.000000
602235.687270 2482876.177683 0.000000
602231.154382 2482878.289523 0.000000
602226.621494 2482880.401363 0.000000
602222.088607 2482882.513202 0.000000
602217.555719 2482884.625042 0.000000
602213.022831 2482886.736881 0.000000
602208.556172 2482888.970212 0.000000
602204.089512 2482891.203543 0.000000
602199.622852 2482893.436873 0.000000
602195.156193 2482895.670204 0.000000
602190.689533 2482897.903534 0.000000
602186.222873 2482900.136865 0.000000
602181.756214 2482902.370196 0.000000
602177.289554 2482904.603526 0.000000
602172.822894 2482906.836857 0.000000
602168.356235 2482909.070187 0.000000
602163.889575 2482911.303518 0.000000
602159.422915 2482913.536849 0.000000
602154.956256 2482915.770179 0.000000
602150.489596 2482918.003510 0.000000
602146.022936 2482920.236840 0.000000
602141.556276 2482922.470171 0.000000
602137.089617 2482924.703502 0.000000
602132.622957 2482926.936832 0.000000
602128.156297 2482929.170163 0.000000
602123.689638 2482931.403494 0.000000
602119.222978 2482933.636824 0.000000
602114.756318 2482935.870155 0.000000
602110.289659 2482938.103485 0.000000
602105.822999 2482940.336816 0.000000
602101.356339 2482942.570147 0.000000
602096.889680 2482944.803477 0.000000
602092.423020 2482947.036808 0.000000
602087.956360 2482949.270138 0.000000
602083.489701 2482951.503469 0.000000
602079.023041 2482953.736800 0.000000
602074.489264 2482955.845425 0.000000
602069.955487 2482957.954050 0.000000
602065.421711 2482960.062676 0.000000
602060.887934 2482962.171301 0.000000
602056.354157 2482964.279926 0.000000
602051.820381 2482966.388552 0.000000
602047.286604 2482968.497177 0.000000
602042.752827 2482970.605802 0.000000
602038.219050 2482972.714427 0.000000
602033.685274 2482974.823053 0.000000
602029.151497 2482976.931678 0.000000
602024.617720 2482979.040303 0.000000
602020.083943 2482981.148929 0.000000
602015.550167 2482983.257554 0.000000
602011.016390 2482985.366179 0.000000
602006.482613 2482987.474805 0.000000
602001.948836 2482989.583430 0.000000
601997.415060 2482991.692055 0.000000
601992.881283 2482993.800681 0.000000
601988.347506 2482995.909306 0.000000
601983.813729 2482998.017931 0.000000
601979.279953 2483000.126557 0.000000
601974.746176 2483002.235182 0.000000
601970.212399 2483004.343807 0.000000
601965.678622 2483006.452432 0.000000
601961.144846 2483008.561058 0.000000
601956.611069 2483010.669683 0.000000
601952.077292 2483012.778308 0.000000
601947.543516 2483014.886934 0.000000
601943.009739 2483016.995559 0.000000
601938.475962 2483019.104184 0.000000
601933.942185 2483021.212810 0.000000
601929.408409 2483023.321435 0.000000
601924.874632 2483025.430060 0.000000
601920.340855 2483027.538686 0.000000
601915.807078 2483029.647311 0.000000
601911.273302 2483031.755936 0.000000
601906.739525 2483033.864562 0.000000
601902.205748 2483035.973187 0.000000
601897.671971 2483038.081812 0.000000
601893.138195 2483040.190437 0.000000
601888.604418 2483042.299063 0.000000
601884.070641 2483044.407688 0.000000
601879.536864 2483046.516313 0.000000
601875.003088 2483048.624939 0.000000
601870.469311 2483050.733564 0.000000
601865.935534 2483052.842189 0.000000
601861.401757 2483054.950815 0.000000
601856.867981 2483057.059440 0.000000
601852.334204 2483059.168065 0.000000
601847.800427 2483061.276691 0.000000
601843.266651 2483063.385316 0.000000
601838.732874 2483065.493941 0.000000
601834.199097 2483067.602566 0.000000
601829.665320 2483069.711192 0.000000
601825.131544 2483071.819817 0.000000
601820.597767 2483073.928442 0.000000
601816.063990 2483076.037068 0.000000
601811.530213 2483078.145693 0.000000
601806.996437 2483080.254318 0.000000
601802.462660 2483082.362944 0.000000
601797.928883 2483084.471569 0.000000
601793.395106 2483086.580194 0.000000
601788.861330 2483088.688820 0.000000
601784.327553 2483090.797445 0.000000
601779.793776 2483092.906070 0.000000
601775.259999 2483095.014696 0.000000
601770.726223 2483097.123321 0.000000
601766.192446 2483099.231946 0.000000
601761.658669 2483101.340571 0.000000
601757.124892 2483103.449197 0.000000
601752.591116 2483105.557822 0.000000
601748.057339 2483107.666447 0.000000
601743.523562 2483109.775073 0.000000
601738.989786 2483111.883698 0.000000
601734.456009 2483113.992323 0.000000
601729.922232 2483116.100949 0.000000
601725.388455 2483118.209574 0.000000
601720.854679 2483120.318199 0.000000
601716.320902 2483122.426825 0.000000
601711.787125 2483124.535450 0.000000
601707.253348 2483126.644075 0.000000
601702.719572 2483128.752701 0.000000
601698.185795 2483130.861326 0.000000
601693.652018 2483132.969951 0.000000
601689.118241 2483135.078576 0.000000
601684.584465 2483137.187202 0.000000
601680.050688 2483139.295827 0.000000
601675.516911 2483141.404452 0.000000
601670.983134 2483143.513078 0.000000
601666.449358 2483145.621703 0.000000
601661.915581 2483147.730328 0.000000
601657.381804 2483149.838954 0.000000
601652.848027 2483151.947579 0.000000
601648.314251 2483154.056204 0.000000
601643.780474 2483156.164830 0.000000
601639.246697 2483158.273455 0.000000
601634.712921 2483160.382080 0.000000
601630.179144 2483162.490705 0.000000
601625.645367 2483164.599331 0.000000
601621.111590 2483166.707956 0.000000
601616.577814 2483168.816581 0.000000
601612.044037 2483170.925207 0.000000
601607.510260 2483173.033832 0.000000
601602.976483 2483175.142457 0.000000
601598.442707 2483177.251083 0.000000
601593.908930 2483179.359708 0.000000
601589.375153 2483181.468333 0.000000
601584.841376 2483183.576959 0.000000
601580.307600 2483185.685584 0.000000
601575.773823 2483187.794209 0.000000
601571.240046 2483189.902835 0.000000
601566.706269 2483192.011460 0.000000
601562.172493 2483194.120085 0.000000
601557.638716 2483196.228710 0.000000
601553.104939 2483198.337336 0.000000
601548.571162 2483200.445961 0.000000
601544.037386 2483202.554586 0.000000
601539.503609 2483204.663212 0.000000
601534.969832 2483206.771837 0.000000
601530.436056 2483208.880462 0.000000
601525.902279 2483210.989088 0.000000
601521.368502 2483213.097713 0.000000
601516.834725 2483215.206338 0.000000
601512.300949 2483217.314964 0.000000
601507.767172 2483219.423589 0.000000
601503.233395 2483221.532214 0.000000
601498.699618 2483223.640840 0.000000
601494.165842 2483225.749465 0.000000
601489.632065 2483227.858090 0.000000
601485.098288 2483229.966715 0.000000
601480.564511 2483232.075341 0.000000
601476.030735 2483234.183966 0.000000
601471.496958 2483236.292591 0.000000
601466.963181 2483238.401217 0.000000
601462.429404 2483240.509842 0.000000
601457.895628 2483242.618467 0.000000
601453.361851 2483244.727093 0.000000
601448.828074 2483246.835718 0.000000
601444.294297 2483248.944343 0.000000
601439.760521 2483251.052969 0.000000
601435.226744 2483253.161594 0.000000
601430.692967 2483255.270219 0.000000
601426.159191 2483257.378845 0.000000
601421.625414 2483259.487470 0.000000
601417.091637 2483261.596095 0.000000
601412.557860 2483263.704720 0.000000
601408.024084 2483265.813346 0.000000
601403.490307 2483267.921971 0.000000
601398.956530 2483270.030596 0.000000
601394.422753 2483272.139222 0.000000
601389.888977 2483274.247847 0.000000
601385.355200 2483276.356472 0.000000
601380.821423 2483278.465098 0.000000
601376.287646 2483280.573723 0.000000
601371.753870 2483282.682348 0.000000
601367.220093 2483284.790974 0.000000
601362.686316 2483286.899599 0.000000
601358.152539 2483289.008224 0.000000
601353.618763 2483291.116849 0.000000
601349.084986 2483293.225475 0.000000
601344.551209 2483295.334100 0.000000
601340.017432 2483297.442725 0.000000
601335.483656 2483299.551351 0.000000
601330.949879 2483301.659976 0.000000
601326.416102 2483303.768601 0.000000
601321.882326 2483305.877227 0.000000
601317.348549 2483307.985852 0.000000
601312.814772 2483310.094477 0.000000
601308.280995 2483312.203103 0.000000
601303.747219 2483314.311728 0.000000
601299.213442 2483316.420353 0.000000
601294.679665 2483318.528979 0.000000
601290.145888 2483320.637604 0.000000
601285.612112 2483322.746229 0.000000
601281.078335 2483324.854854 0.000000
601276.544558 2483326.963480 0.000000
601272.010781 2483329.072105 0.000000
601267.477005 2483331.180730 0.000000
601262.943228 2483333.289356 0.000000
601258.409451 2483335.397981 0.000000
601253.875674 2483337.506606 0.000000
601249.341898 2483339.615232 0.000000
601244.808121 2483341.723857 0.000000
601240.274344 2483343.832482 0.000000
601235.740567 2483345.941108 0.000000
601231.206791 2483348.049733 0.000000
601226.673014 2483350.158358 0.000000
601222.139237 2483352.266984 0.000000
601217.605461 2483354.375609 0.000000
601213.071684 2483356.484234 0.000000
601208.537907 2483358.592859 0.000000
601204.004130 2483360.701485 0.000000
601199.470354 2483362.810110 0.000000
601194.936577 2483364.918735 0.000000
601190.402800 2483367.027361 0.000000
601185.869023 2483369.135986 0.000000
601181.335247 2483371.244611 0.000000
601176.801470 2483373.353237 0.000000
601172.267693 2483375.461862 0.000000
601167.733916 2483377.570487 0.000000
601163.200140 2483379.679113 0.000000
601158.666363 2483381.787738 0.000000
601154.132586 2483383.896363 0.000000
601149.598809 2483386.004989 0.000000
601145.065033 2483388.113614 0.000000
601140.531256 2483390.222239 0.000000
601135.997479 2483392.330864 0.000000
601131.463702 2483394.439490 0.000000
601126.929926 2483396.548115 0.000000
601122.396149 2483398.656740 0.000000
601117.862372 2483400.765366 0.000000
601113.328596 2483402.873991 0.000000
601108.794819 2483404.982616 0.000000
601104.261042 2483407.091242 0.000000
601099.727265 2483409.199867 0.000000
601095.193489 2483411.308492 0.000000
601090.659712 2483413.417118 0.000000
601086.125935 2483415.525743 0.000000
601081.592158 2483417.634368 0.000000
601077.058382 2483419.742993 0.000000
601072.524605 2483421.851619 0.000000
601067.990828 2483423.960244 0.000000
601063.457051 2483426.068869 0.000000
601058.923275 2483428.177495 0.000000
601054.389498 2483430.286120 0.000000
601049.855721 2483432.394745 0.000000
601045.321944 2483434.503371 0.000000
601040.788168 2483436.611996 0.000000
601036.254391 2483438.720621 0.000000
601031.720614 2483440.829247 0.000000
601027.186837 2483442.937872 0.000000
601022.653061 2483445.046497 0.000000
601018.119284 2483447.155123 0.000000
601013.585507 2483449.263748 0.000000
601009.051731 2483451.372373 0.000000
601004.517954 2483453.480998 0.000000
600999.984177 2483455.589624 0.000000
600995.450400 2483457.698249 0.000000
600990.916624 2483459.806874 0.000000
600986.382847 2483461.915500 0.000000
600981.849070 2483464.024125 0.000000
600977.315293 2483466.132750 0.000000
600972.781517 2483468.241376 0.000000
600968.247740 2483470.350001 0.000000
600963.713963 2483472.458626 0.000000
600959.180186 2483474.567252 0.000000
600954.646410 2483476.675877 0.000000
600950.112633 2483478.784502 0.000000
600945.578856 2483480.893128 0.000000
600941.045079 2483483.001753 0.000000
600936.511303 2483485.110378 0.000000
600931.977526 2483487.219003 0.000000
600927.443749 2483489.327629 0.000000
600922.909972 2483491.436254 0.000000
600918.376196 2483493.544879 0.000000
600913.842419 2483495.653505 0.000000
600909.308642 2483497.762130 0.000000
600904.774866 2483499.870755 0.000000
600900.241089 2483501.979381 0.000000
600895.707312 2483504.088006 0.000000
600891.173535 2483506.196631 0.000000
600886.639759 2483508.305257 0.000000
600882.105982 2483510.413882 0.000000
600877.572205 2483512.522507 0.000000
600873.038428 2483514.631133 0.000000
600868.504652 2483516.739758 0.000000
600863.970875 2483518.848383 0.000000
600859.437098 2483520.957008 0.000000
600854.903321 2483523.065634 0.000000
600850.369545 2483525.174259 0.000000
600845.835768 2483527.282884 0.000000
600841.301991 2483529.391510 0.000000
600836.768214 2483531.500135 0.000000
600832.234438 2483533.608760 0.000000
600827.700661 2483535.717386 0.000000
600823.166884 2483537.826011 0.000000
600818.633107 2483539.934636 0.000000
600814.099331 2483542.043262 0.000000
600809.565554 2483544.151887 0.000000
600805.031777 2483546.260512 0.000000
600800.498001 2483548.369137 0.000000
600795.964224 2483550.477763 0.000000
600791.430447 2483552.586388 0.000000
600786.896670 2483554.695013 0.000000
600782.362894 2483556.803639 0.000000
600777.829117 2483558.912264 0.000000
600773.295340 2483561.020889 0.000000
600768.761563 2483563.129515 0.000000
600764.227787 2483565.238140 0.000000
600759.694010 2483567.346765 0.000000
600755.160233 2483569.455391 0.000000
600750.626456 2483571.564016 0.000000
600746.092680 2483573.672641 0.000000
600741.558903 2483575.781267 0.000000
600737.025126 2483577.889892 0.000000
600732.491349 2483579.998517 0.000000
600727.957573 2483582.107142 0.000000
600723.423796 2483584.215768 0.000000
600718.890019 2483586.324393 0.000000
600714.356242 2483588.433018 0.000000
600709.822466 2483590.541644 0.000000
600705.288689 2483592.650269 0.000000
600700.754912 2483594.758894 0.000000
600696.221136 2483596.867520 0.000000
600691.687359 2483598.976145 0.000000
600687.153582 2483601.084770 0.000000
600682.619805 2483603.193396 0.000000
600678.086029 2483605.302021 0.000000
600673.552252 2483607.410646 0.000000
600669.018475 2483609.519272 0.000000
600664.484698 2483611.627897 0.000000
600659.950922 2483613.736522 0.000000
600655.417145 2483615.845147 0.000000
600650.883368 2483617.953773 0.000000
600646.349591 2483620.062398 0.000000
600641.815815 2483622.171023 0.000000
600637.282038 2483624.279649 0.000000
600632.748261 2483626.388274 0.000000
600628.214484 2483628.496899 0.000000
600623.680708 2483630.605525 0.000000
600619.146931 2483632.714150 0.000000
600614.613154 2483634.822775 0.000000
600610.079377 2483636.931401 0.000000
600605.545601 2483639.040026 0.000000
600601.011824 2483641.148651 0.000000
600596.478047 2483643.257276 0.000000
600591.944271 2483645.365902 0.000000
600587.410494 2483647.474527 0.000000
600582.876717 2483649.583152 0.000000
600578.342940 2483651.691778 0.000000
600573.809164 2483653.800403 0.000000
600569.275387 2483655.909028 0.000000
600564.741610 2483658.017654 0.000000
600560.207833 2483660.126279 0.000000
600555.674057 2483662.234904 0.000000
600551.140280 2483664.343530 0.000000
600546.606503 2483666.452155 0.000000
600542.072726 2483668.560780 0.000000
600537.538950 2483670.669406 0.000000
600533.005173 2483672.778031 0.000000
600528.471396 2483674.886656 0.000000
600523.937619 2483676.995281 0.000000
600519.403843 2483679.103907 0.000000
600514.870066 2483681.212532 0.000000
600510.336289 2483683.321157 0.000000
600505.802512 2483685.429783 0.000000
600501.268736 2483687.538408 0.000000
600496.734959 2483689.647033 0.000000
600492.201182 2483691.755659 0.000000
600487.667406 2483693.864284 0.000000
600483.133629 2483695.972909 0.000000
600478.599852 2483698.081535 0.000000
600474.066075 2483700.190160 0.000000
600469.532299 2483702.298785 0.000000
600464.998522 2483704.407411 0.000000
600460.464745 2483706.516036 0.000000
600455.930968 2483708.624661 0.000000
600451.397192 2483710.733286 0.000000
600446.863415 2483712.841912 0.000000
600442.329638 2483714.950537 0.000000
600437.795861 2483717.059162 0.000000
600433.262085 2483719.167788 0.000000
600428.728308 2483721.276413 0.000000
600424.194531 2483723.385038 0.000000
600419.660754 2483725.493664 0.000000
600415.126978 2483727.602289 0.000000
600410.593201 2483729.710914 0.000000
600406.059424 2483731.819540 0.000000
600401.525647 2483733.928165 0.000000
600396.991871 2483736.036790 0.000000
600392.458094 2483738.145416 0.000000
600387.924317 2483740.254041 0.000000
600383.390541 2483742.362666 0.000000
600378.856764 2483744.471291 0.000000
600374.322987 2483746.579917 0.000000
600369.789210 2483748.688542 0.000000
600365.255434 2483750.797167 0.000000
600360.721657 2483752.905793 0.000000
600356.187880 2483755.014418 0.000000
600351.654103 2483757.123043 0.000000
600347.120327 2483759.231669 0.000000
600342.586550 2483761.340294 0.000000
600338.052773 2483763.448919 0.000000
600333.518996 2483765.557545 0.000000
600328.985220 2483767.666170 0.000000
600324.451443 2483769.774795 0.000000
600319.917666 2483771.883420 0.000000
600315.383889 2483773.992046 0.000000
600310.850113 2483776.100671 0.000000
600306.316336 2483778.209296 0.000000
600301.782559 2483780.317922 0.000000
600297.248782 2483782.426547 0.000000
600292.715006 2483784.535172 0.000000
600288.181229 2483786.643798 0.000000
600283.647452 2483788.752423 0.000000
600279.113676 2483790.861048 0.000000
600274.579899 2483792.969674 0.000000
600270.046122 2483795.078299 0.000000
600265.512345 2483797.186924 0.000000
600260.978569 2483799.295550 0.000000
600256.444792 2483801.404175 0.000000
600251.911015 2483803.512800 0.000000
600247.377238 2483805.621425 0.000000
600242.843462 2483807.730051 0.000000
600238.309685 2483809.838676 0.000000
600233.775908 2483811.947301 0.000000
600229.242131 2483814.055927 0.000000
600224.708355 2483816.164552 0.000000
600220.174578 2483818.273177 0.000000
600215.640801 2483820.381803 0.000000
600211.107024 2483822.490428 0.000000
600206.573248 2483824.599053 0.000000
600202.039471 2483826.707679 0.000000
600197.505694 2483828.816304 0.000000
600192.971917 2483830.924929 0.000000
600188.438141 2483833.033555 0.000000
600183.904364 2483835.142180 0.000000
600179.370587 2483837.250805 0.000000
600174.836811 2483839.359430 0.000000
600170.303034 2483841.468056 0.000000
600165.769257 2483843.576681 0.000000
600161.235480 2483845.685306 0.000000
600156.701704 2483847.793932 0.000000
600152.167927 2483849.902557 0.000000
600147.634150 2483852.011182 0.000000
600143.100373 2483854.119808 0.000000
600138.566597 2483856.228433 0.000000
600134.032820 2483858.337058 0.000000
600129.499043 2483860.445684 0.000000
600124.965266 2483862.554309 0.000000
600120.431490 2483864.662934 0.000000
600115.897713 2483866.771560 0.000000
600111.363936 2483868.880185 0.000000
600106.830159 2483870.988810 0.000000
600102.296383 2483873.097435 0.000000
600097.762606 2483875.206061 0.000000
600093.228829 2483877.314686 0.000000
600088.695052 2483879.423311 0.000000
600084.161276 2483881.531937 0.000000
600079.627499 2483883.640562 0.000000
600075.093722 2483885.749187 0.000000
600070.559945 2483887.857813 0.000000
600066.026169 2483889.966438 0.000000
600061.492392 2483892.075063 0.000000
600056.958615 2483894.183689 0.000000
600052.424839 2483896.292314 0.000000
600047.891062 2483898.400939 0.000000
600043.357285 2483900.509564 0.000000
600038.823508 2483902.618190 0.000000
600034.289732 2483904.726815 0.000000
600029.755955 2483906.835440 0.000000
600025.222178 2483908.944066 0.000000
600020.688401 2483911.052691 0.000000
600016.154625 2483913.161316 0.000000
600011.620848 2483915.269942 0.000000
600007.087071 2483917.378567 0.000000
600002.553294 2483919.487192 0.000000
599998.019518 2483921.595818 0.000000
599993.485741 2483923.704443 0.000000
599988.951964 2483925.813068 0.000000
599984.418187 2483927.921694 0.000000
599979.884411 2483930.030319 0.000000
599975.350634 2483932.138944 0.000000
599970.816857 2483934.247569 0.000000
599966.283080 2483936.356195 0.000000
599961.749304 2483938.464820 0.000000
599957.215527 2483940.573445 0.000000
599952.681750 2483942.682071 0.000000
599948.147974 2483944.790696 0.000000
599943.614197 2483946.899321 0.000000
599939.080420 2483949.007947 0.000000
599934.546643 2483951.116572 0.000000
599930.012867 2483953.225197 0.000000
599925.479090 2483955.333823 0.000000
599920.945313 2483957.442448 0.000000
599916.411536 2483959.551073 0.000000
599911.877760 2483961.659699 0.000000
599907.343983 2483963.768324 0.000000
599902.810206 2483965.876949 0.000000
599898.276429 2483967.985574 0.000000
599893.742653 2483970.094200 0.000000
599889.208876 2483972.202825 0.000000
599884.675099 2483974.311450 0.000000
599880.141322 2483976.420076 0.000000
599875.607546 2483978.528701 0.000000
599871.073769 2483980.637326 0.000000
599866.539992 2483982.745952 0.000000
599862.006215 2483984.854577 0.000000
599857.472439 2483986.963202 0.000000
599852.938662 2483989.071828 0.000000
599848.404885 2483991.180453 0.000000
599843.871109 2483993.289078 0.000000
599839.337332 2483995.397703 0.000000
599834.803555 2483997.506329 0.000000
599830.269778 2483999.614954 0.000000
599825.736002 2484001.723579 0.000000
599821.202225 2484003.832205 0.000000
599816.668448 2484005.940830 0.000000
599812.134671 2484008.049455 0.000000
599807.600895 2484010.158081 0.000000
599803.067118 2484012.266706 0.000000
599798.533341 2484014.375331 0.000000
599793.999564 2484016.483957 0.000000
599789.465788 2484018.592582 0.000000
599784.932011 2484020.701207 0.000000
599780.398234 2484022.809833 0.000000
599775.864457 2484024.918458 0.000000
599771.330681 2484027.027083 0.000000
599766.796904 2484029.135708 0.000000
599762.263127 2484031.244334 0.000000
599757.729350 2484033.352959 0.000000
599753.195574 2484035.461584 0.000000
599748.661797 2484037.570210 0.000000
599744.128020 2484039.678835 0.000000
599739.594244 2484041.787460 0.000000
599735.060467 2484043.896086 0.000000
599730.526690 2484046.004711 0.000000
599725.992913 2484048.113336 0.000000
599721.459137 2484050.221962 0.000000
599716.925360 2484052.330587 0.000000
599712.391583 2484054.439212 0.000000
599707.857806 2484056.547838 0.000000
599703.324030 2484058.656463 0.000000
599698.790253 2484060.765088 0.000000
599694.256476 2484062.873713 0.000000
599689.722699 2484064.982339 0.000000
599685.188923 2484067.090964 0.000000
599680.655146 2484069.199589 0.000000
599676.121369 2484071.308215 0.000000
599671.587592 2484073.416840 0.000000
599667.053816 2484075.525465 0.000000
599662.520039 2484077.634091 0.000000
599657.986262 2484079.742716 0.000000
599653.452485 2484081.851341 0.000000
599648.918709 2484083.959967 0.000000
599644.384932 2484086.068592 0.000000
599639.851155 2484088.177217 0.000000
599635.317379 2484090.285843 0.000000
599630.783602 2484092.394468 0.000000
599626.249825 2484094.503093 0.000000
599621.716048 2484096.611718 0.000000
599617.182272 2484098.720344 0.000000
599612.648495 2484100.828969 0.000000
599608.114718 2484102.937594 0.000000
599603.580941 2484105.046220 0.000000
599599.047165 2484107.154845 0.000000
599594.513388 2484109.263470 0.000000
599589.979611 2484111.372096 0.000000
599585.445834 2484113.480721 0.000000
599580.912058 2484115.589346 0.000000
599576.378281 2484117.697972 0.000000
599571.844504 2484119.806597 0.000000
599567.310727 2484121.915222 0.000000
599562.776951 2484124.023847 0.000000
599558.243174 2484126.132473 0.000000
599553.709397 2484128.241098 0.000000
599549.175620 2484130.349723 0.000000
599544.641844 2484132.458349 0.000000
599540.108067 2484134.566974 0.000000
599535.574290 2484136.675599 0.000000
599531.040514 2484138.784225 0.000000
599526.506737 2484140.892850 0.000000
599521.972960 2484143.001475 0.000000
599517.439183 2484145.110101 0.000000
599512.905407 2484147.218726 0.000000
599508.371630 2484149.327351 0.000000
599503.837853 2484151.435977 0.000000
599499.304076 2484153.544602 0.000000
599494.770300 2484155.653227 0.000000
599490.236523 2484157.761852 0.000000
599485.702746 2484159.870478 0.000000
599481.168969 2484161.979103 0.000000
599476.635193 2484164.087728 0.000000
599472.101416 2484166.196354 0.000000
599467.567639 2484168.304979 0.000000
599463.033862 2484170.413604 0.000000
599458.500086 2484172.522230 0.000000
599453.966309 2484174.630855 0.000000
599449.432532 2484176.739480 0.000000
599444.898755 2484178.848106 0.000000
599440.364979 2484180.956731 0.000000
599435.831202 2484183.065356 0.000000
599431.297425 2484185.173982 0.000000
599426.763649 2484187.282607 0.000000
599422.229872 2484189.391232 0.000000
599417.696095 2484191.499857 0.000000
599413.162318 2484193.608483 0.000000
599408.628542 2484195.717108 0.000000
599404.094765 2484197.825733 0.000000
599399.560988 2484199.934359 0.000000
599395.027211 2484202.042984 0.000000
599390.493435 2484204.151609 0.000000
599385.959658 2484206.260235 0.000000
599381.425881 2484208.368860 0.000000
599376.892104 2484210.477485 0.000000
599372.358328 2484212.586111 0.000000
599367.824551 2484214.694736 0.000000
599363.290774 2484216.803361 0.000000
599358.756997 2484218.911987 0.000000
599354.223221 2484221.020612 0.000000
599349.689444 2484223.129237 0.000000
599345.155667 2484225.237862 0.000000
599340.621890 2484227.346488 0.000000
599336.088114 2484229.455113 0.000000
599331.554337 2484231.563738 0.000000
599327.020560 2484233.672364 0.000000
599322.486784 2484235.780989 0.000000
599317.953007 2484237.889614 0.000000
599313.419230 2484239.998240 0.000000
599308.885453 2484242.106865 0.000000
599304.351677 2484244.215490 0.000000
599299.817900 2484246.324116 0.000000
599295.284123 2484248.432741 0.000000
599290.750346 2484250.541366 0.000000
599286.216570 2484252.649991 0.000000
599281.682793 2484254.758617 0.000000
599277.149016 2484256.867242 0.000000
599272.615239 2484258.975867 0.000000
599268.081463 2484261.084493 0.000000
599263.547686 2484263.193118 0.000000
599259.013909 2484265.301743 0.000000
599254.480132 2484267.410369 0.000000
599249.946356 2484269.518994 0.000000
599245.412579 2484271.627619 0.000000
599240.878802 2484273.736245 0.000000
599236.345025 2484275.844870 0.000000
599231.811249 2484277.953495 0.000000
599227.277472 2484280.062121 0.000000
599222.743695 2484282.170746 0.000000
599218.209919 2484284.279371 0.000000
599213.676142 2484286.387996 0.000000
599209.142365 2484288.496622 0.000000
599204.608588 2484290.605247 0.000000
599200.074812 2484292.713872 0.000000
599195.541035 2484294.822498 0.000000
599191.007258 2484296.931123 0.000000
599186.473481 2484299.039748 0.000000
599181.939705 2484301.148374 0.000000
599177.405928 2484303.256999 0.000000
599172.872151 2484305.365624 0.000000
599168.338374 2484307.474250 0.000000
599163.804598 2484309.582875 0.000000
599159.270821 2484311.691500 0.000000
599154.737044 2484313.800126 0.000000
599150.203267 2484315.908751 0.000000
599145.669491 2484318.017376 0.000000
599141.135714 2484320.126001 0.000000
599136.601937 2484322.234627 0.000000
599132.068160 2484324.343252 0.000000
599127.534384 2484326.451877 0.000000
599123.000607 2484328.560503 0.000000
599118.466830 2484330.669128 0.000000
599113.933054 2484332.777753 0.000000
599109.399277 2484334.886379 0.000000
599104.865500 2484336.995004 0.000000
599100.331723 2484339.103629 0.000000
599095.797947 2484341.212255 0.000000
599091.264170 2484343.320880 0.000000
599086.730393 2484345.429505 0.000000
599082.196616 2484347.538131 0.000000
599077.662840 2484349.646756 0.000000
599073.129063 2484351.755381 0.000000
599068.595286 2484353.864006 0.000000
599064.061509 2484355.972632 0.000000
599059.527733 2484358.081257 0.000000
599054.993956 2484360.189882 0.000000
599050.460179 2484362.298508 0.000000
599045.926402 2484364.407133 0.000000
599041.392626 2484366.515758 0.000000
599036.858849 2484368.624384 0.000000
599032.325072 2484370.733009 0.000000
599027.791295 2484372.841634 0.000000
599023.257519 2484374.950260 0.000000
599018.723742 2484377.058885 0.000000
599014.189965 2484379.167510 0.000000
599009.656189 2484381.276135 0.000000
599005.122412 2484383.384761 0.000000
599000.588635 2484385.493386 0.000000
598996.054858 2484387.602011 0.000000
598991.521082 2484389.710637 0.000000
598986.987305 2484391.819262 0.000000
598982.453528 2484393.927887 0.000000
598977.919751 2484396.036513 0.000000
598973.385975 2484398.145138 0.000000
598968.852198 2484400.253763 0.000000
598964.318421 2484402.362389 0.000000
598959.784644 2484404.471014 0.000000
598955.250868 2484406.579639 0.000000
598950.717091 2484408.688265 0.000000
598946.183314 2484410.796890 0.000000
598941.649537 2484412.905515 0.000000
598937.115761 2484415.014140 0.000000
598932.581984 2484417.122766 0.000000
598928.048207 2484419.231391 0.000000
598923.514430 2484421.340016 0.000000
598918.980654 2484423.448642 0.000000
598914.446877 2484425.557267 0.000000
598909.913100 2484427.665892 0.000000
598905.379324 2484429.774518 0.000000
598900.845547 2484431.883143 0.000000
598896.311770 2484433.991768 0.000000
598891.777993 2484436.100394 0.000000
598887.244217 2484438.209019 0.000000
598882.710440 2484440.317644 0.000000
598878.176663 2484442.426270 0.000000
598873.642886 2484444.534895 0.000000
598869.109110 2484446.643520 0.000000
598864.575333 2484448.752145 0.000000
598860.041556 2484450.860771 0.000000
598855.507779 2484452.969396 0.000000
598850.974003 2484455.078021 0.000000
598846.440226 2484457.186647 0.000000
598841.906449 2484459.295272 0.000000
598837.372672 2484461.403897 0.000000
598832.838896 2484463.512523 0.000000
598828.305119 2484465.621148 0.000000
598823.771342 2484467.729773 0.000000
598819.237565 2484469.838399 0.000000
598814.703789 2484471.947024 0.000000
598810.170012 2484474.055649 0.000000
598805.636235 2484476.164274 0.000000
598801.102459 2484478.272900 0.000000
598796.568682 2484480.381525 0.000000
598792.034905 2484482.490150 0.000000
598787.501128 2484484.598776 0.000000
598782.967352 2484486.707401 0.000000
598778.433575 2484488.816026 0.000000
598773.899798 2484490.924652 0.000000
598769.366021 2484493.033277 0.000000
598764.832245 2484495.141902 0.000000
598760.298468 2484497.250528 0.000000
598755.764691 2484499.359153 0.000000
598751.230914 2484501.467778 0.000000
598746.697138 2484503.576404 0.000000
598742.163361 2484505.685029 0.000000
598737.629584 2484507.793654 0.000000
598733.095807 2484509.902279 0.000000
598728.562031 2484512.010905 0.000000
598724.028254 2484514.119530 0.000000
598719.494477 2484516.228155 0.000000
598714.960700 2484518.336781 0.000000
598710.426924 2484520.445406 0.000000
598705.893147 2484522.554031 0.000000
598701.359370 2484524.662657 0.000000
598696.825594 2484526.771282 0.000000
598692.291817 2484528.879907 0.000000
598687.758040 2484530.988533 0.000000
598683.224263 2484533.097158 0.000000
598678.690487 2484535.205783 0.000000
598674.156710 2484537.314409 0.000000
598669.622933 2484539.423034 0.000000
598665.089156 2484541.531659 0.000000
598660.555380 2484543.640284 0.000000
598656.021603 2484545.748910 0.000000
598651.487826 2484547.857535 0.000000
598646.954049 2484549.966160 0.000000
598642.420273 2484552.074786 0.000000
598637.886496 2484554.183411 0.000000
598633.352719 2484556.292036 0.000000
598628.818942 2484558.400662 0.000000
598624.285166 2484560.509287 0.000000
598619.751389 2484562.617912 0.000000
598615.217612 2484564.726538 0.000000
598610.683835 2484566.835163 0.000000
598606.150059 2484568.943788 0.000000
598601.616282 2484571.052414 0.000000
598597.082505 2484573.161039 0.000000
598592.548729 2484575.269664 0.000000
598588.014952 2484577.378289 0.000000
598583.481175 2484579.486915 0.000000
598578.947398 2484581.595540 0.000000
598574.413622 2484583.704165 0.000000
598569.879845 2484585.812791 0.000000
598565.346068 2484587.921416 0.000000
598560.812291 2484590.030041 0.000000
598556.278515 2484592.138667 0.000000
598551.744738 2484594.247292 0.000000
598547.210961 2484596.355917 0.000000
598542.677184 2484598.464543 0.000000
598538.143408 2484600.573168 0.000000
598533.609631 2484602.681793 0.000000
598529.075854 2484604.790418 0.000000
598524.542077 2484606.899044 0.000000
598520.008301 2484609.007669 0.000000
598515.474524 2484611.116294 0.000000
598510.940747 2484613.224920 0.000000
598506.406970 2484615.333545 0.000000
598501.873194 2484617.442170 0.000000
598497.339417 2484619.550796 0.000000
598492.805640 2484621.659421 0.000000
598488.271864 2484623.768046 0.000000
598483.738087 2484625.876672 0.000000
598479.204310 2484627.985297 0.000000
598474.670533 2484630.093922 0.000000
598470.136757 2484632.202548 0.000000
598465.602980 2484634.311173 0.000000
598461.069203 2484636.419798 0.000000
598456.535426 2484638.528423 0.000000
598452.001650 2484640.637049 0.000000
598447.467873 2484642.745674 0.000000
598442.934096 2484644.854299 0.000000
598438.400319 2484646.962925 0.000000
598433.866543 2484649.071550 0.000000
598429.332766 2484651.180175 0.000000
598424.798989 2484653.288801 0.000000
598420.265212 2484655.397426 0.000000
598415.731436 2484657.506051 0.000000
598411.197659 2484659.614677 0.000000
598406.663882 2484661.723302 0.000000
598402.130105 2484663.831927 0.000000
598397.596329 2484665.940553 0.000000
598393.062552 2484668.049178 0.000000
598388.528775 2484670.157803 0.000000
598383.994999 2484672.266428 0.000000
598379.461222 2484674.375054 0.000000
598374.927445 2484676.483679 0.000000
598370.393668 2484678.592304 0.000000
598365.859892 2484680.700930 0.000000
598361.326115 2484682.809555 0.000000
598356.792338 2484684.918180 0.000000
598352.258561 2484687.026806 0.000000
598347.724785 2484689.135431 0.000000
598343.191008 2484691.244056 0.000000
598338.657231 2484693.352682 0.000000
598334.123454 2484695.461307 0.000000
598329.589678 2484697.569932 0.000000
598325.055901 2484699.678558 0.000000
598320.522124 2484701.787183 0.000000
598315.988347 2484703.895808 0.000000
598311.454571 2484706.004433 0.000000
598306.920794 2484708.113059 0.000000
598302.387017 2484710.221684 0.000000
598297.853240 2484712.330309 0.000000
598293.319464 2484714.438935 0.000000
598288.785687 2484716.547560 0.000000
598284.251910 2484718.656185 0.000000
598279.718134 2484720.764811 0.000000
598275.184357 2484722.873436 0.000000
598270.650580 2484724.982061 0.000000
598266.116803 2484727.090687 0.000000
598261.583027 2484729.199312 0.000000
598257.049250 2484731.307937 0.000000
598252.515473 2484733.416562 0.000000
598247.981696 2484735.525188 0.000000
598243.447920 2484737.633813 0.000000
598238.914143 2484739.742438 0.000000
598234.380366 2484741.851064 0.000000
598229.846589 2484743.959689 0.000000
598225.312813 2484746.068314 0.000000
598220.779036 2484748.176940 0.000000
598216.245259 2484750.285565 0.000000
598211.711482 2484752.394190 0.000000
598207.177706 2484754.502816 0.000000
598202.643929 2484756.611441 0.000000
598198.110152 2484758.720066 0.000000
598193.576375 2484760.828692 0.000000
598189.042599 2484762.937317 0.000000
598184.508822 2484765.045942 0.000000
598179.975045 2484767.154567 0.000000
598175.441269 2484769.263193 0.000000
598170.907492 2484771.371818 0.000000
598166.373715 2484773.480443 0.000000
598161.839938 2484775.589069 0.000000
598157.306162 2484777.697694 0.000000
598152.772385 2484779.806319 0.000000
598148.238608 2484781.914945 0.000000
598143.704831 2484784.023570 0.000000
598139.171055 2484786.132195 0.000000
598134.637278 2484788.240821 0.000000
598130.103501 2484790.349446 0.000000
598125.569724 2484792.458071 0.000000
598121.035948 2484794.566697 0.000000
598116.502171 2484796.675322 0.000000
598111.968394 2484798.783947 0.000000
598107.434617 2484800.892572 0.000000
598102.900841 2484803.001198 0.000000
598098.367064 2484805.109823 0.000000
598093.833287 2484807.218448 0.000000
598089.299510 2484809.327074 0.000000
598084.765734 2484811.435699 0.000000
598080.231957 2484813.544324 0.000000
598075.698180 2484815.652950 0.000000
598071.164404 2484817.761575 0.000000
598066.630627 2484819.870200 0.000000
598062.096850 2484821.978826 0.000000
598057.563073 2484824.087451 0.000000
598053.029297 2484826.196076 0.000000
598048.495520 2484828.304702 0.000000
598043.961743 2484830.413327 0.000000
598039.427966 2484832.521952 0.000000
598034.894190 2484834.630577 0.000000
598030.360413 2484836.739203 0.000000
598025.826636 2484838.847828 0.000000
598021.292859 2484840.956453 0.000000
598016.759083 2484843.065079 0.000000
598012.225306 2484845.173704 0.000000
598007.691529 2484847.282329 0.000000
598003.157752 2484849.390955 0.000000
597998.623976 2484851.499580 0.000000
597994.090199 2484853.608205 0.000000
597989.556422 2484855.716831 0.000000
597985.022645 2484857.825456 0.000000
597980.488869 2484859.934081 0.000000
597975.955092 2484862.042706 0.000000
597971.421315 2484864.151332 0.000000
597966.887539 2484866.259957 0.000000
597962.353762 2484868.368582 0.000000
597957.819985 2484870.477208 0.000000
597953.286208 2484872.585833 0.000000
597948.752432 2484874.694458 0.000000
597944.218655 2484876.803084 0.000000
597939.684878 2484878.911709 0.000000
597935.151101 2484881.020334 0.000000
597930.617325 2484883.128960 0.000000
597926.083548 2484885.237585 0.000000
597921.549771 2484887.346210 0.000000
597917.015994 2484889.454836 0.000000
597912.482218 2484891.563461 0.000000
597907.948441 2484893.672086 0.000000
597903.414664 2484895.780711 0.000000
597898.880887 2484897.889337 0.000000
597894.347111 2484899.997962 0.000000
597889.813334 2484902.106587 0.000000
597885.279557 2484904.215213 0.000000
597880.745780 2484906.323838 0.000000
597876.212004 2484908.432463 0.000000
597871.678227 2484910.541089 0.000000
597867.144450 2484912.649714 0.000000
597862.610674 2484914.758339 0.000000
597858.076897 2484916.866965 0.000000
597853.543120 2484918.975590 0.000000
597849.009343 2484921.084215 0.000000
597844.475567 2484923.192841 0.000000
597839.941790 2484925.301466 0.000000
597835.408013 2484927.410091 0.000000
597830.874236 2484929.518716 0.000000
597826.340460 2484931.627342 0.000000
597821.806683 2484933.735967 0.000000
597817.272906 2484935.844592 0.000000
597812.739129 2484937.953218 0.000000
597808.205353 2484940.061843 0.000000
597803.671576 2484942.170468 0.000000
597799.137799 2484944.279094 0.000000
597794.604022 2484946.387719 0.000000
597790.070246 2484948.496344 0.000000
597785.536469 2484950.604970 0.000000
597781.002692 2484952.713595 0.000000
597776.468915 2484954.822220 0.000000
597771.935139 2484956.930845 0.000000
597767.401362 2484959.039471 0.000000
597762.867585 2484961.148096 0.000000
597758.333809 2484963.256721 0.000000
597753.800032 2484965.365347 0.000000
597749.266255 2484967.473972 0.000000
597744.732478 2484969.582597 0.000000
597740.198702 2484971.691223 0.000000
597735.664925 2484973.799848 0.000000
597731.131148 2484975.908473 0.000000
597726.597371 2484978.017099 0.000000
597722.063595 2484980.125724 0.000000
597717.529818 2484982.234349 0.000000
597712.996041 2484984.342975 0.000000
597708.462264 2484986.451600 0.000000
597703.928488 2484988.560225 0.000000
597699.394711 2484990.668850 0.000000
597694.860934 2484992.777476 0.000000
597690.327157 2484994.886101 0.000000
597685.793381 2484996.994726 0.000000
597681.259604 2484999.103352 0.000000
597676.725827 2485001.211977 0.000000
597672.192050 2485003.320602 0.000000
597667.658274 2485005.429228 0.000000
597663.124497 2485007.537853 0.000000
597658.590720 2485009.646478 0.000000
597654.056944 2485011.755104 0.000000
597649.523167 2485013.863729 0.000000
597644.989390 2485015.972354 0.000000
597640.455613 2485018.080980 0.000000
597635.921837 2485020.189605 0.000000
597631.388060 2485022.298230 0.000000
597626.854283 2485024.406855 0.000000
597622.320506 2485026.515481 0.000000
597617.786730 2485028.624106 0.000000
597613.252953 2485030.732731 0.000000
597608.719176 2485032.841357 0.000000
597604.185399 2485034.949982 0.000000
597599.651623 2485037.058607 0.000000
597595.117846 2485039.167233 0.000000
597590.584069 2485041.275858 0.000000
597586.050292 2485043.384483 0.000000
597581.516516 2485045.493109 0.000000
597576.982739 2485047.601734 0.000000
597572.448962 2485049.710359 0.000000
597567.915185 2485051.818985 0.000000
597563.381409 2485053.927610 0.000000
597558.847632 2485056.036235 0.000000
597554.313855 2485058.144860 0.000000
597549.780079 2485060.253486 0.000000
597545.246302 2485062.362111 0.000000
597540.712525 2485064.470736 0.000000
597536.178748 2485066.579362 0.000000
597531.644972 2485068.687987 0.000000
597527.111195 2485070.796612 0.000000
597522.577418 2485072.905238 0.000000
597518.043641 2485075.013863 0.000000
597513.509865 2485077.122488 0.000000
597508.976088 2485079.231114 0.000000
597504.442311 2485081.339739 0.000000
597499.908534 2485083.448364 0.000000
597495.374758 2485085.556989 0.000000
597490.840981 2485087.665615 0.000000
597486.307204 2485089.774240 0.000000
597481.773427 2485091.882865 0.000000
597477.239651 2485093.991491 0.000000
597472.705874 2485096.100116 0.000000
597468.172097 2485098.208741 0.000000
597463.638320 2485100.317367 0.000000
597459.104544 2485102.425992 0.000000
597454.570767 2485104.534617 0.000000
597450.036990 2485106.643243 0.000000
597445.503214 2485108.751868 0.000000
597440.969437 2485110.860493 0.000000
597436.435660 2485112.969119 0.000000
597431.901883 2485115.077744 0.000000
597427.368107 2485117.186369 0.000000
597422.834330 2485119.294994 0.000000
597418.300553 2485121.403620 0.000000
597413.766776 2485123.512245 0.000000
597409.233000 2485125.620870 0.000000
597404.699223 2485127.729496 0.000000
597400.165446 2485129.838121 0.000000
597395.631669 2485131.946746 0.000000
597391.097893 2485134.055372 0.000000
597386.564116 2485136.163997 0.000000
597382.030339 2485138.272622 0.000000
597377.496562 2485140.381248 0.000000
597372.962786 2485142.489873 0.000000
597368.429009 2485144.598498 0.000000
597363.895232 2485146.707124 0.000000
597359.361455 2485148.815749 0.000000
597354.827679 2485150.924374 0.000000
597350.293902 2485153.032999 0.000000
597345.760125 2485155.141625 0.000000
597341.226349 2485157.250250 0.000000
597336.692572 2485159.358875 0.000000
597332.158795 2485161.467501 0.000000
597327.625018 2485163.576126 0.000000
597323.091242 2485165.684751 0.000000
597318.557465 2485167.793377 0.000000
597314.023688 2485169.902002 0.000000
597309.489911 2485172.010627 0.000000
597304.956135 2485174.119253 0.000000
597300.422358 2485176.227878 0.000000
597295.888581 2485178.336503 0.000000
597291.354804 2485180.445129 0.000000
597286.821028 2485182.553754 0.000000
597282.287251 2485184.662379 0.000000
597277.753474 2485186.771004 0.000000
597273.219697 2485188.879630 0.000000
597268.685921 2485190.988255 0.000000
597264.152144 2485193.096880 0.000000
597259.618367 2485195.205506 0.000000
597255.084590 2485197.314131 0.000000
597250.550814 2485199.422756 0.000000
597246.017037 2485201.531382 0.000000
597241.483260 2485203.640007 0.000000
597236.949484 2485205.748632 0.000000
597232.415707 2485207.857258 0.000000
597227.881930 2485209.965883 0.000000
597223.348153 2485212.074508 0.000000
597218.814377 2485214.183133 0.000000
597214.280600 2485216.291759 0.000000
597209.746823 2485218.400384 0.000000
597205.213046 2485220.509009 0.000000
597200.679270 2485222.617635 0.000000
597196.145493 2485224.726260 0.000000
597191.611716 2485226.834885 0.000000
597187.077939 2485228.943511 0.000000
597182.544163 2485231.052136 0.000000
597178.010386 2485233.160761 0.000000
597173.476609 2485235.269387 0.000000
597168.942832 2485237.378012 0.000000
597164.409056 2485239.486637 0.000000
597159.875279 2485241.595263 0.000000
597155.341502 2485243.703888 0.000000
597150.807725 2485245.812513 0.000000
597146.273949 2485247.921138 0.000000
597141.740172 2485250.029764 0.000000
597137.206395 2485252.138389 0.000000
597132.672619 2485254.247014 0.000000
597128.138842 2485256.355640 0.000000
597123.605065 2485258.464265 0.000000
597119.071288 2485260.572890 0.000000
597114.537512 2485262.681516 0.000000
597110.003735 2485264.790141 0.000000
597105.469958 2485266.898766 0.000000
597100.936181 2485269.007392 0.000000
597096.402405 2485271.116017 0.000000
597091.868628 2485273.224642 0.000000
597087.334851 2485275.333268 0.000000
597082.801074 2485277.441893 0.000000
597078.267298 2485279.550518 0.000000
597073.733521 2485281.659143 0.000000
597069.199744 2485283.767769 0.000000
597064.665967 2485285.876394 0.000000
597060.132191 2485287.985019 0.000000
597055.598414 2485290.093645 0.000000
597051.064637 2485292.202270 0.000000
597046.530860 2485294.310895 0.000000
597041.997084 2485296.419521 0.000000
597037.463307 2485298.528146 0.000000
597032.929530 2485300.636771 0.000000
597028.395754 2485302.745397 0.000000
597023.861977 2485304.854022 0.000000
597019.328200 2485306.962647 0.000000
597014.794423 2485309.071272 0.000000
597010.260647 2485311.179898 0.000000
597005.726870 2485313.288523 0.000000
597001.193093 2485315.397148 0.000000
596996.659316 2485317.505774 0.000000
596992.125540 2485319.614399 0.000000
596987.591763 2485321.723024 0.000000
596983.057986 2485323.831650 0.000000
596978.524209 2485325.940275 0.000000
596973.990433 2485328.048900 0.000000
596969.456656 2485330.157526 0.000000
596964.922879 2485332.266151 0.000000
596960.389102 2485334.374776 0.000000
596955.855326 2485336.483402 0.000000
596951.321549 2485338.592027 0.000000
596946.787772 2485340.700652 0.000000
596942.253995 2485342.809277 0.000000
596937.720219 2485344.917903 0.000000
596933.186442 2485347.026528 0.000000
596928.652665 2485349.135153 0.000000
596924.118889 2485351.243779 0.000000
596919.585112 2485353.352404 0.000000
596915.051335 2485355.461029 0.000000
596910.517558 2485357.569655 0.000000
596905.983782 2485359.678280 0.000000
596901.450005 2485361.786905 0.000000
596896.916228 2485363.895531 0.000000
596892.382451 2485366.004156 0.000000
596887.848675 2485368.112781 0.000000
596883.314898 2485370.221407 0.000000
596878.781121 2485372.330032 0.000000
596874.247344 2485374.438657 0.000000
596869.713568 2485376.547282 0.000000
596865.179791 2485378.655908 0.000000
596860.646014 2485380.764533 0.000000
596856.112237 2485382.873158 0.000000
596851.578461 2485384.981784 0.000000
596847.044684 2485387.090409 0.000000
596842.510907 2485389.199034 0.000000
596837.977130 2485391.307660 0.000000
596833.443354 2485393.416285 0.000000
596828.909577 2485395.524910 0.000000
596824.375800 2485397.633536 0.000000
596819.842024 2485399.742161 0.000000
596815.308247 2485401.850786 0.000000
596810.774470 2485403.959412 0.000000
596806.240693 2485406.068037 0.000000
596801.706917 2485408.176662 0.000000
596797.173140 2485410.285287 0.000000
596792.639363 2485412.393913 0.000000
596788.105586 2485414.502538 0.000000
596783.571810 2485416.611163 0.000000
596779.038033 2485418.719789 0.000000
596774.504256 2485420.828414 0.000000
596769.970479 2485422.937039 0.000000
596765.436703 2485425.045665 0.000000
596760.902926 2485427.154290 0.000000
596756.369149 2485429.262915 0.000000
596751.835372 2485431.371541 0.000000
596747.301596 2485433.480166 0.000000
596742.767819 2485435.588791 0.000000
596738.234042 2485437.697416 0.000000
596733.700265 2485439.806042 0.000000
596729.166489 2485441.914667 0.000000
596724.632712 2485444.023292 0.000000
596720.098935 2485446.131918 0.000000
596715.565159 2485448.240543 0.000000
596711.031382 2485450.349168 0.000000
596706.497605 2485452.457794 0.000000
596701.963828 2485454.566419 0.000000
596697.430052 2485456.675044 0.000000
596692.896275 2485458.783670 0.000000
596688.362498 2485460.892295 0.000000
596683.828721 2485463.000920 0.000000
596679.294945 2485465.109546 0.000000
596674.761168 2485467.218171 0.000000
596670.227391 2485469.326796 0.000000
596665.693614 2485471.435421 0.000000
596661.159838 2485473.544047 0.000000
596656.626061 2485475.652672 0.000000
596652.092284 2485477.761297 0.000000
596647.558507 2485479.869923 0.000000
596643.024731 2485481.978548 0.000000
596638.490954 2485484.087173 0.000000
596633.957177 2485486.195799 0.000000
596629.423400 2485488.304424 0.000000
596624.889624 2485490.413049 0.000000
596620.355847 2485492.521675 0.000000
596615.822070 2485494.630300 0.000000
596611.288294 2485496.738925 0.000000
596606.754517 2485498.847551 0.000000
596602.220740 2485500.956176 0.000000
596597.686963 2485503.064801 0.000000
596593.153187 2485505.173426 0.000000
596588.619410 2485507.282052 0.000000
596584.085633 2485509.390677 0.000000
596579.551856 2485511.499302 0.000000
596575.018080 2485513.607928 0.000000
596570.484303 2485515.716553 0.000000
596565.950526 2485517.825178 0.000000
596561.416749 2485519.933804 0.000000
596556.882973 2485522.042429 0.000000
596552.349196 2485524.151054 0.000000
596547.815419 2485526.259680 0.000000
596543.281642 2485528.368305 0.000000
596538.747866 2485530.476930 0.000000
596534.214089 2485532.585556 0.000000
596529.680312 2485534.694181 0.000000
596525.146535 2485536.802806 0.000000
596520.612759 2485538.911431 0.000000
596516.078982 2485541.020057 0.000000
596511.545205 2485543.128682 0.000000
596507.011429 2485545.237307 0.000000
596502.477652 2485547.345933 0.000000
596497.943875 2485549.454558 0.000000
596493.410098 2485551.563183 0.000000
596488.876322 2485553.671809 0.000000
596484.342545 2485555.780434 0.000000
596479.808768 2485557.889059 0.000000
596475.274991 2485559.997685 0.000000
596470.741215 2485562.106310 0.000000
596466.207438 2485564.214935 0.000000
596461.673661 2485566.323560 0.000000
596457.139884 2485568.432186 0.000000
596452.606108 2485570.540811 0.000000
596448.072331 2485572.649436 0.000000
596443.538554 2485574.758062 0.000000
596439.004777 2485576.866687 0.000000
596434.471001 2485578.975312 0.000000
596429.937224 2485581.083938 0.000000
596425.403447 2485583.192563 0.000000
596420.869670 2485585.301188 0.000000
596416.335894 2485587.409814 0.000000
596411.802117 2485589.518439 0.000000
596407.268340 2485591.627064 0.000000
596402.734564 2485593.735690 0.000000
596398.200787 2485595.844315 0.000000
596393.667010 2485597.952940 0.000000
596389.133233 2485600.061565 0.000000
596384.599457 2485602.170191 0.000000
596380.065680 2485604.278816 0.000000
596375.531903 2485606.387441 0.000000
596370.998126 2485608.496067 0.000000
596366.464350 2485610.604692 0.000000
596361.930573 2485612.713317 0.000000
596357.396796 2485614.821943 0.000000
596352.863019 2485616.930568 0.000000
596348.329243 2485619.039193 0.000000
596343.795466 2485621.147819 0.000000
596339.261689 2485623.256444 0.000000
596334.727912 2485625.365069 0.000000
596330.194136 2485627.473695 0.000000
596325.660359 2485629.582320 0.000000
596321.126582 2485631.690945 0.000000
596316.592805 2485633.799570 0.000000
596312.059029 2485635.908196 0.000000
596307.525252 2485638.016821 0.000000
596302.991475 2485640.125446 0.000000
596298.457699 2485642.234072 0.000000
596293.923922 2485644.342697 0.000000
596289.390145 2485646.451322 0.000000
596284.856368 2485648.559948 0.000000
596280.322592 2485650.668573 0.000000
596275.788815 2485652.777198 0.000000
596271.255038 2485654.885824 0.000000
596266.721261 2485656.994449 0.000000
596262.187485 2485659.103074 0.000000
596257.653708 2485661.211700 0.000000
596253.119931 2485663.320325 0.000000
596248.586154 2485665.428950 0.000000
596244.052378 2485667.537575 0.000000
596239.518601 2485669.646201 0.000000
596234.984824 2485671.754826 0.000000
596230.451047 2485673.863451 0.000000
596225.917271 2485675.972077 0.000000
596221.383494 2485678.080702 0.000000
596216.849717 2485680.189327 0.000000
596212.315940 2485682.297953 0.000000
596207.782164 2485684.406578 0.000000
596203.248387 2485686.515203 0.000000
596198.714610 2485688.623829 0.000000
596194.180834 2485690.732454 0.000000
596189.647057 2485692.841079 0.000000
596185.113280 2485694.949704 0.000000
596180.579503 2485697.058330 0.000000
596176.045727 2485699.166955 0.000000
596171.511950 2485701.275580 0.000000
596166.978173 2485703.384206 0.000000
596162.444396 2485705.492831 0.000000
596157.910620 2485707.601456 0.000000
596153.376843 2485709.710082 0.000000
596148.843066 2485711.818707 0.000000
596144.309289 2485713.927332 0.000000
596139.775513 2485716.035958 0.000000
596135.241736 2485718.144583 0.000000
596130.707959 2485720.253208 0.000000
596126.174182 2485722.361834 0.000000
596121.640406 2485724.470459 0.000000
596117.106629 2485726.579084 0.000000
596112.572852 2485728.687709 0.000000
596108.039075 2485730.796335 0.000000
596103.505299 2485732.904960 0.000000
596098.971522 2485735.013585 0.000000
596094.437745 2485737.122211 0.000000
596089.903969 2485739.230836 0.000000
596085.370192 2485741.339461 0.000000
596080.836415 2485743.448087 0.000000
596076.302638 2485745.556712 0.000000
596071.768862 2485747.665337 0.000000
596067.235085 2485749.773963 0.000000
596062.701308 2485751.882588 0.000000
596058.167531 2485753.991213 0.000000
596053.633755 2485756.099839 0.000000
596049.099978 2485758.208464 0.000000
596044.566201 2485760.317089 0.000000
596040.032424 2485762.425714 0.000000
596035.498648 2485764.534340 0.000000
596030.964871 2485766.642965 0.000000
596026.431094 2485768.751590 0.000000
596021.897317 2485770.860216 0.000000
596017.363541 2485772.968841 0.000000
596012.829764 2485775.077466 0.000000
596008.295987 2485777.186092 0.000000
596003.762210 2485779.294717 0.000000
595999.228434 2485781.403342 0.000000
595994.694657 2485783.511968 0.000000
595990.160880 2485785.620593 0.000000
595985.627104 2485787.729218 0.000000
595981.093327 2485789.837843 0.000000
595976.559550 2485791.946469 0.000000
595972.025773 2485794.055094 0.000000
595967.491997 2485796.163719 0.000000
595962.958220 2485798.272345 0.000000
595958.424443 2485800.380970 0.000000
595953.890666 2485802.489595 0.000000
595949.356890 2485804.598221 0.000000
595944.823113 2485806.706846 0.000000
595940.289336 2485808.815471 0.000000
595935.755559 2485810.924097 0.000000
595931.221783 2485813.032722 0.000000
595926.688006 2485815.141347 0.000000
595922.154229 2485817.249973 0.000000
595917.620452 2485819.358598 0.000000
595913.086676 2485821.467223 0.000000
595908.552899 2485823.575848 0.000000
595904.019122 2485825.684474 0.000000
595899.485345 2485827.793099 0.000000
595894.951569 2485829.901724 0.000000
595890.417792 2485832.010350 0.000000
595885.884015 2485834.118975 0.000000
595881.350239 2485836.227600 0.000000
595876.816462 2485838.336226 0.000000
595872.282685 2485840.444851 0.000000
595867.748908 2485842.553476 0.000000
595863.215132 2485844.662102 0.000000
595858.681355 2485846.770727 0.000000
595854.147578 2485848.879352 0.000000
595849.613801 2485850.987978 0.000000
595845.080025 2485853.096603 0.000000
595840.546248 2485855.205228 0.000000
595836.012471 2485857.313853 0.000000
595831.478694 2485859.422479 0.000000
595826.944918 2485861.531104 0.000000
595822.411141 2485863.639729 0.000000
595817.877364 2485865.748355 0.000000
595813.343587 2485867.856980 0.000000
595808.809811 2485869.965605 0.000000
595804.276034 2485872.074231 0.000000
595799.742257 2485874.182856 0.000000
595795.208480 2485876.291481 0.000000
595790.674704 2485878.400107 0.000000
595786.140927 2485880.508732 0.000000
595781.607150 2485882.617357 0.000000
595777.073374 2485884.725983 0.000000
595772.539597 2485886.834608 0.000000
595768.005820 2485888.943233 0.000000
595763.472043 2485891.051858 0.000000
595758.938267 2485893.160484 0.000000
595754.404490 2485895.269109 0.000000
595749.870713 2485897.377734 0.000000
595745.336936 2485899.486360 0.000000
595740.803160 2485901.594985 0.000000
595736.269383 2485903.703610 0.000000
595731.735606 2485905.812236 0.000000
595727.201829 2485907.920861 0.000000
595722.668053 2485910.029486 0.000000
595718.134276 2485912.138112 0.000000
595713.600499 2485914.246737 0.000000
595709.066722 2485916.355362 0.000000
595704.532946 2485918.463987 0.000000
595699.999169 2485920.572613 0.000000
595695.465392 2485922.681238 0.000000
595690.931615 2485924.789863 0.000000
595686.397839 2485926.898489 0.000000
595681.864062 2485929.007114 0.000000
595677.330285 2485931.115739 0.000000
595672.796509 2485933.224365 0.000000
595668.262732 2485935.332990 0.000000
595663.728955 2485937.441615 0.000000
595659.195178 2485939.550241 0.000000
595654.661402 2485941.658866 0.000000
595650.127625 2485943.767491 0.000000
595645.593848 2485945.876117 0.000000
595641.060071 2485947.984742 0.000000
595636.526295 2485950.093367 0.000000
595631.992518 2485952.201992 0.000000
595627.458741 2485954.310618 0.000000
595622.924964 2485956.419243 0.000000
595618.391188 2485958.527868 0.000000
595613.857411 2485960.636494 0.000000
595609.323634 2485962.745119 0.000000
595604.789857 2485964.853744 0.000000
595600.256081 2485966.962370 0.000000
595595.722304 2485969.070995 0.000000
595591.188527 2485971.179620 0.000000
595586.654750 2485973.288246 0.000000
595582.120974 2485975.396871 0.000000
595577.587197 2485977.505496 0.000000
595573.053420 2485979.614122 0.000000
595568.519644 2485981.722747 0.000000
595563.985867 2485983.831372 0.000000
595559.452090 2485985.939997 0.000000
595554.918313 2485988.048623 0.000000
595550.384537 2485990.157248 0.000000
595545.850760 2485992.265873 0.000000
595541.316983 2485994.374499 0.000000
595536.783206 2485996.483124 0.000000
595532.249430 2485998.591749 0.000000
595527.715653 2486000.700375 0.000000
595523.181876 2486002.809000 0.000000
595518.648099 2486004.917625 0.000000
595514.114323 2486007.026251 0.000000
595509.580546 2486009.134876 0.000000
595505.046769 2486011.243501 0.000000
595500.512992 2486013.352127 0.000000
595495.979216 2486015.460752 0.000000
595491.445439 2486017.569377 0.000000
595486.911662 2486019.678002 0.000000
595482.377885 2486021.786628 0.000000
595477.844109 2486023.895253 0.000000
595473.310332 2486026.003878 0.000000
595468.776555 2486028.112504 0.000000
595464.242779 2486030.221129 0.000000
595459.709002 2486032.329754 0.000000
595455.175225 2486034.438380 0.000000
595450.641448 2486036.547005 0.000000
595446.107672 2486038.655630 0.000000
595441.573895 2486040.764256 0.000000
595437.040118 2486042.872881 0.000000
595432.506341 2486044.981506 0.000000
595427.972565 2486047.090131 0.000000
595423.438788 2486049.198757 0.000000
595418.905011 2486051.307382 0.000000
595414.371234 2486053.416007 0.000000
595409.837458 2486055.524633 0.000000
595405.303681 2486057.633258 0.000000
595400.769904 2486059.741883 0.000000
595396.236127 2486061.850509 0.000000
595391.702351 2486063.959134 0.000000
595387.168574 2486066.067759 0.000000
595382.634797 2486068.176385 0.000000
595378.101020 2486070.285010 0.000000
595373.567244 2486072.393635 0.000000
595369.033467 2486074.502261 0.000000
595364.499690 2486076.610886 0.000000
595359.965914 2486078.719511 0.000000
595355.432137 2486080.828136 0.000000
595350.898360 2486082.936762 0.000000
595346.364583 2486085.045387 0.000000
595341.830807 2486087.154012 0.000000
595337.297030 2486089.262638 0.000000
595332.763253 2486091.371263 0.000000
595328.229476 2486093.479888 0.000000
595323.695700 2486095.588514 0.000000
595319.161923 2486097.697139 0.000000
595314.628146 2486099.805764 0.000000
595310.094369 2486101.914390 0.000000
595305.560593 2486104.023015 0.000000
595301.026816 2486106.131640 0.000000
595296.493039 2486108.240266 0.000000
595291.959262 2486110.348891 0.000000
595287.425486 2486112.457516 0.000000
595282.891709 2486114.566141 0.000000
595278.357932 2486116.674767 0.000000
595273.824155 2486118.783392 0.000000
595269.290379 2486120.892017 0.000000
595264.756602 2486123.000643 0.000000
595260.222825 2486125.109268 0.000000
595255.689048 2486127.217893 0.000000
595251.155272 2486129.326519 0.000000
595246.621495 2486131.435144 0.000000
595242.087718 2486133.543769 0.000000
595237.553942 2486135.652395 0.000000
595233.020165 2486137.761020 0.000000
595228.486388 2486139.869645 0.000000
595223.952611 2486141.978271 0.000000
595219.418835 2486144.086896 0.000000
595214.885058 2486146.195521 0.000000
595210.351281 2486148.304146 0.000000
595205.817504 2486150.412772 0.000000
595201.283728 2486152.521397 0.000000
595196.749951 2486154.630022 0.000000
595192.216174 2486156.738648 0.000000
595187.682397 2486158.847273 0.000000
595183.148621 2486160.955898 0.000000
595178.614844 2486163.064524 0.000000
595174.081067 2486165.173149 0.000000
595169.547290 2486167.281774 0.000000
595165.013514 2486169.390400 0.000000
595160.479737 2486171.499025 0.000000
595155.945960 2486173.607650 0.000000
595151.412183 2486175.716275 0.000000
595146.878407 2486177.824901 0.000000
595142.344630 2486179.933526 0.000000
595137.810853 2486182.042151 0.000000
595133.277077 2486184.150777 0.000000
595128.743300 2486186.259402 0.000000
595124.209523 2486188.368027 0.000000
595119.675746 2486190.476653 0.000000
595115.141970 2486192.585278 0.000000
595110.608193 2486194.693903 0.000000
595106.074416 2486196.802529 0.000000
595101.540639 2486198.911154 0.000000
595097.006863 2486201.019779 0.000000
595092.473086 2486203.128405 0.000000
595087.939309 2486205.237030 0.000000
595083.405532 2486207.345655 0.000000
595078.871756 2486209.454280 0.000000
595074.337979 2486211.562906 0.000000
595069.804202 2486213.671531 0.000000
595065.270425 2486215.780156 0.000000
595060.736649 2486217.888782 0.000000
595056.202872 2486219.997407 0.000000
595051.669095 2486222.106032 0.000000
595047.135318 2486224.214658 0.000000
595042.601542 2486226.323283 0.000000
595038.067765 2486228.431908 0.000000
595033.533988 2486230.540534 0.000000
595029.000212 2486232.649159 0.000000
595024.466435 2486234.757784 0.000000
595019.932658 2486236.866410 0.000000
595015.398881 2486238.975035 0.000000
595010.865105 2486241.083660 0.000000
595006.331328 2486243.192285 0.000000
595001.797551 2486245.300911 0.000000
594997.263774 2486247.409536 0.000000
594992.729998 2486249.518161 0.000000
594988.196221 2486251.626787 0.000000
594983.662444 2486253.735412 0.000000
594979.128667 2486255.844037 0.000000
594974.594891 2486257.952663 0.000000
594970.061114 2486260.061288 0.000000
594965.527337 2486262.169913 0.000000
594960.993560 2486264.278539 0.000000
594956.459784 2486266.387164 0.000000
594951.926007 2486268.495789 0.000000
594947.392230 2486270.604414 0.000000
594942.858453 2486272.713040 0.000000
594938.324677 2486274.821665 0.000000
594933.790900 2486276.930290 0.000000
594929.257123 2486279.038916 0.000000
594924.723347 2486281.147541 0.000000
594920.189570 2486283.256166 0.000000
594915.655793 2486285.364792 0.000000
594911.122016 2486287.473417 0.000000
594906.588240 2486289.582042 0.000000
594902.054463 2486291.690668 0.000000
594897.520686 2486293.799293 0.000000
594892.986909 2486295.907918 0.000000
594888.453133 2486298.016544 0.000000
594883.919356 2486300.125169 0.000000
594879.385579 2486302.233794 0.000000
594874.851802 2486304.342419 0.000000
594870.318026 2486306.451045 0.000000
594865.784249 2486308.559670 0.000000
594861.250472 2486310.668295 0.000000
594856.716695 2486312.776921 0.000000
594852.182919 2486314.885546 0.000000
594847.649142 2486316.994171 0.000000
594843.115365 2486319.102797 0.000000
594838.581588 2486321.211422 0.000000
594834.047812 2486323.320047 0.000000
594829.514035 2486325.428673 0.000000
594824.980258 2486327.537298 0.000000
594820.446482 2486329.645923 0.000000
594815.912705 2486331.754549 0.000000
594811.378928 2486333.863174 0.000000
594806.845151 2486335.971799 0.000000
594802.311375 2486338.080424 0.000000
594797.777598 2486340.189050 0.000000
594793.243821 2486342.297675 0.000000
594788.710044 2486344.406300 0.000000
594784.176268 2486346.514926 0.000000
594779.642491 2486348.623551 0.000000
594775.108714 2486350.732176 0.000000
594770.574937 2486352.840802 0.000000
594766.041161 2486354.949427 0.000000
594761.507384 2486357.058052 0.000000
594756.973607 2486359.166678 0.000000
594752.439830 2486361.275303 0.000000
594747.906054 2486363.383928 0.000000
594743.372277 2486365.492554 0.000000
594738.838500 2486367.601179 0.000000
594734.304723 2486369.709804 0.000000
594729.770947 2486371.818429 0.000000
594725.237170 2486373.927055 0.000000
594720.703393 2486376.035680 0.000000
594716.169617 2486378.144305 0.000000
594711.635840 2486380.252931 0.000000
594707.102063 2486382.361556 0.000000
594702.568286 2486384.470181 0.000000
594698.034510 2486386.578807 0.000000
594693.500733 2486388.687432 0.000000
594688.966956 2486390.796057 0.000000
594684.433179 2486392.904683 0.000000
594679.899403 2486395.013308 0.000000
594675.365626 2486397.121933 0.000000
594670.831849 2486399.230558 0.000000
594666.298072 2486401.339184 0.000000
594661.764296 2486403.447809 0.000000
594657.230519 2486405.556434 0.000000
594652.696742 2486407.665060 0.000000
594648.162965 2486409.773685 0.000000
594643.629189 2486411.882310 0.000000
594639.095412 2486413.990936 0.000000
594634.561635 2486416.099561 0.000000
594630.027858 2486418.208186 0.000000
594625.494082 2486420.316812 0.000000
594620.960305 2486422.425437 0.000000
594616.426528 2486424.534062 0.000000
594611.892752 2486426.642688 0.000000
594607.358975 2486428.751313 0.000000
594602.825198 2486430.859938 0.000000
594598.291421 2486432.968563 0.000000
594593.757645 2486435.077189 0.000000
594589.223868 2486437.185814 0.000000
594584.690091 2486439.294439 0.000000
594580.156314 2486441.403065 0.000000
594575.622538 2486443.511690 0.000000
594571.088761 2486445.620315 0.000000
594566.554984 2486447.728941 0.000000
594562.021207 2486449.837566 0.000000
594557.487431 2486451.946191 0.000000
594552.953654 2486454.054817 0.000000
594548.419877 2486456.163442 0.000000
594543.886100 2486458.272067 0.000000
594539.352324 2486460.380693 0.000000
594534.818547 2486462.489318 0.000000
594530.284770 2486464.597943 0.000000
594525.750993 2486466.706568 0.000000
594521.217217 2486468.815194 0.000000
594516.683440 2486470.923819 0.000000
594512.149663 2486473.032444 0.000000
594507.615887 2486475.141070 0.000000
594503.082110 2486477.249695 0.000000
594498.548333 2486479.358320 0.000000
594494.014556 2486481.466946 0.000000
594489.480780 2486483.575571 0.000000
594484.947003 2486485.684196 0.000000
594480.413226 2486487.792822 0.000000
594475.879449 2486489.901447 0.000000
594471.345673 2486492.010072 0.000000
594466.811896 2486494.118698 0.000000
594462.278119 2486496.227323 0.000000
594457.744342 2486498.335948 0.000000
594453.210566 2486500.444573 0.000000
594448.676789 2486502.553199 0.000000
594444.143012 2486504.661824 0.000000
594439.609235 2486506.770449 0.000000
594435.075459 2486508.879075 0.000000
594430.541682 2486510.987700 0.000000
594426.007905 2486513.096325 0.000000
594421.474128 2486515.204951 0.000000
594416.940352 2486517.313576 0.000000
594412.406575 2486519.422201 0.000000
594407.872798 2486521.530827 0.000000
594403.339022 2486523.639452 0.000000
594398.805245 2486525.748077 0.000000
594394.271468 2486527.856702 0.000000
594389.737691 2486529.965328 0.000000
594385.203915 2486532.073953 0.000000
594380.670138 2486534.182578 0.000000
594376.136361 2486536.291204 0.000000
594371.602584 2486538.399829 0.000000
594367.068808 2486540.508454 0.000000
594362.535031 2486542.617080 0.000000
594358.001254 2486544.725705 0.000000
594353.467477 2486546.834330 0.000000
594348.933701 2486548.942956 0.000000
594344.399924 2486551.051581 0.000000
594339.866147 2486553.160206 0.000000
594335.332370 2486555.268832 0.000000
594330.798594 2486557.377457 0.000000
594326.264817 2486559.486082 0.000000
594321.731040 2486561.594707 0.000000
594317.197263 2486563.703333 0.000000
594312.663487 2486565.811958 0.000000
594308.129710 2486567.920583 0.000000
594303.595933 2486570.029209 0.000000
594299.062157 2486572.137834 0.000000
594294.528380 2486574.246459 0.000000
594289.994603 2486576.355085 0.000000
594285.460826 2486578.463710 0.000000
594280.927050 2486580.572335 0.000000
594276.393273 2486582.680961 0.000000
594271.859496 2486584.789586 0.000000
594267.325719 2486586.898211 0.000000
594262.791943 2486589.006837 0.000000
594258.258166 2486591.115462 0.000000
594253.724389 2486593.224087 0.000000
594249.190612 2486595.332712 0.000000
594244.656836 2486597.441338 0.000000
594240.123059 2486599.549963 0.000000
594235.589282 2486601.658588 0.000000
594231.055505 2486603.767214 0.000000
594226.521729 2486605.875839 0.000000
594221.987952 2486607.984464 0.000000
594217.454175 2486610.093090 0.000000
594212.920398 2486612.201715 0.000000
594208.386622 2486614.310340 0.000000
594203.852845 2486616.418966 0.000000
594199.319068 2486618.527591 0.000000
594194.785292 2486620.636216 0.000000
594190.251515 2486622.744841 0.000000
594185.717738 2486624.853467 0.000000
594181.183961 2486626.962092 0.000000
594176.650185 2486629.070717 0.000000
594172.116408 2486631.179343 0.000000
594167.582631 2486633.287968 0.000000
594163.048854 2486635.396593 0.000000
594158.515078 2486637.505219 0.000000
594153.981301 2486639.613844 0.000000
594149.447524 2486641.722469 0.000000
594144.913747 2486643.831095 0.000000
594140.379971 2486645.939720 0.000000
594135.846194 2486648.048345 0.000000
594131.312417 2486650.156971 0.000000
594126.778640 2486652.265596 0.000000
594122.244864 2486654.374221 0.000000
594117.711087 2486656.482846 0.000000
594113.177310 2486658.591472 0.000000
594108.643533 2486660.700097 0.000000
594104.109757 2486662.808722 0.000000
594099.575980 2486664.917348 0.000000
594095.042203 2486667.025973 0.000000
594090.508427 2486669.134598 0.000000
594085.974650 2486671.243224 0.000000
594081.440873 2486673.351849 0.000000
594076.907096 2486675.460474 0.000000
594072.373320 2486677.569100 0.000000
594067.839543 2486679.677725 0.000000
594063.305766 2486681.786350 0.000000
594058.771989 2486683.894976 0.000000
594054.238213 2486686.003601 0.000000
594049.704436 2486688.112226 0.000000
594045.170659 2486690.220851 0.000000
594040.636882 2486692.329477 0.000000
594036.103106 2486694.438102 0.000000
594031.569329 2486696.546727 0.000000
594027.035552 2486698.655353 0.000000
594022.501775 2486700.763978 0.000000
594017.967999 2486702.872603 0.000000
594013.434222 2486704.981229 0.000000
594008.900445 2486707.089854 0.000000
594004.366668 2486709.198479 0.000000
593999.832892 2486711.307105 0.000000
593995.299115 2486713.415730 0.000000
593990.765338 2486715.524355 0.000000
593986.231562 2486717.632981 0.000000
593981.697785 2486719.741606 0.000000
593977.164008 2486721.850231 0.000000
593972.630231 2486723.958856 0.000000
593968.096455 2486726.067482 0.000000
593963.562678 2486728.176107 0.000000
593959.028901 2486730.284732 0.000000
593954.495124 2486732.393358 0.000000
593949.961348 2486734.501983 0.000000
593945.427571 2486736.610608 0.000000
593940.893794 2486738.719234 0.000000
593936.360017 2486740.827859 0.000000
593931.826241 2486742.936484 0.000000
593927.292464 2486745.045110 0.000000
593922.758687 2486747.153735 0.000000
593918.224910 2486749.262360 0.000000
593913.691134 2486751.370985 0.000000
593909.157357 2486753.479611 0.000000
593904.623580 2486755.588236 0.000000
593900.089803 2486757.696861 0.000000
593895.556027 2486759.805487 0.000000
593891.022250 2486761.914112 0.000000
593886.488473 2486764.022737 0.000000
593881.954697 2486766.131363 0.000000
593877.420920 2486768.239988 0.000000
593872.887143 2486770.348613 0.000000
593868.353366 2486772.457239 0.000000
593863.819590 2486774.565864 0.000000
593859.285813 2486776.674489 0.000000
593854.752036 2486778.783115 0.000000
593850.218259 2486780.891740 0.000000
593845.684483 2486783.000365 0.000000
593841.150706 2486785.108990 0.000000
593836.616929 2486787.217616 0.000000
593832.083152 2486789.326241 0.000000
593827.549376 2486791.434866 0.000000
593823.015599 2486793.543492 0.000000
593818.481822 2486795.652117 0.000000
593813.948045 2486797.760742 0.000000
593809.414269 2486799.869368 0.000000
593804.880492 2486801.977993 0.000000
593800.346715 2486804.086618 0.000000
593795.812938 2486806.195244 0.000000
593791.279162 2486808.303869 0.000000
593786.745385 2486810.412494 0.000000
593782.211608 2486812.521120 0.000000
593777.677832 2486814.629745 0.000000
593773.144055 2486816.738370 0.000000
593768.610278 2486818.846995 0.000000
593764.076501 2486820.955621 0.000000
593759.542725 2486823.064246 0.000000
593755.008948 2486825.172871 0.000000
593750.475171 2486827.281497 0.000000
593745.941394 2486829.390122 0.000000
593741.407618 2486831.498747 0.000000
593736.873841 2486833.607373 0.000000
593732.340064 2486835.715998 0.000000
593727.806287 2486837.824623 0.000000
593723.272511 2486839.933249 0.000000
593718.738734 2486842.041874 0.000000
593714.204957 2486844.150499 0.000000
593709.671180 2486846.259125 0.000000
593705.137404 2486848.367750 0.000000
593700.603627 2486850.476375 0.000000
593696.069850 2486852.585000 0.000000
593691.536073 2486854.693626 0.000000
593687.002297 2486856.802251 0.000000
593682.468520 2486858.910876 0.000000
593677.934743 2486861.019502 0.000000
593673.400967 2486863.128127 0.000000
593668.867190 2486865.236752 0.000000
593664.333413 2486867.345378 0.000000
593659.799636 2486869.454003 0.000000
593655.265860 2486871.562628 0.000000
593650.732083 2486873.671254 0.000000
593646.198306 2486875.779879 0.000000
593641.664529 2486877.888504 0.000000
593637.130753 2486879.997129 0.000000
593632.596976 2486882.105755 0.000000
593628.063199 2486884.214380 0.000000
593623.529422 2486886.323005 0.000000
593618.995646 2486888.431631 0.000000
593614.461869 2486890.540256 0.000000
593609.928092 2486892.648881 0.000000
593605.394315 2486894.757507 0.000000
593600.860539 2486896.866132 0.000000
593596.326762 2486898.974757 0.000000
593591.792985 2486901.083383 0.000000
593587.259208 2486903.192008 0.000000
593582.725432 2486905.300633 0.000000
593578.191655 2486907.409259 0.000000
593573.657878 2486909.517884 0.000000
593569.124102 2486911.626509 0.000000
593564.590325 2486913.735134 0.000000
593560.056548 2486915.843760 0.000000
593555.522771 2486917.952385 0.000000
593550.988995 2486920.061010 0.000000
593546.455218 2486922.169636 0.000000
593541.921441 2486924.278261 0.000000
593537.387664 2486926.386886 0.000000
593532.853888 2486928.495512 0.000000
593528.320111 2486930.604137 0.000000
593523.786334 2486932.712762 0.000000
593519.252557 2486934.821388 0.000000
593514.718781 2486936.930013 0.000000
593510.185004 2486939.038638 0.000000
593505.651227 2486941.147264 0.000000
593501.117450 2486943.255889 0.000000
593496.583674 2486945.364514 0.000000
593492.049897 2486947.473139 0.000000
593487.516120 2486949.581765 0.000000
593482.982343 2486951.690390 0.000000
593478.448567 2486953.799015 0.000000
593473.914790 2486955.907641 0.000000
593469.381013 2486958.016266 0.000000
593464.847237 2486960.124891 0.000000
593460.313460 2486962.233517 0.000000
593455.779683 2486964.342142 0.000000
593451.245906 2486966.450767 0.000000
593446.712130 2486968.559393 0.000000
593442.178353 2486970.668018 0.000000
593437.644576 2486972.776643 0.000000
593433.110799 2486974.885269 0.000000
593428.577023 2486976.993894 0.000000
593424.043246 2486979.102519 0.000000
593419.509469 2486981.211144 0.000000
593414.975692 2486983.319770 0.000000
593410.441916 2486985.428395 0.000000
593405.908139 2486987.537020 0.000000
593401.374362 2486989.645646 0.000000
593396.840585 2486991.754271 0.000000
593392.306809 2486993.862896 0.000000
593387.773032 2486995.971522 0.000000
593383.239255 2486998.080147 0.000000
593378.705478 2487000.188772 0.000000
593374.171702 2487002.297398 0.000000
593369.637925 2487004.406023 0.000000
593365.104148 2487006.514648 0.000000
593360.570372 2487008.623273 0.000000
593356.036595 2487010.731899 0.000000
593351.631196 2487013.083247 0.000000
593347.225798 2487015.434596 0.000000
593342.820399 2487017.785944 0.000000
593338.415001 2487020.137292 0.000000
593334.009602 2487022.488641 0.000000
593329.604204 2487024.839989 0.000000
593325.198805 2487027.191338 0.000000
593320.793406 2487029.542686 0.000000
593316.388008 2487031.894034 0.000000
593311.982609 2487034.245383 0.000000
593307.577211 2487036.596731 0.000000
593303.171812 2487038.948080 0.000000
593298.766414 2487041.299428 0.000000
593294.361015 2487043.650776 0.000000
593289.955617 2487046.002125 0.000000
593285.550218 2487048.353473 0.000000
593281.144820 2487050.704822 0.000000
593276.739421 2487053.056170 0.000000
593272.334022 2487055.407518 0.000000
593267.928624 2487057.758867 0.000000
593263.523225 2487060.110215 0.000000
593259.117827 2487062.461564 0.000000
593254.712428 2487064.812912 0.000000
593250.307030 2487067.164260 0.000000
593245.901631 2487069.515609 0.000000
593241.496233 2487071.866957 0.000000
593237.090834 2487074.218306 0.000000
593232.685436 2487076.569654 0.000000
593228.280037 2487078.921002 0.000000
593223.874638 2487081.272351 0.000000
593219.469240 2487083.623699 0.000000
593215.063841 2487085.975048 0.000000
593210.658443 2487088.326396 0.000000
593206.253044 2487090.677744 0.000000
593201.847646 2487093.029093 0.000000
593197.442247 2487095.380441 0.000000
593193.036849 2487097.731790 0.000000
593188.851670 2487100.435490 0.000000
593184.666491 2487103.139190 0.000000
593180.481313 2487105.842890 0.000000
593176.296134 2487108.546590 0.000000
593172.110956 2487111.250291 0.000000
593167.925777 2487113.953991 0.000000
593163.740598 2487116.657691 0.000000
593159.555420 2487119.361391 0.000000
593155.370241 2487122.065091 0.000000
593151.185063 2487124.768792 0.000000
593146.999884 2487127.472492 0.000000
593142.814705 2487130.176192 0.000000
593138.629527 2487132.879892 0.000000
593134.444348 2487135.583592 0.000000
593130.259170 2487138.287293 0.000000
593126.073991 2487140.990993 0.000000
593121.888812 2487143.694693 0.000000
593117.703634 2487146.398393 0.000000
593113.518455 2487149.102093 0.000000
593109.333276 2487151.805794 0.000000
593105.148098 2487154.509494 0.000000
593100.962919 2487157.213194 0.000000
593096.777741 2487159.916894 0.000000
593092.592562 2487162.620594 0.000000
593088.407383 2487165.324294 0.000000
593084.222205 2487168.027995 0.000000
593080.037026 2487170.731695 0.000000
593075.960110 2487173.603486 0.000000
593071.883193 2487176.475277 0.000000
593067.806276 2487179.347068 0.000000
593063.729360 2487182.218859 0.000000
593059.652443 2487185.090650 0.000000
593055.575526 2487187.962441 0.000000
593051.498610 2487190.834233 0.000000
593047.421693 2487193.706024 0.000000
593043.344776 2487196.577815 0.000000
593039.267860 2487199.449606 0.000000
593035.190943 2487202.321397 0.000000
593031.114027 2487205.193188 0.000000
593027.037110 2487208.064979 0.000000
593022.960193 2487210.936770 0.000000
593018.883277 2487213.808561 0.000000
593014.806360 2487216.680352 0.000000
593010.729443 2487219.552144 0.000000
593006.652527 2487222.423935 0.000000
593002.575610 2487225.295726 0.000000
592998.498693 2487228.167517 0.000000
592994.421777 2487231.039308 0.000000
592990.344860 2487233.911099 0.000000
592986.267944 2487236.782890 0.000000
592982.191027 2487239.654681 0.000000
592978.114110 2487242.526472 0.000000
592974.037194 2487245.398263 0.000000
592969.960277 2487248.270055 0.000000
592965.883360 2487251.141846 0.000000
592961.806444 2487254.013637 0.000000
592957.729527 2487256.885428 0.000000
592953.652610 2487259.757219 0.000000
592949.575694 2487262.629010 0.000000
592945.498777 2487265.500801 0.000000
592941.421860 2487268.372592 0.000000
592937.344944 2487271.244383 0.000000
592933.268027 2487274.116174 0.000000
592929.191111 2487276.987966 0.000000
592925.114194 2487279.859757 0.000000
592921.037277 2487282.731548 0.000000
592916.801990 2487285.378603 0.000000
592912.566702 2487288.025659 0.000000
592908.331415 2487290.672714 0.000000
592904.096127 2487293.319769 0.000000
592899.860840 2487295.966825 0.000000
592895.625552 2487298.613880 0.000000
592891.390265 2487301.260936 0.000000
592887.154977 2487303.907991 0.000000
592882.919690 2487306.555046 0.000000
592878.684403 2487309.202102 0.000000
592874.449115 2487311.849157 0.000000
592870.213828 2487314.496213 0.000000
592865.978540 2487317.143268 0.000000
592861.743253 2487319.790323 0.000000
592857.507965 2487322.437379 0.000000
592853.272678 2487325.084434 0.000000
592849.037390 2487327.731490 0.000000
592844.802103 2487330.378545 0.000000
592840.566815 2487333.025600 0.000000
592836.331528 2487335.672656 0.000000
592832.096240 2487338.319711 0.000000
592827.860953 2487340.966767 0.000000
592823.625665 2487343.613822 0.000000
592819.390378 2487346.260877 0.000000
592815.155090 2487348.907933 0.000000
592810.919803 2487351.554988 0.000000
592806.684515 2487354.202044 0.000000
592802.449228 2487356.849099 0.000000
592798.213941 2487359.496154 0.000000
592793.978653 2487362.143210 0.000000
592789.743366 2487364.790265 0.000000
592785.508078 2487367.437321 0.000000
592781.272791 2487370.084376 0.000000
592777.037503 2487372.731431 0.000000
592772.802216 2487375.378487 0.000000
592768.566928 2487378.025542 0.000000
592764.331641 2487380.672598 0.000000
592760.096353 2487383.319653 0.000000
592755.861066 2487385.966709 0.000000
592751.625778 2487388.613764 0.000000
592747.390491 2487391.260819 0.000000
592743.155203 2487393.907875 0.000000
592738.919916 2487396.554930 0.000000
592734.684628 2487399.201986 0.000000
592730.449341 2487401.849041 0.000000
592726.214053 2487404.496096 0.000000
592721.978766 2487407.143152 0.000000
592717.743478 2487409.790207 0.000000
592713.508191 2487412.437263 0.000000
592709.272904 2487415.084318 0.000000
592705.037616 2487417.731373 0.000000
592700.643684 2487420.095007 0.000000
592696.249751 2487422.458640 0.000000
592691.855818 2487424.822274 0.000000
592687.461886 2487427.185907 0.000000
592683.067953 2487429.549540 0.000000
592678.674021 2487431.913174 0.000000
592674.280088 2487434.276807 0.000000
592669.886156 2487436.640441 0.000000
592665.492223 2487439.004074 0.000000
592661.098291 2487441.367707 0.000000
592656.704358 2487443.731341 0.000000
592652.310425 2487446.094974 0.000000
592647.916493 2487448.458607 0.000000
592643.522560 2487450.822241 0.000000
592639.128628 2487453.185874 0.000000
592634.734695 2487455.549508 0.000000
592630.340763 2487457.913141 0.000000
592625.946830 2487460.276774 0.000000
592621.552898 2487462.640408 0.000000
592617.158965 2487465.004041 0.000000
592612.765032 2487467.367675 0.000000
592608.371100 2487469.731308 0.000000
592603.977167 2487472.094941 0.000000
592599.583235 2487474.458575 0.000000
592595.189302 2487476.822208 0.000000
592590.795370 2487479.185842 0.000000
592586.401437 2487481.549475 0.000000
592582.007505 2487483.913108 0.000000
592577.613572 2487486.276742 0.000000
592573.219639 2487488.640375 0.000000
592568.825707 2487491.004008 0.000000
592564.431774 2487493.367642 0.000000
592560.037842 2487495.731275 0.000000
592555.482293 2487497.786828 0.000000
592550.926745 2487499.842381 0.000000
592546.371196 2487501.897934 0.000000
592541.815648 2487503.953488 0.000000
592537.260099 2487506.009041 0.000000
592532.704551 2487508.064594 0.000000
592528.149002 2487510.120147 0.000000
592523.593454 2487512.175700 0.000000
592519.037905 2487514.231253 0.000000
592514.482357 2487516.286806 0.000000
592509.926808 2487518.342359 0.000000
592505.371260 2487520.397912 0.000000
592500.815711 2487522.453465 0.000000
592496.260163 2487524.509018 0.000000
592491.704614 2487526.564571 0.000000
592487.149066 2487528.620124 0.000000
592482.593517 2487530.675677 0.000000
592478.037969 2487532.731230 0.000000
592473.482420 2487534.786783 0.000000
592468.926872 2487536.842337 0.000000
592464.371323 2487538.897890 0.000000
592459.815774 2487540.953443 0.000000
592455.260226 2487543.008996 0.000000
592450.704677 2487545.064549 0.000000
592446.149129 2487547.120102 0.000000
592441.593580 2487549.175655 0.000000
592437.038032 2487551.231208 0.000000
592432.482483 2487553.286761 0.000000
592427.926935 2487555.342314 0.000000
592423.371386 2487557.397867 0.000000
592418.815838 2487559.453420 0.000000
592414.260289 2487561.508973 0.000000
592409.704741 2487563.564526 0.000000
592405.149192 2487565.620079 0.000000
592400.593644 2487567.675632 0.000000
592396.038095 2487569.731186 0.000000
592391.329769 2487571.356184 0.000000
592386.621443 2487572.981182 0.000000
592381.913117 2487574.606180 0.000000
592377.204791 2487576.231178 0.000000
592372.496465 2487577.856176 0.000000
592367.788139 2487579.481175 0.000000
592363.079812 2487581.106173 0.000000
592358.371486 2487582.731171 0.000000
592353.663160 2487584.356169 0.000000
592348.954834 2487585.981167 0.000000
592344.246508 2487587.606165 0.000000
592339.538182 2487589.231164 0.000000
592334.829856 2487590.856162 0.000000
592330.121530 2487592.481160 0.000000
592325.413203 2487594.106158 0.000000
592320.704877 2487595.731156 0.000000
592315.996551 2487597.356154 0.000000
592311.288225 2487598.981153 0.000000
592306.579899 2487600.606151 0.000000
592301.871573 2487602.231149 0.000000
592297.163247 2487603.856147 0.000000
592292.454921 2487605.481145 0.000000
592287.746594 2487607.106143 0.000000
592283.038268 2487608.731142 0.000000
592278.238276 2487610.091140 0.000000
592273.438283 2487611.451139 0.000000
592268.638290 2487612.811137 0.000000
592263.838298 2487614.171136 0.000000
592259.038305 2487615.531134 0.000000
592254.238312 2487616.891133 0.000000
592249.438320 2487618.251132 0.000000
592244.638327 2487619.611130 0.000000
592239.838334 2487620.971129 0.000000
592235.038342 2487622.331127 0.000000
592230.238349 2487623.691126 0.000000
592225.438356 2487625.051125 0.000000
592220.638363 2487626.411123 0.000000
592215.838371 2487627.771122 0.000000
592211.038378 2487629.131120 0.000000
592206.238385 2487630.491119 0.000000
592201.438393 2487631.851117 0.000000
592196.638400 2487633.211116 0.000000
592191.838407 2487634.571115 0.000000
592187.038415 2487635.931113 0.000000
592182.238422 2487637.291112 0.000000
592177.438429 2487638.651110 0.000000
592172.638437 2487640.011109 0.000000
592167.838444 2487641.371107 0.000000
592163.038451 2487642.731106 0.000000
