FFASCI 0 1 "LINES" 0 1e+10
FFATTR 0 1
->1
610283.015406 2513343.690610 0.000000
610284.507711 2513338.913693 0.000000
610286.000016 2513334.136777 0.000000
610287.492321 2513329.359861 0.000000
610288.984625 2513324.582945 0.000000
610290.476930 2513319.806028 0.000000
610291.969235 2513315.029112 0.000000
610293.461540 2513310.252196 0.000000
610294.953845 2513305.475279 0.000000
610296.446150 2513300.698363 0.000000
610297.938454 2513295.921447 0.000000
610299.430759 2513291.144530 0.000000
610300.923064 2513286.367614 0.000000
610302.415369 2513281.590698 0.000000
610303.907674 2513276.813781 0.000000
610305.399978 2513272.036865 0.000000
610306.892283 2513267.259949 0.000000
610308.384588 2513262.483032 0.000000
610309.876893 2513257.706116 0.000000
610311.369198 2513252.929200 0.000000
610312.861502 2513248.152283 0.000000
610314.353807 2513243.375367 0.000000
610315.846112 2513238.598451 0.000000
610317.338417 2513233.821534 0.000000
610318.830722 2513229.044618 0.000000
610320.323027 2513224.267702 0.000000
610321.815331 2513219.490785 0.000000
610323.307636 2513214.713869 0.000000
610324.799941 2513209.936953 0.000000
610326.292246 2513205.160036 0.000000
610327.784551 2513200.383120 0.000000
610329.276855 2513195.606204 0.000000
610330.769160 2513190.829287 0.000000
610332.261465 2513186.052371 0.000000
610333.753770 2513181.275455 0.000000
610335.246075 2513176.498538 0.000000
610336.738379 2513171.721622 0.000000
610338.230684 2513166.944706 0.000000
610339.722989 2513162.167789 0.000000
610341.215294 2513157.390873 0.000000
610342.707599 2513152.613957 0.000000
610344.199904 2513147.837040 0.000000
610345.692208 2513143.060124 0.000000
610347.184513 2513138.283208 0.000000
610348.676818 2513133.506291 0.000000
610350.169123 2513128.729375 0.000000
610351.661428 2513123.952459 0.000000
610353.153732 2513119.175542 0.000000
610354.646037 2513114.398626 0.000000
610356.138342 2513109.621710 0.000000
610357.630647 2513104.844793 0.000000
610359.122952 2513100.067877 0.000000
610360.615256 2513095.290961 0.000000
610362.107561 2513090.514044 0.000000
610363.599866 2513085.737128 0.000000
610365.092171 2513080.960212 0.000000
610366.584476 2513076.183295 0.000000
610368.076780 2513071.406379 0.000000
610369.569085 2513066.629463 0.000000
610371.061390 2513061.852546 0.000000
610372.553695 2513057.075630 0.000000
610374.046000 2513052.298714 0.000000
610375.538305 2513047.521797 0.000000
610377.030609 2513042.744881 0.000000
610378.522914 2513037.967965 0.000000
610380.015219 2513033.191048 0.000000
610381.507524 2513028.414132 0.000000
610382.999829 2513023.637216 0.000000
610384.492133 2513018.860299 0.000000
610385.984438 2513014.083383 0.000000
610387.476743 2513009.306467 0.000000
610388.969048 2513004.529551 0.000000
610390.461353 2512999.752634 0.000000
610391.953657 2512994.975718 0.000000
610393.445962 2512990.198802 0.000000
610394.938267 2512985.421885 0.000000
610396.430572 2512980.644969 0.000000
610397.922877 2512975.868053 0.000000
610399.415182 2512971.091136 0.000000
610400.907486 2512966.314220 0.000000
610402.399791 2512961.537304 0.000000
610403.892096 2512956.760387 0.000000
610405.384401 2512951.983471 0.000000
610406.876706 2512947.206555 0.000000
610408.369010 2512942.429638 0.000000
610409.861315 2512937.652722 0.000000
610411.353620 2512932.875806 0.000000
610412.845925 2512928.098889 0.000000
610414.338230 2512923.321973 0.000000
610415.830534 2512918.545057 0.000000
610417.322839 2512913.768140 0.000000
610418.815144 2512908.991224 0.000000
610420.307449 2512904.214308 0.000000
610421.799754 2512899.437391 0.000000
610423.292059 2512894.660475 0.000000
610424.784363 2512889.883559 0.000000
610426.276668 2512885.106642 0.000000
610427.768973 2512880.329726 0.000000
610429.261278 2512875.552810 0.000000
610430.753583 2512870.775893 0.000000
610432.245887 2512865.998977 0.000000
610433.738192 2512861.222061 0.000000
610435.230497 2512856.445144 0.000000
610436.722802 2512851.668228 0.000000
610438.215107 2512846.891312 0.000000
610439.707411 2512842.114395 0.000000
610441.199716 2512837.337479 0.000000
610442.692021 2512832.560563 0.000000
610444.184326 2512827.783646 0.000000
610445.676631 2512823.006730 0.000000
610447.168935 2512818.229814 0.000000
610448.661240 2512813.452897 0.000000
610450.153545 2512808.675981 0.000000
610451.645850 2512803.899065 0.000000
610453.138155 2512799.122148 0.000000
610454.630460 2512794.345232 0.000000
610456.122764 2512789.568316 0.000000
610457.615069 2512784.791399 0.000000
610459.107374 2512780.014483 0.000000
610460.599679 2512775.237567 0.000000
610462.091984 2512770.460650 0.000000
610463.584288 2512765.683734 0.000000
610465.076593 2512760.906818 0.000000
610466.568898 2512756.129901 0.000000
610468.061203 2512751.352985 0.000000
610469.553508 2512746.576069 0.000000
610471.045812 2512741.799152 0.000000
610472.538117 2512737.022236 0.000000
610474.030422 2512732.245320 0.000000
610475.522727 2512727.468403 0.000000
610477.015032 2512722.691487 0.000000
610478.566311 2512717.941494 0.000000
610480.117590 2512713.191501 0.000000
610481.668869 2512708.441507 0.000000
610483.220148 2512703.691514 0.000000
610484.771427 2512698.941521 0.000000
610486.322706 2512694.191527 0.000000
610487.873985 2512689.441534 0.000000
610489.425264 2512684.691541 0.000000
610490.976543 2512679.941547 0.000000
610492.527823 2512675.191554 0.000000
610494.079102 2512670.441561 0.000000
610495.630381 2512665.691568 0.000000
610497.181660 2512660.941574 0.000000
610498.732939 2512656.191581 0.000000
610500.284218 2512651.441588 0.000000
610501.835497 2512646.691594 0.000000
610503.386776 2512641.941601 0.000000
610504.938055 2512637.191608 0.000000
610506.489334 2512632.441615 0.000000
610508.040613 2512627.691621 0.000000
610509.591893 2512622.941628 0.000000
610511.143172 2512618.191635 0.000000
610512.694451 2512613.441641 0.000000
610514.245730 2512608.691648 0.000000
610515.797009 2512603.941655 0.000000
610517.348288 2512599.191661 0.000000
610518.899567 2512594.441668 0.000000
610520.450846 2512589.691675 0.000000
610522.002125 2512584.941682 0.000000
610523.553404 2512580.191688 0.000000
610525.104683 2512575.441695 0.000000
610526.655962 2512570.691702 0.000000
610528.207242 2512565.941708 0.000000
610529.758521 2512561.191715 0.000000
610531.309800 2512556.441722 0.000000
610532.861079 2512551.691728 0.000000
610534.412358 2512546.941735 0.000000
610535.963637 2512542.191742 0.000000
610537.514916 2512537.441749 0.000000
610539.066195 2512532.691755 0.000000
610540.617474 2512527.941762 0.000000
610542.168753 2512523.191769 0.000000
610543.720032 2512518.441775 0.000000
610545.271311 2512513.691782 0.000000
610546.822591 2512508.941789 0.000000
610548.373870 2512504.191796 0.000000
610549.925149 2512499.441802 0.000000
610551.476428 2512494.691809 0.000000
610553.027707 2512489.941816 0.000000
610554.578986 2512485.191822 0.000000
610556.130265 2512480.441829 0.000000
610557.681544 2512475.691836 0.000000
610559.232823 2512470.941842 0.000000
610560.784102 2512466.191849 0.000000
610562.335381 2512461.441856 0.000000
610563.886661 2512456.691863 0.000000
610565.437940 2512451.941869 0.000000
610566.989219 2512447.191876 0.000000
610568.540498 2512442.441883 0.000000
610570.091777 2512437.691889 0.000000
610571.643056 2512432.941896 0.000000
610573.194335 2512428.191903 0.000000
610574.745614 2512423.441909 0.000000
610576.296893 2512418.691916 0.000000
610577.848172 2512413.941923 0.000000
610579.399451 2512409.191930 0.000000
610580.950730 2512404.441936 0.000000
610582.502010 2512399.691943 0.000000
610584.053289 2512394.941950 0.000000
610585.604568 2512390.191956 0.000000
610587.155847 2512385.441963 0.000000
610588.707126 2512380.691970 0.000000
610590.258405 2512375.941977 0.000000
610591.809684 2512371.191983 0.000000
610593.360963 2512366.441990 0.000000
610594.912242 2512361.691997 0.000000
610596.463521 2512356.942003 0.000000
610598.014800 2512352.192010 0.000000
610599.566079 2512347.442017 0.000000
610601.117359 2512342.692023 0.000000
610602.668638 2512337.942030 0.000000
610604.219917 2512333.192037 0.000000
610605.771196 2512328.442044 0.000000
610607.322475 2512323.692050 0.000000
610608.873754 2512318.942057 0.000000
610610.425033 2512314.192064 0.000000
610611.976312 2512309.442070 0.000000
610613.527591 2512304.692077 0.000000
610615.078870 2512299.942084 0.000000
610616.630149 2512295.192090 0.000000
610618.181429 2512290.442097 0.000000
610619.732708 2512285.692104 0.000000
610621.283987 2512280.942111 0.000000
610622.835266 2512276.192117 0.000000
610624.386545 2512271.442124 0.000000
610625.937824 2512266.692131 0.000000
610627.489103 2512261.942137 0.000000
610629.040382 2512257.192144 0.000000
610630.591661 2512252.442151 0.000000
610632.142940 2512247.692158 0.000000
610633.694219 2512242.942164 0.000000
610635.245498 2512238.192171 0.000000
610636.796778 2512233.442178 0.000000
610638.348057 2512228.692184 0.000000
610639.899336 2512223.942191 0.000000
610641.450615 2512219.192198 0.000000
610643.001894 2512214.442204 0.000000
610644.553173 2512209.692211 0.000000
610646.104452 2512204.942218 0.000000
610647.655731 2512200.192225 0.000000
610649.207010 2512195.442231 0.000000
610650.758289 2512190.692238 0.000000
610652.309568 2512185.942245 0.000000
610653.860847 2512181.192251 0.000000
610655.412127 2512176.442258 0.000000
610656.963406 2512171.692265 0.000000
610658.514685 2512166.942272 0.000000
610660.065964 2512162.192278 0.000000
610661.617243 2512157.442285 0.000000
610663.168522 2512152.692292 0.000000
610664.719801 2512147.942298 0.000000
610666.271080 2512143.192305 0.000000
610667.822359 2512138.442312 0.000000
610669.373638 2512133.692318 0.000000
610670.924917 2512128.942325 0.000000
610672.476197 2512124.192332 0.000000
610674.027476 2512119.442339 0.000000
610675.578755 2512114.692345 0.000000
610677.130034 2512109.942352 0.000000
610678.681313 2512105.192359 0.000000
610680.232592 2512100.442365 0.000000
610681.783871 2512095.692372 0.000000
610683.335150 2512090.942379 0.000000
610684.886429 2512086.192385 0.000000
610686.437708 2512081.442392 0.000000
610687.988987 2512076.692399 0.000000
610689.540266 2512071.942406 0.000000
610691.091546 2512067.192412 0.000000
610692.642825 2512062.442419 0.000000
610694.194104 2512057.692426 0.000000
610695.745383 2512052.942432 0.000000
610697.296662 2512048.192439 0.000000
610698.847941 2512043.442446 0.000000
610700.399220 2512038.692453 0.000000
610701.950499 2512033.942459 0.000000
610703.501778 2512029.192466 0.000000
610705.053057 2512024.442473 0.000000
610706.604336 2512019.692479 0.000000
610708.155615 2512014.942486 0.000000
610709.706895 2512010.192493 0.000000
610711.258174 2512005.442499 0.000000
610712.809453 2512000.692506 0.000000
610714.360732 2511995.942513 0.000000
610715.912011 2511991.192520 0.000000
610717.463290 2511986.442526 0.000000
610719.014569 2511981.692533 0.000000
610720.472900 2511976.884206 0.000000
610721.931230 2511972.075880 0.000000
610723.389561 2511967.267553 0.000000
610724.847891 2511962.459227 0.000000
610726.306222 2511957.650900 0.000000
610727.764552 2511952.842574 0.000000
610729.222883 2511948.034247 0.000000
610730.681213 2511943.225921 0.000000
610732.139544 2511938.417594 0.000000
610733.597874 2511933.609268 0.000000
610735.056204 2511928.800941 0.000000
610736.514535 2511923.992615 0.000000
610737.972865 2511919.184288 0.000000
610739.431196 2511914.375962 0.000000
610740.889526 2511909.567635 0.000000
610742.347857 2511904.759309 0.000000
610743.806187 2511899.950982 0.000000
610745.264518 2511895.142655 0.000000
610746.722848 2511890.334329 0.000000
610748.181179 2511885.526002 0.000000
610749.639509 2511880.717676 0.000000
610751.097840 2511875.909349 0.000000
610752.556170 2511871.101023 0.000000
610754.014501 2511866.292696 0.000000
610755.472831 2511861.484370 0.000000
610756.931162 2511856.676043 0.000000
610758.389492 2511851.867717 0.000000
610759.847823 2511847.059390 0.000000
610761.306153 2511842.251064 0.000000
610762.764484 2511837.442737 0.000000
610764.222814 2511832.634411 0.000000
610765.681145 2511827.826084 0.000000
610767.139475 2511823.017758 0.000000
610768.597806 2511818.209431 0.000000
610770.056136 2511813.401105 0.000000
610771.514467 2511808.592778 0.000000
610772.972797 2511803.784451 0.000000
610774.431128 2511798.976125 0.000000
610775.889458 2511794.167798 0.000000
610777.347789 2511789.359472 0.000000
610778.806119 2511784.551145 0.000000
610780.264450 2511779.742819 0.000000
610781.722780 2511774.934492 0.000000
610783.181111 2511770.126166 0.000000
610784.639441 2511765.317839 0.000000
610786.097772 2511760.509513 0.000000
610787.556102 2511755.701186 0.000000
610789.014433 2511750.892860 0.000000
610790.472763 2511746.084533 0.000000
610791.931094 2511741.276207 0.000000
610793.389424 2511736.467880 0.000000
610794.847755 2511731.659554 0.000000
610796.306085 2511726.851227 0.000000
610797.764416 2511722.042901 0.000000
610799.222746 2511717.234574 0.000000
610800.681077 2511712.426247 0.000000
610802.139407 2511707.617921 0.000000
610803.597738 2511702.809594 0.000000
610805.056068 2511698.001268 0.000000
610806.514399 2511693.192941 0.000000
610807.972729 2511688.384615 0.000000
610809.431060 2511683.576288 0.000000
610810.889390 2511678.767962 0.000000
610812.347721 2511673.959635 0.000000
610813.806051 2511669.151309 0.000000
610815.264381 2511664.342982 0.000000
610816.722712 2511659.534656 0.000000
610818.181042 2511654.726329 0.000000
610819.639373 2511649.918003 0.000000
610821.097703 2511645.109676 0.000000
610822.556034 2511640.301350 0.000000
610824.014364 2511635.493023 0.000000
610825.472695 2511630.684697 0.000000
610826.931025 2511625.876370 0.000000
610828.389356 2511621.068043 0.000000
610829.847686 2511616.259717 0.000000
610831.306017 2511611.451390 0.000000
610832.764347 2511606.643064 0.000000
610834.222678 2511601.834737 0.000000
610835.681008 2511597.026411 0.000000
610837.139339 2511592.218084 0.000000
610838.597669 2511587.409758 0.000000
610840.056000 2511582.601431 0.000000
610841.514330 2511577.793105 0.000000
610842.972661 2511572.984778 0.000000
610844.430991 2511568.176452 0.000000
610845.889322 2511563.368125 0.000000
610847.347652 2511558.559799 0.000000
610848.805983 2511553.751472 0.000000
610850.264313 2511548.943146 0.000000
610851.722644 2511544.134819 0.000000
610853.180974 2511539.326493 0.000000
610854.639305 2511534.518166 0.000000
610856.097635 2511529.709839 0.000000
610857.555966 2511524.901513 0.000000
610859.014296 2511520.093186 0.000000
610860.472627 2511515.284860 0.000000
610861.930957 2511510.476533 0.000000
610863.389288 2511505.668207 0.000000
610864.847618 2511500.859880 0.000000
610866.305949 2511496.051554 0.000000
610867.764279 2511491.243227 0.000000
610869.222610 2511486.434901 0.000000
610870.680940 2511481.626574 0.000000
610872.139271 2511476.818248 0.000000
610873.597601 2511472.009921 0.000000
610875.055932 2511467.201595 0.000000
610876.514262 2511462.393268 0.000000
610877.972593 2511457.584942 0.000000
610879.430923 2511452.776615 0.000000
610880.889254 2511447.968289 0.000000
610882.347584 2511443.159962 0.000000
610883.805915 2511438.351635 0.000000
610885.264245 2511433.543309 0.000000
610886.722576 2511428.734982 0.000000
610888.180906 2511423.926656 0.000000
610889.639237 2511419.118329 0.000000
610891.097567 2511414.310003 0.000000
610892.555898 2511409.501676 0.000000
610894.014228 2511404.693350 0.000000
610895.536697 2511399.918076 0.000000
610897.059166 2511395.142801 0.000000
610898.581635 2511390.367527 0.000000
610900.104104 2511385.592253 0.000000
610901.626573 2511380.816979 0.000000
610903.149042 2511376.041705 0.000000
610904.671511 2511371.266431 0.000000
610906.193980 2511366.491157 0.000000
610907.716449 2511361.715882 0.000000
610909.238918 2511356.940608 0.000000
610910.761387 2511352.165334 0.000000
610912.283856 2511347.390060 0.000000
610913.806325 2511342.614786 0.000000
610915.328794 2511337.839512 0.000000
610916.851263 2511333.064238 0.000000
610918.373732 2511328.288963 0.000000
610919.896201 2511323.513689 0.000000
610921.418670 2511318.738415 0.000000
610922.941139 2511313.963141 0.000000
610924.463608 2511309.187867 0.000000
610925.986077 2511304.412593 0.000000
610927.508545 2511299.637319 0.000000
610929.031014 2511294.862044 0.000000
610930.553483 2511290.086770 0.000000
610932.075952 2511285.311496 0.000000
610933.598421 2511280.536222 0.000000
610935.120890 2511275.760948 0.000000
610936.643359 2511270.985674 0.000000
610938.165828 2511266.210400 0.000000
610939.688297 2511261.435125 0.000000
610941.210766 2511256.659851 0.000000
610942.733235 2511251.884577 0.000000
610944.255704 2511247.109303 0.000000
610945.778173 2511242.334029 0.000000
610947.300642 2511237.558755 0.000000
610948.823111 2511232.783481 0.000000
610950.345580 2511228.008206 0.000000
610951.868049 2511223.232932 0.000000
610953.390518 2511218.457658 0.000000
610954.912987 2511213.682384 0.000000
610956.435456 2511208.907110 0.000000
610957.957925 2511204.131836 0.000000
610959.480394 2511199.356562 0.000000
610961.002863 2511194.581287 0.000000
610962.525332 2511189.806013 0.000000
610964.047801 2511185.030739 0.000000
610965.570270 2511180.255465 0.000000
610967.092739 2511175.480191 0.000000
610968.615208 2511170.704917 0.000000
610970.137677 2511165.929642 0.000000
610971.660146 2511161.154368 0.000000
610973.182615 2511156.379094 0.000000
610974.705084 2511151.603820 0.000000
610976.227553 2511146.828546 0.000000
610977.750022 2511142.053272 0.000000
610979.272491 2511137.277998 0.000000
610980.794960 2511132.502723 0.000000
610982.317429 2511127.727449 0.000000
610983.839898 2511122.952175 0.000000
610985.362367 2511118.176901 0.000000
610986.884836 2511113.401627 0.000000
610988.407305 2511108.626353 0.000000
610989.929774 2511103.851079 0.000000
610991.452242 2511099.075804 0.000000
610992.974711 2511094.300530 0.000000
610994.497180 2511089.525256 0.000000
610996.019649 2511084.749982 0.000000
610997.542118 2511079.974708 0.000000
610999.064587 2511075.199434 0.000000
611000.587056 2511070.424160 0.000000
611002.109525 2511065.648885 0.000000
611003.631994 2511060.873611 0.000000
611005.154463 2511056.098337 0.000000
611006.676932 2511051.323063 0.000000
611008.199401 2511046.547789 0.000000
611009.721870 2511041.772515 0.000000
611011.244339 2511036.997241 0.000000
611012.766808 2511032.221966 0.000000
611014.289277 2511027.446692 0.000000
611015.811746 2511022.671418 0.000000
611017.334215 2511017.896144 0.000000
611018.856684 2511013.120870 0.000000
611020.379153 2511008.345596 0.000000
611021.901622 2511003.570322 0.000000
611023.424091 2510998.795047 0.000000
611024.946560 2510994.019773 0.000000
611026.469029 2510989.244499 0.000000
611027.991498 2510984.469225 0.000000
611029.513967 2510979.693951 0.000000
611031.036436 2510974.918677 0.000000
611032.558905 2510970.143403 0.000000
611034.081374 2510965.368128 0.000000
611035.603843 2510960.592854 0.000000
611037.126312 2510955.817580 0.000000
611038.648781 2510951.042306 0.000000
611040.171250 2510946.267032 0.000000
611041.693719 2510941.491758 0.000000
611043.216188 2510936.716483 0.000000
611044.738657 2510931.941209 0.000000
611046.261126 2510927.165935 0.000000
611047.783595 2510922.390661 0.000000
611049.306064 2510917.615387 0.000000
611050.828533 2510912.840113 0.000000
611052.351002 2510908.064839 0.000000
611053.873471 2510903.289564 0.000000
611055.395939 2510898.514290 0.000000
611056.918408 2510893.739016 0.000000
611058.440877 2510888.963742 0.000000
611059.963346 2510884.188468 0.000000
611061.485815 2510879.413194 0.000000
611063.008284 2510874.637920 0.000000
611064.530753 2510869.862645 0.000000
611066.053222 2510865.087371 0.000000
611067.575691 2510860.312097 0.000000
611069.098160 2510855.536823 0.000000
611070.620629 2510850.761549 0.000000
611072.143098 2510845.986275 0.000000
611073.665567 2510841.211001 0.000000
611075.188036 2510836.435726 0.000000
611076.710505 2510831.660452 0.000000
611078.232974 2510826.885178 0.000000
611079.755443 2510822.109904 0.000000
611081.277912 2510817.334630 0.000000
611082.800381 2510812.559356 0.000000
611084.322850 2510807.784082 0.000000
611085.845319 2510803.008807 0.000000
611087.367788 2510798.233533 0.000000
611088.890257 2510793.458259 0.000000
611090.412726 2510788.682985 0.000000
611091.935195 2510783.907711 0.000000
611093.457664 2510779.132437 0.000000
611094.980133 2510774.357163 0.000000
611096.502602 2510769.581888 0.000000
611098.025071 2510764.806614 0.000000
611099.547540 2510760.031340 0.000000
611101.070009 2510755.256066 0.000000
611102.592478 2510750.480792 0.000000
611104.114947 2510745.705518 0.000000
611105.637416 2510740.930243 0.000000
611107.159885 2510736.154969 0.000000
611108.682354 2510731.379695 0.000000
611110.204823 2510726.604421 0.000000
611111.727292 2510721.829147 0.000000
611113.249761 2510717.053873 0.000000
611114.772230 2510712.278599 0.000000
611116.294699 2510707.503324 0.000000
611117.817168 2510702.728050 0.000000
611119.339636 2510697.952776 0.000000
611120.862105 2510693.177502 0.000000
611122.384574 2510688.402228 0.000000
611123.907043 2510683.626954 0.000000
611125.429512 2510678.851680 0.000000
611126.951981 2510674.076405 0.000000
611128.474450 2510669.301131 0.000000
611129.996919 2510664.525857 0.000000
611131.519388 2510659.750583 0.000000
611133.041857 2510654.975309 0.000000
611134.564326 2510650.200035 0.000000
611136.086795 2510645.424761 0.000000
611137.609264 2510640.649486 0.000000
611139.131733 2510635.874212 0.000000
611140.654202 2510631.098938 0.000000
611142.176671 2510626.323664 0.000000
611143.699140 2510621.548390 0.000000
611145.221609 2510616.773116 0.000000
611146.744078 2510611.997842 0.000000
611148.266547 2510607.222567 0.000000
611149.789016 2510602.447293 0.000000
611151.311485 2510597.672019 0.000000
611152.833954 2510592.896745 0.000000
611154.356423 2510588.121471 0.000000
611155.878892 2510583.346197 0.000000
611157.401361 2510578.570923 0.000000
611158.923830 2510573.795648 0.000000
611160.446299 2510569.020374 0.000000
611161.968768 2510564.245100 0.000000
611163.491237 2510559.469826 0.000000
611165.013706 2510554.694552 0.000000
611166.461556 2510549.909283 0.000000
611167.909406 2510545.124013 0.000000
611169.357256 2510540.338744 0.000000
611170.805105 2510535.553475 0.000000
611172.252955 2510530.768205 0.000000
611173.700805 2510525.982936 0.000000
611175.148655 2510521.197667 0.000000
611176.596505 2510516.412397 0.000000
611178.044355 2510511.627128 0.000000
611179.492205 2510506.841859 0.000000
611180.940055 2510502.056590 0.000000
611182.387905 2510497.271320 0.000000
611183.835755 2510492.486051 0.000000
611185.283605 2510487.700782 0.000000
611186.731455 2510482.915512 0.000000
611188.179305 2510478.130243 0.000000
611189.627155 2510473.344974 0.000000
611191.075005 2510468.559705 0.000000
611192.522854 2510463.774435 0.000000
611193.970704 2510458.989166 0.000000
611195.418554 2510454.203897 0.000000
611196.866404 2510449.418627 0.000000
611198.314254 2510444.633358 0.000000
611199.762104 2510439.848089 0.000000
611201.209954 2510435.062820 0.000000
611202.657804 2510430.277550 0.000000
611204.105654 2510425.492281 0.000000
611205.553504 2510420.707012 0.000000
611207.001354 2510415.921742 0.000000
611208.449204 2510411.136473 0.000000
611209.897054 2510406.351204 0.000000
611211.344904 2510401.565935 0.000000
611212.792753 2510396.780665 0.000000
611214.240603 2510391.995396 0.000000
611215.688453 2510387.210127 0.000000
611217.136303 2510382.424857 0.000000
611218.584153 2510377.639588 0.000000
611220.032003 2510372.854319 0.000000
611221.479853 2510368.069049 0.000000
611222.927703 2510363.283780 0.000000
611224.375553 2510358.498511 0.000000
611225.823403 2510353.713242 0.000000
611227.271253 2510348.927972 0.000000
611228.719103 2510344.142703 0.000000
611230.166953 2510339.357434 0.000000
611231.614803 2510334.572164 0.000000
611233.062652 2510329.786895 0.000000
611234.510502 2510325.001626 0.000000
611235.958352 2510320.216357 0.000000
611237.406202 2510315.431087 0.000000
611238.854052 2510310.645818 0.000000
611240.301902 2510305.860549 0.000000
611241.749752 2510301.075279 0.000000
611243.197602 2510296.290010 0.000000
611244.645452 2510291.504741 0.000000
611246.093302 2510286.719472 0.000000
611247.541152 2510281.934202 0.000000
611248.989002 2510277.148933 0.000000
611250.436852 2510272.363664 0.000000
611251.884702 2510267.578394 0.000000
611253.332552 2510262.793125 0.000000
611254.780401 2510258.007856 0.000000
611256.228251 2510253.222587 0.000000
611257.676101 2510248.437317 0.000000
611259.123951 2510243.652048 0.000000
611260.571801 2510238.866779 0.000000
611262.019651 2510234.081509 0.000000
611263.467501 2510229.296240 0.000000
611264.915351 2510224.510971 0.000000
611266.363201 2510219.725701 0.000000
611267.811051 2510214.940432 0.000000
611269.258901 2510210.155163 0.000000
611270.706751 2510205.369894 0.000000
611272.154601 2510200.584624 0.000000
611273.602451 2510195.799355 0.000000
611275.050300 2510191.014086 0.000000
611276.498150 2510186.228816 0.000000
611277.946000 2510181.443547 0.000000
611279.393850 2510176.658278 0.000000
611280.841700 2510171.873009 0.000000
611282.289550 2510167.087739 0.000000
611283.737400 2510162.302470 0.000000
611285.185250 2510157.517201 0.000000
611286.633100 2510152.731931 0.000000
611288.080950 2510147.946662 0.000000
611289.528800 2510143.161393 0.000000
611290.976650 2510138.376124 0.000000
611292.424500 2510133.590854 0.000000
611293.872350 2510128.805585 0.000000
611295.320199 2510124.020316 0.000000
611296.768049 2510119.235046 0.000000
611298.215899 2510114.449777 0.000000
611299.663749 2510109.664508 0.000000
611301.111599 2510104.879239 0.000000
611302.559449 2510100.093969 0.000000
611304.007299 2510095.308700 0.000000
611305.455149 2510090.523431 0.000000
611306.902999 2510085.738161 0.000000
611308.350849 2510080.952892 0.000000
611309.798699 2510076.167623 0.000000
611311.246549 2510071.382353 0.000000
611312.694399 2510066.597084 0.000000
611314.142249 2510061.811815 0.000000
611315.590098 2510057.026546 0.000000
611317.037948 2510052.241276 0.000000
611318.485798 2510047.456007 0.000000
611319.933648 2510042.670738 0.000000
611321.381498 2510037.885468 0.000000
611322.829348 2510033.100199 0.000000
611324.277198 2510028.314930 0.000000
611325.725048 2510023.529661 0.000000
611327.172898 2510018.744391 0.000000
611328.620748 2510013.959122 0.000000
611330.068598 2510009.173853 0.000000
611331.516448 2510004.388583 0.000000
611332.964298 2509999.603314 0.000000
611334.412148 2509994.818045 0.000000
611335.859998 2509990.032776 0.000000
611337.307847 2509985.247506 0.000000
611338.755697 2509980.462237 0.000000
611340.203547 2509975.676968 0.000000
611341.651397 2509970.891698 0.000000
611343.099247 2509966.106429 0.000000
611344.547097 2509961.321160 0.000000
611345.994947 2509956.535891 0.000000
611347.442797 2509951.750621 0.000000
611348.890647 2509946.965352 0.000000
611350.338497 2509942.180083 0.000000
611351.786347 2509937.394813 0.000000
611353.234197 2509932.609544 0.000000
611354.682047 2509927.824275 0.000000
611356.129897 2509923.039005 0.000000
611357.577746 2509918.253736 0.000000
611359.025596 2509913.468467 0.000000
611360.473446 2509908.683198 0.000000
611361.921296 2509903.897928 0.000000
611363.369146 2509899.112659 0.000000
611364.816996 2509894.327390 0.000000
611366.264846 2509889.542120 0.000000
611367.712696 2509884.756851 0.000000
611369.160546 2509879.971582 0.000000
611370.608396 2509875.186313 0.000000
611372.056246 2509870.401043 0.000000
611373.504096 2509865.615774 0.000000
611374.951946 2509860.830505 0.000000
611376.399796 2509856.045235 0.000000
611377.847645 2509851.259966 0.000000
611379.295495 2509846.474697 0.000000
611380.743345 2509841.689428 0.000000
611382.191195 2509836.904158 0.000000
611383.639045 2509832.118889 0.000000
611385.086895 2509827.333620 0.000000
611386.534745 2509822.548350 0.000000
611387.982595 2509817.763081 0.000000
611389.430445 2509812.977812 0.000000
611390.878295 2509808.192543 0.000000
611392.326145 2509803.407273 0.000000
611393.773995 2509798.622004 0.000000
611395.221845 2509793.836735 0.000000
611396.669695 2509789.051465 0.000000
611398.117545 2509784.266196 0.000000
611399.565394 2509779.480927 0.000000
611401.013244 2509774.695657 0.000000
611402.274111 2509769.869577 0.000000
611403.534978 2509765.043497 0.000000
611404.795845 2509760.217417 0.000000
611406.056712 2509755.391337 0.000000
611407.317579 2509750.565257 0.000000
611408.578446 2509745.739177 0.000000
611409.839313 2509740.913097 0.000000
611411.100180 2509736.087017 0.000000
611412.361047 2509731.260937 0.000000
611413.621914 2509726.434857 0.000000
611414.882781 2509721.608777 0.000000
611416.143648 2509716.782696 0.000000
611417.404515 2509711.956616 0.000000
611418.665382 2509707.130536 0.000000
611419.926249 2509702.304456 0.000000
611421.187116 2509697.478376 0.000000
611422.447983 2509692.652296 0.000000
611423.708850 2509687.826216 0.000000
611424.969717 2509683.000136 0.000000
611426.230584 2509678.174056 0.000000
611427.491451 2509673.347976 0.000000
611428.752318 2509668.521896 0.000000
611430.013185 2509663.695816 0.000000
611430.941755 2509658.767251 0.000000
611431.870324 2509653.838687 0.000000
611432.798893 2509648.910123 0.000000
611433.727463 2509643.981558 0.000000
611434.656032 2509639.052994 0.000000
611435.584601 2509634.124429 0.000000
611436.513171 2509629.195865 0.000000
611437.441740 2509624.267301 0.000000
611438.370309 2509619.338736 0.000000
611439.298879 2509614.410172 0.000000
611440.227448 2509609.481608 0.000000
611441.156017 2509604.553043 0.000000
611442.084587 2509599.624479 0.000000
611443.013156 2509594.695915 0.000000
611443.941725 2509589.767350 0.000000
611444.870295 2509584.838786 0.000000
611445.798864 2509579.910222 0.000000
611446.727433 2509574.981657 0.000000
611447.656003 2509570.053093 0.000000
611448.584572 2509565.124528 0.000000
611449.513141 2509560.195964 0.000000
611450.441711 2509555.267400 0.000000
611451.370280 2509550.338835 0.000000
611452.298849 2509545.410271 0.000000
611453.227419 2509540.481707 0.000000
611454.155988 2509535.553142 0.000000
611455.084557 2509530.624578 0.000000
611456.013127 2509525.696014 0.000000
611456.513125 2509520.696021 0.000000
611457.013124 2509515.696028 0.000000
611457.513122 2509510.696035 0.000000
611458.013121 2509505.696043 0.000000
611458.513119 2509500.696050 0.000000
611459.013118 2509495.696057 0.000000
611459.513116 2509490.696064 0.000000
611460.013115 2509485.696072 0.000000
611460.513113 2509480.696079 0.000000
611461.013112 2509475.696086 0.000000
611461.513110 2509470.696093 0.000000
611462.013109 2509465.696101 0.000000
611462.513107 2509460.696108 0.000000
611463.013106 2509455.696115 0.000000
611463.513104 2509450.696122 0.000000
611464.013103 2509445.696130 0.000000
611464.513101 2509440.696137 0.000000
611465.013100 2509435.696144 0.000000
611465.513098 2509430.696151 0.000000
611466.013097 2509425.696159 0.000000
611466.513095 2509420.696166 0.000000
611467.013094 2509415.696173 0.000000
611467.513092 2509410.696180 0.000000
611468.013091 2509405.696188 0.000000
611468.513089 2509400.696195 0.000000
611469.013088 2509395.696202 0.000000
611469.513086 2509390.696209 0.000000
611470.013085 2509385.696217 0.000000
611470.513083 2509380.696224 0.000000
611471.013082 2509375.696231 0.000000
611471.513080 2509370.696238 0.000000
611472.013079 2509365.696246 0.000000
611472.082044 2509360.696253 0.000000
611472.151008 2509355.696260 0.000000
611472.219973 2509350.696267 0.000000
611472.288938 2509345.696275 0.000000
611472.357902 2509340.696282 0.000000
611472.426867 2509335.696289 0.000000
611472.495832 2509330.696297 0.000000
611472.564796 2509325.696304 0.000000
611472.633761 2509320.696311 0.000000
611472.702726 2509315.696319 0.000000
611472.771690 2509310.696326 0.000000
611472.840655 2509305.696333 0.000000
611472.909620 2509300.696341 0.000000
611472.978584 2509295.696348 0.000000
611473.047549 2509290.696355 0.000000
611473.116513 2509285.696363 0.000000
611473.185478 2509280.696370 0.000000
611473.254443 2509275.696377 0.000000
611473.323407 2509270.696384 0.000000
611473.392372 2509265.696392 0.000000
611473.461337 2509260.696399 0.000000
611473.530301 2509255.696406 0.000000
611473.599266 2509250.696414 0.000000
611473.668231 2509245.696421 0.000000
611473.737195 2509240.696428 0.000000
611473.806160 2509235.696436 0.000000
611473.875125 2509230.696443 0.000000
611473.944089 2509225.696450 0.000000
611474.013054 2509220.696458 0.000000
611473.624165 2509215.696465 0.000000
611473.235276 2509210.696472 0.000000
611472.846387 2509205.696480 0.000000
611472.457498 2509200.696487 0.000000
611472.068609 2509195.696494 0.000000
611471.679720 2509190.696502 0.000000
611471.290830 2509185.696509 0.000000
611470.901941 2509180.696517 0.000000
611470.513052 2509175.696524 0.000000
611470.124163 2509170.696531 0.000000
611469.735274 2509165.696539 0.000000
611469.346385 2509160.696546 0.000000
611468.957496 2509155.696554 0.000000
611468.568607 2509150.696561 0.000000
611468.179718 2509145.696568 0.000000
611467.790829 2509140.696576 0.000000
611467.401940 2509135.696583 0.000000
611467.013051 2509130.696590 0.000000
611466.624161 2509125.696598 0.000000
611466.235272 2509120.696605 0.000000
611465.846383 2509115.696613 0.000000
611465.457494 2509110.696620 0.000000
611465.068605 2509105.696627 0.000000
611464.679716 2509100.696635 0.000000
611464.290827 2509095.696642 0.000000
611463.901938 2509090.696650 0.000000
611463.513049 2509085.696657 0.000000
611463.124160 2509080.696664 0.000000
611462.735271 2509075.696672 0.000000
611462.346382 2509070.696679 0.000000
611461.957492 2509065.696686 0.000000
611461.568603 2509060.696694 0.000000
611461.179714 2509055.696701 0.000000
611460.790825 2509050.696709 0.000000
611460.401936 2509045.696716 0.000000
611460.013047 2509040.696723 0.000000
611459.263047 2509035.746731 0.000000
611458.513048 2509030.796738 0.000000
611457.763048 2509025.846745 0.000000
611457.013048 2509020.896753 0.000000
611456.263049 2509015.946760 0.000000
611455.513049 2509010.996768 0.000000
611454.763049 2509006.046775 0.000000
611454.013050 2509001.096782 0.000000
611453.263050 2508996.146790 0.000000
611452.513050 2508991.196797 0.000000
611451.763051 2508986.246804 0.000000
611451.013051 2508981.296812 0.000000
611450.263051 2508976.346819 0.000000
611449.513052 2508971.396826 0.000000
611448.763052 2508966.446834 0.000000
611448.013053 2508961.496841 0.000000
611447.263053 2508956.546849 0.000000
611446.513053 2508951.596856 0.000000
611445.763054 2508946.646863 0.000000
611445.013054 2508941.696871 0.000000
611443.976018 2508936.845026 0.000000
611442.938981 2508931.993181 0.000000
611441.901945 2508927.141337 0.000000
611440.864909 2508922.289492 0.000000
611439.827873 2508917.437648 0.000000
611438.790836 2508912.585803 0.000000
611437.753800 2508907.733959 0.000000
611436.716764 2508902.882114 0.000000
611435.679727 2508898.030269 0.000000
611434.642691 2508893.178425 0.000000
611433.605655 2508888.326580 0.000000
611432.568619 2508883.474736 0.000000
611431.531582 2508878.622891 0.000000
611430.494546 2508873.771046 0.000000
611429.457510 2508868.919202 0.000000
611428.420474 2508864.067357 0.000000
611427.383437 2508859.215513 0.000000
611426.346401 2508854.363668 0.000000
611425.309365 2508849.511824 0.000000
611424.272329 2508844.659979 0.000000
611423.235292 2508839.808134 0.000000
611422.198256 2508834.956290 0.000000
611421.161220 2508830.104445 0.000000
611420.124184 2508825.252601 0.000000
611419.087147 2508820.400756 0.000000
611418.050111 2508815.548911 0.000000
611417.013075 2508810.697067 0.000000
611415.776361 2508805.851663 0.000000
611414.539647 2508801.006260 0.000000
611413.302933 2508796.160857 0.000000
611412.066219 2508791.315453 0.000000
611410.829505 2508786.470050 0.000000
611409.592791 2508781.624647 0.000000
611408.356077 2508776.779243 0.000000
611407.119363 2508771.933840 0.000000
611405.882650 2508767.088437 0.000000
611404.645936 2508762.243033 0.000000
611403.409222 2508757.397630 0.000000
611402.172508 2508752.552227 0.000000
611400.935794 2508747.706823 0.000000
611399.699080 2508742.861420 0.000000
611398.462366 2508738.016017 0.000000
611397.225652 2508733.170613 0.000000
611395.988938 2508728.325210 0.000000
611394.752224 2508723.479807 0.000000
611393.515510 2508718.634403 0.000000
611392.278797 2508713.789000 0.000000
611391.042083 2508708.943597 0.000000
611389.805369 2508704.098193 0.000000
611388.568655 2508699.252790 0.000000
611387.331941 2508694.407387 0.000000
611386.095227 2508689.561983 0.000000
611384.858513 2508684.716580 0.000000
611383.621799 2508679.871177 0.000000
611382.385085 2508675.025773 0.000000
611381.148371 2508670.180370 0.000000
611379.911657 2508665.334967 0.000000
611378.674944 2508660.489563 0.000000
611377.438230 2508655.644160 0.000000
611376.201516 2508650.798757 0.000000
611374.964802 2508645.953353 0.000000
611373.728088 2508641.107950 0.000000
611372.491374 2508636.262547 0.000000
611371.254660 2508631.417143 0.000000
611370.017946 2508626.571740 0.000000
611368.781232 2508621.726337 0.000000
611367.544518 2508616.880933 0.000000
611366.307804 2508612.035530 0.000000
611365.071091 2508607.190127 0.000000
611363.834377 2508602.344723 0.000000
611362.597663 2508597.499320 0.000000
611361.360949 2508592.653917 0.000000
611360.124235 2508587.808513 0.000000
611358.887521 2508582.963110 0.000000
611357.650807 2508578.117707 0.000000
611356.414093 2508573.272303 0.000000
611355.177379 2508568.426900 0.000000
611353.940665 2508563.581497 0.000000
611352.703951 2508558.736093 0.000000
611351.467238 2508553.890690 0.000000
611350.230524 2508549.045287 0.000000
611348.993810 2508544.199883 0.000000
611347.757096 2508539.354480 0.000000
611346.520382 2508534.509077 0.000000
611345.283668 2508529.663673 0.000000
611344.046954 2508524.818270 0.000000
611342.810240 2508519.972867 0.000000
611341.573526 2508515.127463 0.000000
611340.336812 2508510.282060 0.000000
611339.100098 2508505.436657 0.000000
611337.863385 2508500.591253 0.000000
611336.626671 2508495.745850 0.000000
611335.389957 2508490.900447 0.000000
611334.153243 2508486.055043 0.000000
611332.916529 2508481.209640 0.000000
611331.679815 2508476.364237 0.000000
611330.443101 2508471.518833 0.000000
611329.206387 2508466.673430 0.000000
611327.969673 2508461.828027 0.000000
611326.732959 2508456.982623 0.000000
611325.496245 2508452.137220 0.000000
611324.259532 2508447.291816 0.000000
611323.022818 2508442.446413 0.000000
611321.786104 2508437.601010 0.000000
611320.549390 2508432.755606 0.000000
611319.312676 2508427.910203 0.000000
611318.075962 2508423.064800 0.000000
611316.839248 2508418.219396 0.000000
611315.602534 2508413.373993 0.000000
611314.365820 2508408.528590 0.000000
611313.129106 2508403.683186 0.000000
611311.892392 2508398.837783 0.000000
611310.655679 2508393.992380 0.000000
611309.418965 2508389.146976 0.000000
611308.182251 2508384.301573 0.000000
611306.945537 2508379.456170 0.000000
611305.708823 2508374.610766 0.000000
611304.472109 2508369.765363 0.000000
611303.235395 2508364.919960 0.000000
611301.998681 2508360.074556 0.000000
611300.761967 2508355.229153 0.000000
611299.525253 2508350.383750 0.000000
611298.288539 2508345.538346 0.000000
611297.051826 2508340.692943 0.000000
611295.815112 2508335.847540 0.000000
611294.578398 2508331.002136 0.000000
611293.341684 2508326.156733 0.000000
611292.104970 2508321.311330 0.000000
611290.868256 2508316.465926 0.000000
611289.631542 2508311.620523 0.000000
611288.394828 2508306.775120 0.000000
611287.158114 2508301.929716 0.000000
611285.921400 2508297.084313 0.000000
611284.684686 2508292.238910 0.000000
611283.447973 2508287.393506 0.000000
611282.211259 2508282.548103 0.000000
611280.974545 2508277.702700 0.000000
611279.737831 2508272.857296 0.000000
611278.501117 2508268.011893 0.000000
611277.264403 2508263.166490 0.000000
611276.027689 2508258.321086 0.000000
611274.790975 2508253.475683 0.000000
611273.554261 2508248.630280 0.000000
611272.317547 2508243.784876 0.000000
611271.080833 2508238.939473 0.000000
611269.844120 2508234.094070 0.000000
611268.607406 2508229.248666 0.000000
611267.370692 2508224.403263 0.000000
611266.133978 2508219.557860 0.000000
611264.897264 2508214.712456 0.000000
611263.660550 2508209.867053 0.000000
611262.423836 2508205.021650 0.000000
611261.187122 2508200.176246 0.000000
611259.950408 2508195.330843 0.000000
611258.713694 2508190.485440 0.000000
611257.476980 2508185.640036 0.000000
611256.240267 2508180.794633 0.000000
611255.003553 2508175.949230 0.000000
611253.766839 2508171.103826 0.000000
611252.530125 2508166.258423 0.000000
611251.293411 2508161.413020 0.000000
611250.056697 2508156.567616 0.000000
611248.819983 2508151.722213 0.000000
611247.583269 2508146.876810 0.000000
611246.346555 2508142.031406 0.000000
611245.109841 2508137.186003 0.000000
611243.873127 2508132.340600 0.000000
611242.636414 2508127.495196 0.000000
611241.399700 2508122.649793 0.000000
611240.162986 2508117.804390 0.000000
611238.926272 2508112.958986 0.000000
611237.689558 2508108.113583 0.000000
611236.452844 2508103.268180 0.000000
611235.216130 2508098.422776 0.000000
611233.979416 2508093.577373 0.000000
611232.742702 2508088.731969 0.000000
611231.505988 2508083.886566 0.000000
611230.269274 2508079.041163 0.000000
611229.032561 2508074.195759 0.000000
611227.795847 2508069.350356 0.000000
611226.559133 2508064.504953 0.000000
611225.322419 2508059.659549 0.000000
611224.085705 2508054.814146 0.000000
611222.848991 2508049.968743 0.000000
611221.612277 2508045.123339 0.000000
611220.375563 2508040.277936 0.000000
611219.138849 2508035.432533 0.000000
611217.902135 2508030.587129 0.000000
611216.665421 2508025.741726 0.000000
611215.428708 2508020.896323 0.000000
611214.191994 2508016.050919 0.000000
611212.955280 2508011.205516 0.000000
611211.718566 2508006.360113 0.000000
611210.481852 2508001.514709 0.000000
611209.245138 2507996.669306 0.000000
611208.008424 2507991.823903 0.000000
611206.771710 2507986.978499 0.000000
611205.534996 2507982.133096 0.000000
611204.298282 2507977.287693 0.000000
611203.061568 2507972.442289 0.000000
611201.824854 2507967.596886 0.000000
611200.588141 2507962.751483 0.000000
611199.351427 2507957.906079 0.000000
611198.114713 2507953.060676 0.000000
611196.877999 2507948.215273 0.000000
611195.641285 2507943.369869 0.000000
611194.404571 2507938.524466 0.000000
611193.167857 2507933.679063 0.000000
611191.931143 2507928.833659 0.000000
611190.694429 2507923.988256 0.000000
611189.457715 2507919.142853 0.000000
611188.221001 2507914.297449 0.000000
611186.984288 2507909.452046 0.000000
611185.747574 2507904.606643 0.000000
611184.510860 2507899.761239 0.000000
611183.274146 2507894.915836 0.000000
611182.037432 2507890.070433 0.000000
611180.800718 2507885.225029 0.000000
611179.564004 2507880.379626 0.000000
611178.327290 2507875.534223 0.000000
611177.090576 2507870.688819 0.000000
611175.853862 2507865.843416 0.000000
611174.617148 2507860.998013 0.000000
611173.380435 2507856.152609 0.000000
611172.143721 2507851.307206 0.000000
611170.907007 2507846.461803 0.000000
611169.670293 2507841.616399 0.000000
611168.433579 2507836.770996 0.000000
611167.196865 2507831.925593 0.000000
611165.960151 2507827.080189 0.000000
611164.723437 2507822.234786 0.000000
611163.486723 2507817.389383 0.000000
611162.250009 2507812.543979 0.000000
611161.013295 2507807.698576 0.000000
611159.625797 2507802.898583 0.000000
611158.238298 2507798.098590 0.000000
611156.850799 2507793.298598 0.000000
611155.463301 2507788.498605 0.000000
611154.075802 2507783.698612 0.000000
611152.688303 2507778.898619 0.000000
611151.300805 2507774.098627 0.000000
611149.913306 2507769.298634 0.000000
611148.525807 2507764.498641 0.000000
611147.138308 2507759.698648 0.000000
611145.750810 2507754.898656 0.000000
611144.363311 2507750.098663 0.000000
611142.975812 2507745.298670 0.000000
611141.588314 2507740.498677 0.000000
611140.200815 2507735.698685 0.000000
611138.813316 2507730.898692 0.000000
611137.425818 2507726.098699 0.000000
611136.038319 2507721.298706 0.000000
611134.650820 2507716.498714 0.000000
611133.263321 2507711.698721 0.000000
611131.875823 2507706.898728 0.000000
611130.488324 2507702.098735 0.000000
611129.100825 2507697.298743 0.000000
611127.713327 2507692.498750 0.000000
611126.325828 2507687.698757 0.000000
611124.938329 2507682.898764 0.000000
611123.550830 2507678.098772 0.000000
611122.163332 2507673.298779 0.000000
611120.775833 2507668.498786 0.000000
611119.388334 2507663.698793 0.000000
611118.000836 2507658.898801 0.000000
611116.613337 2507654.098808 0.000000
611115.225838 2507649.298815 0.000000
611113.838340 2507644.498822 0.000000
611112.450841 2507639.698830 0.000000
611111.063342 2507634.898837 0.000000
611109.675843 2507630.098844 0.000000
611108.288345 2507625.298851 0.000000
611106.900846 2507620.498859 0.000000
611105.513347 2507615.698866 0.000000
611104.125849 2507610.898873 0.000000
611102.738350 2507606.098880 0.000000
611101.350851 2507601.298888 0.000000
611099.963352 2507596.498895 0.000000
611098.575854 2507591.698902 0.000000
611097.188355 2507586.898909 0.000000
611095.800856 2507582.098917 0.000000
611094.413358 2507577.298924 0.000000
611093.025859 2507572.498931 0.000000
611091.638360 2507567.698938 0.000000
611090.250862 2507562.898946 0.000000
611088.863363 2507558.098953 0.000000
611087.475864 2507553.298960 0.000000
611086.088365 2507548.498967 0.000000
611084.700867 2507543.698975 0.000000
611083.313368 2507538.898982 0.000000
611081.925869 2507534.098989 0.000000
611080.538371 2507529.298996 0.000000
611079.150872 2507524.499004 0.000000
611077.763373 2507519.699011 0.000000
611076.375874 2507514.899018 0.000000
611074.988376 2507510.099025 0.000000
611073.600877 2507505.299033 0.000000
611072.213378 2507500.499040 0.000000
611070.825880 2507495.699047 0.000000
611069.438381 2507490.899054 0.000000
611068.050882 2507486.099062 0.000000
611066.663384 2507481.299069 0.000000
611065.275885 2507476.499076 0.000000
611063.888386 2507471.699083 0.000000
611062.500887 2507466.899091 0.000000
611061.113389 2507462.099098 0.000000
611059.725890 2507457.299105 0.000000
611058.338391 2507452.499112 0.000000
611056.950893 2507447.699120 0.000000
611055.563394 2507442.899127 0.000000
611054.175895 2507438.099134 0.000000
611052.788396 2507433.299141 0.000000
611051.400898 2507428.499149 0.000000
611050.013399 2507423.699156 0.000000
611048.499887 2507418.942406 0.000000
611046.986375 2507414.185657 0.000000
611045.472863 2507409.428907 0.000000
611043.959351 2507404.672158 0.000000
611042.445839 2507399.915408 0.000000
611040.932327 2507395.158659 0.000000
611039.418815 2507390.401909 0.000000
611037.905303 2507385.645160 0.000000
611036.391791 2507380.888410 0.000000
611034.878279 2507376.131660 0.000000
611033.364767 2507371.374911 0.000000
611031.851255 2507366.618161 0.000000
611030.337743 2507361.861412 0.000000
611028.824231 2507357.104662 0.000000
611027.310719 2507352.347913 0.000000
611025.797207 2507347.591163 0.000000
611024.283695 2507342.834414 0.000000
611022.770183 2507338.077664 0.000000
611021.256671 2507333.320915 0.000000
611019.743159 2507328.564165 0.000000
611018.229647 2507323.807415 0.000000
611016.716134 2507319.050666 0.000000
611015.202622 2507314.293916 0.000000
611013.689110 2507309.537167 0.000000
611012.175598 2507304.780417 0.000000
611010.662086 2507300.023668 0.000000
611009.148574 2507295.266918 0.000000
611007.635062 2507290.510169 0.000000
611006.121550 2507285.753419 0.000000
611004.608038 2507280.996670 0.000000
611003.094526 2507276.239920 0.000000
611001.581014 2507271.483170 0.000000
611000.067502 2507266.726421 0.000000
610998.553990 2507261.969671 0.000000
610997.040478 2507257.212922 0.000000
610995.526966 2507252.456172 0.000000
610994.013454 2507247.699423 0.000000
610992.499942 2507242.942673 0.000000
610990.986430 2507238.185924 0.000000
610989.472918 2507233.429174 0.000000
610987.959406 2507228.672425 0.000000
610986.445894 2507223.915675 0.000000
610984.932382 2507219.158925 0.000000
610983.418870 2507214.402176 0.000000
610981.905358 2507209.645426 0.000000
610980.391846 2507204.888677 0.000000
610978.878334 2507200.131927 0.000000
610977.364822 2507195.375178 0.000000
610975.851310 2507190.618428 0.000000
610974.337798 2507185.861679 0.000000
610972.824286 2507181.104929 0.000000
610971.310774 2507176.348179 0.000000
610969.797262 2507171.591430 0.000000
610968.283750 2507166.834680 0.000000
610966.770238 2507162.077931 0.000000
610965.256726 2507157.321181 0.000000
610963.743214 2507152.564432 0.000000
610962.229702 2507147.807682 0.000000
610960.716190 2507143.050933 0.000000
610959.202677 2507138.294183 0.000000
610957.689165 2507133.537434 0.000000
610956.175653 2507128.780684 0.000000
610954.662141 2507124.023934 0.000000
610953.148629 2507119.267185 0.000000
610951.635117 2507114.510435 0.000000
610950.121605 2507109.753686 0.000000
610948.608093 2507104.996936 0.000000
610947.094581 2507100.240187 0.000000
610945.581069 2507095.483437 0.000000
610944.067557 2507090.726688 0.000000
610942.554045 2507085.969938 0.000000
610941.040533 2507081.213189 0.000000
610939.527021 2507076.456439 0.000000
610938.013509 2507071.699689 0.000000
610936.393356 2507066.971014 0.000000
610934.773202 2507062.242339 0.000000
610933.153049 2507057.513664 0.000000
610931.532896 2507052.784989 0.000000
610929.912742 2507048.056315 0.000000
610928.292589 2507043.327640 0.000000
610926.672435 2507038.598965 0.000000
610925.052282 2507033.870290 0.000000
610923.432129 2507029.141615 0.000000
610921.811975 2507024.412940 0.000000
610920.191822 2507019.684265 0.000000
610918.571668 2507014.955590 0.000000
610916.951515 2507010.226915 0.000000
610915.331362 2507005.498240 0.000000
610913.711208 2507000.769565 0.000000
610912.091055 2506996.040890 0.000000
610910.470901 2506991.312215 0.000000
610908.850748 2506986.583540 0.000000
610907.230595 2506981.854865 0.000000
610905.610441 2506977.126190 0.000000
610903.990288 2506972.397515 0.000000
610902.370135 2506967.668840 0.000000
610900.749981 2506962.940165 0.000000
610899.129828 2506958.211490 0.000000
610897.509674 2506953.482815 0.000000
610895.889521 2506948.754140 0.000000
610894.269368 2506944.025465 0.000000
610892.649214 2506939.296790 0.000000
610891.029061 2506934.568115 0.000000
610889.408907 2506929.839440 0.000000
610887.788754 2506925.110765 0.000000
610886.168601 2506920.382090 0.000000
610884.548447 2506915.653415 0.000000
610882.928294 2506910.924740 0.000000
610881.308140 2506906.196065 0.000000
610879.687987 2506901.467390 0.000000
610878.067834 2506896.738715 0.000000
610876.447680 2506892.010040 0.000000
610874.827527 2506887.281365 0.000000
610873.207374 2506882.552690 0.000000
610871.587220 2506877.824015 0.000000
610869.967067 2506873.095340 0.000000
610868.346913 2506868.366665 0.000000
610866.726760 2506863.637990 0.000000
610865.106607 2506858.909315 0.000000
610863.486453 2506854.180640 0.000000
610861.866300 2506849.451965 0.000000
610860.246146 2506844.723290 0.000000
610858.625993 2506839.994615 0.000000
610857.005840 2506835.265940 0.000000
610855.385686 2506830.537265 0.000000
610853.765533 2506825.808590 0.000000
610852.145379 2506821.079915 0.000000
610850.525226 2506816.351240 0.000000
610848.905073 2506811.622565 0.000000
610847.284919 2506806.893890 0.000000
610845.664766 2506802.165215 0.000000
610844.044613 2506797.436540 0.000000
610842.424459 2506792.707865 0.000000
610840.804306 2506787.979191 0.000000
610839.184152 2506783.250516 0.000000
610837.563999 2506778.521841 0.000000
610835.943846 2506773.793166 0.000000
610834.323692 2506769.064491 0.000000
610832.703539 2506764.335816 0.000000
610831.083385 2506759.607141 0.000000
610829.463232 2506754.878466 0.000000
610827.843079 2506750.149791 0.000000
610826.222925 2506745.421116 0.000000
610824.602772 2506740.692441 0.000000
610822.982618 2506735.963766 0.000000
610821.362465 2506731.235091 0.000000
610819.742312 2506726.506416 0.000000
610818.122158 2506721.777741 0.000000
610816.502005 2506717.049066 0.000000
610814.881852 2506712.320391 0.000000
610813.261698 2506707.591716 0.000000
610811.641545 2506702.863041 0.000000
610810.021391 2506698.134366 0.000000
610808.401238 2506693.405691 0.000000
610806.781085 2506688.677016 0.000000
610805.160931 2506683.948341 0.000000
610803.540778 2506679.219666 0.000000
610801.920624 2506674.490991 0.000000
610800.300471 2506669.762316 0.000000
610798.680318 2506665.033641 0.000000
610797.060164 2506660.304966 0.000000
610795.440011 2506655.576291 0.000000
610793.819857 2506650.847616 0.000000
610792.199704 2506646.118941 0.000000
610790.579551 2506641.390266 0.000000
610788.959397 2506636.661591 0.000000
610787.339244 2506631.932916 0.000000
610785.719090 2506627.204241 0.000000
610784.098937 2506622.475566 0.000000
610782.478784 2506617.746891 0.000000
610780.858630 2506613.018216 0.000000
610779.238477 2506608.289541 0.000000
610777.618324 2506603.560866 0.000000
610775.998170 2506598.832191 0.000000
610774.378017 2506594.103516 0.000000
610772.757863 2506589.374841 0.000000
610771.137710 2506584.646166 0.000000
610769.517557 2506579.917491 0.000000
610767.897403 2506575.188816 0.000000
610766.277250 2506570.460141 0.000000
610764.657096 2506565.731466 0.000000
610763.036943 2506561.002791 0.000000
610761.416790 2506556.274116 0.000000
610759.796636 2506551.545441 0.000000
610758.176483 2506546.816766 0.000000
610756.556329 2506542.088091 0.000000
610754.936176 2506537.359416 0.000000
610753.316023 2506532.630741 0.000000
610751.695869 2506527.902067 0.000000
610750.075716 2506523.173392 0.000000
610748.455563 2506518.444717 0.000000
610746.835409 2506513.716042 0.000000
610745.215256 2506508.987367 0.000000
610743.595102 2506504.258692 0.000000
610741.974949 2506499.530017 0.000000
610740.354796 2506494.801342 0.000000
610738.734642 2506490.072667 0.000000
610737.114489 2506485.343992 0.000000
610735.494335 2506480.615317 0.000000
610733.874182 2506475.886642 0.000000
610732.254029 2506471.157967 0.000000
610730.633875 2506466.429292 0.000000
610729.013722 2506461.700617 0.000000
610727.393568 2506456.971942 0.000000
610725.773415 2506452.243267 0.000000
610724.153262 2506447.514592 0.000000
610722.533108 2506442.785917 0.000000
610720.912955 2506438.057242 0.000000
610719.292802 2506433.328567 0.000000
610717.672648 2506428.599892 0.000000
610716.052495 2506423.871217 0.000000
610714.432341 2506419.142542 0.000000
610712.812188 2506414.413867 0.000000
610711.192035 2506409.685192 0.000000
610709.571881 2506404.956517 0.000000
610707.951728 2506400.227842 0.000000
610706.331574 2506395.499167 0.000000
610704.711421 2506390.770492 0.000000
610703.091268 2506386.041817 0.000000
610701.471114 2506381.313142 0.000000
610699.850961 2506376.584467 0.000000
610698.230807 2506371.855792 0.000000
610696.610654 2506367.127117 0.000000
610694.990501 2506362.398442 0.000000
610693.370347 2506357.669767 0.000000
610691.750194 2506352.941092 0.000000
610690.130041 2506348.212417 0.000000
610688.509887 2506343.483742 0.000000
610686.889734 2506338.755067 0.000000
610685.269580 2506334.026392 0.000000
610683.649427 2506329.297717 0.000000
610682.029274 2506324.569042 0.000000
610680.409120 2506319.840367 0.000000
610678.788967 2506315.111692 0.000000
610677.168813 2506310.383017 0.000000
610675.548660 2506305.654342 0.000000
610673.928507 2506300.925667 0.000000
610672.308353 2506296.196992 0.000000
610670.688200 2506291.468317 0.000000
610669.068046 2506286.739642 0.000000
610667.447893 2506282.010967 0.000000
610665.827740 2506277.282292 0.000000
610664.207586 2506272.553617 0.000000
610662.587433 2506267.824943 0.000000
610660.967280 2506263.096268 0.000000
610659.347126 2506258.367593 0.000000
610657.726973 2506253.638918 0.000000
610656.106819 2506248.910243 0.000000
610654.486666 2506244.181568 0.000000
610652.866513 2506239.452893 0.000000
610651.246359 2506234.724218 0.000000
610649.626206 2506229.995543 0.000000
610648.006052 2506225.266868 0.000000
610646.385899 2506220.538193 0.000000
610644.765746 2506215.809518 0.000000
610643.145592 2506211.080843 0.000000
610641.525439 2506206.352168 0.000000
610639.905285 2506201.623493 0.000000
610638.285132 2506196.894818 0.000000
610636.664979 2506192.166143 0.000000
610635.044825 2506187.437468 0.000000
610633.424672 2506182.708793 0.000000
610631.804519 2506177.980118 0.000000
610630.184365 2506173.251443 0.000000
610628.564212 2506168.522768 0.000000
610626.944058 2506163.794093 0.000000
610625.323905 2506159.065418 0.000000
610623.703752 2506154.336743 0.000000
610622.083598 2506149.608068 0.000000
610620.463445 2506144.879393 0.000000
610618.843291 2506140.150718 0.000000
610617.223138 2506135.422043 0.000000
610615.602985 2506130.693368 0.000000
610613.982831 2506125.964693 0.000000
610612.362678 2506121.236018 0.000000
610610.742524 2506116.507343 0.000000
610609.122371 2506111.778668 0.000000
610607.502218 2506107.049993 0.000000
610605.882064 2506102.321318 0.000000
610604.261911 2506097.592643 0.000000
610602.641758 2506092.863968 0.000000
610601.021604 2506088.135293 0.000000
610599.401451 2506083.406618 0.000000
610597.781297 2506078.677943 0.000000
610596.161144 2506073.949268 0.000000
610594.540991 2506069.220593 0.000000
610592.920837 2506064.491918 0.000000
610591.300684 2506059.763243 0.000000
610589.680530 2506055.034568 0.000000
610588.060377 2506050.305893 0.000000
610586.440224 2506045.577218 0.000000
610584.820070 2506040.848543 0.000000
610583.199917 2506036.119868 0.000000
610581.579763 2506031.391193 0.000000
610579.959610 2506026.662518 0.000000
610578.339457 2506021.933843 0.000000
610576.719303 2506017.205168 0.000000
610575.099150 2506012.476493 0.000000
610573.478996 2506007.747819 0.000000
610571.858843 2506003.019144 0.000000
610570.238690 2505998.290469 0.000000
610568.618536 2505993.561794 0.000000
610566.998383 2505988.833119 0.000000
610565.378230 2505984.104444 0.000000
610563.758076 2505979.375769 0.000000
610562.137923 2505974.647094 0.000000
610560.517769 2505969.918419 0.000000
610558.897616 2505965.189744 0.000000
610557.277463 2505960.461069 0.000000
610555.657309 2505955.732394 0.000000
610554.037156 2505951.003719 0.000000
610552.417002 2505946.275044 0.000000
610550.796849 2505941.546369 0.000000
610549.176696 2505936.817694 0.000000
610547.556542 2505932.089019 0.000000
610545.936389 2505927.360344 0.000000
610544.316235 2505922.631669 0.000000
610542.696082 2505917.902994 0.000000
610541.075929 2505913.174319 0.000000
610539.455775 2505908.445644 0.000000
610537.835622 2505903.716969 0.000000
610536.215469 2505898.988294 0.000000
610534.595315 2505894.259619 0.000000
610532.975162 2505889.530944 0.000000
610531.355008 2505884.802269 0.000000
610529.734855 2505880.073594 0.000000
610528.114702 2505875.344919 0.000000
610526.494548 2505870.616244 0.000000
610524.874395 2505865.887569 0.000000
610523.254241 2505861.158894 0.000000
610521.634088 2505856.430219 0.000000
610520.013935 2505851.701544 0.000000
610518.344445 2505846.964263 0.000000
610516.674955 2505842.226982 0.000000
610515.005465 2505837.489701 0.000000
610513.335975 2505832.752420 0.000000
610511.666486 2505828.015140 0.000000
610509.996996 2505823.277859 0.000000
610508.327506 2505818.540578 0.000000
610506.658016 2505813.803297 0.000000
610504.988526 2505809.066016 0.000000
610503.319037 2505804.328735 0.000000
610501.649547 2505799.591454 0.000000
610499.980057 2505794.854173 0.000000
610498.310567 2505790.116892 0.000000
610496.641077 2505785.379611 0.000000
610494.971588 2505780.642330 0.000000
610493.302098 2505775.905049 0.000000
610491.632608 2505771.167768 0.000000
610489.963118 2505766.430488 0.000000
610488.293628 2505761.693207 0.000000
610486.624139 2505756.955926 0.000000
610484.954649 2505752.218645 0.000000
610483.285159 2505747.481364 0.000000
610481.615669 2505742.744083 0.000000
610479.946179 2505738.006802 0.000000
610478.276690 2505733.269521 0.000000
610476.607200 2505728.532240 0.000000
610474.937710 2505723.794959 0.000000
610473.268220 2505719.057678 0.000000
610471.598730 2505714.320397 0.000000
610469.929241 2505709.583117 0.000000
610468.259751 2505704.845836 0.000000
610466.590261 2505700.108555 0.000000
610464.920771 2505695.371274 0.000000
610463.251281 2505690.633993 0.000000
610461.581792 2505685.896712 0.000000
610459.912302 2505681.159431 0.000000
610458.242812 2505676.422150 0.000000
610456.573322 2505671.684869 0.000000
610454.903832 2505666.947588 0.000000
610453.234343 2505662.210307 0.000000
610451.564853 2505657.473026 0.000000
610449.895363 2505652.735745 0.000000
610448.225873 2505647.998465 0.000000
610446.556383 2505643.261184 0.000000
610444.886894 2505638.523903 0.000000
610443.217404 2505633.786622 0.000000
610441.547914 2505629.049341 0.000000
610439.878424 2505624.312060 0.000000
610438.208934 2505619.574779 0.000000
610436.539445 2505614.837498 0.000000
610434.869955 2505610.100217 0.000000
610433.200465 2505605.362936 0.000000
610431.530975 2505600.625655 0.000000
610429.861485 2505595.888374 0.000000
610428.191996 2505591.151094 0.000000
610426.522506 2505586.413813 0.000000
610424.853016 2505581.676532 0.000000
610423.183526 2505576.939251 0.000000
610421.514036 2505572.201970 0.000000
610419.844547 2505567.464689 0.000000
610418.175057 2505562.727408 0.000000
610416.505567 2505557.990127 0.000000
610414.836077 2505553.252846 0.000000
610413.166587 2505548.515565 0.000000
610411.497098 2505543.778284 0.000000
610409.827608 2505539.041003 0.000000
610408.158118 2505534.303722 0.000000
610406.488628 2505529.566442 0.000000
610404.819138 2505524.829161 0.000000
610403.149649 2505520.091880 0.000000
610401.480159 2505515.354599 0.000000
610399.810669 2505510.617318 0.000000
610398.141179 2505505.880037 0.000000
610396.471689 2505501.142756 0.000000
610394.802200 2505496.405475 0.000000
610393.132710 2505491.668194 0.000000
610391.463220 2505486.930913 0.000000
610389.793730 2505482.193632 0.000000
610388.124240 2505477.456351 0.000000
610386.454751 2505472.719071 0.000000
610384.785261 2505467.981790 0.000000
610383.115771 2505463.244509 0.000000
610381.446281 2505458.507228 0.000000
610379.776791 2505453.769947 0.000000
610378.107302 2505449.032666 0.000000
610376.437812 2505444.295385 0.000000
610374.768322 2505439.558104 0.000000
610373.098832 2505434.820823 0.000000
610371.429342 2505430.083542 0.000000
610369.759853 2505425.346261 0.000000
610368.090363 2505420.608980 0.000000
610366.420873 2505415.871699 0.000000
610364.751383 2505411.134419 0.000000
610363.081893 2505406.397138 0.000000
610361.412404 2505401.659857 0.000000
610359.742914 2505396.922576 0.000000
610358.073424 2505392.185295 0.000000
610356.403934 2505387.448014 0.000000
610354.734444 2505382.710733 0.000000
610353.064955 2505377.973452 0.000000
610351.395465 2505373.236171 0.000000
610349.725975 2505368.498890 0.000000
610348.056485 2505363.761609 0.000000
610346.386995 2505359.024328 0.000000
610344.717506 2505354.287048 0.000000
610343.048016 2505349.549767 0.000000
610341.378526 2505344.812486 0.000000
610339.709036 2505340.075205 0.000000
610338.039546 2505335.337924 0.000000
610336.370057 2505330.600643 0.000000
610334.700567 2505325.863362 0.000000
610333.031077 2505321.126081 0.000000
610331.361587 2505316.388800 0.000000
610329.692097 2505311.651519 0.000000
610328.022608 2505306.914238 0.000000
610326.353118 2505302.176957 0.000000
610324.683628 2505297.439676 0.000000
610323.014138 2505292.702396 0.000000
610321.344648 2505287.965115 0.000000
610319.675159 2505283.227834 0.000000
610318.005669 2505278.490553 0.000000
610316.336179 2505273.753272 0.000000
610314.666689 2505269.015991 0.000000
610312.997199 2505264.278710 0.000000
610311.327710 2505259.541429 0.000000
610309.658220 2505254.804148 0.000000
610307.988730 2505250.066867 0.000000
610306.319240 2505245.329586 0.000000
610304.649750 2505240.592305 0.000000
610302.980261 2505235.855025 0.000000
610301.310771 2505231.117744 0.000000
610299.641281 2505226.380463 0.000000
610297.971791 2505221.643182 0.000000
610296.302301 2505216.905901 0.000000
610294.632812 2505212.168620 0.000000
610292.963322 2505207.431339 0.000000
610291.293832 2505202.694058 0.000000
610289.624342 2505197.956777 0.000000
610287.954852 2505193.219496 0.000000
610286.285363 2505188.482215 0.000000
610284.615873 2505183.744934 0.000000
610282.946383 2505179.007654 0.000000
610281.276893 2505174.270373 0.000000
610279.607403 2505169.533092 0.000000
610277.937914 2505164.795811 0.000000
610276.268424 2505160.058530 0.000000
610274.598934 2505155.321249 0.000000
610272.929444 2505150.583968 0.000000
610271.259954 2505145.846687 0.000000
610269.590465 2505141.109406 0.000000
610267.920975 2505136.372125 0.000000
610266.251485 2505131.634844 0.000000
610264.581995 2505126.897563 0.000000
610262.912505 2505122.160282 0.000000
610261.243016 2505117.423002 0.000000
610259.573526 2505112.685721 0.000000
610257.904036 2505107.948440 0.000000
610256.234546 2505103.211159 0.000000
610254.565056 2505098.473878 0.000000
610252.895567 2505093.736597 0.000000
610251.226077 2505088.999316 0.000000
610249.556587 2505084.262035 0.000000
610247.887097 2505079.524754 0.000000
610246.217607 2505074.787473 0.000000
610244.548118 2505070.050192 0.000000
610242.878628 2505065.312911 0.000000
610241.209138 2505060.575631 0.000000
610239.539648 2505055.838350 0.000000
610237.870158 2505051.101069 0.000000
610236.200669 2505046.363788 0.000000
610234.531179 2505041.626507 0.000000
610232.861689 2505036.889226 0.000000
610231.192199 2505032.151945 0.000000
610229.522709 2505027.414664 0.000000
610227.853220 2505022.677383 0.000000
610226.183730 2505017.940102 0.000000
610224.514240 2505013.202821 0.000000
610222.844750 2505008.465540 0.000000
610221.175260 2505003.728259 0.000000
610219.505771 2504998.990979 0.000000
610217.836281 2504994.253698 0.000000
610216.166791 2504989.516417 0.000000
610214.497301 2504984.779136 0.000000
610212.827811 2504980.041855 0.000000
610211.158322 2504975.304574 0.000000
610209.488832 2504970.567293 0.000000
610207.819342 2504965.830012 0.000000
610206.149852 2504961.092731 0.000000
610204.480362 2504956.355450 0.000000
610202.810873 2504951.618169 0.000000
610201.141383 2504946.880888 0.000000
610199.471893 2504942.143608 0.000000
610197.802403 2504937.406327 0.000000
610196.132913 2504932.669046 0.000000
610194.463424 2504927.931765 0.000000
610192.793934 2504923.194484 0.000000
610191.124444 2504918.457203 0.000000
610189.454954 2504913.719922 0.000000
610187.785464 2504908.982641 0.000000
610186.115975 2504904.245360 0.000000
610184.446485 2504899.508079 0.000000
610182.776995 2504894.770798 0.000000
610181.107505 2504890.033517 0.000000
610179.438015 2504885.296236 0.000000
610177.768526 2504880.558956 0.000000
610176.099036 2504875.821675 0.000000
610174.429546 2504871.084394 0.000000
610172.760056 2504866.347113 0.000000
610171.090566 2504861.609832 0.000000
610169.421077 2504856.872551 0.000000
610167.751587 2504852.135270 0.000000
610166.082097 2504847.397989 0.000000
610164.412607 2504842.660708 0.000000
610162.743117 2504837.923427 0.000000
610161.073628 2504833.186146 0.000000
610159.404138 2504828.448865 0.000000
610157.734648 2504823.711585 0.000000
610156.065158 2504818.974304 0.000000
610154.395668 2504814.237023 0.000000
610152.726179 2504809.499742 0.000000
610151.056689 2504804.762461 0.000000
610149.387199 2504800.025180 0.000000
610147.717709 2504795.287899 0.000000
610146.048219 2504790.550618 0.000000
610144.378730 2504785.813337 0.000000
610142.709240 2504781.076056 0.000000
610141.039750 2504776.338775 0.000000
610139.370260 2504771.601494 0.000000
610137.700770 2504766.864213 0.000000
610136.031280 2504762.126933 0.000000
610134.361791 2504757.389652 0.000000
610132.692301 2504752.652371 0.000000
610131.022811 2504747.915090 0.000000
610129.353321 2504743.177809 0.000000
610127.683831 2504738.440528 0.000000
610126.014342 2504733.703247 0.000000
610124.290939 2504729.011765 0.000000
610122.567537 2504724.320283 0.000000
610120.844134 2504719.628800 0.000000
610119.120732 2504714.937318 0.000000
610117.397329 2504710.245836 0.000000
610115.673927 2504705.554354 0.000000
610113.950525 2504700.862872 0.000000
610112.227122 2504696.171389 0.000000
610110.503720 2504691.479907 0.000000
610108.780317 2504686.788425 0.000000
610107.056915 2504682.096943 0.000000
610105.333512 2504677.405461 0.000000
610103.610110 2504672.713978 0.000000
610101.886708 2504668.022496 0.000000
610100.163305 2504663.331014 0.000000
610098.439903 2504658.639532 0.000000
610096.716500 2504653.948050 0.000000
610094.993098 2504649.256567 0.000000
610093.269695 2504644.565085 0.000000
610091.546293 2504639.873603 0.000000
610089.822890 2504635.182121 0.000000
610088.099488 2504630.490639 0.000000
610086.376086 2504625.799156 0.000000
610084.652683 2504621.107674 0.000000
610082.929281 2504616.416192 0.000000
610081.205878 2504611.724710 0.000000
610079.482476 2504607.033228 0.000000
610077.759073 2504602.341745 0.000000
610076.035671 2504597.650263 0.000000
610074.312268 2504592.958781 0.000000
610072.588866 2504588.267299 0.000000
610070.865464 2504583.575817 0.000000
610069.142061 2504578.884334 0.000000
610067.418659 2504574.192852 0.000000
610065.695256 2504569.501370 0.000000
610063.971854 2504564.809888 0.000000
610062.248451 2504560.118406 0.000000
610060.525049 2504555.426923 0.000000
610058.801646 2504550.735441 0.000000
610057.078244 2504546.043959 0.000000
610055.354842 2504541.352477 0.000000
610053.631439 2504536.660995 0.000000
610051.908037 2504531.969512 0.000000
610050.184634 2504527.278030 0.000000
610048.461232 2504522.586548 0.000000
610046.737829 2504517.895066 0.000000
610045.014427 2504513.203584 0.000000
610043.291024 2504508.512101 0.000000
610041.567622 2504503.820619 0.000000
610039.844220 2504499.129137 0.000000
610038.120817 2504494.437655 0.000000
610036.397415 2504489.746173 0.000000
610034.674012 2504485.054690 0.000000
610032.950610 2504480.363208 0.000000
610031.227207 2504475.671726 0.000000
610029.503805 2504470.980244 0.000000
610027.780403 2504466.288762 0.000000
610026.057000 2504461.597279 0.000000
610024.333598 2504456.905797 0.000000
610022.610195 2504452.214315 0.000000
610020.886793 2504447.522833 0.000000
610019.163390 2504442.831351 0.000000
610017.439988 2504438.139868 0.000000
610015.716585 2504433.448386 0.000000
610013.993183 2504428.756904 0.000000
610012.269781 2504424.065422 0.000000
610010.546378 2504419.373940 0.000000
610008.822976 2504414.682457 0.000000
610007.099573 2504409.990975 0.000000
610005.376171 2504405.299493 0.000000
610003.652768 2504400.608011 0.000000
610001.929366 2504395.916529 0.000000
610000.205963 2504391.225046 0.000000
609998.482561 2504386.533564 0.000000
609996.759159 2504381.842082 0.000000
609995.035756 2504377.150600 0.000000
609993.312354 2504372.459118 0.000000
609991.588951 2504367.767635 0.000000
609989.865549 2504363.076153 0.000000
609988.142146 2504358.384671 0.000000
609986.418744 2504353.693189 0.000000
609984.695341 2504349.001707 0.000000
609982.971939 2504344.310224 0.000000
609981.248537 2504339.618742 0.000000
609979.525134 2504334.927260 0.000000
609977.801732 2504330.235778 0.000000
609976.078329 2504325.544296 0.000000
609974.354927 2504320.852813 0.000000
609972.631524 2504316.161331 0.000000
609970.908122 2504311.469849 0.000000
609969.184720 2504306.778367 0.000000
609967.461317 2504302.086885 0.000000
609965.737915 2504297.395402 0.000000
609964.014512 2504292.703920 0.000000
609962.139514 2504288.078927 0.000000
609960.264516 2504283.453934 0.000000
609958.389518 2504278.828941 0.000000
609956.514520 2504274.203949 0.000000
609954.639522 2504269.578956 0.000000
609952.764524 2504264.953963 0.000000
609950.889527 2504260.328970 0.000000
609949.014529 2504255.703977 0.000000
609947.139531 2504251.078984 0.000000
609945.264533 2504246.453991 0.000000
609943.389535 2504241.828998 0.000000
609941.514537 2504237.204005 0.000000
609939.639539 2504232.579012 0.000000
609937.764541 2504227.954019 0.000000
609935.889543 2504223.329027 0.000000
609934.014545 2504218.704034 0.000000
609931.827047 2504214.204041 0.000000
609929.639550 2504209.704048 0.000000
609927.452052 2504205.204054 0.000000
609925.264555 2504200.704061 0.000000
609923.077058 2504196.204068 0.000000
609920.889560 2504191.704075 0.000000
609918.702063 2504187.204082 0.000000
609916.514565 2504182.704089 0.000000
609914.327068 2504178.204096 0.000000
609912.139570 2504173.704103 0.000000
609909.952073 2504169.204110 0.000000
609907.764575 2504164.704117 0.000000
609905.577078 2504160.204124 0.000000
609903.389580 2504155.704131 0.000000
609901.202083 2504151.204138 0.000000
609899.014585 2504146.704145 0.000000
609897.418433 2504141.973383 0.000000
609895.822281 2504137.242621 0.000000
609894.226129 2504132.511859 0.000000
609892.629976 2504127.781097 0.000000
609891.033824 2504123.050335 0.000000
609889.437672 2504118.319573 0.000000
609887.841520 2504113.588811 0.000000
609886.245368 2504108.858049 0.000000
609884.649215 2504104.127287 0.000000
609883.053063 2504099.396525 0.000000
609881.456911 2504094.665763 0.000000
609879.860759 2504089.935001 0.000000
609878.264606 2504085.204239 0.000000
609876.668454 2504080.473476 0.000000
609875.072302 2504075.742714 0.000000
609873.476150 2504071.011952 0.000000
609871.879998 2504066.281190 0.000000
609870.283845 2504061.550428 0.000000
609868.687693 2504056.819666 0.000000
609867.091541 2504052.088904 0.000000
609865.495389 2504047.358142 0.000000
609863.899236 2504042.627380 0.000000
609862.303084 2504037.896618 0.000000
609860.706932 2504033.165856 0.000000
609859.110780 2504028.435094 0.000000
609857.514628 2504023.704332 0.000000
609855.918475 2504018.973570 0.000000
609854.322323 2504014.242808 0.000000
609852.726171 2504009.512046 0.000000
609851.130019 2504004.781284 0.000000
609849.533866 2504000.050522 0.000000
609847.937714 2503995.319760 0.000000
609846.341562 2503990.588998 0.000000
609844.745410 2503985.858236 0.000000
609843.149258 2503981.127474 0.000000
609841.553105 2503976.396712 0.000000
609839.956953 2503971.665950 0.000000
609838.360801 2503966.935188 0.000000
609836.764649 2503962.204426 0.000000
609835.168496 2503957.473664 0.000000
609833.572344 2503952.742902 0.000000
609831.976192 2503948.012140 0.000000
609830.380040 2503943.281378 0.000000
609828.783888 2503938.550616 0.000000
609827.187735 2503933.819854 0.000000
609825.591583 2503929.089092 0.000000
609823.995431 2503924.358330 0.000000
609822.399279 2503919.627568 0.000000
609820.803126 2503914.896806 0.000000
609819.206974 2503910.166043 0.000000
609817.610822 2503905.435281 0.000000
609816.014670 2503900.704519 0.000000
609814.698004 2503895.854527 0.000000
609813.381339 2503891.004534 0.000000
609812.064673 2503886.154541 0.000000
609810.748008 2503881.304549 0.000000
609809.431342 2503876.454556 0.000000
609808.114677 2503871.604563 0.000000
609806.798011 2503866.754571 0.000000
609805.481346 2503861.904578 0.000000
609804.164681 2503857.054585 0.000000
609802.848015 2503852.204593 0.000000
609801.531350 2503847.354600 0.000000
609800.214684 2503842.504607 0.000000
609798.898019 2503837.654615 0.000000
609797.581353 2503832.804622 0.000000
609796.264688 2503827.954629 0.000000
609794.948022 2503823.104637 0.000000
609793.631357 2503818.254644 0.000000
609792.314691 2503813.404652 0.000000
609790.998026 2503808.554659 0.000000
609789.681360 2503803.704666 0.000000
609788.364695 2503798.854674 0.000000
609787.048029 2503794.004681 0.000000
609785.731364 2503789.154688 0.000000
609784.414698 2503784.304696 0.000000
609783.098033 2503779.454703 0.000000
609781.781368 2503774.604710 0.000000
609780.464702 2503769.754718 0.000000
609779.148037 2503764.904725 0.000000
609777.831371 2503760.054732 0.000000
609776.514706 2503755.204740 0.000000
609775.198040 2503750.354747 0.000000
609773.881375 2503745.504754 0.000000
609772.564709 2503740.654762 0.000000
609771.248044 2503735.804769 0.000000
609769.931378 2503730.954776 0.000000
609768.614713 2503726.104784 0.000000
609767.298047 2503721.254791 0.000000
609765.981382 2503716.404798 0.000000
609764.664716 2503711.554806 0.000000
609763.348051 2503706.704813 0.000000
609762.031386 2503701.854820 0.000000
609760.714720 2503697.004828 0.000000
609759.398055 2503692.154835 0.000000
609758.081389 2503687.304842 0.000000
609756.764724 2503682.454850 0.000000
609755.448058 2503677.604857 0.000000
609754.131393 2503672.754864 0.000000
609752.814727 2503667.904872 0.000000
609751.498062 2503663.054879 0.000000
609750.181396 2503658.204886 0.000000
609748.864731 2503653.354894 0.000000
609747.548065 2503648.504901 0.000000
609746.231400 2503643.654908 0.000000
609744.914734 2503638.804916 0.000000
609743.598069 2503633.954923 0.000000
609742.281403 2503629.104930 0.000000
609740.964738 2503624.254938 0.000000
609739.648073 2503619.404945 0.000000
609738.331407 2503614.554952 0.000000
609737.014742 2503609.704960 0.000000
609735.967123 2503604.800205 0.000000
609734.919505 2503599.895451 0.000000
609733.871887 2503594.990696 0.000000
609732.824269 2503590.085942 0.000000
609731.776650 2503585.181187 0.000000
609730.729032 2503580.276433 0.000000
609729.681414 2503575.371678 0.000000
609728.633796 2503570.466924 0.000000
609727.586177 2503565.562169 0.000000
609726.538559 2503560.657414 0.000000
609725.490941 2503555.752660 0.000000
609724.443323 2503550.847905 0.000000
609723.395704 2503545.943151 0.000000
609722.348086 2503541.038396 0.000000
609721.300468 2503536.133642 0.000000
609720.252850 2503531.228887 0.000000
609719.205231 2503526.324133 0.000000
609718.157613 2503521.419378 0.000000
609717.109995 2503516.514624 0.000000
609716.062377 2503511.609869 0.000000
609715.014758 2503506.705115 0.000000
609713.967140 2503501.800360 0.000000
609712.919522 2503496.895606 0.000000
609711.871904 2503491.990851 0.000000
609710.824285 2503487.086097 0.000000
609709.776667 2503482.181342 0.000000
609708.729049 2503477.276588 0.000000
609707.681431 2503472.371833 0.000000
609706.633812 2503467.467079 0.000000
609705.586194 2503462.562324 0.000000
609704.538576 2503457.657569 0.000000
609703.490958 2503452.752815 0.000000
609702.443339 2503447.848060 0.000000
609701.395721 2503442.943306 0.000000
609700.348103 2503438.038551 0.000000
609699.300485 2503433.133797 0.000000
609698.252866 2503428.229042 0.000000
609697.205248 2503423.324288 0.000000
609696.157630 2503418.419533 0.000000
609695.110012 2503413.514779 0.000000
609694.062393 2503408.610024 0.000000
609693.014775 2503403.705270 0.000000
609692.193347 2503398.740991 0.000000
609691.371919 2503393.776713 0.000000
609690.550491 2503388.812435 0.000000
609689.729063 2503383.848157 0.000000
609688.907634 2503378.883878 0.000000
609688.086206 2503373.919600 0.000000
609687.264778 2503368.955322 0.000000
609686.443350 2503363.991043 0.000000
609685.621922 2503359.026765 0.000000
609684.800494 2503354.062487 0.000000
609683.979066 2503349.098209 0.000000
609683.157638 2503344.133930 0.000000
609682.336210 2503339.169652 0.000000
609681.514781 2503334.205374 0.000000
609680.693353 2503329.241096 0.000000
609679.871925 2503324.276817 0.000000
609679.050497 2503319.312539 0.000000
609678.229069 2503314.348261 0.000000
609677.407641 2503309.383982 0.000000
609676.586213 2503304.419704 0.000000
609675.764785 2503299.455426 0.000000
609674.943357 2503294.491148 0.000000
609674.121928 2503289.526869 0.000000
609673.300500 2503284.562591 0.000000
609672.479072 2503279.598313 0.000000
609671.657644 2503274.634034 0.000000
609670.836216 2503269.669756 0.000000
609670.014788 2503264.705478 0.000000
609669.696606 2503259.660031 0.000000
609669.378424 2503254.614584 0.000000
609669.060242 2503249.569137 0.000000
609668.742059 2503244.523690 0.000000
609668.423877 2503239.478243 0.000000
609668.105695 2503234.432795 0.000000
609667.787513 2503229.387348 0.000000
609667.469331 2503224.341901 0.000000
609667.151149 2503219.296454 0.000000
609666.832967 2503214.251007 0.000000
609666.514785 2503209.205560 0.000000
609666.196603 2503204.160113 0.000000
609665.878420 2503199.114666 0.000000
609665.560238 2503194.069219 0.000000
609665.242056 2503189.023772 0.000000
609664.923874 2503183.978325 0.000000
609664.605692 2503178.932878 0.000000
609664.287510 2503173.887431 0.000000
609663.969328 2503168.841984 0.000000
609663.651146 2503163.796537 0.000000
609663.332964 2503158.751090 0.000000
609663.014781 2503153.705642 0.000000
609662.365775 2503148.752007 0.000000
609661.716769 2503143.798372 0.000000
609661.067762 2503138.844737 0.000000
609660.418756 2503133.891102 0.000000
609659.769749 2503128.937468 0.000000
609659.120743 2503123.983833 0.000000
609658.471737 2503119.030198 0.000000
609657.822730 2503114.076563 0.000000
609657.173724 2503109.122928 0.000000
609656.524717 2503104.169293 0.000000
609655.875711 2503099.215658 0.000000
609655.226704 2503094.262023 0.000000
609654.577698 2503089.308388 0.000000
609653.928692 2503084.354753 0.000000
609653.279685 2503079.401118 0.000000
609652.630679 2503074.447483 0.000000
609651.981672 2503069.493848 0.000000
609651.332666 2503064.540213 0.000000
609650.683660 2503059.586578 0.000000
609650.034653 2503054.632943 0.000000
609649.385647 2503049.679308 0.000000
609648.736640 2503044.725673 0.000000
609648.087634 2503039.772038 0.000000
609647.438627 2503034.818403 0.000000
609646.789621 2503029.864768 0.000000
609646.140615 2503024.911133 0.000000
609645.491608 2503019.957498 0.000000
609644.842602 2503015.003863 0.000000
609644.193595 2503010.050228 0.000000
609643.544589 2503005.096593 0.000000
609642.895583 2503000.142958 0.000000
609642.246576 2502995.189323 0.000000
609641.597570 2502990.235688 0.000000
609640.948563 2502985.282053 0.000000
609640.299557 2502980.328418 0.000000
609639.650550 2502975.374783 0.000000
609639.001544 2502970.421148 0.000000
609638.352538 2502965.467513 0.000000
609637.703531 2502960.513878 0.000000
609637.054525 2502955.560243 0.000000
609636.405518 2502950.606608 0.000000
609635.756512 2502945.652973 0.000000
609635.107506 2502940.699338 0.000000
609634.458499 2502935.745703 0.000000
609633.809493 2502930.792068 0.000000
609633.160486 2502925.838433 0.000000
609632.511480 2502920.884798 0.000000
609631.862473 2502915.931163 0.000000
609631.213467 2502910.977528 0.000000
609630.564461 2502906.023893 0.000000
609629.915454 2502901.070258 0.000000
609629.266448 2502896.116623 0.000000
609628.617441 2502891.162988 0.000000
609627.968435 2502886.209353 0.000000
609627.319429 2502881.255718 0.000000
609626.670422 2502876.302083 0.000000
609626.021416 2502871.348448 0.000000
609625.372409 2502866.394813 0.000000
609624.723403 2502861.441178 0.000000
609624.074396 2502856.487543 0.000000
609623.425390 2502851.533908 0.000000
609622.776384 2502846.580273 0.000000
609622.127377 2502841.626638 0.000000
609621.478371 2502836.673003 0.000000
609620.829364 2502831.719368 0.000000
609620.180358 2502826.765733 0.000000
609619.531352 2502821.812098 0.000000
609618.882345 2502816.858463 0.000000
609618.233339 2502811.904828 0.000000
609617.584332 2502806.951193 0.000000
609616.935326 2502801.997558 0.000000
609616.286319 2502797.043923 0.000000
609615.637313 2502792.090288 0.000000
609614.988307 2502787.136653 0.000000
609614.339300 2502782.183018 0.000000
609613.690294 2502777.229383 0.000000
609613.041287 2502772.275748 0.000000
609612.392281 2502767.322113 0.000000
609611.743275 2502762.368478 0.000000
609611.094268 2502757.414844 0.000000
609610.445262 2502752.461209 0.000000
609609.796255 2502747.507574 0.000000
609609.147249 2502742.553939 0.000000
609608.498242 2502737.600304 0.000000
609607.849236 2502732.646669 0.000000
609607.200230 2502727.693034 0.000000
609606.551223 2502722.739399 0.000000
609605.902217 2502717.785764 0.000000
609605.253210 2502712.832129 0.000000
609604.604204 2502707.878494 0.000000
609603.955198 2502702.924859 0.000000
609603.306191 2502697.971224 0.000000
609602.657185 2502693.017589 0.000000
609602.008178 2502688.063954 0.000000
609601.359172 2502683.110319 0.000000
609600.710166 2502678.156684 0.000000
609600.061159 2502673.203049 0.000000
609599.412153 2502668.249414 0.000000
609598.763146 2502663.295779 0.000000
609598.114140 2502658.342144 0.000000
609597.465133 2502653.388509 0.000000
609596.816127 2502648.434874 0.000000
609596.167121 2502643.481239 0.000000
609595.518114 2502638.527604 0.000000
609594.869108 2502633.573969 0.000000
609594.220101 2502628.620334 0.000000
609593.571095 2502623.666699 0.000000
609592.922089 2502618.713064 0.000000
609592.273082 2502613.759429 0.000000
609591.624076 2502608.805794 0.000000
609590.975069 2502603.852159 0.000000
609590.326063 2502598.898524 0.000000
609589.677056 2502593.944889 0.000000
609589.028050 2502588.991254 0.000000
609588.379044 2502584.037619 0.000000
609587.730037 2502579.083984 0.000000
609587.081031 2502574.130349 0.000000
609586.432024 2502569.176714 0.000000
609585.783018 2502564.223079 0.000000
609585.134012 2502559.269444 0.000000
609584.485005 2502554.315809 0.000000
609583.835999 2502549.362174 0.000000
609583.186992 2502544.408539 0.000000
609582.537986 2502539.454904 0.000000
609581.888979 2502534.501269 0.000000
609581.239973 2502529.547634 0.000000
609580.590967 2502524.593999 0.000000
609579.941960 2502519.640364 0.000000
609579.292954 2502514.686729 0.000000
609578.643947 2502509.733094 0.000000
609577.994941 2502504.779459 0.000000
609577.345935 2502499.825824 0.000000
609576.696928 2502494.872189 0.000000
609576.047922 2502489.918554 0.000000
609575.398915 2502484.964919 0.000000
609574.749909 2502480.011284 0.000000
609574.100902 2502475.057649 0.000000
609573.451896 2502470.104014 0.000000
609572.802890 2502465.150379 0.000000
609572.153883 2502460.196744 0.000000
609571.504877 2502455.243109 0.000000
609570.855870 2502450.289474 0.000000
609570.206864 2502445.335839 0.000000
609569.557858 2502440.382204 0.000000
609568.908851 2502435.428569 0.000000
609568.259845 2502430.474934 0.000000
609567.610838 2502425.521299 0.000000
609566.961832 2502420.567664 0.000000
609566.312825 2502415.614029 0.000000
609565.663819 2502410.660394 0.000000
609565.014813 2502405.706759 0.000000
609564.432395 2502400.739734 0.000000
609563.849978 2502395.772708 0.000000
609563.267560 2502390.805683 0.000000
609562.685143 2502385.838657 0.000000
609562.102725 2502380.871632 0.000000
609561.520308 2502375.904606 0.000000
609560.937890 2502370.937581 0.000000
609560.355473 2502365.970555 0.000000
609559.773055 2502361.003529 0.000000
609559.190638 2502356.036504 0.000000
609558.608220 2502351.069478 0.000000
609558.025803 2502346.102453 0.000000
609557.443385 2502341.135427 0.000000
609556.860968 2502336.168402 0.000000
609556.278551 2502331.201376 0.000000
609555.696133 2502326.234351 0.000000
609555.113716 2502321.267325 0.000000
609554.531298 2502316.300299 0.000000
609553.948881 2502311.333274 0.000000
609553.366463 2502306.366248 0.000000
609552.784046 2502301.399223 0.000000
609552.201628 2502296.432197 0.000000
609551.619211 2502291.465172 0.000000
609551.036793 2502286.498146 0.000000
609550.454376 2502281.531121 0.000000
609549.871958 2502276.564095 0.000000
609549.289541 2502271.597069 0.000000
609548.707123 2502266.630044 0.000000
609548.124706 2502261.663018 0.000000
609547.542288 2502256.695993 0.000000
609546.959871 2502251.728967 0.000000
609546.377453 2502246.761942 0.000000
609545.795036 2502241.794916 0.000000
609545.212619 2502236.827891 0.000000
609544.630201 2502231.860865 0.000000
609544.047784 2502226.893839 0.000000
609543.465366 2502221.926814 0.000000
609542.882949 2502216.959788 0.000000
609542.300531 2502211.992763 0.000000
609541.718114 2502207.025737 0.000000
609541.135696 2502202.058712 0.000000
609540.553279 2502197.091686 0.000000
609539.970861 2502192.124661 0.000000
609539.388444 2502187.157635 0.000000
609538.806026 2502182.190610 0.000000
609538.223609 2502177.223584 0.000000
609537.641191 2502172.256558 0.000000
609537.058774 2502167.289533 0.000000
609536.476356 2502162.322507 0.000000
609535.893939 2502157.355482 0.000000
609535.311521 2502152.388456 0.000000
609534.729104 2502147.421431 0.000000
609534.146686 2502142.454405 0.000000
609533.564269 2502137.487380 0.000000
609532.981852 2502132.520354 0.000000
609532.399434 2502127.553328 0.000000
609531.817017 2502122.586303 0.000000
609531.234599 2502117.619277 0.000000
609530.652182 2502112.652252 0.000000
609530.069764 2502107.685226 0.000000
609529.487347 2502102.718201 0.000000
609528.904929 2502097.751175 0.000000
609528.322512 2502092.784150 0.000000
609527.740094 2502087.817124 0.000000
609527.157677 2502082.850098 0.000000
609526.575259 2502077.883073 0.000000
609525.992842 2502072.916047 0.000000
609525.410424 2502067.949022 0.000000
609524.828007 2502062.981996 0.000000
609524.245589 2502058.014971 0.000000
609523.663172 2502053.047945 0.000000
609523.080754 2502048.080920 0.000000
609522.498337 2502043.113894 0.000000
609521.915920 2502038.146868 0.000000
609521.333502 2502033.179843 0.000000
609520.751085 2502028.212817 0.000000
609520.168667 2502023.245792 0.000000
609519.586250 2502018.278766 0.000000
609519.003832 2502013.311741 0.000000
609518.421415 2502008.344715 0.000000
609517.838997 2502003.377690 0.000000
609517.256580 2501998.410664 0.000000
609516.674162 2501993.443638 0.000000
609516.091745 2501988.476613 0.000000
609515.509327 2501983.509587 0.000000
609514.926910 2501978.542562 0.000000
609514.344492 2501973.575536 0.000000
609513.762075 2501968.608511 0.000000
609513.179657 2501963.641485 0.000000
609512.597240 2501958.674460 0.000000
609512.014822 2501953.707434 0.000000
609511.432405 2501948.740408 0.000000
609510.849988 2501943.773383 0.000000
609510.267570 2501938.806357 0.000000
609509.685153 2501933.839332 0.000000
609509.102735 2501928.872306 0.000000
609508.520318 2501923.905281 0.000000
609507.937900 2501918.938255 0.000000
609507.355483 2501913.971230 0.000000
609506.773065 2501909.004204 0.000000
609506.190648 2501904.037178 0.000000
609505.608230 2501899.070153 0.000000
609505.025813 2501894.103127 0.000000
609504.443395 2501889.136102 0.000000
609503.860978 2501884.169076 0.000000
609503.278560 2501879.202051 0.000000
609502.696143 2501874.235025 0.000000
609502.113725 2501869.268000 0.000000
609501.531308 2501864.300974 0.000000
609500.948890 2501859.333948 0.000000
609500.366473 2501854.366923 0.000000
609499.784055 2501849.399897 0.000000
609499.201638 2501844.432872 0.000000
609498.619221 2501839.465846 0.000000
609498.036803 2501834.498821 0.000000
609497.454386 2501829.531795 0.000000
609496.871968 2501824.564770 0.000000
609496.289551 2501819.597744 0.000000
609495.707133 2501814.630719 0.000000
609495.124716 2501809.663693 0.000000
609494.542298 2501804.696667 0.000000
609493.959881 2501799.729642 0.000000
609493.377463 2501794.762616 0.000000
609492.795046 2501789.795591 0.000000
609492.212628 2501784.828565 0.000000
609491.630211 2501779.861540 0.000000
609491.047793 2501774.894514 0.000000
609490.465376 2501769.927489 0.000000
609489.882958 2501764.960463 0.000000
609489.300541 2501759.993437 0.000000
609488.718123 2501755.026412 0.000000
609488.135706 2501750.059386 0.000000
609487.553289 2501745.092361 0.000000
609486.970871 2501740.125335 0.000000
609486.388454 2501735.158310 0.000000
609485.806036 2501730.191284 0.000000
609485.223619 2501725.224259 0.000000
609484.641201 2501720.257233 0.000000
609484.058784 2501715.290207 0.000000
609483.476366 2501710.323182 0.000000
609482.893949 2501705.356156 0.000000
609482.311531 2501700.389131 0.000000
609481.729114 2501695.422105 0.000000
609481.146696 2501690.455080 0.000000
609480.564279 2501685.488054 0.000000
609479.981861 2501680.521029 0.000000
609479.399444 2501675.554003 0.000000
609478.817026 2501670.586977 0.000000
609478.234609 2501665.619952 0.000000
609477.652191 2501660.652926 0.000000
609477.069774 2501655.685901 0.000000
609476.487357 2501650.718875 0.000000
609475.904939 2501645.751850 0.000000
609475.322522 2501640.784824 0.000000
609474.740104 2501635.817799 0.000000
609474.157687 2501630.850773 0.000000
609473.575269 2501625.883747 0.000000
609472.992852 2501620.916722 0.000000
609472.410434 2501615.949696 0.000000
609471.828017 2501610.982671 0.000000
609471.245599 2501606.015645 0.000000
609470.663182 2501601.048620 0.000000
609470.080764 2501596.081594 0.000000
609469.498347 2501591.114569 0.000000
609468.915929 2501586.147543 0.000000
609468.333512 2501581.180517 0.000000
609467.751094 2501576.213492 0.000000
609467.168677 2501571.246466 0.000000
609466.586259 2501566.279441 0.000000
609466.003842 2501561.312415 0.000000
609465.421425 2501556.345390 0.000000
609464.839007 2501551.378364 0.000000
609464.256590 2501546.411339 0.000000
609463.674172 2501541.444313 0.000000
609463.091755 2501536.477287 0.000000
609462.509337 2501531.510262 0.000000
609461.926920 2501526.543236 0.000000
609461.344502 2501521.576211 0.000000
609460.762085 2501516.609185 0.000000
609460.179667 2501511.642160 0.000000
609459.597250 2501506.675134 0.000000
609459.014832 2501501.708109 0.000000
609458.514832 2501496.732422 0.000000
609458.014832 2501491.756735 0.000000
609457.514832 2501486.781048 0.000000
609457.014832 2501481.805360 0.000000
609456.514832 2501476.829673 0.000000
609456.014832 2501471.853986 0.000000
609455.514832 2501466.878299 0.000000
609455.014832 2501461.902612 0.000000
609454.514832 2501456.926925 0.000000
609454.014832 2501451.951238 0.000000
609453.514832 2501446.975551 0.000000
609453.014832 2501441.999864 0.000000
609452.514832 2501437.024177 0.000000
609452.014832 2501432.048490 0.000000
609451.514832 2501427.072803 0.000000
609451.014832 2501422.097116 0.000000
609450.514832 2501417.121429 0.000000
609450.014832 2501412.145742 0.000000
609449.514832 2501407.170055 0.000000
609449.014832 2501402.194368 0.000000
609448.514832 2501397.218681 0.000000
609448.014832 2501392.242994 0.000000
609447.514832 2501387.267307 0.000000
609447.014832 2501382.291620 0.000000
609446.514832 2501377.315933 0.000000
609446.014832 2501372.340246 0.000000
609445.514832 2501367.364559 0.000000
609445.014832 2501362.388872 0.000000
609444.514832 2501357.413185 0.000000
609444.014832 2501352.437498 0.000000
609443.514832 2501347.461811 0.000000
609443.014832 2501342.486124 0.000000
609442.514832 2501337.510437 0.000000
609442.014832 2501332.534750 0.000000
609441.514832 2501327.559063 0.000000
609441.014832 2501322.583376 0.000000
609440.514832 2501317.607689 0.000000
609440.014832 2501312.632002 0.000000
609439.514832 2501307.656315 0.000000
609439.014832 2501302.680628 0.000000
609438.514832 2501297.704941 0.000000
609438.014832 2501292.729254 0.000000
609437.514832 2501287.753567 0.000000
609437.014832 2501282.777880 0.000000
609436.514832 2501277.802193 0.000000
609436.014832 2501272.826506 0.000000
609435.514832 2501267.850819 0.000000
609435.014832 2501262.875131 0.000000
609434.514832 2501257.899444 0.000000
609434.014832 2501252.923757 0.000000
609433.514832 2501247.948070 0.000000
609433.014832 2501242.972383 0.000000
609432.514832 2501237.996696 0.000000
609432.014832 2501233.021009 0.000000
609431.514832 2501228.045322 0.000000
609431.014832 2501223.069635 0.000000
609430.514832 2501218.093948 0.000000
609430.014832 2501213.118261 0.000000
609429.514832 2501208.142574 0.000000
609429.014831 2501203.166887 0.000000
609428.514831 2501198.191200 0.000000
609428.014831 2501193.215513 0.000000
609427.514831 2501188.239826 0.000000
609427.014831 2501183.264139 0.000000
609426.514831 2501178.288452 0.000000
609426.014831 2501173.312765 0.000000
609425.514831 2501168.337078 0.000000
609425.014831 2501163.361391 0.000000
609424.514831 2501158.385704 0.000000
609424.014831 2501153.410017 0.000000
609423.514831 2501148.434330 0.000000
609423.014831 2501143.458643 0.000000
609422.514831 2501138.482956 0.000000
609422.014831 2501133.507269 0.000000
609421.514831 2501128.531582 0.000000
609421.014831 2501123.555895 0.000000
609420.514831 2501118.580208 0.000000
609420.014831 2501113.604521 0.000000
609419.514831 2501108.628834 0.000000
609419.014831 2501103.653147 0.000000
609418.514831 2501098.677460 0.000000
609418.014831 2501093.701773 0.000000
609417.514831 2501088.726086 0.000000
609417.014831 2501083.750399 0.000000
609416.514831 2501078.774712 0.000000
609416.014831 2501073.799025 0.000000
609415.514831 2501068.823338 0.000000
609415.014831 2501063.847651 0.000000
609414.514831 2501058.871964 0.000000
609414.014831 2501053.896277 0.000000
609413.514831 2501048.920589 0.000000
609413.014831 2501043.944902 0.000000
609412.514831 2501038.969215 0.000000
609412.014831 2501033.993528 0.000000
609411.514831 2501029.017841 0.000000
609411.014831 2501024.042154 0.000000
609410.514831 2501019.066467 0.000000
609410.014831 2501014.090780 0.000000
609409.514831 2501009.115093 0.000000
609409.014831 2501004.139406 0.000000
609408.514831 2500999.163719 0.000000
609408.014831 2500994.188032 0.000000
609407.514831 2500989.212345 0.000000
609407.014831 2500984.236658 0.000000
609406.514831 2500979.260971 0.000000
609406.014831 2500974.285284 0.000000
609405.514831 2500969.309597 0.000000
609405.014831 2500964.333910 0.000000
609404.514831 2500959.358223 0.000000
609404.014831 2500954.382536 0.000000
609403.514831 2500949.406849 0.000000
609403.014831 2500944.431162 0.000000
609402.514831 2500939.455475 0.000000
609402.014831 2500934.479788 0.000000
609401.514831 2500929.504101 0.000000
609401.014831 2500924.528414 0.000000
609400.514831 2500919.552727 0.000000
609400.014831 2500914.577040 0.000000
609399.514831 2500909.601353 0.000000
609399.014831 2500904.625666 0.000000
609398.514831 2500899.649979 0.000000
609398.014831 2500894.674292 0.000000
609397.514831 2500889.698605 0.000000
609397.014831 2500884.722918 0.000000
609396.514831 2500879.747231 0.000000
609396.014831 2500874.771544 0.000000
609395.514831 2500869.795857 0.000000
609395.014831 2500864.820170 0.000000
609394.514831 2500859.844483 0.000000
609394.014831 2500854.868796 0.000000
609393.514831 2500849.893109 0.000000
609393.014831 2500844.917422 0.000000
609392.514831 2500839.941735 0.000000
609392.014831 2500834.966047 0.000000
609391.514831 2500829.990360 0.000000
609391.014830 2500825.014673 0.000000
609390.514830 2500820.038986 0.000000
609390.014830 2500815.063299 0.000000
609389.514830 2500810.087612 0.000000
609389.014830 2500805.111925 0.000000
609388.514830 2500800.136238 0.000000
609388.014830 2500795.160551 0.000000
609387.514830 2500790.184864 0.000000
609387.014830 2500785.209177 0.000000
609386.514830 2500780.233490 0.000000
609386.014830 2500775.257803 0.000000
609385.514830 2500770.282116 0.000000
609385.014830 2500765.306429 0.000000
609384.514830 2500760.330742 0.000000
609384.014830 2500755.355055 0.000000
609383.514830 2500750.379368 0.000000
609383.014830 2500745.403681 0.000000
609382.514830 2500740.427994 0.000000
609382.014830 2500735.452307 0.000000
609381.514830 2500730.476620 0.000000
609381.014830 2500725.500933 0.000000
609380.514830 2500720.525246 0.000000
609380.014830 2500715.549559 0.000000
609379.514830 2500710.573872 0.000000
609379.014830 2500705.598185 0.000000
609378.514830 2500700.622498 0.000000
609378.014830 2500695.646811 0.000000
609377.514830 2500690.671124 0.000000
609377.014830 2500685.695437 0.000000
609376.514830 2500680.719750 0.000000
609376.014830 2500675.744063 0.000000
609375.514830 2500670.768376 0.000000
609375.014830 2500665.792689 0.000000
609374.514830 2500660.817002 0.000000
609374.014830 2500655.841315 0.000000
609373.514830 2500650.865628 0.000000
609373.014830 2500645.889941 0.000000
609372.514830 2500640.914254 0.000000
609372.014830 2500635.938567 0.000000
609371.514830 2500630.962880 0.000000
609371.014830 2500625.987193 0.000000
609370.514830 2500621.011506 0.000000
609370.014830 2500616.035818 0.000000
609369.514830 2500611.060131 0.000000
609369.014830 2500606.084444 0.000000
609368.514830 2500601.108757 0.000000
609368.014830 2500596.133070 0.000000
609367.514830 2500591.157383 0.000000
609367.014830 2500586.181696 0.000000
609366.514830 2500581.206009 0.000000
609366.014830 2500576.230322 0.000000
609365.514830 2500571.254635 0.000000
609365.014830 2500566.278948 0.000000
609364.514830 2500561.303261 0.000000
609364.014830 2500556.327574 0.000000
609363.514830 2500551.351887 0.000000
609363.014830 2500546.376200 0.000000
609362.514830 2500541.400513 0.000000
609362.014830 2500536.424826 0.000000
609361.514830 2500531.449139 0.000000
609361.014830 2500526.473452 0.000000
609360.514830 2500521.497765 0.000000
609360.014830 2500516.522078 0.000000
609359.514830 2500511.546391 0.000000
609359.014830 2500506.570704 0.000000
609358.514830 2500501.595017 0.000000
609358.014830 2500496.619330 0.000000
609357.514830 2500491.643643 0.000000
609357.014830 2500486.667956 0.000000
609356.514830 2500481.692269 0.000000
609356.014830 2500476.716582 0.000000
609355.514830 2500471.740895 0.000000
609355.014830 2500466.765208 0.000000
609354.514830 2500461.789521 0.000000
609354.014830 2500456.813834 0.000000
609353.514830 2500451.838147 0.000000
609353.014829 2500446.862460 0.000000
609352.514829 2500441.886773 0.000000
609352.014829 2500436.911086 0.000000
609351.514829 2500431.935399 0.000000
609351.014829 2500426.959712 0.000000
609350.514829 2500421.984025 0.000000
609350.014829 2500417.008338 0.000000
609349.514829 2500412.032651 0.000000
609349.014829 2500407.056964 0.000000
609348.514829 2500402.081276 0.000000
609348.014829 2500397.105589 0.000000
609347.514829 2500392.129902 0.000000
609347.014829 2500387.154215 0.000000
609346.514829 2500382.178528 0.000000
609346.014829 2500377.202841 0.000000
609345.514829 2500372.227154 0.000000
609345.014829 2500367.251467 0.000000
609344.514829 2500362.275780 0.000000
609344.014829 2500357.300093 0.000000
609343.514829 2500352.324406 0.000000
609343.014829 2500347.348719 0.000000
609342.514829 2500342.373032 0.000000
609342.014829 2500337.397345 0.000000
609341.514829 2500332.421658 0.000000
609341.014829 2500327.445971 0.000000
609340.514829 2500322.470284 0.000000
609340.014829 2500317.494597 0.000000
609339.514829 2500312.518910 0.000000
609339.014829 2500307.543223 0.000000
609338.514829 2500302.567536 0.000000
609338.014829 2500297.591849 0.000000
609337.514829 2500292.616162 0.000000
609337.014829 2500287.640475 0.000000
609336.514829 2500282.664788 0.000000
609336.014829 2500277.689101 0.000000
609335.514829 2500272.713414 0.000000
609335.014829 2500267.737727 0.000000
609334.514829 2500262.762040 0.000000
609334.014829 2500257.786353 0.000000
609333.514829 2500252.810666 0.000000
609333.014829 2500247.834979 0.000000
609332.514829 2500242.859292 0.000000
609332.014829 2500237.883605 0.000000
609331.514829 2500232.907918 0.000000
609331.014829 2500227.932231 0.000000
609330.514829 2500222.956544 0.000000
609330.014829 2500217.980857 0.000000
609329.514829 2500213.005170 0.000000
609329.014829 2500208.029483 0.000000
609328.514829 2500203.053796 0.000000
609328.014829 2500198.078109 0.000000
609327.514829 2500193.102422 0.000000
609327.014829 2500188.126734 0.000000
609326.514829 2500183.151047 0.000000
609326.014829 2500178.175360 0.000000
609325.514829 2500173.199673 0.000000
609325.014829 2500168.223986 0.000000
609324.514829 2500163.248299 0.000000
609324.014829 2500158.272612 0.000000
609323.514829 2500153.296925 0.000000
609323.014829 2500148.321238 0.000000
609322.514829 2500143.345551 0.000000
609322.014829 2500138.369864 0.000000
609321.514829 2500133.394177 0.000000
609321.014829 2500128.418490 0.000000
609320.514829 2500123.442803 0.000000
609320.014829 2500118.467116 0.000000
609319.514829 2500113.491429 0.000000
609319.014829 2500108.515742 0.000000
609318.514829 2500103.540055 0.000000
609318.014829 2500098.564368 0.000000
609317.514829 2500093.588681 0.000000
609317.014829 2500088.612994 0.000000
609316.514829 2500083.637307 0.000000
609316.014829 2500078.661620 0.000000
609315.514829 2500073.685933 0.000000
609315.014828 2500068.710246 0.000000
609314.685283 2500063.721617 0.000000
609314.355737 2500058.732988 0.000000
609314.026191 2500053.744359 0.000000
609313.696646 2500048.755730 0.000000
609313.367100 2500043.767101 0.000000
609313.037554 2500038.778472 0.000000
609312.708008 2500033.789843 0.000000
609312.378463 2500028.801214 0.000000
609312.048917 2500023.812585 0.000000
609311.719371 2500018.823957 0.000000
609311.389826 2500013.835328 0.000000
609311.060280 2500008.846699 0.000000
609310.730734 2500003.858070 0.000000
609310.401188 2499998.869441 0.000000
609310.071643 2499993.880812 0.000000
609309.742097 2499988.892183 0.000000
609309.412551 2499983.903554 0.000000
609309.083006 2499978.914925 0.000000
609308.753460 2499973.926296 0.000000
609308.423914 2499968.937667 0.000000
609308.094368 2499963.949038 0.000000
609307.764823 2499958.960409 0.000000
609307.435277 2499953.971780 0.000000
609307.105731 2499948.983151 0.000000
609306.776186 2499943.994522 0.000000
609306.446640 2499939.005893 0.000000
609306.117094 2499934.017265 0.000000
609305.787548 2499929.028636 0.000000
609305.458003 2499924.040007 0.000000
609305.128457 2499919.051378 0.000000
609304.798911 2499914.062749 0.000000
609304.469365 2499909.074120 0.000000
609304.139820 2499904.085491 0.000000
609303.810274 2499899.096862 0.000000
609303.480728 2499894.108233 0.000000
609303.151183 2499889.119604 0.000000
609302.821637 2499884.130975 0.000000
609302.492091 2499879.142346 0.000000
609302.162545 2499874.153717 0.000000
609301.833000 2499869.165088 0.000000
609301.503454 2499864.176459 0.000000
609301.173908 2499859.187830 0.000000
609300.844363 2499854.199201 0.000000
609300.514817 2499849.210572 0.000000
609300.185271 2499844.221944 0.000000
609299.855725 2499839.233315 0.000000
609299.526180 2499834.244686 0.000000
609299.196634 2499829.256057 0.000000
609298.867088 2499824.267428 0.000000
609298.537543 2499819.278799 0.000000
609298.207997 2499814.290170 0.000000
609297.878451 2499809.301541 0.000000
609297.548905 2499804.312912 0.000000
609297.219360 2499799.324283 0.000000
609296.889814 2499794.335654 0.000000
609296.560268 2499789.347025 0.000000
609296.230722 2499784.358396 0.000000
609295.901177 2499779.369767 0.000000
609295.571631 2499774.381138 0.000000
609295.242085 2499769.392509 0.000000
609294.912540 2499764.403880 0.000000
609294.582994 2499759.415252 0.000000
609294.253448 2499754.426623 0.000000
609293.923902 2499749.437994 0.000000
609293.594357 2499744.449365 0.000000
609293.264811 2499739.460736 0.000000
609292.935265 2499734.472107 0.000000
609292.605720 2499729.483478 0.000000
609292.276174 2499724.494849 0.000000
609291.946628 2499719.506220 0.000000
609291.617082 2499714.517591 0.000000
609291.287537 2499709.528962 0.000000
609290.957991 2499704.540333 0.000000
609290.628445 2499699.551704 0.000000
609290.298900 2499694.563075 0.000000
609289.969354 2499689.574446 0.000000
609289.639808 2499684.585817 0.000000
609289.310262 2499679.597188 0.000000
609288.980717 2499674.608560 0.000000
609288.651171 2499669.619931 0.000000
609288.321625 2499664.631302 0.000000
609287.992080 2499659.642673 0.000000
609287.662534 2499654.654044 0.000000
609287.332988 2499649.665415 0.000000
609287.003442 2499644.676786 0.000000
609286.673897 2499639.688157 0.000000
609286.344351 2499634.699528 0.000000
609286.014805 2499629.710899 0.000000
609285.812970 2499624.720081 0.000000
609285.611135 2499619.729262 0.000000
609285.409299 2499614.738444 0.000000
609285.207464 2499609.747626 0.000000
609285.005629 2499604.756808 0.000000
609284.803793 2499599.765989 0.000000
609284.601958 2499594.775171 0.000000
609284.400123 2499589.784353 0.000000
609284.198287 2499584.793535 0.000000
609283.996452 2499579.802716 0.000000
609283.794617 2499574.811898 0.000000
609283.592781 2499569.821080 0.000000
609283.390946 2499564.830261 0.000000
609283.189111 2499559.839443 0.000000
609282.987275 2499554.848625 0.000000
609282.785440 2499549.857807 0.000000
609282.583605 2499544.866988 0.000000
609282.381770 2499539.876170 0.000000
609282.179934 2499534.885352 0.000000
609281.978099 2499529.894533 0.000000
609281.776264 2499524.903715 0.000000
609281.574428 2499519.912897 0.000000
609281.372593 2499514.922079 0.000000
609281.170758 2499509.931260 0.000000
609280.968922 2499504.940442 0.000000
609280.767087 2499499.949624 0.000000
609280.565252 2499494.958805 0.000000
609280.363416 2499489.967987 0.000000
609280.161581 2499484.977169 0.000000
609279.959746 2499479.986351 0.000000
609279.757910 2499474.995532 0.000000
609279.556075 2499470.004714 0.000000
609279.354240 2499465.013896 0.000000
609279.152404 2499460.023078 0.000000
609278.950569 2499455.032259 0.000000
609278.748734 2499450.041441 0.000000
609278.546899 2499445.050623 0.000000
609278.345063 2499440.059804 0.000000
609278.143228 2499435.068986 0.000000
609277.941393 2499430.078168 0.000000
609277.739557 2499425.087350 0.000000
609277.537722 2499420.096531 0.000000
609277.335887 2499415.105713 0.000000
609277.134051 2499410.114895 0.000000
609276.932216 2499405.124076 0.000000
609276.730381 2499400.133258 0.000000
609276.528545 2499395.142440 0.000000
609276.326710 2499390.151622 0.000000
609276.124875 2499385.160803 0.000000
609275.923039 2499380.169985 0.000000
609275.721204 2499375.179167 0.000000
609275.519369 2499370.188349 0.000000
609275.317533 2499365.197530 0.000000
609275.115698 2499360.206712 0.000000
609274.913863 2499355.215894 0.000000
609274.712028 2499350.225075 0.000000
609274.510192 2499345.234257 0.000000
609274.308357 2499340.243439 0.000000
609274.106522 2499335.252621 0.000000
609273.904686 2499330.261802 0.000000
609273.702851 2499325.270984 0.000000
609273.501016 2499320.280166 0.000000
609273.299180 2499315.289347 0.000000
609273.097345 2499310.298529 0.000000
609272.895510 2499305.307711 0.000000
609272.693674 2499300.316893 0.000000
609272.491839 2499295.326074 0.000000
609272.290004 2499290.335256 0.000000
609272.088168 2499285.344438 0.000000
609271.886333 2499280.353619 0.000000
609271.684498 2499275.362801 0.000000
609271.482663 2499270.371983 0.000000
609271.280827 2499265.381165 0.000000
609271.078992 2499260.390346 0.000000
609270.877157 2499255.399528 0.000000
609270.675321 2499250.408710 0.000000
609270.473486 2499245.417892 0.000000
609270.271651 2499240.427073 0.000000
609270.069815 2499235.436255 0.000000
609269.867980 2499230.445437 0.000000
609269.666145 2499225.454618 0.000000
609269.464309 2499220.463800 0.000000
609269.262474 2499215.472982 0.000000
609269.060639 2499210.482164 0.000000
609268.858803 2499205.491345 0.000000
609268.656968 2499200.500527 0.000000
609268.455133 2499195.509709 0.000000
609268.253297 2499190.518890 0.000000
609268.051462 2499185.528072 0.000000
609267.849627 2499180.537254 0.000000
609267.647792 2499175.546436 0.000000
609267.445956 2499170.555617 0.000000
609267.244121 2499165.564799 0.000000
609267.042286 2499160.573981 0.000000
609266.840450 2499155.583163 0.000000
609266.638615 2499150.592344 0.000000
609266.436780 2499145.601526 0.000000
609266.234944 2499140.610708 0.000000
609266.033109 2499135.619889 0.000000
609265.831274 2499130.629071 0.000000
609265.629438 2499125.638253 0.000000
609265.427603 2499120.647435 0.000000
609265.225768 2499115.656616 0.000000
609265.023932 2499110.665798 0.000000
609264.822097 2499105.674980 0.000000
609264.620262 2499100.684161 0.000000
609264.418426 2499095.693343 0.000000
609264.216591 2499090.702525 0.000000
609264.014756 2499085.711707 0.000000
609263.714756 2499080.695047 0.000000
609263.414755 2499075.678388 0.000000
609263.114755 2499070.661729 0.000000
609262.814755 2499065.645070 0.000000
609262.514754 2499060.628411 0.000000
609262.214754 2499055.611751 0.000000
609261.914754 2499050.595092 0.000000
609261.614753 2499045.578433 0.000000
609261.314753 2499040.561774 0.000000
609261.014753 2499035.545115 0.000000
609260.714752 2499030.528455 0.000000
609260.414752 2499025.511796 0.000000
609260.114752 2499020.495137 0.000000
609259.814751 2499015.478478 0.000000
609259.514751 2499010.461819 0.000000
609259.214751 2499005.445159 0.000000
609258.914751 2499000.428500 0.000000
609258.614750 2498995.411841 0.000000
609258.314750 2498990.395182 0.000000
609258.014750 2498985.378523 0.000000
609257.714749 2498980.361863 0.000000
609257.414749 2498975.345204 0.000000
609257.114749 2498970.328545 0.000000
609256.814748 2498965.311886 0.000000
609256.514748 2498960.295227 0.000000
609256.214748 2498955.278567 0.000000
609255.914747 2498950.261908 0.000000
609255.614747 2498945.245249 0.000000
609255.314747 2498940.228590 0.000000
609255.014746 2498935.211931 0.000000
609254.714746 2498930.195271 0.000000
609254.414746 2498925.178612 0.000000
609254.114746 2498920.161953 0.000000
609253.814745 2498915.145294 0.000000
609253.514745 2498910.128635 0.000000
609253.214745 2498905.111975 0.000000
609252.914744 2498900.095316 0.000000
609252.614744 2498895.078657 0.000000
609252.314744 2498890.061998 0.000000
609252.014743 2498885.045339 0.000000
609251.714743 2498880.028679 0.000000
609251.414743 2498875.012020 0.000000
609251.114742 2498869.995361 0.000000
609250.814742 2498864.978702 0.000000
609250.514742 2498859.962043 0.000000
609250.214741 2498854.945383 0.000000
609249.914741 2498849.928724 0.000000
609249.614741 2498844.912065 0.000000
609249.314741 2498839.895406 0.000000
609249.014740 2498834.878747 0.000000
609248.714740 2498829.862087 0.000000
609248.414740 2498824.845428 0.000000
609248.114739 2498819.828769 0.000000
609247.814739 2498814.812110 0.000000
609247.514739 2498809.795450 0.000000
609247.214738 2498804.778791 0.000000
609246.914738 2498799.762132 0.000000
609246.614738 2498794.745473 0.000000
609246.314737 2498789.728814 0.000000
609246.014737 2498784.712154 0.000000
609245.499586 2498779.712162 0.000000
609244.984434 2498774.712169 0.000000
609244.469283 2498769.712177 0.000000
609243.954131 2498764.712184 0.000000
609243.438980 2498759.712192 0.000000
609242.923828 2498754.712199 0.000000
609242.408677 2498749.712207 0.000000
609241.893525 2498744.712214 0.000000
609241.378374 2498739.712222 0.000000
609240.863222 2498734.712229 0.000000
609240.348071 2498729.712237 0.000000
609239.832919 2498724.712244 0.000000
609239.317768 2498719.712252 0.000000
609238.802616 2498714.712259 0.000000
609238.287464 2498709.712267 0.000000
609237.772313 2498704.712274 0.000000
609237.257161 2498699.712282 0.000000
609236.742010 2498694.712289 0.000000
609236.226858 2498689.712297 0.000000
609235.711707 2498684.712304 0.000000
609235.196555 2498679.712311 0.000000
609234.681404 2498674.712319 0.000000
609234.166252 2498669.712326 0.000000
609233.651101 2498664.712334 0.000000
609233.135949 2498659.712341 0.000000
609232.620798 2498654.712349 0.000000
609232.105646 2498649.712356 0.000000
609231.590495 2498644.712364 0.000000
609231.075343 2498639.712371 0.000000
609230.560192 2498634.712379 0.000000
609230.045040 2498629.712386 0.000000
609229.529889 2498624.712394 0.000000
609229.014737 2498619.712401 0.000000
609228.499586 2498614.712409 0.000000
609227.984434 2498609.712416 0.000000
609227.469283 2498604.712424 0.000000
609226.954131 2498599.712431 0.000000
609226.438980 2498594.712439 0.000000
609225.923828 2498589.712446 0.000000
609225.408677 2498584.712453 0.000000
609224.893525 2498579.712461 0.000000
609224.378374 2498574.712468 0.000000
609223.863222 2498569.712476 0.000000
609223.348071 2498564.712483 0.000000
609222.832919 2498559.712491 0.000000
609222.317768 2498554.712498 0.000000
609221.802616 2498549.712506 0.000000
609221.287465 2498544.712513 0.000000
609220.772313 2498539.712521 0.000000
609220.257162 2498534.712528 0.000000
609219.742010 2498529.712536 0.000000
609219.226859 2498524.712543 0.000000
609218.711707 2498519.712551 0.000000
609218.196556 2498514.712558 0.000000
609217.681404 2498509.712566 0.000000
609217.166253 2498504.712573 0.000000
609216.651101 2498499.712581 0.000000
609216.135950 2498494.712588 0.000000
609215.620798 2498489.712596 0.000000
609215.105647 2498484.712603 0.000000
609214.590495 2498479.712610 0.000000
609214.075344 2498474.712618 0.000000
609213.560192 2498469.712625 0.000000
609213.045041 2498464.712633 0.000000
609212.529889 2498459.712640 0.000000
609212.014738 2498454.712648 0.000000
609211.499586 2498449.712655 0.000000
609210.984435 2498444.712663 0.000000
609210.469283 2498439.712670 0.000000
609209.954132 2498434.712678 0.000000
609209.438980 2498429.712685 0.000000
609208.923829 2498424.712693 0.000000
609208.408677 2498419.712700 0.000000
609207.893525 2498414.712708 0.000000
609207.378374 2498409.712715 0.000000
609206.863222 2498404.712723 0.000000
609206.348071 2498399.712730 0.000000
609205.832919 2498394.712738 0.000000
609205.317768 2498389.712745 0.000000
609204.802616 2498384.712752 0.000000
609204.287465 2498379.712760 0.000000
609203.772313 2498374.712767 0.000000
609203.257162 2498369.712775 0.000000
609202.742010 2498364.712782 0.000000
609202.226859 2498359.712790 0.000000
609201.711707 2498354.712797 0.000000
609201.196556 2498349.712805 0.000000
609200.681404 2498344.712812 0.000000
609200.166253 2498339.712820 0.000000
609199.651101 2498334.712827 0.000000
609199.135950 2498329.712835 0.000000
609198.620798 2498324.712842 0.000000
609198.105647 2498319.712850 0.000000
609197.590495 2498314.712857 0.000000
609197.075344 2498309.712865 0.000000
609196.560192 2498304.712872 0.000000
609196.045041 2498299.712880 0.000000
609195.529889 2498294.712887 0.000000
609195.014738 2498289.712895 0.000000
609194.394738 2498284.752902 0.000000
609193.774738 2498279.792909 0.000000
609193.154738 2498274.832917 0.000000
609192.534738 2498269.872924 0.000000
609191.914739 2498264.912932 0.000000
609191.294739 2498259.952939 0.000000
609190.674739 2498254.992947 0.000000
609190.054739 2498250.032954 0.000000
609189.434739 2498245.072961 0.000000
609188.814739 2498240.112969 0.000000
609188.194740 2498235.152976 0.000000
609187.574740 2498230.192984 0.000000
609186.954740 2498225.232991 0.000000
609186.334740 2498220.272999 0.000000
609185.714740 2498215.313006 0.000000
609185.094740 2498210.353013 0.000000
609184.474741 2498205.393021 0.000000
609183.854741 2498200.433028 0.000000
609183.234741 2498195.473036 0.000000
609182.614741 2498190.513043 0.000000
609181.994741 2498185.553051 0.000000
609181.374741 2498180.593058 0.000000
609180.754742 2498175.633066 0.000000
609180.134742 2498170.673073 0.000000
609179.514742 2498165.713080 0.000000
609178.894742 2498160.753088 0.000000
609178.274742 2498155.793095 0.000000
609177.654742 2498150.833103 0.000000
609177.034743 2498145.873110 0.000000
609176.414743 2498140.913118 0.000000
609175.794743 2498135.953125 0.000000
609175.174743 2498130.993132 0.000000
609174.554743 2498126.033140 0.000000
609173.934743 2498121.073147 0.000000
609173.314744 2498116.113155 0.000000
609172.694744 2498111.153162 0.000000
609172.074744 2498106.193170 0.000000
609171.454744 2498101.233177 0.000000
609170.834744 2498096.273184 0.000000
609170.214744 2498091.313192 0.000000
609169.594745 2498086.353199 0.000000
609168.974745 2498081.393207 0.000000
609168.354745 2498076.433214 0.000000
609167.734745 2498071.473222 0.000000
609167.114745 2498066.513229 0.000000
609166.494745 2498061.553237 0.000000
609165.874746 2498056.593244 0.000000
609165.254746 2498051.633251 0.000000
609164.634746 2498046.673259 0.000000
609164.014746 2498041.713266 0.000000
609163.394746 2498036.753274 0.000000
609162.774746 2498031.793281 0.000000
609162.154747 2498026.833289 0.000000
609161.534747 2498021.873296 0.000000
609160.914747 2498016.913303 0.000000
609160.294747 2498011.953311 0.000000
609159.674747 2498006.993318 0.000000
609159.054747 2498002.033326 0.000000
609158.434748 2497997.073333 0.000000
609157.814748 2497992.113341 0.000000
609157.194748 2497987.153348 0.000000
609156.574748 2497982.193356 0.000000
609155.954748 2497977.233363 0.000000
609155.334748 2497972.273370 0.000000
609154.714749 2497967.313378 0.000000
609154.094749 2497962.353385 0.000000
609153.474749 2497957.393393 0.000000
609152.854749 2497952.433400 0.000000
609152.234749 2497947.473408 0.000000
609151.614749 2497942.513415 0.000000
609150.994750 2497937.553422 0.000000
609150.374750 2497932.593430 0.000000
609149.754750 2497927.633437 0.000000
609149.134750 2497922.673445 0.000000
609148.514750 2497917.713452 0.000000
609147.894751 2497912.753460 0.000000
609147.274751 2497907.793467 0.000000
609146.654751 2497902.833474 0.000000
609146.034751 2497897.873482 0.000000
609145.414751 2497892.913489 0.000000
609144.794751 2497887.953497 0.000000
609144.174752 2497882.993504 0.000000
609143.554752 2497878.033512 0.000000
609142.934752 2497873.073519 0.000000
609142.314752 2497868.113527 0.000000
609141.694752 2497863.153534 0.000000
609141.074752 2497858.193541 0.000000
609140.454753 2497853.233549 0.000000
609139.834753 2497848.273556 0.000000
609139.214753 2497843.313564 0.000000
609138.594753 2497838.353571 0.000000
609137.974753 2497833.393579 0.000000
609137.354753 2497828.433586 0.000000
609136.734754 2497823.473593 0.000000
609136.114754 2497818.513601 0.000000
609135.494754 2497813.553608 0.000000
609134.874754 2497808.593616 0.000000
609134.254754 2497803.633623 0.000000
609133.634754 2497798.673631 0.000000
609133.014755 2497793.713638 0.000000
609132.491678 2497788.729030 0.000000
609131.968601 2497783.744422 0.000000
609131.445524 2497778.759814 0.000000
609130.922447 2497773.775206 0.000000
609130.399370 2497768.790598 0.000000
609129.876293 2497763.805990 0.000000
609129.353216 2497758.821383 0.000000
609128.830139 2497753.836775 0.000000
609128.307062 2497748.852167 0.000000
609127.783986 2497743.867559 0.000000
609127.260909 2497738.882951 0.000000
609126.737832 2497733.898343 0.000000
609126.214755 2497728.913735 0.000000
609125.691678 2497723.929127 0.000000
609125.168601 2497718.944519 0.000000
609124.645524 2497713.959911 0.000000
609124.122447 2497708.975303 0.000000
609123.599370 2497703.990695 0.000000
609123.076293 2497699.006087 0.000000
609122.553216 2497694.021480 0.000000
609122.030140 2497689.036872 0.000000
609121.507063 2497684.052264 0.000000
609120.983986 2497679.067656 0.000000
609120.460909 2497674.083048 0.000000
609119.937832 2497669.098440 0.000000
609119.414755 2497664.113832 0.000000
609118.891678 2497659.129224 0.000000
609118.368601 2497654.144616 0.000000
609117.845524 2497649.160008 0.000000
609117.322447 2497644.175400 0.000000
609116.799371 2497639.190792 0.000000
609116.276294 2497634.206184 0.000000
609115.753217 2497629.221577 0.000000
609115.230140 2497624.236969 0.000000
609114.707063 2497619.252361 0.000000
609114.183986 2497614.267753 0.000000
609113.660909 2497609.283145 0.000000
609113.137832 2497604.298537 0.000000
609112.614755 2497599.313929 0.000000
609112.091678 2497594.329321 0.000000
609111.568602 2497589.344713 0.000000
609111.045525 2497584.360105 0.000000
609110.522448 2497579.375497 0.000000
609109.999371 2497574.390889 0.000000
609109.476294 2497569.406281 0.000000
609108.953217 2497564.421674 0.000000
609108.430140 2497559.437066 0.000000
609107.907063 2497554.452458 0.000000
609107.383986 2497549.467850 0.000000
609106.860909 2497544.483242 0.000000
609106.337833 2497539.498634 0.000000
609105.814756 2497534.514026 0.000000
609105.291679 2497529.529418 0.000000
609104.768602 2497524.544810 0.000000
609104.245525 2497519.560202 0.000000
609103.722448 2497514.575594 0.000000
609103.199371 2497509.590986 0.000000
609102.676294 2497504.606378 0.000000
609102.153217 2497499.621770 0.000000
609101.630140 2497494.637163 0.000000
609101.107064 2497489.652555 0.000000
609100.583987 2497484.667947 0.000000
609100.060910 2497479.683339 0.000000
609099.537833 2497474.698731 0.000000
609099.014756 2497469.714123 0.000000
609098.388669 2497464.757609 0.000000
609097.762582 2497459.801094 0.000000
609097.136496 2497454.844580 0.000000
609096.510409 2497449.888066 0.000000
609095.884322 2497444.931551 0.000000
609095.258235 2497439.975037 0.000000
609094.632148 2497435.018523 0.000000
609094.006062 2497430.062009 0.000000
609093.379975 2497425.105494 0.000000
609092.753888 2497420.148980 0.000000
609092.127801 2497415.192466 0.000000
609091.501715 2497410.235951 0.000000
609090.875628 2497405.279437 0.000000
609090.249541 2497400.322923 0.000000
609089.623454 2497395.366408 0.000000
609088.997367 2497390.409894 0.000000
609088.371281 2497385.453380 0.000000
609087.745194 2497380.496865 0.000000
609087.119107 2497375.540351 0.000000
609086.493020 2497370.583837 0.000000
609085.866934 2497365.627323 0.000000
609085.240847 2497360.670808 0.000000
609084.614760 2497355.714294 0.000000
609083.988673 2497350.757780 0.000000
609083.362586 2497345.801265 0.000000
609082.736500 2497340.844751 0.000000
609082.110413 2497335.888237 0.000000
609081.484326 2497330.931722 0.000000
609080.858239 2497325.975208 0.000000
609080.232153 2497321.018694 0.000000
609079.606066 2497316.062180 0.000000
609078.979979 2497311.105665 0.000000
609078.353892 2497306.149151 0.000000
609077.727805 2497301.192637 0.000000
609077.101719 2497296.236122 0.000000
609076.475632 2497291.279608 0.000000
609075.849545 2497286.323094 0.000000
609075.223458 2497281.366579 0.000000
609074.597372 2497276.410065 0.000000
609073.971285 2497271.453551 0.000000
609073.345198 2497266.497037 0.000000
609072.719111 2497261.540522 0.000000
609072.093024 2497256.584008 0.000000
609071.466938 2497251.627494 0.000000
609070.840851 2497246.670979 0.000000
609070.214764 2497241.714465 0.000000
609069.588677 2497236.757951 0.000000
609068.962591 2497231.801436 0.000000
609068.336504 2497226.844922 0.000000
609067.710417 2497221.888408 0.000000
609067.084330 2497216.931894 0.000000
609066.458243 2497211.975379 0.000000
609065.832157 2497207.018865 0.000000
609065.206070 2497202.062351 0.000000
609064.579983 2497197.105836 0.000000
609063.953896 2497192.149322 0.000000
609063.327810 2497187.192808 0.000000
609062.701723 2497182.236293 0.000000
609062.075636 2497177.279779 0.000000
609061.449549 2497172.323265 0.000000
609060.823462 2497167.366750 0.000000
609060.197376 2497162.410236 0.000000
609059.571289 2497157.453722 0.000000
609058.945202 2497152.497208 0.000000
609058.319115 2497147.540693 0.000000
609057.693029 2497142.584179 0.000000
609057.066942 2497137.627665 0.000000
609056.440855 2497132.671150 0.000000
609055.814768 2497127.714636 0.000000
609055.188681 2497122.758122 0.000000
609054.562595 2497117.801607 0.000000
609053.936508 2497112.845093 0.000000
609053.310421 2497107.888579 0.000000
609052.684334 2497102.932065 0.000000
609052.058248 2497097.975550 0.000000
609051.432161 2497093.019036 0.000000
609050.806074 2497088.062522 0.000000
609050.179987 2497083.106007 0.000000
609049.553900 2497078.149493 0.000000
609048.927814 2497073.192979 0.000000
609048.301727 2497068.236464 0.000000
609047.675640 2497063.279950 0.000000
609047.049553 2497058.323436 0.000000
609046.423467 2497053.366922 0.000000
609045.797380 2497048.410407 0.000000
609045.171293 2497043.453893 0.000000
609044.545206 2497038.497379 0.000000
609043.919119 2497033.540864 0.000000
609043.293033 2497028.584350 0.000000
609042.666946 2497023.627836 0.000000
609042.040859 2497018.671321 0.000000
609041.414772 2497013.714807 0.000000
609040.788686 2497008.758293 0.000000
609040.162599 2497003.801779 0.000000
609039.536512 2496998.845264 0.000000
609038.910425 2496993.888750 0.000000
609038.284338 2496988.932236 0.000000
609037.658252 2496983.975721 0.000000
609037.032165 2496979.019207 0.000000
609036.406078 2496974.062693 0.000000
609035.779991 2496969.106178 0.000000
609035.153904 2496964.149664 0.000000
609034.527818 2496959.193150 0.000000
609033.901731 2496954.236635 0.000000
609033.275644 2496949.280121 0.000000
609032.649557 2496944.323607 0.000000
609032.023471 2496939.367093 0.000000
609031.397384 2496934.410578 0.000000
609030.771297 2496929.454064 0.000000
609030.145210 2496924.497550 0.000000
609029.519123 2496919.541035 0.000000
609028.893037 2496914.584521 0.000000
609028.266950 2496909.628007 0.000000
609027.640863 2496904.671492 0.000000
609027.014776 2496899.714978 0.000000
609026.297796 2496894.762155 0.000000
609025.580815 2496889.809333 0.000000
609024.863834 2496884.856510 0.000000
609024.146853 2496879.903687 0.000000
609023.429872 2496874.950864 0.000000
609022.712891 2496869.998042 0.000000
609021.995911 2496865.045219 0.000000
609021.278930 2496860.092396 0.000000
609020.561949 2496855.139574 0.000000
609019.844968 2496850.186751 0.000000
609019.127987 2496845.233928 0.000000
609018.411007 2496840.281105 0.000000
609017.694026 2496835.328283 0.000000
609016.977045 2496830.375460 0.000000
609016.260064 2496825.422637 0.000000
609015.543083 2496820.469814 0.000000
609014.826102 2496815.516992 0.000000
609014.109122 2496810.564169 0.000000
609013.392141 2496805.611346 0.000000
609012.675160 2496800.658523 0.000000
609011.958179 2496795.705701 0.000000
609011.241198 2496790.752878 0.000000
609010.524218 2496785.800055 0.000000
609009.807237 2496780.847232 0.000000
609009.090256 2496775.894410 0.000000
609008.373275 2496770.941587 0.000000
609007.656294 2496765.988764 0.000000
609006.939313 2496761.035941 0.000000
609006.222333 2496756.083119 0.000000
609005.505352 2496751.130296 0.000000
609004.788371 2496746.177473 0.000000
609004.071390 2496741.224650 0.000000
609003.354409 2496736.271828 0.000000
609002.637429 2496731.319005 0.000000
609001.920448 2496726.366182 0.000000
609001.203467 2496721.413360 0.000000
609000.486486 2496716.460537 0.000000
608999.769505 2496711.507714 0.000000
608999.052524 2496706.554891 0.000000
608998.335544 2496701.602069 0.000000
608997.618563 2496696.649246 0.000000
608996.901582 2496691.696423 0.000000
608996.184601 2496686.743600 0.000000
608995.467620 2496681.790778 0.000000
608994.750640 2496676.837955 0.000000
608994.033659 2496671.885132 0.000000
608993.316678 2496666.932309 0.000000
608992.599697 2496661.979487 0.000000
608991.882716 2496657.026664 0.000000
608991.165735 2496652.073841 0.000000
608990.448755 2496647.121018 0.000000
608989.731774 2496642.168196 0.000000
608989.014793 2496637.215373 0.000000
608988.297812 2496632.262550 0.000000
608987.580831 2496627.309727 0.000000
608986.863851 2496622.356905 0.000000
608986.146870 2496617.404082 0.000000
608985.429889 2496612.451259 0.000000
608984.712908 2496607.498437 0.000000
608983.995927 2496602.545614 0.000000
608983.278946 2496597.592791 0.000000
608982.561966 2496592.639968 0.000000
608981.844985 2496587.687146 0.000000
608981.128004 2496582.734323 0.000000
608980.411023 2496577.781500 0.000000
608979.694042 2496572.828677 0.000000
608978.977061 2496567.875855 0.000000
608978.260081 2496562.923032 0.000000
608977.543100 2496557.970209 0.000000
608976.826119 2496553.017386 0.000000
608976.109138 2496548.064564 0.000000
608975.392157 2496543.111741 0.000000
608974.675177 2496538.158918 0.000000
608973.958196 2496533.206095 0.000000
608973.241215 2496528.253273 0.000000
608972.524234 2496523.300450 0.000000
608971.807253 2496518.347627 0.000000
608971.090272 2496513.394804 0.000000
608970.373292 2496508.441982 0.000000
608969.656311 2496503.489159 0.000000
608968.939330 2496498.536336 0.000000
608968.222349 2496493.583513 0.000000
608967.505368 2496488.630691 0.000000
608966.788388 2496483.677868 0.000000
608966.071407 2496478.725045 0.000000
608965.354426 2496473.772223 0.000000
608964.637445 2496468.819400 0.000000
608963.920464 2496463.866577 0.000000
608963.203483 2496458.913754 0.000000
608962.486503 2496453.960932 0.000000
608961.769522 2496449.008109 0.000000
608961.052541 2496444.055286 0.000000
608960.335560 2496439.102463 0.000000
608959.618579 2496434.149641 0.000000
608958.901599 2496429.196818 0.000000
608958.184618 2496424.243995 0.000000
608957.467637 2496419.291172 0.000000
608956.750656 2496414.338350 0.000000
608956.033675 2496409.385527 0.000000
608955.316694 2496404.432704 0.000000
608954.599714 2496399.479881 0.000000
608953.882733 2496394.527059 0.000000
608953.165752 2496389.574236 0.000000
608952.448771 2496384.621413 0.000000
608951.731790 2496379.668590 0.000000
608951.014810 2496374.715768 0.000000
608950.226348 2496369.783083 0.000000
608949.437887 2496364.850398 0.000000
608948.649426 2496359.917713 0.000000
608947.860965 2496354.985028 0.000000
608947.072504 2496350.052343 0.000000
608946.284043 2496345.119658 0.000000
608945.495582 2496340.186974 0.000000
608944.707121 2496335.254289 0.000000
608943.918659 2496330.321604 0.000000
608943.130198 2496325.388919 0.000000
608942.341737 2496320.456234 0.000000
608941.553276 2496315.523549 0.000000
608940.764815 2496310.590864 0.000000
608939.976354 2496305.658179 0.000000
608939.187893 2496300.725495 0.000000
608938.399432 2496295.792810 0.000000
608937.610971 2496290.860125 0.000000
608936.822509 2496285.927440 0.000000
608936.034048 2496280.994755 0.000000
608935.245587 2496276.062070 0.000000
608934.457126 2496271.129385 0.000000
608933.668665 2496266.196700 0.000000
608932.880204 2496261.264016 0.000000
608932.091743 2496256.331331 0.000000
608931.303282 2496251.398646 0.000000
608930.514821 2496246.465961 0.000000
608929.726359 2496241.533276 0.000000
608928.937898 2496236.600591 0.000000
608928.149437 2496231.667906 0.000000
608927.360976 2496226.735221 0.000000
608926.572515 2496221.802537 0.000000
608925.784054 2496216.869852 0.000000
608924.995593 2496211.937167 0.000000
608924.207132 2496207.004482 0.000000
608923.418670 2496202.071797 0.000000
608922.630209 2496197.139112 0.000000
608921.841748 2496192.206427 0.000000
608921.053287 2496187.273743 0.000000
608920.264826 2496182.341058 0.000000
608919.476365 2496177.408373 0.000000
608918.687904 2496172.475688 0.000000
608917.899443 2496167.543003 0.000000
608917.110982 2496162.610318 0.000000
608916.322520 2496157.677633 0.000000
608915.534059 2496152.744948 0.000000
608914.745598 2496147.812264 0.000000
608913.957137 2496142.879579 0.000000
608913.168676 2496137.946894 0.000000
608912.380215 2496133.014209 0.000000
608911.591754 2496128.081524 0.000000
608910.803293 2496123.148839 0.000000
608910.014831 2496118.216154 0.000000
608909.226370 2496113.283469 0.000000
608908.437909 2496108.350785 0.000000
608907.649448 2496103.418100 0.000000
608906.860987 2496098.485415 0.000000
608906.072526 2496093.552730 0.000000
608905.284065 2496088.620045 0.000000
608904.495604 2496083.687360 0.000000
608903.707143 2496078.754675 0.000000
608902.918681 2496073.821990 0.000000
608902.130220 2496068.889306 0.000000
608901.341759 2496063.956621 0.000000
608900.553298 2496059.023936 0.000000
608899.764837 2496054.091251 0.000000
608898.976376 2496049.158566 0.000000
608898.187915 2496044.225881 0.000000
608897.399454 2496039.293196 0.000000
608896.610993 2496034.360511 0.000000
608895.822531 2496029.427827 0.000000
608895.034070 2496024.495142 0.000000
608894.245609 2496019.562457 0.000000
608893.457148 2496014.629772 0.000000
608892.668687 2496009.697087 0.000000
608891.880226 2496004.764402 0.000000
608891.091765 2495999.831717 0.000000
608890.303304 2495994.899032 0.000000
608889.514842 2495989.966348 0.000000
608888.726381 2495985.033663 0.000000
608887.937920 2495980.100978 0.000000
608887.149459 2495975.168293 0.000000
608886.360998 2495970.235608 0.000000
608885.572537 2495965.302923 0.000000
608884.784076 2495960.370238 0.000000
608883.995615 2495955.437553 0.000000
608883.207154 2495950.504869 0.000000
608882.418692 2495945.572184 0.000000
608881.630231 2495940.639499 0.000000
608880.841770 2495935.706814 0.000000
608880.053309 2495930.774129 0.000000
608879.264848 2495925.841444 0.000000
608878.476387 2495920.908759 0.000000
608877.687926 2495915.976074 0.000000
608876.899465 2495911.043390 0.000000
608876.111003 2495906.110705 0.000000
608875.322542 2495901.178020 0.000000
608874.534081 2495896.245335 0.000000
608873.745620 2495891.312650 0.000000
608872.957159 2495886.379965 0.000000
608872.168698 2495881.447280 0.000000
608871.380237 2495876.514595 0.000000
608870.591776 2495871.581911 0.000000
608869.803315 2495866.649226 0.000000
608869.014853 2495861.716541 0.000000
608868.267329 2495856.771004 0.000000
608867.519805 2495851.825467 0.000000
608866.772280 2495846.879929 0.000000
608866.024756 2495841.934392 0.000000
608865.277231 2495836.988855 0.000000
608864.529707 2495832.043318 0.000000
608863.782183 2495827.097781 0.000000
608863.034658 2495822.152244 0.000000
608862.287134 2495817.206707 0.000000
608861.539610 2495812.261170 0.000000
608860.792085 2495807.315633 0.000000
608860.044561 2495802.370096 0.000000
608859.297036 2495797.424558 0.000000
608858.549512 2495792.479021 0.000000
608857.801988 2495787.533484 0.000000
608857.054463 2495782.587947 0.000000
608856.306939 2495777.642410 0.000000
608855.559414 2495772.696873 0.000000
608854.811890 2495767.751336 0.000000
608854.064366 2495762.805799 0.000000
608853.316841 2495757.860262 0.000000
608852.569317 2495752.914725 0.000000
608851.821792 2495747.969187 0.000000
608851.074268 2495743.023650 0.000000
608850.326744 2495738.078113 0.000000
608849.579219 2495733.132576 0.000000
608848.831695 2495728.187039 0.000000
608848.084170 2495723.241502 0.000000
608847.336646 2495718.295965 0.000000
608846.589122 2495713.350428 0.000000
608845.841597 2495708.404891 0.000000
608845.094073 2495703.459353 0.000000
608844.346549 2495698.513816 0.000000
608843.599024 2495693.568279 0.000000
608842.851500 2495688.622742 0.000000
608842.103975 2495683.677205 0.000000
608841.356451 2495678.731668 0.000000
608840.608927 2495673.786131 0.000000
608839.861402 2495668.840594 0.000000
608839.113878 2495663.895057 0.000000
608838.366353 2495658.949520 0.000000
608837.618829 2495654.003982 0.000000
608836.871305 2495649.058445 0.000000
608836.123780 2495644.112908 0.000000
608835.376256 2495639.167371 0.000000
608834.628731 2495634.221834 0.000000
608833.881207 2495629.276297 0.000000
608833.133683 2495624.330760 0.000000
608832.386158 2495619.385223 0.000000
608831.638634 2495614.439686 0.000000
608830.891109 2495609.494149 0.000000
608830.143585 2495604.548611 0.000000
608829.396061 2495599.603074 0.000000
608828.648536 2495594.657537 0.000000
608827.901012 2495589.712000 0.000000
608827.153488 2495584.766463 0.000000
608826.405963 2495579.820926 0.000000
608825.658439 2495574.875389 0.000000
608824.910914 2495569.929852 0.000000
608824.163390 2495564.984315 0.000000
608823.415866 2495560.038777 0.000000
608822.668341 2495555.093240 0.000000
608821.920817 2495550.147703 0.000000
608821.173292 2495545.202166 0.000000
608820.425768 2495540.256629 0.000000
608819.678244 2495535.311092 0.000000
608818.930719 2495530.365555 0.000000
608818.183195 2495525.420018 0.000000
608817.435670 2495520.474481 0.000000
608816.688146 2495515.528944 0.000000
608815.940622 2495510.583406 0.000000
608815.193097 2495505.637869 0.000000
608814.445573 2495500.692332 0.000000
608813.698048 2495495.746795 0.000000
608812.950524 2495490.801258 0.000000
608812.203000 2495485.855721 0.000000
608811.455475 2495480.910184 0.000000
608810.707951 2495475.964647 0.000000
608809.960427 2495471.019110 0.000000
608809.212902 2495466.073573 0.000000
608808.465378 2495461.128035 0.000000
608807.717853 2495456.182498 0.000000
608806.970329 2495451.236961 0.000000
608806.222805 2495446.291424 0.000000
608805.475280 2495441.345887 0.000000
608804.727756 2495436.400350 0.000000
608803.980231 2495431.454813 0.000000
608803.232707 2495426.509276 0.000000
608802.485183 2495421.563739 0.000000
608801.737658 2495416.618202 0.000000
608800.990134 2495411.672664 0.000000
608800.242609 2495406.727127 0.000000
608799.495085 2495401.781590 0.000000
608798.747561 2495396.836053 0.000000
608798.000036 2495391.890516 0.000000
608797.252512 2495386.944979 0.000000
608796.504987 2495381.999442 0.000000
608795.757463 2495377.053905 0.000000
608795.009939 2495372.108368 0.000000
608794.262414 2495367.162830 0.000000
608793.514890 2495362.217293 0.000000
608792.767365 2495357.271756 0.000000
608792.019841 2495352.326219 0.000000
608791.272317 2495347.380682 0.000000
608790.524792 2495342.435145 0.000000
608789.777268 2495337.489608 0.000000
608789.029744 2495332.544071 0.000000
608788.282219 2495327.598534 0.000000
608787.534695 2495322.652997 0.000000
608786.787170 2495317.707459 0.000000
608786.039646 2495312.761922 0.000000
608785.292122 2495307.816385 0.000000
608784.544597 2495302.870848 0.000000
608783.797073 2495297.925311 0.000000
608783.049548 2495292.979774 0.000000
608782.302024 2495288.034237 0.000000
608781.554500 2495283.088700 0.000000
608780.806975 2495278.143163 0.000000
608780.059451 2495273.197626 0.000000
608779.311926 2495268.252088 0.000000
608778.564402 2495263.306551 0.000000
608777.816878 2495258.361014 0.000000
608777.069353 2495253.415477 0.000000
608776.321829 2495248.469940 0.000000
608775.574304 2495243.524403 0.000000
608774.826780 2495238.578866 0.000000
608774.079256 2495233.633329 0.000000
608773.331731 2495228.687792 0.000000
608772.584207 2495223.742254 0.000000
608771.836683 2495218.796717 0.000000
608771.089158 2495213.851180 0.000000
608770.341634 2495208.905643 0.000000
608769.594109 2495203.960106 0.000000
608768.846585 2495199.014569 0.000000
608768.099061 2495194.069032 0.000000
608767.351536 2495189.123495 0.000000
608766.604012 2495184.177958 0.000000
608765.856487 2495179.232421 0.000000
608765.108963 2495174.286883 0.000000
608764.361439 2495169.341346 0.000000
608763.613914 2495164.395809 0.000000
608762.866390 2495159.450272 0.000000
608762.118865 2495154.504735 0.000000
608761.371341 2495149.559198 0.000000
608760.623817 2495144.613661 0.000000
608759.876292 2495139.668124 0.000000
608759.128768 2495134.722587 0.000000
608758.381243 2495129.777050 0.000000
608757.633719 2495124.831512 0.000000
608756.886195 2495119.885975 0.000000
608756.138670 2495114.940438 0.000000
608755.391146 2495109.994901 0.000000
608754.643622 2495105.049364 0.000000
608753.896097 2495100.103827 0.000000
608753.148573 2495095.158290 0.000000
608752.401048 2495090.212753 0.000000
608751.653524 2495085.267216 0.000000
608750.906000 2495080.321678 0.000000
608750.158475 2495075.376141 0.000000
608749.410951 2495070.430604 0.000000
608748.663426 2495065.485067 0.000000
608747.915902 2495060.539530 0.000000
608747.168378 2495055.593993 0.000000
608746.420853 2495050.648456 0.000000
608745.673329 2495045.702919 0.000000
608744.925804 2495040.757382 0.000000
608744.178280 2495035.811845 0.000000
608743.430756 2495030.866307 0.000000
608742.683231 2495025.920770 0.000000
608741.935707 2495020.975233 0.000000
608741.188182 2495016.029696 0.000000
608740.440658 2495011.084159 0.000000
608739.693134 2495006.138622 0.000000
608738.945609 2495001.193085 0.000000
608738.198085 2494996.247548 0.000000
608737.450561 2494991.302011 0.000000
608736.703036 2494986.356474 0.000000
608735.955512 2494981.410936 0.000000
608735.207987 2494976.465399 0.000000
608734.460463 2494971.519862 0.000000
608733.712939 2494966.574325 0.000000
608732.965414 2494961.628788 0.000000
608732.217890 2494956.683251 0.000000
608731.470365 2494951.737714 0.000000
608730.722841 2494946.792177 0.000000
608729.975317 2494941.846640 0.000000
608729.227792 2494936.901102 0.000000
608728.480268 2494931.955565 0.000000
608727.732743 2494927.010028 0.000000
608726.985219 2494922.064491 0.000000
608726.237695 2494917.118954 0.000000
608725.490170 2494912.173417 0.000000
608724.742646 2494907.227880 0.000000
608723.995121 2494902.282343 0.000000
608723.247597 2494897.336806 0.000000
608722.500073 2494892.391269 0.000000
608721.752548 2494887.445731 0.000000
608721.005024 2494882.500194 0.000000
608720.257500 2494877.554657 0.000000
608719.509975 2494872.609120 0.000000
608718.762451 2494867.663583 0.000000
608718.014926 2494862.718046 0.000000
608717.162295 2494857.781211 0.000000
608716.309664 2494852.844377 0.000000
608715.457033 2494847.907542 0.000000
608714.604402 2494842.970707 0.000000
608713.751771 2494838.033873 0.000000
608712.899140 2494833.097038 0.000000
608712.046509 2494828.160203 0.000000
608711.193878 2494823.223369 0.000000
608710.341247 2494818.286534 0.000000
608709.488616 2494813.349699 0.000000
608708.635985 2494808.412865 0.000000
608707.783354 2494803.476030 0.000000
608706.930723 2494798.539196 0.000000
608706.078091 2494793.602361 0.000000
608705.225460 2494788.665526 0.000000
608704.372829 2494783.728692 0.000000
608703.520198 2494778.791857 0.000000
608702.667567 2494773.855022 0.000000
608701.814936 2494768.918188 0.000000
608700.962305 2494763.981353 0.000000
608700.109674 2494759.044518 0.000000
608699.257043 2494754.107684 0.000000
608698.404412 2494749.170849 0.000000
608697.551781 2494744.234014 0.000000
608696.699150 2494739.297180 0.000000
608695.846519 2494734.360345 0.000000
608694.993888 2494729.423511 0.000000
608694.141257 2494724.486676 0.000000
608693.288626 2494719.549841 0.000000
608692.435995 2494714.613007 0.000000
608691.583363 2494709.676172 0.000000
608690.730732 2494704.739337 0.000000
608689.878101 2494699.802503 0.000000
608689.025470 2494694.865668 0.000000
608688.172839 2494689.928833 0.000000
608687.320208 2494684.991999 0.000000
608686.467577 2494680.055164 0.000000
608685.614946 2494675.118329 0.000000
608684.762315 2494670.181495 0.000000
608683.909684 2494665.244660 0.000000
608683.057053 2494660.307825 0.000000
608682.204422 2494655.370991 0.000000
608681.351791 2494650.434156 0.000000
608680.499160 2494645.497322 0.000000
608679.646529 2494640.560487 0.000000
608678.793898 2494635.623652 0.000000
608677.941266 2494630.686818 0.000000
608677.088635 2494625.749983 0.000000
608676.236004 2494620.813148 0.000000
608675.383373 2494615.876314 0.000000
608674.530742 2494610.939479 0.000000
608673.678111 2494606.002644 0.000000
608672.825480 2494601.065810 0.000000
608671.972849 2494596.128975 0.000000
608671.120218 2494591.192140 0.000000
608670.267587 2494586.255306 0.000000
608669.414956 2494581.318471 0.000000
608668.562325 2494576.381636 0.000000
608667.709694 2494571.444802 0.000000
608666.857063 2494566.507967 0.000000
608666.004432 2494561.571133 0.000000
608665.151801 2494556.634298 0.000000
608664.299170 2494551.697463 0.000000
608663.446538 2494546.760629 0.000000
608662.593907 2494541.823794 0.000000
608661.741276 2494536.886959 0.000000
608660.888645 2494531.950125 0.000000
608660.036014 2494527.013290 0.000000
608659.183383 2494522.076455 0.000000
608658.330752 2494517.139621 0.000000
608657.478121 2494512.202786 0.000000
608656.625490 2494507.265951 0.000000
608655.772859 2494502.329117 0.000000
608654.920228 2494497.392282 0.000000
608654.067597 2494492.455447 0.000000
608653.214966 2494487.518613 0.000000
608652.362335 2494482.581778 0.000000
608651.509704 2494477.644944 0.000000
608650.657073 2494472.708109 0.000000
608649.804441 2494467.771274 0.000000
608648.951810 2494462.834440 0.000000
608648.099179 2494457.897605 0.000000
608647.246548 2494452.960770 0.000000
608646.393917 2494448.023936 0.000000
608645.541286 2494443.087101 0.000000
608644.688655 2494438.150266 0.000000
608643.836024 2494433.213432 0.000000
608642.983393 2494428.276597 0.000000
608642.130762 2494423.339762 0.000000
608641.278131 2494418.402928 0.000000
608640.425500 2494413.466093 0.000000
608639.572869 2494408.529259 0.000000
608638.720238 2494403.592424 0.000000
608637.867607 2494398.655589 0.000000
608637.014976 2494393.718755 0.000000
608636.264976 2494388.752095 0.000000
608635.514976 2494383.785436 0.000000
608634.764977 2494378.818777 0.000000
608634.014977 2494373.852118 0.000000
608633.264977 2494368.885459 0.000000
608632.514978 2494363.918800 0.000000
608631.764978 2494358.952140 0.000000
608631.014978 2494353.985481 0.000000
608630.264979 2494349.018822 0.000000
608629.514979 2494344.052163 0.000000
608628.764980 2494339.085504 0.000000
608628.014980 2494334.118844 0.000000
608627.264980 2494329.152185 0.000000
608626.514981 2494324.185526 0.000000
608625.764981 2494319.218867 0.000000
608625.014981 2494314.252208 0.000000
608624.264982 2494309.285549 0.000000
608623.514982 2494304.318889 0.000000
608622.764982 2494299.352230 0.000000
608622.014983 2494294.385571 0.000000
608621.264983 2494289.418912 0.000000
608620.514984 2494284.452253 0.000000
608619.764984 2494279.485594 0.000000
608619.014984 2494274.518934 0.000000
608618.264985 2494269.552275 0.000000
608617.514985 2494264.585616 0.000000
608616.764985 2494259.618957 0.000000
608616.014986 2494254.652298 0.000000
608615.264986 2494249.685639 0.000000
608614.514986 2494244.718979 0.000000
608613.764987 2494239.752320 0.000000
608613.014987 2494234.785661 0.000000
608612.264988 2494229.819002 0.000000
608611.514988 2494224.852343 0.000000
608610.764988 2494219.885683 0.000000
608610.014989 2494214.919024 0.000000
608609.264989 2494209.952365 0.000000
608608.514989 2494204.985706 0.000000
608607.764990 2494200.019047 0.000000
608607.014990 2494195.052388 0.000000
608606.264990 2494190.085728 0.000000
608605.514991 2494185.119069 0.000000
608604.764991 2494180.152410 0.000000
608604.014992 2494175.185751 0.000000
608603.264992 2494170.219092 0.000000
608602.514992 2494165.252433 0.000000
608601.764993 2494160.285773 0.000000
608601.014993 2494155.319114 0.000000
608600.264993 2494150.352455 0.000000
608599.514994 2494145.385796 0.000000
608598.764994 2494140.419137 0.000000
608598.014994 2494135.452477 0.000000
608597.264995 2494130.485818 0.000000
608596.514995 2494125.519159 0.000000
608595.764996 2494120.552500 0.000000
608595.014996 2494115.585841 0.000000
608594.264996 2494110.619182 0.000000
608593.514997 2494105.652522 0.000000
608592.764997 2494100.685863 0.000000
608592.014997 2494095.719204 0.000000
608591.264998 2494090.752545 0.000000
608590.514998 2494085.785886 0.000000
608589.764998 2494080.819227 0.000000
608589.014999 2494075.852567 0.000000
608588.264999 2494070.885908 0.000000
608587.515000 2494065.919249 0.000000
608586.765000 2494060.952590 0.000000
608586.015000 2494055.985931 0.000000
608585.265001 2494051.019272 0.000000
608584.515001 2494046.052612 0.000000
608583.765001 2494041.085953 0.000000
608583.015002 2494036.119294 0.000000
608582.265002 2494031.152635 0.000000
608581.515002 2494026.185976 0.000000
608580.765003 2494021.219316 0.000000
608580.015003 2494016.252657 0.000000
608579.265004 2494011.285998 0.000000
608578.515004 2494006.319339 0.000000
608577.765004 2494001.352680 0.000000
608577.015005 2493996.386021 0.000000
608576.265005 2493991.419361 0.000000
608575.515005 2493986.452702 0.000000
608574.765006 2493981.486043 0.000000
608574.015006 2493976.519384 0.000000
608573.265006 2493971.552725 0.000000
608572.515007 2493966.586066 0.000000
608571.765007 2493961.619406 0.000000
608571.015008 2493956.652747 0.000000
608570.265008 2493951.686088 0.000000
608569.515008 2493946.719429 0.000000
608568.765009 2493941.752770 0.000000
608568.015009 2493936.786110 0.000000
608567.265009 2493931.819451 0.000000
608566.515010 2493926.852792 0.000000
608565.765010 2493921.886133 0.000000
608565.015010 2493916.919474 0.000000
608564.265011 2493911.952815 0.000000
608563.515011 2493906.986155 0.000000
608562.765012 2493902.019496 0.000000
608562.015012 2493897.052837 0.000000
608561.265012 2493892.086178 0.000000
608560.515013 2493887.119519 0.000000
608559.765013 2493882.152860 0.000000
608559.015013 2493877.186200 0.000000
608558.265014 2493872.219541 0.000000
608557.515014 2493867.252882 0.000000
608556.765014 2493862.286223 0.000000
608556.015015 2493857.319564 0.000000
608555.265015 2493852.352905 0.000000
608554.515016 2493847.386245 0.000000
608553.765016 2493842.419586 0.000000
608553.015016 2493837.452927 0.000000
608552.265017 2493832.486268 0.000000
608551.515017 2493827.519609 0.000000
608550.765017 2493822.552949 0.000000
608550.015018 2493817.586290 0.000000
608549.265018 2493812.619631 0.000000
608548.515018 2493807.652972 0.000000
608547.765019 2493802.686313 0.000000
608547.015019 2493797.719654 0.000000
608546.400494 2493792.747594 0.000000
608545.785969 2493787.775534 0.000000
608545.171444 2493782.803475 0.000000
608544.556919 2493777.831415 0.000000
608543.942394 2493772.859356 0.000000
608543.327869 2493767.887296 0.000000
608542.713344 2493762.915237 0.000000
608542.098819 2493757.943177 0.000000
608541.484294 2493752.971118 0.000000
608540.869769 2493747.999058 0.000000
608540.255244 2493743.026998 0.000000
608539.640719 2493738.054939 0.000000
608539.026194 2493733.082879 0.000000
608538.411670 2493728.110820 0.000000
608537.797145 2493723.138760 0.000000
608537.182620 2493718.166701 0.000000
608536.568095 2493713.194641 0.000000
608535.953570 2493708.222582 0.000000
608535.339045 2493703.250522 0.000000
608534.724520 2493698.278463 0.000000
608534.109995 2493693.306403 0.000000
608533.495470 2493688.334343 0.000000
608532.880945 2493683.362284 0.000000
608532.266420 2493678.390224 0.000000
608531.651895 2493673.418165 0.000000
608531.037370 2493668.446105 0.000000
608530.422845 2493663.474046 0.000000
608529.808320 2493658.501986 0.000000
608529.193795 2493653.529927 0.000000
608528.579270 2493648.557867 0.000000
608527.964745 2493643.585807 0.000000
608527.350220 2493638.613748 0.000000
608526.735695 2493633.641688 0.000000
608526.121170 2493628.669629 0.000000
608525.506645 2493623.697569 0.000000
608524.892120 2493618.725510 0.000000
608524.277595 2493613.753450 0.000000
608523.663070 2493608.781391 0.000000
608523.048545 2493603.809331 0.000000
608522.434020 2493598.837271 0.000000
608521.819495 2493593.865212 0.000000
608521.204970 2493588.893152 0.000000
608520.590445 2493583.921093 0.000000
608519.975920 2493578.949033 0.000000
608519.361395 2493573.976974 0.000000
608518.746870 2493569.004914 0.000000
608518.132345 2493564.032855 0.000000
608517.517820 2493559.060795 0.000000
608516.903295 2493554.088735 0.000000
608516.288770 2493549.116676 0.000000
608515.674245 2493544.144616 0.000000
608515.059720 2493539.172557 0.000000
608514.445195 2493534.200497 0.000000
608513.830670 2493529.228438 0.000000
608513.216145 2493524.256378 0.000000
608512.601621 2493519.284319 0.000000
608511.987096 2493514.312259 0.000000
608511.372571 2493509.340199 0.000000
608510.758046 2493504.368140 0.000000
608510.143521 2493499.396080 0.000000
608509.528996 2493494.424021 0.000000
608508.914471 2493489.451961 0.000000
608508.299946 2493484.479902 0.000000
608507.685421 2493479.507842 0.000000
608507.070896 2493474.535783 0.000000
608506.456371 2493469.563723 0.000000
608505.841846 2493464.591663 0.000000
608505.227321 2493459.619604 0.000000
608504.612796 2493454.647544 0.000000
608503.998271 2493449.675485 0.000000
608503.383746 2493444.703425 0.000000
608502.769221 2493439.731366 0.000000
608502.154696 2493434.759306 0.000000
608501.540171 2493429.787247 0.000000
608500.925646 2493424.815187 0.000000
608500.311121 2493419.843127 0.000000
608499.696596 2493414.871068 0.000000
608499.082071 2493409.899008 0.000000
608498.467546 2493404.926949 0.000000
608497.853021 2493399.954889 0.000000
608497.238496 2493394.982830 0.000000
608496.623971 2493390.010770 0.000000
608496.009446 2493385.038711 0.000000
608495.394921 2493380.066651 0.000000
608494.780396 2493375.094591 0.000000
608494.165871 2493370.122532 0.000000
608493.551346 2493365.150472 0.000000
608492.936821 2493360.178413 0.000000
608492.322296 2493355.206353 0.000000
608491.707771 2493350.234294 0.000000
608491.093246 2493345.262234 0.000000
608490.478721 2493340.290175 0.000000
608489.864196 2493335.318115 0.000000
608489.249671 2493330.346055 0.000000
608488.635146 2493325.373996 0.000000
608488.020621 2493320.401936 0.000000
608487.406096 2493315.429877 0.000000
608486.791571 2493310.457817 0.000000
608486.177047 2493305.485758 0.000000
608485.562522 2493300.513698 0.000000
608484.947997 2493295.541639 0.000000
608484.333472 2493290.569579 0.000000
608483.718947 2493285.597519 0.000000
608483.104422 2493280.625460 0.000000
608482.489897 2493275.653400 0.000000
608481.875372 2493270.681341 0.000000
608481.260847 2493265.709281 0.000000
608480.646322 2493260.737222 0.000000
608480.031797 2493255.765162 0.000000
608479.417272 2493250.793103 0.000000
608478.802747 2493245.821043 0.000000
608478.188222 2493240.848983 0.000000
608477.573697 2493235.876924 0.000000
608476.959172 2493230.904864 0.000000
608476.344647 2493225.932805 0.000000
608475.730122 2493220.960745 0.000000
608475.115597 2493215.988686 0.000000
608474.501072 2493211.016626 0.000000
608473.886547 2493206.044567 0.000000
608473.272022 2493201.072507 0.000000
608472.657497 2493196.100448 0.000000
608472.042972 2493191.128388 0.000000
608471.428447 2493186.156328 0.000000
608470.813922 2493181.184269 0.000000
608470.199397 2493176.212209 0.000000
608469.584872 2493171.240150 0.000000
608468.970347 2493166.268090 0.000000
608468.355822 2493161.296031 0.000000
608467.741297 2493156.323971 0.000000
608467.126772 2493151.351912 0.000000
608466.512247 2493146.379852 0.000000
608465.897722 2493141.407792 0.000000
608465.283197 2493136.435733 0.000000
608464.668672 2493131.463673 0.000000
608464.054147 2493126.491614 0.000000
608463.439622 2493121.519554 0.000000
608462.825097 2493116.547495 0.000000
608462.210572 2493111.575435 0.000000
608461.596047 2493106.603376 0.000000
608460.981522 2493101.631316 0.000000
608460.366998 2493096.659256 0.000000
608459.752473 2493091.687197 0.000000
608459.137948 2493086.715137 0.000000
608458.523423 2493081.743078 0.000000
608457.908898 2493076.771018 0.000000
608457.294373 2493071.798959 0.000000
608456.679848 2493066.826899 0.000000
608456.065323 2493061.854840 0.000000
608455.450798 2493056.882780 0.000000
608454.836273 2493051.910720 0.000000
608454.221748 2493046.938661 0.000000
608453.607223 2493041.966601 0.000000
608452.992698 2493036.994542 0.000000
608452.378173 2493032.022482 0.000000
608451.763648 2493027.050423 0.000000
608451.149123 2493022.078363 0.000000
608450.534598 2493017.106304 0.000000
608449.920073 2493012.134244 0.000000
608449.305548 2493007.162184 0.000000
608448.691023 2493002.190125 0.000000
608448.076498 2492997.218065 0.000000
608447.461973 2492992.246006 0.000000
608446.847448 2492987.273946 0.000000
608446.232923 2492982.301887 0.000000
608445.618398 2492977.329827 0.000000
608445.003873 2492972.357768 0.000000
608444.389348 2492967.385708 0.000000
608443.774823 2492962.413648 0.000000
608443.160298 2492957.441589 0.000000
608442.545773 2492952.469529 0.000000
608441.931248 2492947.497470 0.000000
608441.316723 2492942.525410 0.000000
608440.702198 2492937.553351 0.000000
608440.087673 2492932.581291 0.000000
608439.473148 2492927.609232 0.000000
608438.858623 2492922.637172 0.000000
608438.244098 2492917.665112 0.000000
608437.629573 2492912.693053 0.000000
608437.015048 2492907.720993 0.000000
608436.365834 2492902.762886 0.000000
608435.716620 2492897.804778 0.000000
608435.067405 2492892.846670 0.000000
608434.418191 2492887.888563 0.000000
608433.768976 2492882.930455 0.000000
608433.119762 2492877.972347 0.000000
608432.470547 2492873.014239 0.000000
608431.821333 2492868.056132 0.000000
608431.172118 2492863.098024 0.000000
608430.522904 2492858.139916 0.000000
608429.873690 2492853.181809 0.000000
608429.224475 2492848.223701 0.000000
608428.575261 2492843.265593 0.000000
608427.926046 2492838.307485 0.000000
608427.276832 2492833.349378 0.000000
608426.627617 2492828.391270 0.000000
608425.978403 2492823.433162 0.000000
608425.329188 2492818.475055 0.000000
608424.679974 2492813.516947 0.000000
608424.030760 2492808.558839 0.000000
608423.381545 2492803.600731 0.000000
608422.732331 2492798.642624 0.000000
608422.083116 2492793.684516 0.000000
608421.433902 2492788.726408 0.000000
608420.784687 2492783.768301 0.000000
608420.135473 2492778.810193 0.000000
608419.486258 2492773.852085 0.000000
608418.837044 2492768.893978 0.000000
608418.187830 2492763.935870 0.000000
608417.538615 2492758.977762 0.000000
608416.889401 2492754.019654 0.000000
608416.240186 2492749.061547 0.000000
608415.590972 2492744.103439 0.000000
608414.941757 2492739.145331 0.000000
608414.292543 2492734.187224 0.000000
608413.643329 2492729.229116 0.000000
608412.994114 2492724.271008 0.000000
608412.344900 2492719.312900 0.000000
608411.695685 2492714.354793 0.000000
608411.046471 2492709.396685 0.000000
608410.397256 2492704.438577 0.000000
608409.748042 2492699.480470 0.000000
608409.098827 2492694.522362 0.000000
608408.449613 2492689.564254 0.000000
608407.800399 2492684.606147 0.000000
608407.151184 2492679.648039 0.000000
608406.501970 2492674.689931 0.000000
608405.852755 2492669.731823 0.000000
608405.203541 2492664.773716 0.000000
608404.554326 2492659.815608 0.000000
608403.905112 2492654.857500 0.000000
608403.255897 2492649.899393 0.000000
608402.606683 2492644.941285 0.000000
608401.957469 2492639.983177 0.000000
608401.308254 2492635.025069 0.000000
608400.659040 2492630.066962 0.000000
608400.009825 2492625.108854 0.000000
608399.360611 2492620.150746 0.000000
608398.711396 2492615.192639 0.000000
608398.062182 2492610.234531 0.000000
608397.412967 2492605.276423 0.000000
608396.763753 2492600.318315 0.000000
608396.114539 2492595.360208 0.000000
608395.465324 2492590.402100 0.000000
608394.816110 2492585.443992 0.000000
608394.166895 2492580.485885 0.000000
608393.517681 2492575.527777 0.000000
608392.868466 2492570.569669 0.000000
608392.219252 2492565.611562 0.000000
608391.570037 2492560.653454 0.000000
608390.920823 2492555.695346 0.000000
608390.271609 2492550.737238 0.000000
608389.622394 2492545.779131 0.000000
608388.973180 2492540.821023 0.000000
608388.323965 2492535.862915 0.000000
608387.674751 2492530.904808 0.000000
608387.025536 2492525.946700 0.000000
608386.376322 2492520.988592 0.000000
608385.727108 2492516.030484 0.000000
608385.077893 2492511.072377 0.000000
608384.428679 2492506.114269 0.000000
608383.779464 2492501.156161 0.000000
608383.130250 2492496.198054 0.000000
608382.481035 2492491.239946 0.000000
608381.831821 2492486.281838 0.000000
608381.182606 2492481.323730 0.000000
608380.533392 2492476.365623 0.000000
608379.884178 2492471.407515 0.000000
608379.234963 2492466.449407 0.000000
608378.585749 2492461.491300 0.000000
608377.936534 2492456.533192 0.000000
608377.287320 2492451.575084 0.000000
608376.638105 2492446.616977 0.000000
608375.988891 2492441.658869 0.000000
608375.339676 2492436.700761 0.000000
608374.690462 2492431.742653 0.000000
608374.041248 2492426.784546 0.000000
608373.392033 2492421.826438 0.000000
608372.742819 2492416.868330 0.000000
608372.093604 2492411.910223 0.000000
608371.444390 2492406.952115 0.000000
608370.795175 2492401.994007 0.000000
608370.145961 2492397.035899 0.000000
608369.496746 2492392.077792 0.000000
608368.847532 2492387.119684 0.000000
608368.198318 2492382.161576 0.000000
608367.549103 2492377.203469 0.000000
608366.899889 2492372.245361 0.000000
608366.250674 2492367.287253 0.000000
608365.601460 2492362.329146 0.000000
608364.952245 2492357.371038 0.000000
608364.303031 2492352.412930 0.000000
608363.653816 2492347.454822 0.000000
608363.004602 2492342.496715 0.000000
608362.355388 2492337.538607 0.000000
608361.706173 2492332.580499 0.000000
608361.056959 2492327.622392 0.000000
608360.407744 2492322.664284 0.000000
608359.758530 2492317.706176 0.000000
608359.109315 2492312.748068 0.000000
608358.460101 2492307.789961 0.000000
608357.810886 2492302.831853 0.000000
608357.161672 2492297.873745 0.000000
608356.512458 2492292.915638 0.000000
608355.863243 2492287.957530 0.000000
608355.214029 2492282.999422 0.000000
608354.564814 2492278.041314 0.000000
608353.915600 2492273.083207 0.000000
608353.266385 2492268.125099 0.000000
608352.617171 2492263.166991 0.000000
608351.967957 2492258.208884 0.000000
608351.318742 2492253.250776 0.000000
608350.669528 2492248.292668 0.000000
608350.020313 2492243.334561 0.000000
608349.371099 2492238.376453 0.000000
608348.721884 2492233.418345 0.000000
608348.072670 2492228.460237 0.000000
608347.423455 2492223.502130 0.000000
608346.774241 2492218.544022 0.000000
608346.125027 2492213.585914 0.000000
608345.475812 2492208.627807 0.000000
608344.826598 2492203.669699 0.000000
608344.177383 2492198.711591 0.000000
608343.528169 2492193.753483 0.000000
608342.878954 2492188.795376 0.000000
608342.229740 2492183.837268 0.000000
608341.580525 2492178.879160 0.000000
608340.931311 2492173.921053 0.000000
608340.282097 2492168.962945 0.000000
608339.632882 2492164.004837 0.000000
608338.983668 2492159.046729 0.000000
608338.334453 2492154.088622 0.000000
608337.685239 2492149.130514 0.000000
608337.036024 2492144.172406 0.000000
608336.386810 2492139.214299 0.000000
608335.737595 2492134.256191 0.000000
608335.088381 2492129.298083 0.000000
608334.439167 2492124.339976 0.000000
608333.789952 2492119.381868 0.000000
608333.140738 2492114.423760 0.000000
608332.491523 2492109.465652 0.000000
608331.842309 2492104.507545 0.000000
608331.193094 2492099.549437 0.000000
608330.543880 2492094.591329 0.000000
608329.894665 2492089.633222 0.000000
608329.245451 2492084.675114 0.000000
608328.596237 2492079.717006 0.000000
608327.947022 2492074.758898 0.000000
608327.297808 2492069.800791 0.000000
608326.648593 2492064.842683 0.000000
608325.999379 2492059.884575 0.000000
608325.350164 2492054.926468 0.000000
608324.700950 2492049.968360 0.000000
608324.051736 2492045.010252 0.000000
608323.402521 2492040.052144 0.000000
608322.753307 2492035.094037 0.000000
608322.104092 2492030.135929 0.000000
608321.454878 2492025.177821 0.000000
608320.805663 2492020.219714 0.000000
608320.156449 2492015.261606 0.000000
608319.507234 2492010.303498 0.000000
608318.858020 2492005.345391 0.000000
608318.208806 2492000.387283 0.000000
608317.559591 2491995.429175 0.000000
608316.910377 2491990.471067 0.000000
608316.261162 2491985.512960 0.000000
608315.611948 2491980.554852 0.000000
608314.962733 2491975.596744 0.000000
608314.313519 2491970.638637 0.000000
608313.664304 2491965.680529 0.000000
608313.015090 2491960.722421 0.000000
608312.115931 2491955.781252 0.000000
608311.216772 2491950.840083 0.000000
608310.317613 2491945.898914 0.000000
608309.418454 2491940.957745 0.000000
608308.519295 2491936.016576 0.000000
608307.620136 2491931.075407 0.000000
608306.720976 2491926.134238 0.000000
608305.821817 2491921.193069 0.000000
608304.922658 2491916.251900 0.000000
608304.023499 2491911.310731 0.000000
608303.124340 2491906.369562 0.000000
608302.225181 2491901.428393 0.000000
608301.326022 2491896.487224 0.000000
608300.426863 2491891.546055 0.000000
608299.527704 2491886.604887 0.000000
608298.628545 2491881.663718 0.000000
608297.729386 2491876.722549 0.000000
608296.830227 2491871.781380 0.000000
608295.931068 2491866.840211 0.000000
608295.031909 2491861.899042 0.000000
608294.132749 2491856.957873 0.000000
608293.233590 2491852.016704 0.000000
608292.334431 2491847.075535 0.000000
608291.435272 2491842.134366 0.000000
608290.536113 2491837.193197 0.000000
608289.636954 2491832.252028 0.000000
608288.737795 2491827.310859 0.000000
608287.838636 2491822.369690 0.000000
608286.939477 2491817.428521 0.000000
608286.040318 2491812.487352 0.000000
608285.141159 2491807.546183 0.000000
608284.242000 2491802.605014 0.000000
608283.342841 2491797.663845 0.000000
608282.443682 2491792.722676 0.000000
608281.544522 2491787.781507 0.000000
608280.645363 2491782.840338 0.000000
608279.746204 2491777.899169 0.000000
608278.847045 2491772.958000 0.000000
608277.947886 2491768.016831 0.000000
608277.048727 2491763.075662 0.000000
608276.149568 2491758.134493 0.000000
608275.250409 2491753.193324 0.000000
608274.351250 2491748.252155 0.000000
608273.452091 2491743.310986 0.000000
608272.552932 2491738.369817 0.000000
608271.653773 2491733.428648 0.000000
608270.754614 2491728.487479 0.000000
608269.855455 2491723.546310 0.000000
608268.956295 2491718.605141 0.000000
608268.057136 2491713.663972 0.000000
608267.157977 2491708.722803 0.000000
608266.258818 2491703.781634 0.000000
608265.359659 2491698.840465 0.000000
608264.460500 2491693.899296 0.000000
608263.561341 2491688.958127 0.000000
608262.662182 2491684.016958 0.000000
608261.763023 2491679.075789 0.000000
608260.863864 2491674.134620 0.000000
608259.964705 2491669.193451 0.000000
608259.065546 2491664.252283 0.000000
608258.166387 2491659.311114 0.000000
608257.267227 2491654.369945 0.000000
608256.368068 2491649.428776 0.000000
608255.468909 2491644.487607 0.000000
608254.569750 2491639.546438 0.000000
608253.670591 2491634.605269 0.000000
608252.771432 2491629.664100 0.000000
608251.872273 2491624.722931 0.000000
608250.973114 2491619.781762 0.000000
608250.073955 2491614.840593 0.000000
608249.174796 2491609.899424 0.000000
608248.275637 2491604.958255 0.000000
608247.376478 2491600.017086 0.000000
608246.477319 2491595.075917 0.000000
608245.578160 2491590.134748 0.000000
608244.679000 2491585.193579 0.000000
608243.779841 2491580.252410 0.000000
608242.880682 2491575.311241 0.000000
608241.981523 2491570.370072 0.000000
608241.082364 2491565.428903 0.000000
608240.183205 2491560.487734 0.000000
608239.284046 2491555.546565 0.000000
608238.384887 2491550.605396 0.000000
608237.485728 2491545.664227 0.000000
608236.586569 2491540.723058 0.000000
608235.687410 2491535.781889 0.000000
608234.788251 2491530.840720 0.000000
608233.889092 2491525.899551 0.000000
608232.989933 2491520.958382 0.000000
608232.090773 2491516.017213 0.000000
608231.191614 2491511.076044 0.000000
608230.292455 2491506.134875 0.000000
608229.393296 2491501.193706 0.000000
608228.494137 2491496.252537 0.000000
608227.594978 2491491.311368 0.000000
608226.695819 2491486.370199 0.000000
608225.796660 2491481.429030 0.000000
608224.897501 2491476.487861 0.000000
608223.998342 2491471.546692 0.000000
608223.099183 2491466.605523 0.000000
608222.200024 2491461.664354 0.000000
608221.300865 2491456.723185 0.000000
608220.401706 2491451.782016 0.000000
608219.502546 2491446.840848 0.000000
608218.603387 2491441.899679 0.000000
608217.704228 2491436.958510 0.000000
608216.805069 2491432.017341 0.000000
608215.905910 2491427.076172 0.000000
608215.006751 2491422.135003 0.000000
608214.107592 2491417.193834 0.000000
608213.208433 2491412.252665 0.000000
608212.309274 2491407.311496 0.000000
608211.410115 2491402.370327 0.000000
608210.510956 2491397.429158 0.000000
608209.611797 2491392.487989 0.000000
608208.712638 2491387.546820 0.000000
608207.813479 2491382.605651 0.000000
608206.914319 2491377.664482 0.000000
608206.015160 2491372.723313 0.000000
608205.196979 2491367.749294 0.000000
608204.378798 2491362.775276 0.000000
608203.560616 2491357.801258 0.000000
608202.742435 2491352.827239 0.000000
608201.924254 2491347.853221 0.000000
608201.106072 2491342.879202 0.000000
608200.287891 2491337.905184 0.000000
608199.469710 2491332.931165 0.000000
608198.651528 2491327.957147 0.000000
608197.833347 2491322.983128 0.000000
608197.015165 2491318.009110 0.000000
608196.196984 2491313.035092 0.000000
608195.378803 2491308.061073 0.000000
608194.560621 2491303.087055 0.000000
608193.742440 2491298.113036 0.000000
608192.924259 2491293.139018 0.000000
608192.106077 2491288.164999 0.000000
608191.287896 2491283.190981 0.000000
608190.469715 2491278.216962 0.000000
608189.651533 2491273.242944 0.000000
608188.833352 2491268.268926 0.000000
608188.015171 2491263.294907 0.000000
608187.196989 2491258.320889 0.000000
608186.378808 2491253.346870 0.000000
608185.560627 2491248.372852 0.000000
608184.742445 2491243.398833 0.000000
608183.924264 2491238.424815 0.000000
608183.106083 2491233.450796 0.000000
608182.287901 2491228.476778 0.000000
608181.469720 2491223.502760 0.000000
608180.651538 2491218.528741 0.000000
608179.833357 2491213.554723 0.000000
608179.015176 2491208.580704 0.000000
608178.196994 2491203.606686 0.000000
608177.378813 2491198.632667 0.000000
608176.560632 2491193.658649 0.000000
608175.742450 2491188.684631 0.000000
608174.924269 2491183.710612 0.000000
608174.106088 2491178.736594 0.000000
608173.287906 2491173.762575 0.000000
608172.469725 2491168.788557 0.000000
608171.651544 2491163.814538 0.000000
608170.833362 2491158.840520 0.000000
608170.015181 2491153.866501 0.000000
608169.197000 2491148.892483 0.000000
608168.378818 2491143.918465 0.000000
608167.560637 2491138.944446 0.000000
608166.742456 2491133.970428 0.000000
608165.924274 2491128.996409 0.000000
608165.106093 2491124.022391 0.000000
608164.287911 2491119.048372 0.000000
608163.469730 2491114.074354 0.000000
608162.651549 2491109.100335 0.000000
608161.833367 2491104.126317 0.000000
608161.015186 2491099.152299 0.000000
608160.197005 2491094.178280 0.000000
608159.378823 2491089.204262 0.000000
608158.560642 2491084.230243 0.000000
608157.742461 2491079.256225 0.000000
608156.924279 2491074.282206 0.000000
608156.106098 2491069.308188 0.000000
608155.287917 2491064.334170 0.000000
608154.469735 2491059.360151 0.000000
608153.651554 2491054.386133 0.000000
608152.833373 2491049.412114 0.000000
608152.015191 2491044.438096 0.000000
608151.197010 2491039.464077 0.000000
608150.378828 2491034.490059 0.000000
608149.560647 2491029.516040 0.000000
608148.742466 2491024.542022 0.000000
608147.924284 2491019.568004 0.000000
608147.106103 2491014.593985 0.000000
608146.287922 2491009.619967 0.000000
608145.469740 2491004.645948 0.000000
608144.651559 2490999.671930 0.000000
608143.833378 2490994.697911 0.000000
608143.015196 2490989.723893 0.000000
608142.538357 2490984.748424 0.000000
608142.061518 2490979.772954 0.000000
608141.584679 2490974.797485 0.000000
608141.107839 2490969.822016 0.000000
608140.631000 2490964.846546 0.000000
608140.154161 2490959.871077 0.000000
608139.677321 2490954.895608 0.000000
608139.200482 2490949.920138 0.000000
608138.723643 2490944.944669 0.000000
608138.246804 2490939.969199 0.000000
608137.769964 2490934.993730 0.000000
608137.293125 2490930.018261 0.000000
608136.816286 2490925.042791 0.000000
608136.339447 2490920.067322 0.000000
608135.862607 2490915.091853 0.000000
608135.385768 2490910.116383 0.000000
608134.908929 2490905.140914 0.000000
608134.432089 2490900.165445 0.000000
608133.955250 2490895.189975 0.000000
608133.478411 2490890.214506 0.000000
608133.001572 2490885.239037 0.000000
608132.524732 2490880.263567 0.000000
608132.047893 2490875.288098 0.000000
608131.571054 2490870.312629 0.000000
608131.094214 2490865.337159 0.000000
608130.617375 2490860.361690 0.000000
608130.140536 2490855.386221 0.000000
608129.663697 2490850.410751 0.000000
608129.186857 2490845.435282 0.000000
608128.710018 2490840.459813 0.000000
608128.233179 2490835.484343 0.000000
608127.756340 2490830.508874 0.000000
608127.279500 2490825.533405 0.000000
608126.802661 2490820.557935 0.000000
608126.325822 2490815.582466 0.000000
608125.848982 2490810.606997 0.000000
608125.372143 2490805.631527 0.000000
608124.895304 2490800.656058 0.000000
608124.418465 2490795.680589 0.000000
608123.941625 2490790.705119 0.000000
608123.464786 2490785.729650 0.000000
608122.987947 2490780.754181 0.000000
608122.511108 2490775.778711 0.000000
608122.034268 2490770.803242 0.000000
608121.557429 2490765.827773 0.000000
608121.080590 2490760.852303 0.000000
608120.603750 2490755.876834 0.000000
608120.126911 2490750.901365 0.000000
608119.650072 2490745.925895 0.000000
608119.173233 2490740.950426 0.000000
608118.696393 2490735.974957 0.000000
608118.219554 2490730.999487 0.000000
608117.742715 2490726.024018 0.000000
608117.265876 2490721.048548 0.000000
608116.789036 2490716.073079 0.000000
608116.312197 2490711.097610 0.000000
608115.835358 2490706.122140 0.000000
608115.358518 2490701.146671 0.000000
608114.881679 2490696.171202 0.000000
608114.404840 2490691.195732 0.000000
608113.928001 2490686.220263 0.000000
608113.451161 2490681.244794 0.000000
608112.974322 2490676.269324 0.000000
608112.497483 2490671.293855 0.000000
608112.020644 2490666.318386 0.000000
608111.543804 2490661.342916 0.000000
608111.066965 2490656.367447 0.000000
608110.590126 2490651.391978 0.000000
608110.113286 2490646.416508 0.000000
608109.636447 2490641.441039 0.000000
608109.159608 2490636.465570 0.000000
608108.682769 2490631.490100 0.000000
608108.205929 2490626.514631 0.000000
608107.729090 2490621.539162 0.000000
608107.252251 2490616.563692 0.000000
608106.775412 2490611.588223 0.000000
608106.298572 2490606.612754 0.000000
608105.821733 2490601.637284 0.000000
608105.344894 2490596.661815 0.000000
608104.868054 2490591.686346 0.000000
608104.391215 2490586.710876 0.000000
608103.914376 2490581.735407 0.000000
608103.437537 2490576.759938 0.000000
608102.960697 2490571.784468 0.000000
608102.483858 2490566.808999 0.000000
608102.007019 2490561.833530 0.000000
608101.530180 2490556.858060 0.000000
608101.053340 2490551.882591 0.000000
608100.576501 2490546.907122 0.000000
608100.099662 2490541.931652 0.000000
608099.622822 2490536.956183 0.000000
608099.145983 2490531.980714 0.000000
608098.669144 2490527.005244 0.000000
608098.192305 2490522.029775 0.000000
608097.715465 2490517.054306 0.000000
608097.238626 2490512.078836 0.000000
608096.761787 2490507.103367 0.000000
608096.284947 2490502.127897 0.000000
608095.808108 2490497.152428 0.000000
608095.331269 2490492.176959 0.000000
608094.854430 2490487.201489 0.000000
608094.377590 2490482.226020 0.000000
608093.900751 2490477.250551 0.000000
608093.423912 2490472.275081 0.000000
608092.947073 2490467.299612 0.000000
608092.470233 2490462.324143 0.000000
608091.993394 2490457.348673 0.000000
608091.516555 2490452.373204 0.000000
608091.039715 2490447.397735 0.000000
608090.562876 2490442.422265 0.000000
608090.086037 2490437.446796 0.000000
608089.609198 2490432.471327 0.000000
608089.132358 2490427.495857 0.000000
608088.655519 2490422.520388 0.000000
608088.178680 2490417.544919 0.000000
608087.701841 2490412.569449 0.000000
608087.225001 2490407.593980 0.000000
608086.748162 2490402.618511 0.000000
608086.271323 2490397.643041 0.000000
608085.794483 2490392.667572 0.000000
608085.317644 2490387.692103 0.000000
608084.840805 2490382.716633 0.000000
608084.363966 2490377.741164 0.000000
608083.887126 2490372.765695 0.000000
608083.410287 2490367.790225 0.000000
608082.933448 2490362.814756 0.000000
608082.456609 2490357.839287 0.000000
608081.979769 2490352.863817 0.000000
608081.502930 2490347.888348 0.000000
608081.026091 2490342.912879 0.000000
608080.549251 2490337.937409 0.000000
608080.072412 2490332.961940 0.000000
608079.595573 2490327.986471 0.000000
608079.118734 2490323.011001 0.000000
608078.641894 2490318.035532 0.000000
608078.165055 2490313.060063 0.000000
608077.688216 2490308.084593 0.000000
608077.211377 2490303.109124 0.000000
608076.734537 2490298.133655 0.000000
608076.257698 2490293.158185 0.000000
608075.780859 2490288.182716 0.000000
608075.304019 2490283.207246 0.000000
608074.827180 2490278.231777 0.000000
608074.350341 2490273.256308 0.000000
608073.873502 2490268.280838 0.000000
608073.396662 2490263.305369 0.000000
608072.919823 2490258.329900 0.000000
608072.442984 2490253.354430 0.000000
608071.966145 2490248.378961 0.000000
608071.489305 2490243.403492 0.000000
608071.012466 2490238.428022 0.000000
608070.535627 2490233.452553 0.000000
608070.058787 2490228.477084 0.000000
608069.581948 2490223.501614 0.000000
608069.105109 2490218.526145 0.000000
608068.628270 2490213.550676 0.000000
608068.151430 2490208.575206 0.000000
608067.674591 2490203.599737 0.000000
608067.197752 2490198.624268 0.000000
608066.720913 2490193.648798 0.000000
608066.244073 2490188.673329 0.000000
608065.767234 2490183.697860 0.000000
608065.290395 2490178.722390 0.000000
608064.813555 2490173.746921 0.000000
608064.336716 2490168.771452 0.000000
608063.859877 2490163.795982 0.000000
608063.383038 2490158.820513 0.000000
608062.906198 2490153.845044 0.000000
608062.429359 2490148.869574 0.000000
608061.952520 2490143.894105 0.000000
608061.475681 2490138.918636 0.000000
608060.998841 2490133.943166 0.000000
608060.522002 2490128.967697 0.000000
608060.045163 2490123.992228 0.000000
608059.568323 2490119.016758 0.000000
608059.091484 2490114.041289 0.000000
608058.614645 2490109.065820 0.000000
608058.137806 2490104.090350 0.000000
608057.660966 2490099.114881 0.000000
608057.184127 2490094.139412 0.000000
608056.707288 2490089.163942 0.000000
608056.230448 2490084.188473 0.000000
608055.753609 2490079.213004 0.000000
608055.276770 2490074.237534 0.000000
608054.799931 2490069.262065 0.000000
608054.323091 2490064.286595 0.000000
608053.846252 2490059.311126 0.000000
608053.369413 2490054.335657 0.000000
608052.892574 2490049.360187 0.000000
608052.415734 2490044.384718 0.000000
608051.938895 2490039.409249 0.000000
608051.462056 2490034.433779 0.000000
608050.985216 2490029.458310 0.000000
608050.508377 2490024.482841 0.000000
608050.031538 2490019.507371 0.000000
608049.554699 2490014.531902 0.000000
608049.077859 2490009.556433 0.000000
608048.601020 2490004.580963 0.000000
608048.124181 2489999.605494 0.000000
608047.647342 2489994.630025 0.000000
608047.170502 2489989.654555 0.000000
608046.693663 2489984.679086 0.000000
608046.216824 2489979.703617 0.000000
608045.739984 2489974.728147 0.000000
608045.263145 2489969.752678 0.000000
608044.786306 2489964.777209 0.000000
608044.309467 2489959.801739 0.000000
608043.832627 2489954.826270 0.000000
608043.355788 2489949.850801 0.000000
608042.878949 2489944.875331 0.000000
608042.402110 2489939.899862 0.000000
608041.925270 2489934.924393 0.000000
608041.448431 2489929.948923 0.000000
608040.971592 2489924.973454 0.000000
608040.494752 2489919.997985 0.000000
608040.017913 2489915.022515 0.000000
608039.541074 2489910.047046 0.000000
608039.064235 2489905.071577 0.000000
608038.587395 2489900.096107 0.000000
608038.110556 2489895.120638 0.000000
608037.633717 2489890.145169 0.000000
608037.156878 2489885.169699 0.000000
608036.680038 2489880.194230 0.000000
608036.203199 2489875.218761 0.000000
608035.726360 2489870.243291 0.000000
608035.249520 2489865.267822 0.000000
608034.772681 2489860.292353 0.000000
608034.295842 2489855.316883 0.000000
608033.819003 2489850.341414 0.000000
608033.342163 2489845.365944 0.000000
608032.865324 2489840.390475 0.000000
608032.388485 2489835.415006 0.000000
608031.911646 2489830.439536 0.000000
608031.434806 2489825.464067 0.000000
608030.957967 2489820.488598 0.000000
608030.481128 2489815.513128 0.000000
608030.004288 2489810.537659 0.000000
608029.527449 2489805.562190 0.000000
608029.050610 2489800.586720 0.000000
608028.573771 2489795.611251 0.000000
608028.096931 2489790.635782 0.000000
608027.620092 2489785.660312 0.000000
608027.143253 2489780.684843 0.000000
608026.666414 2489775.709374 0.000000
608026.189574 2489770.733904 0.000000
608025.712735 2489765.758435 0.000000
608025.235896 2489760.782966 0.000000
608024.759056 2489755.807496 0.000000
608024.282217 2489750.832027 0.000000
608023.805378 2489745.856558 0.000000
608023.328539 2489740.881088 0.000000
608022.851699 2489735.905619 0.000000
608022.374860 2489730.930150 0.000000
608021.898021 2489725.954680 0.000000
608021.421181 2489720.979211 0.000000
608020.944342 2489716.003742 0.000000
608020.467503 2489711.028272 0.000000
608019.990664 2489706.052803 0.000000
608019.513824 2489701.077334 0.000000
608019.036985 2489696.101864 0.000000
608018.560146 2489691.126395 0.000000
608018.083307 2489686.150926 0.000000
608017.606467 2489681.175456 0.000000
608017.129628 2489676.199987 0.000000
608016.652789 2489671.224518 0.000000
608016.175949 2489666.249048 0.000000
608015.699110 2489661.273579 0.000000
608015.222271 2489656.298110 0.000000
608014.745432 2489651.322640 0.000000
608014.268592 2489646.347171 0.000000
608013.791753 2489641.371702 0.000000
608013.314914 2489636.396232 0.000000
608012.838075 2489631.420763 0.000000
608012.361235 2489626.445294 0.000000
608011.884396 2489621.469824 0.000000
608011.407557 2489616.494355 0.000000
608010.930717 2489611.518885 0.000000
608010.453878 2489606.543416 0.000000
608009.977039 2489601.567947 0.000000
608009.500200 2489596.592477 0.000000
608009.023360 2489591.617008 0.000000
608008.546521 2489586.641539 0.000000
608008.069682 2489581.666069 0.000000
608007.592843 2489576.690600 0.000000
608007.116003 2489571.715131 0.000000
608006.639164 2489566.739661 0.000000
608006.162325 2489561.764192 0.000000
608005.685485 2489556.788723 0.000000
608005.208646 2489551.813253 0.000000
608004.731807 2489546.837784 0.000000
608004.254968 2489541.862315 0.000000
608003.778128 2489536.886845 0.000000
608003.301289 2489531.911376 0.000000
608002.824450 2489526.935907 0.000000
608002.347611 2489521.960437 0.000000
608001.870771 2489516.984968 0.000000
608001.393932 2489512.009499 0.000000
608000.917093 2489507.034029 0.000000
608000.440253 2489502.058560 0.000000
607999.963414 2489497.083091 0.000000
607999.486575 2489492.107621 0.000000
607999.009736 2489487.132152 0.000000
607998.532896 2489482.156683 0.000000
607998.056057 2489477.181213 0.000000
607997.579218 2489472.205744 0.000000
607997.102379 2489467.230275 0.000000
607996.625539 2489462.254805 0.000000
607996.148700 2489457.279336 0.000000
607995.671861 2489452.303867 0.000000
607995.195021 2489447.328397 0.000000
607994.718182 2489442.352928 0.000000
607994.241343 2489437.377459 0.000000
607993.764504 2489432.401989 0.000000
607993.287664 2489427.426520 0.000000
607992.810825 2489422.451051 0.000000
607992.333986 2489417.475581 0.000000
607991.857147 2489412.500112 0.000000
607991.380307 2489407.524643 0.000000
607990.903468 2489402.549173 0.000000
607990.426629 2489397.573704 0.000000
607989.949789 2489392.598234 0.000000
607989.472950 2489387.622765 0.000000
607988.996111 2489382.647296 0.000000
607988.519272 2489377.671826 0.000000
607988.042432 2489372.696357 0.000000
607987.565593 2489367.720888 0.000000
607987.088754 2489362.745418 0.000000
607986.611915 2489357.769949 0.000000
607986.135075 2489352.794480 0.000000
607985.658236 2489347.819010 0.000000
607985.181397 2489342.843541 0.000000
607984.704557 2489337.868072 0.000000
607984.227718 2489332.892602 0.000000
607983.750879 2489327.917133 0.000000
607983.274040 2489322.941664 0.000000
607982.797200 2489317.966194 0.000000
607982.320361 2489312.990725 0.000000
607981.843522 2489308.015256 0.000000
607981.366682 2489303.039786 0.000000
607980.889843 2489298.064317 0.000000
607980.413004 2489293.088848 0.000000
607979.936165 2489288.113378 0.000000
607979.459325 2489283.137909 0.000000
607978.982486 2489278.162440 0.000000
607978.505647 2489273.186970 0.000000
607978.028808 2489268.211501 0.000000
607977.551968 2489263.236032 0.000000
607977.075129 2489258.260562 0.000000
607976.598290 2489253.285093 0.000000
607976.121450 2489248.309624 0.000000
607975.644611 2489243.334154 0.000000
607975.167772 2489238.358685 0.000000
607974.690933 2489233.383216 0.000000
607974.214093 2489228.407746 0.000000
607973.737254 2489223.432277 0.000000
607973.260415 2489218.456808 0.000000
607972.783576 2489213.481338 0.000000
607972.306736 2489208.505869 0.000000
607971.829897 2489203.530400 0.000000
607971.353058 2489198.554930 0.000000
607970.876218 2489193.579461 0.000000
607970.399379 2489188.603992 0.000000
607969.922540 2489183.628522 0.000000
607969.445701 2489178.653053 0.000000
607968.968861 2489173.677583 0.000000
607968.492022 2489168.702114 0.000000
607968.015183 2489163.726645 0.000000
607967.538344 2489158.751175 0.000000
607967.061504 2489153.775706 0.000000
607966.584665 2489148.800237 0.000000
607966.107826 2489143.824767 0.000000
607965.630986 2489138.849298 0.000000
607965.154147 2489133.873829 0.000000
607964.677308 2489128.898359 0.000000
607964.200469 2489123.922890 0.000000
607963.723629 2489118.947421 0.000000
607963.246790 2489113.971951 0.000000
607962.769951 2489108.996482 0.000000
607962.293112 2489104.021013 0.000000
607961.816272 2489099.045543 0.000000
607961.339433 2489094.070074 0.000000
607960.862594 2489089.094605 0.000000
607960.385754 2489084.119135 0.000000
607959.908915 2489079.143666 0.000000
607959.432076 2489074.168197 0.000000
607958.955237 2489069.192727 0.000000
607958.478397 2489064.217258 0.000000
607958.001558 2489059.241789 0.000000
607957.524719 2489054.266319 0.000000
607957.047880 2489049.290850 0.000000
607956.571040 2489044.315381 0.000000
607956.094201 2489039.339911 0.000000
607955.617362 2489034.364442 0.000000
607955.140522 2489029.388973 0.000000
607954.663683 2489024.413503 0.000000
607954.186844 2489019.438034 0.000000
607953.710005 2489014.462565 0.000000
607953.233165 2489009.487095 0.000000
607952.756326 2489004.511626 0.000000
607952.279487 2488999.536157 0.000000
607951.802648 2488994.560687 0.000000
607951.325808 2488989.585218 0.000000
607950.848969 2488984.609749 0.000000
607950.372130 2488979.634279 0.000000
607949.895290 2488974.658810 0.000000
607949.418451 2488969.683341 0.000000
607948.941612 2488964.707871 0.000000
607948.464773 2488959.732402 0.000000
607947.987933 2488954.756932 0.000000
607947.511094 2488949.781463 0.000000
607947.034255 2488944.805994 0.000000
607946.557415 2488939.830524 0.000000
607946.080576 2488934.855055 0.000000
607945.603737 2488929.879586 0.000000
607945.126898 2488924.904116 0.000000
607944.650058 2488919.928647 0.000000
607944.173219 2488914.953178 0.000000
607943.696380 2488909.977708 0.000000
607943.219541 2488905.002239 0.000000
607942.742701 2488900.026770 0.000000
607942.265862 2488895.051300 0.000000
607941.789023 2488890.075831 0.000000
607941.312183 2488885.100362 0.000000
607940.835344 2488880.124892 0.000000
607940.358505 2488875.149423 0.000000
607939.881666 2488870.173954 0.000000
607939.404826 2488865.198484 0.000000
607938.927987 2488860.223015 0.000000
607938.451148 2488855.247546 0.000000
607937.974309 2488850.272076 0.000000
607937.497469 2488845.296607 0.000000
607937.020630 2488840.321138 0.000000
607936.543791 2488835.345668 0.000000
607936.066951 2488830.370199 0.000000
607935.590112 2488825.394730 0.000000
607935.113273 2488820.419260 0.000000
607934.636434 2488815.443791 0.000000
607934.159594 2488810.468322 0.000000
607933.682755 2488805.492852 0.000000
607933.205916 2488800.517383 0.000000
607932.729077 2488795.541914 0.000000
607932.252237 2488790.566444 0.000000
607931.775398 2488785.590975 0.000000
607931.298559 2488780.615506 0.000000
607930.821719 2488775.640036 0.000000
607930.344880 2488770.664567 0.000000
607929.868041 2488765.689098 0.000000
607929.391202 2488760.713628 0.000000
607928.914362 2488755.738159 0.000000
607928.437523 2488750.762690 0.000000
607927.960684 2488745.787220 0.000000
607927.483845 2488740.811751 0.000000
607927.007005 2488735.836281 0.000000
607926.530166 2488730.860812 0.000000
607926.053327 2488725.885343 0.000000
607925.576487 2488720.909873 0.000000
607925.099648 2488715.934404 0.000000
607924.622809 2488710.958935 0.000000
607924.145970 2488705.983465 0.000000
607923.669130 2488701.007996 0.000000
607923.192291 2488696.032527 0.000000
607922.715452 2488691.057057 0.000000
607922.238613 2488686.081588 0.000000
607921.761773 2488681.106119 0.000000
607921.284934 2488676.130649 0.000000
607920.808095 2488671.155180 0.000000
607920.331255 2488666.179711 0.000000
607919.854416 2488661.204241 0.000000
607919.377577 2488656.228772 0.000000
607918.900738 2488651.253303 0.000000
607918.423898 2488646.277833 0.000000
607917.947059 2488641.302364 0.000000
607917.470220 2488636.326895 0.000000
607916.993381 2488631.351425 0.000000
607916.516541 2488626.375956 0.000000
607916.039702 2488621.400487 0.000000
607915.562863 2488616.425017 0.000000
607915.086023 2488611.449548 0.000000
607914.609184 2488606.474079 0.000000
607914.132345 2488601.498609 0.000000
607913.655506 2488596.523140 0.000000
607913.178666 2488591.547671 0.000000
607912.701827 2488586.572201 0.000000
607912.224988 2488581.596732 0.000000
607911.748148 2488576.621263 0.000000
607911.271309 2488571.645793 0.000000
607910.794470 2488566.670324 0.000000
607910.317631 2488561.694855 0.000000
607909.840791 2488556.719385 0.000000
607909.363952 2488551.743916 0.000000
607908.887113 2488546.768447 0.000000
607908.410274 2488541.792977 0.000000
607907.933434 2488536.817508 0.000000
607907.456595 2488531.842039 0.000000
607906.979756 2488526.866569 0.000000
607906.502916 2488521.891100 0.000000
607906.026077 2488516.915630 0.000000
607905.549238 2488511.940161 0.000000
607905.072399 2488506.964692 0.000000
607904.595559 2488501.989222 0.000000
607904.118720 2488497.013753 0.000000
607903.641881 2488492.038284 0.000000
607903.165042 2488487.062814 0.000000
607902.688202 2488482.087345 0.000000
607902.211363 2488477.111876 0.000000
607901.734524 2488472.136406 0.000000
607901.257684 2488467.160937 0.000000
607900.780845 2488462.185468 0.000000
607900.304006 2488457.209998 0.000000
607899.827167 2488452.234529 0.000000
607899.350327 2488447.259060 0.000000
607898.873488 2488442.283590 0.000000
607898.396649 2488437.308121 0.000000
607897.919810 2488432.332652 0.000000
607897.442970 2488427.357182 0.000000
607896.966131 2488422.381713 0.000000
607896.489292 2488417.406244 0.000000
607896.012452 2488412.430774 0.000000
607895.535613 2488407.455305 0.000000
607895.058774 2488402.479836 0.000000
607894.581935 2488397.504366 0.000000
607894.105095 2488392.528897 0.000000
607893.628256 2488387.553428 0.000000
607893.151417 2488382.577958 0.000000
607892.674578 2488377.602489 0.000000
607892.197738 2488372.627020 0.000000
607891.720899 2488367.651550 0.000000
607891.244060 2488362.676081 0.000000
607890.767220 2488357.700612 0.000000
607890.290381 2488352.725142 0.000000
607889.813542 2488347.749673 0.000000
607889.336703 2488342.774204 0.000000
607888.859863 2488337.798734 0.000000
607888.383024 2488332.823265 0.000000
607887.906185 2488327.847796 0.000000
607887.429346 2488322.872326 0.000000
607886.952506 2488317.896857 0.000000
607886.475667 2488312.921388 0.000000
607885.998828 2488307.945918 0.000000
607885.521988 2488302.970449 0.000000
607885.045149 2488297.994979 0.000000
607884.568310 2488293.019510 0.000000
607884.091471 2488288.044041 0.000000
607883.614631 2488283.068571 0.000000
607883.137792 2488278.093102 0.000000
607882.660953 2488273.117633 0.000000
607882.184114 2488268.142163 0.000000
607881.707274 2488263.166694 0.000000
607881.230435 2488258.191225 0.000000
607880.753596 2488253.215755 0.000000
607880.276756 2488248.240286 0.000000
607879.799917 2488243.264817 0.000000
607879.323078 2488238.289347 0.000000
607878.846239 2488233.313878 0.000000
607878.369399 2488228.338409 0.000000
607877.892560 2488223.362939 0.000000
607877.415721 2488218.387470 0.000000
607876.938882 2488213.412001 0.000000
607876.462042 2488208.436531 0.000000
607875.985203 2488203.461062 0.000000
607875.508364 2488198.485593 0.000000
607875.031524 2488193.510123 0.000000
607874.554685 2488188.534654 0.000000
607874.077846 2488183.559185 0.000000
607873.601007 2488178.583715 0.000000
607873.124167 2488173.608246 0.000000
607872.647328 2488168.632777 0.000000
607872.170489 2488163.657307 0.000000
607871.693649 2488158.681838 0.000000
607871.216810 2488153.706369 0.000000
607870.739971 2488148.730899 0.000000
607870.263132 2488143.755430 0.000000
607869.786292 2488138.779961 0.000000
607869.309453 2488133.804491 0.000000
607868.832614 2488128.829022 0.000000
607868.355775 2488123.853553 0.000000
607867.878935 2488118.878083 0.000000
607867.402096 2488113.902614 0.000000
607866.925257 2488108.927145 0.000000
607866.448417 2488103.951675 0.000000
607865.971578 2488098.976206 0.000000
607865.494739 2488094.000737 0.000000
607865.017900 2488089.025267 0.000000
607864.541060 2488084.049798 0.000000
607864.064221 2488079.074328 0.000000
607863.587382 2488074.098859 0.000000
607863.110543 2488069.123390 0.000000
607862.633703 2488064.147920 0.000000
607862.156864 2488059.172451 0.000000
607861.680025 2488054.196982 0.000000
607861.203185 2488049.221512 0.000000
607860.726346 2488044.246043 0.000000
607860.249507 2488039.270574 0.000000
607859.772668 2488034.295104 0.000000
607859.295828 2488029.319635 0.000000
607858.818989 2488024.344166 0.000000
607858.342150 2488019.368696 0.000000
607857.865311 2488014.393227 0.000000
607857.388471 2488009.417758 0.000000
607856.911632 2488004.442288 0.000000
607856.434793 2487999.466819 0.000000
607855.957953 2487994.491350 0.000000
607855.481114 2487989.515880 0.000000
607855.004275 2487984.540411 0.000000
607854.527436 2487979.564942 0.000000
607854.050596 2487974.589472 0.000000
607853.573757 2487969.614003 0.000000
607853.096918 2487964.638534 0.000000
607852.620079 2487959.663064 0.000000
607852.143239 2487954.687595 0.000000
607851.666400 2487949.712126 0.000000
607851.189561 2487944.736656 0.000000
607850.712721 2487939.761187 0.000000
607850.235882 2487934.785718 0.000000
607849.759043 2487929.810248 0.000000
607849.282204 2487924.834779 0.000000
607848.805364 2487919.859310 0.000000
607848.328525 2487914.883840 0.000000
607847.851686 2487909.908371 0.000000
607847.374847 2487904.932902 0.000000
607846.898007 2487899.957432 0.000000
607846.421168 2487894.981963 0.000000
607845.944329 2487890.006494 0.000000
607845.467489 2487885.031024 0.000000
607844.990650 2487880.055555 0.000000
607844.513811 2487875.080086 0.000000
607844.036972 2487870.104616 0.000000
607843.560132 2487865.129147 0.000000
607843.083293 2487860.153678 0.000000
607842.606454 2487855.178208 0.000000
607842.129615 2487850.202739 0.000000
607841.652775 2487845.227269 0.000000
607841.175936 2487840.251800 0.000000
607840.699097 2487835.276331 0.000000
607840.222257 2487830.300861 0.000000
607839.745418 2487825.325392 0.000000
607839.268579 2487820.349923 0.000000
607838.791740 2487815.374453 0.000000
607838.314900 2487810.398984 0.000000
607837.838061 2487805.423515 0.000000
607837.361222 2487800.448045 0.000000
607836.884382 2487795.472576 0.000000
607836.407543 2487790.497107 0.000000
607835.930704 2487785.521637 0.000000
607835.453865 2487780.546168 0.000000
607834.977025 2487775.570699 0.000000
607834.500186 2487770.595229 0.000000
607834.023347 2487765.619760 0.000000
607833.546508 2487760.644291 0.000000
607833.069668 2487755.668821 0.000000
607832.592829 2487750.693352 0.000000
607832.115990 2487745.717883 0.000000
607831.639150 2487740.742413 0.000000
607831.162311 2487735.766944 0.000000
607830.685472 2487730.791475 0.000000
607830.208633 2487725.816005 0.000000
607829.731793 2487720.840536 0.000000
607829.254954 2487715.865067 0.000000
607828.778115 2487710.889597 0.000000
607828.301276 2487705.914128 0.000000
607827.824436 2487700.938659 0.000000
607827.347597 2487695.963189 0.000000
607826.870758 2487690.987720 0.000000
607826.393918 2487686.012251 0.000000
607825.917079 2487681.036781 0.000000
607825.440240 2487676.061312 0.000000
607824.963401 2487671.085843 0.000000
607824.486561 2487666.110373 0.000000
607824.009722 2487661.134904 0.000000
607823.532883 2487656.159435 0.000000
607823.056044 2487651.183965 0.000000
607822.579204 2487646.208496 0.000000
607822.102365 2487641.233027 0.000000
607821.625526 2487636.257557 0.000000
607821.148686 2487631.282088 0.000000
607820.671847 2487626.306618 0.000000
607820.195008 2487621.331149 0.000000
607819.718169 2487616.355680 0.000000
607819.241329 2487611.380210 0.000000
607818.764490 2487606.404741 0.000000
607818.287651 2487601.429272 0.000000
607817.810812 2487596.453802 0.000000
607817.333972 2487591.478333 0.000000
607816.857133 2487586.502864 0.000000
607816.380294 2487581.527394 0.000000
607815.903454 2487576.551925 0.000000
607815.426615 2487571.576456 0.000000
607814.949776 2487566.600986 0.000000
607814.472937 2487561.625517 0.000000
607813.996097 2487556.650048 0.000000
607813.519258 2487551.674578 0.000000
607813.042419 2487546.699109 0.000000
607812.565580 2487541.723640 0.000000
607812.088740 2487536.748170 0.000000
607811.611901 2487531.772701 0.000000
607811.135062 2487526.797232 0.000000
607810.658222 2487521.821762 0.000000
607810.181383 2487516.846293 0.000000
607809.704544 2487511.870824 0.000000
607809.227705 2487506.895354 0.000000
607808.750865 2487501.919885 0.000000
607808.274026 2487496.944416 0.000000
607807.797187 2487491.968946 0.000000
607807.320348 2487486.993477 0.000000
607806.843508 2487482.018008 0.000000
607806.366669 2487477.042538 0.000000
607805.889830 2487472.067069 0.000000
607805.412990 2487467.091600 0.000000
607804.936151 2487462.116130 0.000000
607804.459312 2487457.140661 0.000000
607803.982473 2487452.165192 0.000000
607803.505633 2487447.189722 0.000000
607803.028794 2487442.214253 0.000000
607802.551955 2487437.238784 0.000000
607802.075116 2487432.263314 0.000000
607801.598276 2487427.287845 0.000000
607801.121437 2487422.312376 0.000000
607800.644598 2487417.336906 0.000000
607800.167758 2487412.361437 0.000000
607799.690919 2487407.385967 0.000000
607799.214080 2487402.410498 0.000000
607798.737241 2487397.435029 0.000000
607798.260401 2487392.459559 0.000000
607797.783562 2487387.484090 0.000000
607797.306723 2487382.508621 0.000000
607796.829883 2487377.533151 0.000000
607796.353044 2487372.557682 0.000000
607795.876205 2487367.582213 0.000000
607795.399366 2487362.606743 0.000000
607794.922526 2487357.631274 0.000000
607794.445687 2487352.655805 0.000000
607793.968848 2487347.680335 0.000000
607793.492009 2487342.704866 0.000000
607793.015169 2487337.729397 0.000000
607792.555573 2487332.749606 0.000000
607792.095977 2487327.769816 0.000000
607791.636381 2487322.790025 0.000000
607791.176785 2487317.810235 0.000000
607790.717189 2487312.830444 0.000000
607790.257593 2487307.850654 0.000000
607789.797997 2487302.870863 0.000000
607789.338401 2487297.891073 0.000000
607788.878805 2487292.911283 0.000000
607788.419209 2487287.931492 0.000000
607787.959613 2487282.951702 0.000000
607787.500017 2487277.971911 0.000000
607787.040421 2487272.992121 0.000000
607786.580825 2487268.012330 0.000000
607786.121229 2487263.032540 0.000000
607785.661633 2487258.052749 0.000000
607785.202037 2487253.072959 0.000000
607784.742441 2487248.093168 0.000000
607784.282845 2487243.113378 0.000000
607783.823249 2487238.133587 0.000000
607783.363653 2487233.153797 0.000000
607782.904057 2487228.174007 0.000000
607782.444461 2487223.194216 0.000000
607781.984865 2487218.214426 0.000000
607781.525269 2487213.234635 0.000000
607781.065673 2487208.254845 0.000000
607780.606077 2487203.275054 0.000000
607780.146481 2487198.295264 0.000000
607779.686885 2487193.315473 0.000000
607779.227289 2487188.335683 0.000000
607778.767693 2487183.355892 0.000000
607778.308097 2487178.376102 0.000000
607777.848501 2487173.396311 0.000000
607777.388905 2487168.416521 0.000000
607776.929309 2487163.436731 0.000000
607776.469713 2487158.456940 0.000000
607776.010117 2487153.477150 0.000000
607775.550520 2487148.497359 0.000000
607775.090924 2487143.517569 0.000000
607774.631328 2487138.537778 0.000000
607774.171732 2487133.557988 0.000000
607773.712136 2487128.578197 0.000000
607773.252540 2487123.598407 0.000000
607772.792944 2487118.618616 0.000000
607772.333348 2487113.638826 0.000000
607771.873752 2487108.659035 0.000000
607771.414156 2487103.679245 0.000000
607770.954560 2487098.699455 0.000000
607770.494964 2487093.719664 0.000000
607770.035368 2487088.739874 0.000000
607769.575772 2487083.760083 0.000000
607769.116176 2487078.780293 0.000000
607768.656580 2487073.800502 0.000000
607768.196984 2487068.820712 0.000000
607767.737388 2487063.840921 0.000000
607767.277792 2487058.861131 0.000000
607766.818196 2487053.881340 0.000000
607766.358600 2487048.901550 0.000000
607765.899004 2487043.921759 0.000000
607765.439408 2487038.941969 0.000000
607764.979812 2487033.962179 0.000000
607764.520216 2487028.982388 0.000000
607764.060620 2487024.002598 0.000000
607763.601024 2487019.022807 0.000000
607763.141428 2487014.043017 0.000000
607762.681832 2487009.063226 0.000000
607762.222236 2487004.083436 0.000000
607761.762640 2486999.103645 0.000000
607761.303044 2486994.123855 0.000000
607760.843448 2486989.144064 0.000000
607760.383852 2486984.164274 0.000000
607759.924256 2486979.184484 0.000000
607759.464660 2486974.204693 0.000000
607759.005064 2486969.224903 0.000000
607758.545468 2486964.245112 0.000000
607758.085872 2486959.265322 0.000000
607757.626276 2486954.285531 0.000000
607757.166680 2486949.305741 0.000000
607756.707084 2486944.325950 0.000000
607756.247488 2486939.346160 0.000000
607755.787892 2486934.366369 0.000000
607755.328296 2486929.386579 0.000000
607754.868700 2486924.406788 0.000000
607754.409104 2486919.426998 0.000000
607753.949508 2486914.447208 0.000000
607753.489911 2486909.467417 0.000000
607753.030315 2486904.487627 0.000000
607752.570719 2486899.507836 0.000000
607752.111123 2486894.528046 0.000000
607751.651527 2486889.548255 0.000000
607751.191931 2486884.568465 0.000000
607750.732335 2486879.588674 0.000000
607750.272739 2486874.608884 0.000000
607749.813143 2486869.629093 0.000000
607749.353547 2486864.649303 0.000000
607748.893951 2486859.669512 0.000000
607748.434355 2486854.689722 0.000000
607747.974759 2486849.709932 0.000000
607747.515163 2486844.730141 0.000000
607747.055567 2486839.750351 0.000000
607746.595971 2486834.770560 0.000000
607746.136375 2486829.790770 0.000000
607745.676779 2486824.810979 0.000000
607745.217183 2486819.831189 0.000000
607744.757587 2486814.851398 0.000000
607744.297991 2486809.871608 0.000000
607743.838395 2486804.891817 0.000000
607743.378799 2486799.912027 0.000000
607742.919203 2486794.932236 0.000000
607742.459607 2486789.952446 0.000000
607742.000011 2486784.972656 0.000000
607741.540415 2486779.992865 0.000000
607741.080819 2486775.013075 0.000000
607740.621223 2486770.033284 0.000000
607740.161627 2486765.053494 0.000000
607739.702031 2486760.073703 0.000000
607739.242435 2486755.093913 0.000000
607738.782839 2486750.114122 0.000000
607738.323243 2486745.134332 0.000000
607737.863647 2486740.154541 0.000000
607737.404051 2486735.174751 0.000000
607736.944455 2486730.194960 0.000000
607736.484859 2486725.215170 0.000000
607736.025263 2486720.235380 0.000000
607735.565667 2486715.255589 0.000000
607735.106071 2486710.275799 0.000000
607734.646475 2486705.296008 0.000000
607734.186879 2486700.316218 0.000000
607733.727283 2486695.336427 0.000000
607733.267687 2486690.356637 0.000000
607732.808091 2486685.376846 0.000000
607732.348495 2486680.397056 0.000000
607731.888898 2486675.417265 0.000000
607731.429302 2486670.437475 0.000000
607730.969706 2486665.457684 0.000000
607730.510110 2486660.477894 0.000000
607730.050514 2486655.498104 0.000000
607729.590918 2486650.518313 0.000000
607729.131322 2486645.538523 0.000000
607728.671726 2486640.558732 0.000000
607728.212130 2486635.578942 0.000000
607727.752534 2486630.599151 0.000000
607727.292938 2486625.619361 0.000000
607726.833342 2486620.639570 0.000000
607726.373746 2486615.659780 0.000000
607725.914150 2486610.679989 0.000000
607725.454554 2486605.700199 0.000000
607724.994958 2486600.720408 0.000000
607724.535362 2486595.740618 0.000000
607724.075766 2486590.760828 0.000000
607723.616170 2486585.781037 0.000000
607723.156574 2486580.801247 0.000000
607722.696978 2486575.821456 0.000000
607722.237382 2486570.841666 0.000000
607721.777786 2486565.861875 0.000000
607721.318190 2486560.882085 0.000000
607720.858594 2486555.902294 0.000000
607720.398998 2486550.922504 0.000000
607719.939402 2486545.942713 0.000000
607719.479806 2486540.962923 0.000000
607719.020210 2486535.983132 0.000000
607718.560614 2486531.003342 0.000000
607718.101018 2486526.023552 0.000000
607717.641422 2486521.043761 0.000000
607717.181826 2486516.063971 0.000000
607716.722230 2486511.084180 0.000000
607716.262634 2486506.104390 0.000000
607715.803038 2486501.124599 0.000000
607715.343442 2486496.144809 0.000000
607714.883846 2486491.165018 0.000000
607714.424250 2486486.185228 0.000000
607713.964654 2486481.205437 0.000000
607713.505058 2486476.225647 0.000000
607713.045462 2486471.245856 0.000000
607712.585866 2486466.266066 0.000000
607712.126270 2486461.286276 0.000000
607711.666674 2486456.306485 0.000000
607711.207078 2486451.326695 0.000000
607710.747482 2486446.346904 0.000000
607710.287886 2486441.367114 0.000000
607709.828289 2486436.387323 0.000000
607709.368693 2486431.407533 0.000000
607708.909097 2486426.427742 0.000000
607708.449501 2486421.447952 0.000000
607707.989905 2486416.468161 0.000000
607707.530309 2486411.488371 0.000000
607707.070713 2486406.508580 0.000000
607706.611117 2486401.528790 0.000000
607706.151521 2486396.549000 0.000000
607705.691925 2486391.569209 0.000000
607705.232329 2486386.589419 0.000000
607704.772733 2486381.609628 0.000000
607704.313137 2486376.629838 0.000000
607703.853541 2486371.650047 0.000000
607703.393945 2486366.670257 0.000000
607702.934349 2486361.690466 0.000000
607702.474753 2486356.710676 0.000000
607702.015157 2486351.730885 0.000000
607701.961102 2486346.730893 0.000000
607701.907048 2486341.730900 0.000000
607701.852993 2486336.730908 0.000000
607701.798938 2486331.730915 0.000000
607701.744884 2486326.730923 0.000000
607701.690829 2486321.730930 0.000000
607701.636774 2486316.730938 0.000000
607701.582719 2486311.730945 0.000000
607701.528665 2486306.730953 0.000000
607701.474610 2486301.730960 0.000000
607701.420555 2486296.730968 0.000000
607701.366500 2486291.730975 0.000000
607701.312446 2486286.730983 0.000000
607701.258391 2486281.730990 0.000000
607701.204336 2486276.730998 0.000000
607701.150282 2486271.731005 0.000000
607701.096227 2486266.731013 0.000000
607701.042172 2486261.731020 0.000000
607700.988117 2486256.731028 0.000000
607700.934063 2486251.731035 0.000000
607700.880008 2486246.731043 0.000000
607700.825953 2486241.731050 0.000000
607700.771899 2486236.731058 0.000000
607700.717844 2486231.731065 0.000000
607700.663789 2486226.731073 0.000000
607700.609734 2486221.731080 0.000000
607700.555680 2486216.731088 0.000000
607700.501625 2486211.731095 0.000000
607700.447570 2486206.731103 0.000000
607700.393515 2486201.731110 0.000000
607700.339461 2486196.731118 0.000000
607700.285406 2486191.731125 0.000000
607700.231351 2486186.731133 0.000000
607700.177297 2486181.731140 0.000000
607700.123242 2486176.731148 0.000000
607700.069187 2486171.731155 0.000000
607700.015132 2486166.731163 0.000000
607700.476669 2486161.731170 0.000000
607700.938206 2486156.731177 0.000000
607701.399744 2486151.731185 0.000000
607701.861281 2486146.731192 0.000000
607702.322818 2486141.731200 0.000000
607702.784355 2486136.731207 0.000000
607703.245892 2486131.731215 0.000000
607703.707429 2486126.731222 0.000000
607704.168966 2486121.731229 0.000000
607704.630503 2486116.731237 0.000000
607705.092040 2486111.731244 0.000000
607705.553577 2486106.731252 0.000000
607706.015114 2486101.731259 0.000000
607706.476651 2486096.731266 0.000000
607706.938188 2486091.731274 0.000000
607707.399725 2486086.731281 0.000000
607707.861262 2486081.731289 0.000000
607708.322799 2486076.731296 0.000000
607708.784336 2486071.731304 0.000000
607709.245873 2486066.731311 0.000000
607709.707410 2486061.731318 0.000000
607710.168947 2486056.731326 0.000000
607710.630484 2486051.731333 0.000000
607711.092021 2486046.731341 0.000000
607711.553558 2486041.731348 0.000000
607712.015095 2486036.731355 0.000000
607712.924184 2486031.776817 0.000000
607713.833273 2486026.822279 0.000000
607714.742362 2486021.867741 0.000000
607715.651450 2486016.913203 0.000000
607716.560539 2486011.958665 0.000000
607717.469628 2486007.004126 0.000000
607718.378717 2486002.049588 0.000000
607719.287806 2485997.095050 0.000000
607720.196894 2485992.140512 0.000000
607721.105983 2485987.185974 0.000000
607722.015072 2485982.231436 0.000000
607722.924161 2485977.276897 0.000000
607723.833250 2485972.322359 0.000000
607724.742339 2485967.367821 0.000000
607725.651427 2485962.413283 0.000000
607726.560516 2485957.458745 0.000000
607727.469605 2485952.504206 0.000000
607728.378694 2485947.549668 0.000000
607729.287783 2485942.595130 0.000000
607730.196871 2485937.640592 0.000000
607731.105960 2485932.686054 0.000000
607732.015049 2485927.731516 0.000000
607733.270860 2485922.871058 0.000000
607734.526672 2485918.010600 0.000000
607735.782483 2485913.150142 0.000000
607737.038294 2485908.289684 0.000000
607738.294106 2485903.429225 0.000000
607739.549917 2485898.568767 0.000000
607740.805729 2485893.708309 0.000000
607742.061540 2485888.847851 0.000000
607743.317351 2485883.987393 0.000000
607744.573163 2485879.126935 0.000000
607745.828974 2485874.266477 0.000000
607747.084785 2485869.406019 0.000000
607748.340597 2485864.545561 0.000000
607749.596408 2485859.685103 0.000000
607750.852219 2485854.824645 0.000000
607752.108031 2485849.964187 0.000000
607753.363842 2485845.103729 0.000000
607754.619653 2485840.243271 0.000000
607755.875465 2485835.382813 0.000000
607757.131276 2485830.522355 0.000000
607758.387088 2485825.661897 0.000000
607759.642899 2485820.801439 0.000000
607760.898710 2485815.940981 0.000000
607762.154522 2485811.080523 0.000000
607763.410333 2485806.220065 0.000000
607764.666144 2485801.359607 0.000000
607765.921956 2485796.499149 0.000000
607767.177767 2485791.638691 0.000000
607768.433578 2485786.778233 0.000000
607769.689390 2485781.917775 0.000000
607770.945201 2485777.057317 0.000000
607772.201012 2485772.196859 0.000000
607773.456824 2485767.336401 0.000000
607774.712635 2485762.475943 0.000000
607775.968447 2485757.615485 0.000000
607777.224258 2485752.755027 0.000000
607778.480069 2485747.894569 0.000000
607779.735881 2485743.034111 0.000000
607780.991692 2485738.173653 0.000000
607782.247503 2485733.313195 0.000000
607783.503315 2485728.452737 0.000000
607784.759126 2485723.592279 0.000000
607786.014937 2485718.731821 0.000000
607787.476473 2485713.936956 0.000000
607788.938009 2485709.142091 0.000000
607790.399544 2485704.347226 0.000000
607791.861080 2485699.552361 0.000000
607793.322615 2485694.757496 0.000000
607794.784151 2485689.962632 0.000000
607796.245686 2485685.167767 0.000000
607797.707222 2485680.372902 0.000000
607799.168758 2485675.578037 0.000000
607800.630293 2485670.783172 0.000000
607802.091829 2485665.988307 0.000000
607803.553364 2485661.193443 0.000000
607805.014900 2485656.398578 0.000000
607806.476435 2485651.603713 0.000000
607807.937971 2485646.808848 0.000000
607809.399506 2485642.013983 0.000000
607810.861042 2485637.219118 0.000000
607812.322578 2485632.424254 0.000000
607813.784113 2485627.629389 0.000000
607815.245649 2485622.834524 0.000000
607816.707184 2485618.039659 0.000000
607818.168720 2485613.244794 0.000000
607819.630255 2485608.449929 0.000000
607821.091791 2485603.655065 0.000000
607822.553327 2485598.860200 0.000000
607824.014862 2485594.065335 0.000000
607825.476398 2485589.270470 0.000000
607826.937933 2485584.475605 0.000000
607828.399469 2485579.680740 0.000000
607829.861004 2485574.885876 0.000000
607831.322540 2485570.091011 0.000000
607832.784076 2485565.296146 0.000000
607834.245611 2485560.501281 0.000000
607835.707147 2485555.706416 0.000000
607837.168682 2485550.911551 0.000000
607838.630218 2485546.116687 0.000000
607840.091753 2485541.321822 0.000000
607841.553289 2485536.526957 0.000000
607843.014825 2485531.732092 0.000000
607844.476360 2485526.937227 0.000000
607845.937896 2485522.142362 0.000000
607847.399431 2485517.347498 0.000000
607848.860967 2485512.552633 0.000000
607850.322502 2485507.757768 0.000000
607851.784038 2485502.962903 0.000000
607853.245573 2485498.168038 0.000000
607854.707109 2485493.373173 0.000000
607856.168645 2485488.578309 0.000000
607857.630180 2485483.783444 0.000000
607859.091716 2485478.988579 0.000000
607860.553251 2485474.193714 0.000000
607862.014787 2485469.398849 0.000000
607863.476322 2485464.603984 0.000000
607864.937858 2485459.809120 0.000000
607866.399394 2485455.014255 0.000000
607867.860929 2485450.219390 0.000000
607869.322465 2485445.424525 0.000000
607870.784000 2485440.629660 0.000000
607872.245536 2485435.834795 0.000000
607873.707071 2485431.039931 0.000000
607875.168607 2485426.245066 0.000000
607876.630143 2485421.450201 0.000000
607878.091678 2485416.655336 0.000000
607879.553214 2485411.860471 0.000000
607881.014749 2485407.065606 0.000000
607882.476285 2485402.270742 0.000000
607883.937820 2485397.475877 0.000000
607885.399356 2485392.681012 0.000000
607886.860892 2485387.886147 0.000000
607888.322427 2485383.091282 0.000000
607889.783963 2485378.296417 0.000000
607891.245498 2485373.501553 0.000000
607892.707034 2485368.706688 0.000000
607894.168569 2485363.911823 0.000000
607895.630105 2485359.116958 0.000000
607897.091641 2485354.322093 0.000000
607898.553176 2485349.527228 0.000000
607900.014712 2485344.732364 0.000000
607901.063490 2485339.829932 0.000000
607902.112268 2485334.927500 0.000000
607903.161046 2485330.025068 0.000000
607904.209824 2485325.122636 0.000000
607905.258603 2485320.220204 0.000000
607906.307381 2485315.317773 0.000000
607907.356159 2485310.415341 0.000000
607908.404937 2485305.512909 0.000000
607909.453715 2485300.610477 0.000000
607910.502494 2485295.708045 0.000000
607911.551272 2485290.805613 0.000000
607912.600050 2485285.903182 0.000000
607913.648828 2485281.000750 0.000000
607914.697606 2485276.098318 0.000000
607915.746385 2485271.195886 0.000000
607916.795163 2485266.293454 0.000000
607917.843941 2485261.391022 0.000000
607918.892719 2485256.488591 0.000000
607919.941497 2485251.586159 0.000000
607920.990275 2485246.683727 0.000000
607922.039054 2485241.781295 0.000000
607923.087832 2485236.878863 0.000000
607924.136610 2485231.976431 0.000000
607925.185388 2485227.074000 0.000000
607926.234166 2485222.171568 0.000000
607927.282945 2485217.269136 0.000000
607928.331723 2485212.366704 0.000000
607929.380501 2485207.464272 0.000000
607930.429279 2485202.561840 0.000000
607931.478057 2485197.659409 0.000000
607932.526836 2485192.756977 0.000000
607933.575614 2485187.854545 0.000000
607934.624392 2485182.952113 0.000000
607935.673170 2485178.049681 0.000000
607936.721948 2485173.147249 0.000000
607937.770727 2485168.244818 0.000000
607938.819505 2485163.342386 0.000000
607939.868283 2485158.439954 0.000000
607940.917061 2485153.537522 0.000000
607941.965839 2485148.635090 0.000000
607943.014617 2485143.732658 0.000000
607943.578718 2485138.758307 0.000000
607944.142819 2485133.783955 0.000000
607944.706920 2485128.809604 0.000000
607945.271021 2485123.835252 0.000000
607945.835122 2485118.860900 0.000000
607946.399223 2485113.886549 0.000000
607946.963324 2485108.912197 0.000000
607947.527425 2485103.937846 0.000000
607948.091526 2485098.963494 0.000000
607948.655627 2485093.989142 0.000000
607949.219728 2485089.014791 0.000000
607949.783829 2485084.040439 0.000000
607950.347930 2485079.066087 0.000000
607950.912031 2485074.091736 0.000000
607951.476132 2485069.117384 0.000000
607952.040233 2485064.143033 0.000000
607952.604334 2485059.168681 0.000000
607953.168435 2485054.194329 0.000000
607953.732536 2485049.219978 0.000000
607954.296637 2485044.245626 0.000000
607954.860738 2485039.271275 0.000000
607955.424839 2485034.296923 0.000000
607955.988940 2485029.322571 0.000000
607956.553041 2485024.348220 0.000000
607957.117142 2485019.373868 0.000000
607957.681243 2485014.399517 0.000000
607958.245344 2485009.425165 0.000000
607958.809445 2485004.450813 0.000000
607959.373546 2484999.476462 0.000000
607959.937647 2484994.502110 0.000000
607960.501748 2484989.527759 0.000000
607961.065849 2484984.553407 0.000000
607961.629950 2484979.579055 0.000000
607962.194051 2484974.604704 0.000000
607962.758152 2484969.630352 0.000000
607963.322253 2484964.656001 0.000000
607963.886354 2484959.681649 0.000000
607964.450455 2484954.707297 0.000000
607965.014556 2484949.732946 0.000000
607965.125666 2484944.760731 0.000000
607965.236776 2484939.788516 0.000000
607965.347886 2484934.816301 0.000000
607965.458996 2484929.844087 0.000000
607965.570107 2484924.871872 0.000000
607965.681217 2484919.899657 0.000000
607965.792327 2484914.927442 0.000000
607965.903437 2484909.955227 0.000000
607966.014547 2484904.983013 0.000000
607966.125658 2484900.010798 0.000000
607966.236768 2484895.038583 0.000000
607966.347878 2484890.066368 0.000000
607966.458988 2484885.094154 0.000000
607966.570098 2484880.121939 0.000000
607966.681209 2484875.149724 0.000000
607966.792319 2484870.177509 0.000000
607966.903429 2484865.205294 0.000000
607967.014539 2484860.233080 0.000000
607967.125649 2484855.260865 0.000000
607967.236760 2484850.288650 0.000000
607967.347870 2484845.316435 0.000000
607967.458980 2484840.344220 0.000000
607967.570090 2484835.372006 0.000000
607967.681200 2484830.399791 0.000000
607967.792311 2484825.427576 0.000000
607967.903421 2484820.455361 0.000000
607968.014531 2484815.483147 0.000000
607968.125641 2484810.510932 0.000000
607968.236751 2484805.538717 0.000000
607968.347862 2484800.566502 0.000000
607968.458972 2484795.594287 0.000000
607968.570082 2484790.622073 0.000000
607968.681192 2484785.649858 0.000000
607968.792302 2484780.677643 0.000000
607968.903413 2484775.705428 0.000000
607969.014523 2484770.733213 0.000000
607968.842108 2484765.733221 0.000000
607968.669694 2484760.733228 0.000000
607968.497280 2484755.733236 0.000000
607968.324866 2484750.733244 0.000000
607968.152451 2484745.733251 0.000000
607967.980037 2484740.733259 0.000000
607967.807623 2484735.733266 0.000000
607967.635208 2484730.733274 0.000000
607967.462794 2484725.733281 0.000000
607967.290380 2484720.733289 0.000000
607967.117966 2484715.733296 0.000000
607966.945551 2484710.733304 0.000000
607966.773137 2484705.733311 0.000000
607966.600723 2484700.733319 0.000000
607966.428308 2484695.733326 0.000000
607966.255894 2484690.733334 0.000000
607966.083480 2484685.733341 0.000000
607965.911066 2484680.733349 0.000000
607965.738651 2484675.733356 0.000000
607965.566237 2484670.733364 0.000000
607965.393823 2484665.733371 0.000000
607965.221408 2484660.733379 0.000000
607965.048994 2484655.733386 0.000000
607964.876580 2484650.733394 0.000000
607964.704166 2484645.733401 0.000000
607964.531751 2484640.733409 0.000000
607964.359337 2484635.733416 0.000000
607964.186923 2484630.733424 0.000000
607964.014508 2484625.733432 0.000000
607963.514508 2484620.733439 0.000000
607963.014508 2484615.733447 0.000000
607962.514508 2484610.733454 0.000000
607962.014508 2484605.733462 0.000000
607961.514508 2484600.733469 0.000000
607961.014508 2484595.733477 0.000000
607960.514508 2484590.733485 0.000000
607960.014508 2484585.733492 0.000000
607959.514508 2484580.733500 0.000000
607959.014508 2484575.733507 0.000000
607958.514508 2484570.733515 0.000000
607958.014508 2484565.733522 0.000000
607957.514508 2484560.733530 0.000000
607957.014508 2484555.733538 0.000000
607956.514508 2484550.733545 0.000000
607956.014508 2484545.733553 0.000000
607955.514508 2484540.733560 0.000000
607955.014508 2484535.733568 0.000000
607954.514508 2484530.733575 0.000000
607954.014508 2484525.733583 0.000000
607953.514508 2484520.733591 0.000000
607953.014508 2484515.733598 0.000000
607952.514508 2484510.733606 0.000000
607952.014508 2484505.733613 0.000000
607951.514508 2484500.733621 0.000000
607951.014508 2484495.733628 0.000000
607950.514508 2484490.733636 0.000000
607950.014508 2484485.733644 0.000000
607949.514508 2484480.733651 0.000000
607949.014508 2484475.733659 0.000000
607948.514508 2484470.733666 0.000000
607948.014508 2484465.733674 0.000000
607947.514508 2484460.733681 0.000000
607947.014508 2484455.733689 0.000000
607946.514508 2484450.733697 0.000000
607946.014508 2484445.733704 0.000000
607945.514508 2484440.733712 0.000000
607945.014508 2484435.733719 0.000000
607944.514508 2484430.733727 0.000000
607944.014508 2484425.733734 0.000000
607943.514508 2484420.733742 0.000000
607943.014508 2484415.733750 0.000000
607942.514508 2484410.733757 0.000000
607942.014508 2484405.733765 0.000000
607941.514508 2484400.733772 0.000000
607941.014508 2484395.733780 0.000000
607940.514508 2484390.733787 0.000000
607940.014508 2484385.733795 0.000000
607939.166024 2484380.794409 0.000000
607938.317540 2484375.855022 0.000000
607937.469055 2484370.915636 0.000000
607936.620571 2484365.976249 0.000000
607935.772087 2484361.036863 0.000000
607934.923602 2484356.097477 0.000000
607934.075118 2484351.158090 0.000000
607933.226634 2484346.218704 0.000000
607932.378149 2484341.279317 0.000000
607931.529665 2484336.339931 0.000000
607930.681181 2484331.400544 0.000000
607929.832696 2484326.461158 0.000000
607928.984212 2484321.521772 0.000000
607928.135728 2484316.582385 0.000000
607927.287243 2484311.642999 0.000000
607926.438759 2484306.703612 0.000000
607925.590275 2484301.764226 0.000000
607924.741790 2484296.824840 0.000000
607923.893306 2484291.885453 0.000000
607923.044822 2484286.946067 0.000000
607922.196337 2484282.006680 0.000000
607921.347853 2484277.067294 0.000000
607920.499369 2484272.127908 0.000000
607919.650884 2484267.188521 0.000000
607918.802400 2484262.249135 0.000000
607917.953916 2484257.309748 0.000000
607917.105431 2484252.370362 0.000000
607916.256947 2484247.430976 0.000000
607915.408463 2484242.491589 0.000000
607914.559978 2484237.552203 0.000000
607913.711494 2484232.612816 0.000000
607912.863010 2484227.673430 0.000000
607912.014525 2484222.734044 0.000000
607910.934526 2484217.854051 0.000000
607909.854527 2484212.974059 0.000000
607908.774528 2484208.094066 0.000000
607907.694529 2484203.214073 0.000000
607906.614530 2484198.334081 0.000000
607905.534531 2484193.454088 0.000000
607904.454532 2484188.574096 0.000000
607903.374532 2484183.694103 0.000000
607902.294533 2484178.814111 0.000000
607901.214534 2484173.934118 0.000000
607900.134535 2484169.054126 0.000000
607899.054536 2484164.174133 0.000000
607897.974537 2484159.294141 0.000000
607896.894538 2484154.414148 0.000000
607895.814539 2484149.534156 0.000000
607894.734539 2484144.654163 0.000000
607893.654540 2484139.774171 0.000000
607892.574541 2484134.894178 0.000000
607891.494542 2484130.014186 0.000000
607890.414543 2484125.134193 0.000000
607889.334544 2484120.254201 0.000000
607888.254545 2484115.374208 0.000000
607887.174546 2484110.494216 0.000000
607886.094546 2484105.614223 0.000000
607885.014547 2484100.734231 0.000000
607883.585977 2484095.943029 0.000000
607882.157407 2484091.151828 0.000000
607880.728837 2484086.360626 0.000000
607879.300267 2484081.569425 0.000000
607877.871697 2484076.778224 0.000000
607876.443127 2484071.987022 0.000000
607875.014557 2484067.195821 0.000000
607873.585987 2484062.404619 0.000000
607872.157417 2484057.613418 0.000000
607870.728847 2484052.822217 0.000000
607869.300277 2484048.031015 0.000000
607867.871707 2484043.239814 0.000000
607866.443137 2484038.448613 0.000000
607865.014567 2484033.657411 0.000000
607863.585997 2484028.866210 0.000000
607862.157427 2484024.075008 0.000000
607860.728857 2484019.283807 0.000000
607859.300287 2484014.492606 0.000000
607857.871717 2484009.701404 0.000000
607856.443147 2484004.910203 0.000000
607855.014577 2484000.119001 0.000000
607853.586007 2483995.327800 0.000000
607852.157437 2483990.536599 0.000000
607850.728867 2483985.745397 0.000000
607849.300297 2483980.954196 0.000000
607847.871727 2483976.162994 0.000000
607846.443157 2483971.371793 0.000000
607845.014587 2483966.580592 0.000000
607843.586017 2483961.789390 0.000000
607842.157447 2483956.998189 0.000000
607840.728877 2483952.206988 0.000000
607839.300307 2483947.415786 0.000000
607837.871737 2483942.624585 0.000000
607836.443167 2483937.833383 0.000000
607835.014597 2483933.042182 0.000000
607833.586027 2483928.250981 0.000000
607832.157457 2483923.459779 0.000000
607830.728887 2483918.668578 0.000000
607829.300317 2483913.877376 0.000000
607827.871747 2483909.086175 0.000000
607826.443177 2483904.294974 0.000000
607825.014607 2483899.503772 0.000000
607823.586037 2483894.712571 0.000000
607822.157467 2483889.921369 0.000000
607820.728897 2483885.130168 0.000000
607819.300327 2483880.338967 0.000000
607817.871757 2483875.547765 0.000000
607816.443187 2483870.756564 0.000000
607815.014617 2483865.965363 0.000000
607813.586046 2483861.174161 0.000000
607812.157476 2483856.382960 0.000000
607810.728906 2483851.591758 0.000000
607809.300336 2483846.800557 0.000000
607807.871766 2483842.009356 0.000000
607806.443196 2483837.218154 0.000000
607805.014626 2483832.426953 0.000000
607803.586056 2483827.635751 0.000000
607802.157486 2483822.844550 0.000000
607800.728916 2483818.053349 0.000000
607799.300346 2483813.262147 0.000000
607797.871776 2483808.470946 0.000000
607796.443206 2483803.679744 0.000000
607795.014636 2483798.888543 0.000000
607793.586066 2483794.097342 0.000000
607792.157496 2483789.306140 0.000000
607790.728926 2483784.514939 0.000000
607789.300356 2483779.723737 0.000000
607787.871786 2483774.932536 0.000000
607786.443216 2483770.141335 0.000000
607785.014646 2483765.350133 0.000000
607783.586076 2483760.558932 0.000000
607782.157506 2483755.767731 0.000000
607780.728936 2483750.976529 0.000000
607779.300366 2483746.185328 0.000000
607777.871796 2483741.394126 0.000000
607776.443226 2483736.602925 0.000000
607775.014656 2483731.811724 0.000000
607773.586086 2483727.020522 0.000000
607772.157516 2483722.229321 0.000000
607770.728946 2483717.438119 0.000000
607769.300376 2483712.646918 0.000000
607767.871806 2483707.855717 0.000000
607766.443236 2483703.064515 0.000000
607765.014666 2483698.273314 0.000000
607763.586096 2483693.482112 0.000000
607762.157526 2483688.690911 0.000000
607760.728956 2483683.899710 0.000000
607759.300386 2483679.108508 0.000000
607757.871816 2483674.317307 0.000000
607756.443246 2483669.526106 0.000000
607755.014676 2483664.734904 0.000000
607753.519940 2483659.966490 0.000000
607752.025205 2483655.198077 0.000000
607750.530470 2483650.429663 0.000000
607749.035734 2483645.661249 0.000000
607747.540999 2483640.892836 0.000000
607746.046264 2483636.124422 0.000000
607744.551528 2483631.356008 0.000000
607743.056793 2483626.587595 0.000000
607741.562058 2483621.819181 0.000000
607740.067322 2483617.050767 0.000000
607738.572587 2483612.282354 0.000000
607737.077852 2483607.513940 0.000000
607735.583117 2483602.745526 0.000000
607734.088381 2483597.977113 0.000000
607732.593646 2483593.208699 0.000000
607731.098911 2483588.440285 0.000000
607729.604175 2483583.671872 0.000000
607728.109440 2483578.903458 0.000000
607726.614705 2483574.135044 0.000000
607725.119969 2483569.366631 0.000000
607723.625234 2483564.598217 0.000000
607722.130499 2483559.829803 0.000000
607720.635763 2483555.061390 0.000000
607719.141028 2483550.292976 0.000000
607717.646293 2483545.524562 0.000000
607716.151557 2483540.756149 0.000000
607714.656822 2483535.987735 0.000000
607713.162087 2483531.219321 0.000000
607711.667351 2483526.450908 0.000000
607710.172616 2483521.682494 0.000000
607708.677881 2483516.914080 0.000000
607707.183145 2483512.145667 0.000000
607705.688410 2483507.377253 0.000000
607704.193675 2483502.608839 0.000000
607702.698939 2483497.840426 0.000000
607701.204204 2483493.072012 0.000000
607699.709469 2483488.303598 0.000000
607698.214733 2483483.535185 0.000000
607696.719998 2483478.766771 0.000000
607695.225263 2483473.998357 0.000000
607693.730527 2483469.229944 0.000000
607692.235792 2483464.461530 0.000000
607690.741057 2483459.693116 0.000000
607689.246321 2483454.924703 0.000000
607687.751586 2483450.156289 0.000000
607686.256851 2483445.387875 0.000000
607684.762115 2483440.619462 0.000000
607683.267380 2483435.851048 0.000000
607681.772645 2483431.082634 0.000000
607680.277909 2483426.314221 0.000000
607678.783174 2483421.545807 0.000000
607677.288439 2483416.777393 0.000000
607675.793703 2483412.008979 0.000000
607674.298968 2483407.240566 0.000000
607672.804233 2483402.472152 0.000000
607671.309497 2483397.703738 0.000000
607669.814762 2483392.935325 0.000000
607668.320027 2483388.166911 0.000000
607666.825291 2483383.398497 0.000000
607665.330556 2483378.630084 0.000000
607663.835821 2483373.861670 0.000000
607662.341085 2483369.093256 0.000000
607660.846350 2483364.324843 0.000000
607659.351615 2483359.556429 0.000000
607657.856879 2483354.788015 0.000000
607656.362144 2483350.019602 0.000000
607654.867409 2483345.251188 0.000000
607653.372674 2483340.482774 0.000000
607651.877938 2483335.714361 0.000000
607650.383203 2483330.945947 0.000000
607648.888468 2483326.177533 0.000000
607647.393732 2483321.409120 0.000000
607645.898997 2483316.640706 0.000000
607644.404262 2483311.872292 0.000000
607642.909526 2483307.103879 0.000000
607641.414791 2483302.335465 0.000000
607639.920056 2483297.567051 0.000000
607638.425320 2483292.798638 0.000000
607636.930585 2483288.030224 0.000000
607635.435850 2483283.261810 0.000000
607633.941114 2483278.493397 0.000000
607632.446379 2483273.724983 0.000000
607630.951644 2483268.956569 0.000000
607629.456908 2483264.188156 0.000000
607627.962173 2483259.419742 0.000000
607626.467438 2483254.651328 0.000000
607624.972702 2483249.882915 0.000000
607623.477967 2483245.114501 0.000000
607621.983232 2483240.346087 0.000000
607620.488496 2483235.577674 0.000000
607618.993761 2483230.809260 0.000000
607617.499026 2483226.040846 0.000000
607616.004290 2483221.272433 0.000000
607614.509555 2483216.504019 0.000000
607613.014820 2483211.735605 0.000000
607611.681488 2483206.926089 0.000000
607610.348156 2483202.116572 0.000000
607609.014823 2483197.307056 0.000000
607607.681491 2483192.497540 0.000000
607606.348159 2483187.688023 0.000000
607605.014827 2483182.878507 0.000000
607603.681495 2483178.068991 0.000000
607602.348163 2483173.259474 0.000000
607601.014831 2483168.449958 0.000000
607599.681499 2483163.640441 0.000000
607598.348167 2483158.830925 0.000000
607597.014835 2483154.021409 0.000000
607595.681503 2483149.211892 0.000000
607594.348171 2483144.402376 0.000000
607593.014839 2483139.592859 0.000000
607591.681507 2483134.783343 0.000000
607590.348175 2483129.973827 0.000000
607589.014843 2483125.164310 0.000000
607587.681510 2483120.354794 0.000000
607586.348178 2483115.545277 0.000000
607585.014846 2483110.735761 0.000000
607583.681514 2483105.926245 0.000000
607582.348182 2483101.116728 0.000000
607581.014850 2483096.307212 0.000000
607579.681518 2483091.497696 0.000000
607578.348186 2483086.688179 0.000000
607577.014854 2483081.878663 0.000000
607575.681522 2483077.069146 0.000000
607574.348190 2483072.259630 0.000000
607573.014858 2483067.450114 0.000000
607571.681526 2483062.640597 0.000000
607570.348194 2483057.831081 0.000000
607569.014862 2483053.021564 0.000000
607567.681529 2483048.212048 0.000000
607566.348197 2483043.402532 0.000000
607565.014865 2483038.593015 0.000000
607563.681533 2483033.783499 0.000000
607562.348201 2483028.973982 0.000000
607561.014869 2483024.164466 0.000000
607559.681537 2483019.354950 0.000000
607558.348205 2483014.545433 0.000000
607557.014873 2483009.735917 0.000000
607555.848207 2483004.835924 0.000000
607554.681542 2482999.935932 0.000000
607553.514876 2482995.035939 0.000000
607552.348210 2482990.135947 0.000000
607551.181545 2482985.235955 0.000000
607550.014879 2482980.335962 0.000000
607548.848213 2482975.435970 0.000000
607547.681548 2482970.535977 0.000000
607546.514882 2482965.635985 0.000000
607545.348216 2482960.735992 0.000000
607544.181551 2482955.836000 0.000000
607543.014885 2482950.936007 0.000000
607541.848219 2482946.036015 0.000000
607540.681554 2482941.136022 0.000000
607539.514888 2482936.236030 0.000000
607538.348222 2482931.336037 0.000000
607537.181557 2482926.436045 0.000000
607536.014891 2482921.536052 0.000000
607534.848225 2482916.636060 0.000000
607533.681560 2482911.736068 0.000000
607532.514894 2482906.836075 0.000000
607531.348228 2482901.936083 0.000000
607530.181563 2482897.036090 0.000000
607529.014897 2482892.136098 0.000000
607527.848231 2482887.236105 0.000000
607526.681566 2482882.336113 0.000000
607525.514900 2482877.436120 0.000000
607524.348234 2482872.536128 0.000000
607523.181569 2482867.636135 0.000000
607522.014903 2482862.736143 0.000000
607520.982646 2482857.832925 0.000000
607519.950389 2482852.929706 0.000000
607518.918131 2482848.026488 0.000000
607517.885874 2482843.123270 0.000000
607516.853617 2482838.220051 0.000000
607515.821360 2482833.316833 0.000000
607514.789102 2482828.413615 0.000000
607513.756845 2482823.510397 0.000000
607512.724588 2482818.607178 0.000000
607511.692331 2482813.703960 0.000000
607510.660073 2482808.800742 0.000000
607509.627816 2482803.897523 0.000000
607508.595559 2482798.994305 0.000000
607507.563302 2482794.091087 0.000000
607506.531044 2482789.187869 0.000000
607505.498787 2482784.284650 0.000000
607504.466530 2482779.381432 0.000000
607503.434273 2482774.478214 0.000000
607502.402015 2482769.574995 0.000000
607501.369758 2482764.671777 0.000000
607500.337501 2482759.768559 0.000000
607499.305243 2482754.865340 0.000000
607498.272986 2482749.962122 0.000000
607497.240729 2482745.058904 0.000000
607496.208472 2482740.155686 0.000000
607495.176214 2482735.252467 0.000000
607494.143957 2482730.349249 0.000000
607493.111700 2482725.446031 0.000000
607492.079443 2482720.542812 0.000000
607491.047185 2482715.639594 0.000000
607490.014928 2482710.736376 0.000000
607489.185141 2482705.778937 0.000000
607488.355355 2482700.821497 0.000000
607487.525568 2482695.864058 0.000000
607486.695781 2482690.906619 0.000000
607485.865994 2482685.949180 0.000000
607485.036208 2482680.991740 0.000000
607484.206421 2482676.034301 0.000000
607483.376634 2482671.076862 0.000000
607482.546848 2482666.119423 0.000000
607481.717061 2482661.161984 0.000000
607480.887274 2482656.204544 0.000000
607480.057487 2482651.247105 0.000000
607479.227701 2482646.289666 0.000000
607478.397914 2482641.332227 0.000000
607477.568127 2482636.374787 0.000000
607476.738340 2482631.417348 0.000000
607475.908554 2482626.459909 0.000000
607475.078767 2482621.502470 0.000000
607474.248980 2482616.545030 0.000000
607473.419193 2482611.587591 0.000000
607472.589407 2482606.630152 0.000000
607471.759620 2482601.672713 0.000000
607470.929833 2482596.715273 0.000000
607470.100046 2482591.757834 0.000000
607469.270260 2482586.800395 0.000000
607468.440473 2482581.842956 0.000000
607467.610686 2482576.885516 0.000000
607466.780900 2482571.928077 0.000000
607465.951113 2482566.970638 0.000000
607465.121326 2482562.013199 0.000000
607464.291539 2482557.055759 0.000000
607463.461753 2482552.098320 0.000000
607462.631966 2482547.140881 0.000000
607461.802179 2482542.183442 0.000000
607460.972392 2482537.226003 0.000000
607460.142606 2482532.268563 0.000000
607459.312819 2482527.311124 0.000000
607458.483032 2482522.353685 0.000000
607457.653245 2482517.396246 0.000000
607456.823459 2482512.438806 0.000000
607455.993672 2482507.481367 0.000000
607455.163885 2482502.523928 0.000000
607454.334098 2482497.566489 0.000000
607453.504312 2482492.609049 0.000000
607452.674525 2482487.651610 0.000000
607451.844738 2482482.694171 0.000000
607451.014952 2482477.736732 0.000000
607450.456812 2482472.783251 0.000000
607449.898673 2482467.829770 0.000000
607449.340533 2482462.876289 0.000000
607448.782394 2482457.922808 0.000000
607448.224254 2482452.969327 0.000000
607447.666115 2482448.015847 0.000000
607447.107975 2482443.062366 0.000000
607446.549836 2482438.108885 0.000000
607445.991697 2482433.155404 0.000000
607445.433557 2482428.201923 0.000000
607444.875418 2482423.248442 0.000000
607444.317278 2482418.294962 0.000000
607443.759139 2482413.341481 0.000000
607443.200999 2482408.388000 0.000000
607442.642860 2482403.434519 0.000000
607442.084720 2482398.481038 0.000000
607441.526581 2482393.527557 0.000000
607440.968442 2482388.574076 0.000000
607440.410302 2482383.620596 0.000000
607439.852163 2482378.667115 0.000000
607439.294023 2482373.713634 0.000000
607438.735884 2482368.760153 0.000000
607438.177744 2482363.806672 0.000000
607437.619605 2482358.853191 0.000000
607437.061465 2482353.899711 0.000000
607436.503326 2482348.946230 0.000000
607435.945187 2482343.992749 0.000000
607435.387047 2482339.039268 0.000000
607434.828908 2482334.085787 0.000000
607434.270768 2482329.132306 0.000000
607433.712629 2482324.178825 0.000000
607433.154489 2482319.225345 0.000000
607432.596350 2482314.271864 0.000000
607432.038210 2482309.318383 0.000000
607431.480071 2482304.364902 0.000000
607430.921932 2482299.411421 0.000000
607430.363792 2482294.457940 0.000000
607429.805653 2482289.504459 0.000000
607429.247513 2482284.550979 0.000000
607428.689374 2482279.597498 0.000000
607428.131234 2482274.644017 0.000000
607427.573095 2482269.690536 0.000000
607427.014955 2482264.737055 0.000000
607426.170512 2482259.803729 0.000000
607425.326068 2482254.870404 0.000000
607424.481624 2482249.937078 0.000000
607423.637180 2482245.003752 0.000000
607422.792736 2482240.070426 0.000000
607421.948292 2482235.137100 0.000000
607421.103848 2482230.203775 0.000000
607420.259404 2482225.270449 0.000000
607419.414960 2482220.337123 0.000000
607418.570516 2482215.403797 0.000000
607417.726072 2482210.470472 0.000000
607416.881628 2482205.537146 0.000000
607416.037184 2482200.603820 0.000000
607415.192741 2482195.670494 0.000000
607414.348297 2482190.737168 0.000000
607413.503853 2482185.803843 0.000000
607412.659409 2482180.870517 0.000000
607411.814965 2482175.937191 0.000000
607410.970521 2482171.003865 0.000000
607410.126077 2482166.070539 0.000000
607409.281633 2482161.137214 0.000000
607408.437189 2482156.203888 0.000000
607407.592745 2482151.270562 0.000000
607406.748301 2482146.337236 0.000000
607405.903857 2482141.403910 0.000000
607405.059413 2482136.470585 0.000000
607404.214970 2482131.537259 0.000000
607403.370526 2482126.603933 0.000000
607402.526082 2482121.670607 0.000000
607401.681638 2482116.737281 0.000000
607400.837194 2482111.803956 0.000000
607399.992750 2482106.870630 0.000000
607399.148306 2482101.937304 0.000000
607398.303862 2482097.003978 0.000000
607397.459418 2482092.070652 0.000000
607396.614974 2482087.137327 0.000000
607395.770530 2482082.204001 0.000000
607394.926086 2482077.270675 0.000000
607394.081643 2482072.337349 0.000000
607393.237199 2482067.404023 0.000000
607392.392755 2482062.470698 0.000000
607391.548311 2482057.537372 0.000000
607390.703867 2482052.604046 0.000000
607389.859423 2482047.670720 0.000000
607389.014979 2482042.737395 0.000000
607387.888219 2482037.835994 0.000000
607386.761460 2482032.934593 0.000000
607385.634700 2482028.033192 0.000000
607384.507941 2482023.131791 0.000000
607383.381181 2482018.230390 0.000000
607382.254421 2482013.328989 0.000000
607381.127662 2482008.427588 0.000000
607380.000902 2482003.526187 0.000000
607378.874142 2481998.624786 0.000000
607377.747383 2481993.723385 0.000000
607376.620623 2481988.821984 0.000000
607375.493864 2481983.920584 0.000000
607374.367104 2481979.019183 0.000000
607373.240344 2481974.117782 0.000000
607372.113585 2481969.216381 0.000000
607370.986825 2481964.314980 0.000000
607369.860066 2481959.413579 0.000000
607368.733306 2481954.512178 0.000000
607367.606546 2481949.610777 0.000000
607366.479787 2481944.709376 0.000000
607365.353027 2481939.807975 0.000000
607364.226267 2481934.906574 0.000000
607363.099508 2481930.005173 0.000000
607361.972748 2481925.103773 0.000000
607360.845989 2481920.202372 0.000000
607359.719229 2481915.300971 0.000000
607358.592469 2481910.399570 0.000000
607357.465710 2481905.498169 0.000000
607356.338950 2481900.596768 0.000000
607355.212191 2481895.695367 0.000000
607354.085431 2481890.793966 0.000000
607352.958671 2481885.892565 0.000000
607351.831912 2481880.991164 0.000000
607350.705152 2481876.089763 0.000000
607349.578393 2481871.188362 0.000000
607348.451633 2481866.286962 0.000000
607347.324873 2481861.385561 0.000000
607346.198114 2481856.484160 0.000000
607345.071354 2481851.582759 0.000000
607343.944594 2481846.681358 0.000000
607342.817835 2481841.779957 0.000000
607341.691075 2481836.878556 0.000000
607340.564316 2481831.977155 0.000000
607339.437556 2481827.075754 0.000000
607338.310796 2481822.174353 0.000000
607337.184037 2481817.272952 0.000000
607336.057277 2481812.371552 0.000000
607334.930518 2481807.470151 0.000000
607333.803758 2481802.568750 0.000000
607332.676998 2481797.667349 0.000000
607331.550239 2481792.765948 0.000000
607330.423479 2481787.864547 0.000000
607329.296719 2481782.963146 0.000000
607328.169960 2481778.061745 0.000000
607327.043200 2481773.160344 0.000000
607325.916441 2481768.258943 0.000000
607324.789681 2481763.357542 0.000000
607323.662921 2481758.456141 0.000000
607322.536162 2481753.554741 0.000000
607321.409402 2481748.653340 0.000000
607320.282643 2481743.751939 0.000000
607319.155883 2481738.850538 0.000000
607318.029123 2481733.949137 0.000000
607316.902364 2481729.047736 0.000000
607315.775604 2481724.146335 0.000000
607314.648844 2481719.244934 0.000000
607313.522085 2481714.343533 0.000000
607312.395325 2481709.442132 0.000000
607311.268566 2481704.540731 0.000000
607310.141806 2481699.639330 0.000000
607309.015046 2481694.737930 0.000000
607307.795048 2481689.877937 0.000000
607306.575049 2481685.017945 0.000000
607305.355050 2481680.157952 0.000000
607304.135051 2481675.297959 0.000000
607302.915052 2481670.437967 0.000000
607301.695053 2481665.577974 0.000000
607300.475054 2481660.717982 0.000000
607299.255055 2481655.857989 0.000000
607298.035056 2481650.997997 0.000000
607296.815057 2481646.138004 0.000000
607295.595058 2481641.278012 0.000000
607294.375060 2481636.418019 0.000000
607293.155061 2481631.558027 0.000000
607291.935062 2481626.698034 0.000000
607290.715063 2481621.838042 0.000000
607289.495064 2481616.978049 0.000000
607288.275065 2481612.118057 0.000000
607287.055066 2481607.258064 0.000000
607285.835067 2481602.398072 0.000000
607284.615068 2481597.538079 0.000000
607283.395069 2481592.678087 0.000000
607282.175071 2481587.818094 0.000000
607280.955072 2481582.958102 0.000000
607279.735073 2481578.098109 0.000000
607278.515074 2481573.238117 0.000000
607277.295075 2481568.378124 0.000000
607276.075076 2481563.518132 0.000000
607274.855077 2481558.658139 0.000000
607273.635078 2481553.798147 0.000000
607272.415079 2481548.938154 0.000000
607271.195080 2481544.078162 0.000000
607269.975081 2481539.218169 0.000000
607268.755083 2481534.358177 0.000000
607267.535084 2481529.498184 0.000000
607266.315085 2481524.638192 0.000000
607265.095086 2481519.778199 0.000000
607263.875087 2481514.918207 0.000000
607262.655088 2481510.058214 0.000000
607261.435089 2481505.198222 0.000000
607260.215090 2481500.338229 0.000000
607258.995091 2481495.478237 0.000000
607257.775092 2481490.618244 0.000000
607256.555094 2481485.758252 0.000000
607255.335095 2481480.898259 0.000000
607254.115096 2481476.038267 0.000000
607252.895097 2481471.178274 0.000000
607251.675098 2481466.318282 0.000000
607250.455099 2481461.458289 0.000000
607249.235100 2481456.598296 0.000000
607248.015101 2481451.738304 0.000000
607247.015102 2481446.800812 0.000000
607246.015103 2481441.863319 0.000000
607245.015103 2481436.925827 0.000000
607244.015104 2481431.988334 0.000000
607243.015105 2481427.050842 0.000000
607242.015106 2481422.113349 0.000000
607241.015107 2481417.175857 0.000000
607240.015107 2481412.238365 0.000000
607239.015108 2481407.300872 0.000000
607238.015109 2481402.363380 0.000000
607237.015110 2481397.425887 0.000000
607236.015110 2481392.488395 0.000000
607235.015111 2481387.550902 0.000000
607234.015112 2481382.613410 0.000000
607233.015113 2481377.675918 0.000000
607232.015113 2481372.738425 0.000000
607231.502293 2481367.738433 0.000000
607230.989472 2481362.738440 0.000000
607230.476652 2481357.738448 0.000000
607229.963831 2481352.738456 0.000000
607229.451011 2481347.738463 0.000000
607228.938190 2481342.738471 0.000000
607228.425370 2481337.738478 0.000000
607227.912549 2481332.738486 0.000000
607227.399729 2481327.738494 0.000000
607226.886908 2481322.738501 0.000000
607226.374088 2481317.738509 0.000000
607225.861267 2481312.738516 0.000000
607225.348447 2481307.738524 0.000000
607224.835626 2481302.738532 0.000000
607224.322806 2481297.738539 0.000000
607223.809985 2481292.738547 0.000000
607223.297165 2481287.738554 0.000000
607222.784344 2481282.738562 0.000000
607222.271524 2481277.738569 0.000000
607221.758703 2481272.738577 0.000000
607221.245883 2481267.738585 0.000000
607220.733062 2481262.738592 0.000000
607220.220242 2481257.738600 0.000000
607219.707421 2481252.738607 0.000000
607219.194601 2481247.738615 0.000000
607218.681780 2481242.738623 0.000000
607218.168960 2481237.738630 0.000000
607217.656139 2481232.738638 0.000000
607217.143319 2481227.738645 0.000000
607216.630498 2481222.738653 0.000000
607216.117678 2481217.738661 0.000000
607215.604858 2481212.738668 0.000000
607215.092037 2481207.738676 0.000000
607214.579217 2481202.738683 0.000000
607214.066396 2481197.738691 0.000000
607213.553576 2481192.738699 0.000000
607213.040755 2481187.738706 0.000000
607212.527935 2481182.738714 0.000000
607212.015114 2481177.738721 0.000000
607211.897466 2481172.738729 0.000000
607211.779819 2481167.738736 0.000000
607211.662171 2481162.738744 0.000000
607211.544524 2481157.738752 0.000000
607211.426876 2481152.738759 0.000000
607211.309228 2481147.738767 0.000000
607211.191581 2481142.738774 0.000000
607211.073933 2481137.738782 0.000000
607210.956285 2481132.738789 0.000000
607210.838638 2481127.738797 0.000000
607210.720990 2481122.738804 0.000000
607210.603342 2481117.738812 0.000000
607210.485695 2481112.738819 0.000000
607210.368047 2481107.738827 0.000000
607210.250400 2481102.738834 0.000000
607210.132752 2481097.738842 0.000000
607210.015104 2481092.738850 0.000000
607209.897457 2481087.738857 0.000000
607209.779809 2481082.738865 0.000000
607209.662161 2481077.738872 0.000000
607209.544514 2481072.738880 0.000000
607209.426866 2481067.738887 0.000000
607209.309219 2481062.738895 0.000000
607209.191571 2481057.738902 0.000000
607209.073923 2481052.738910 0.000000
607208.956276 2481047.738917 0.000000
607208.838628 2481042.738925 0.000000
607208.720980 2481037.738932 0.000000
607208.603333 2481032.738940 0.000000
607208.485685 2481027.738948 0.000000
607208.368038 2481022.738955 0.000000
607208.250390 2481017.738963 0.000000
607208.132742 2481012.738970 0.000000
607208.015095 2481007.738978 0.000000
607207.897447 2481002.738985 0.000000
607207.779799 2480997.738993 0.000000
607207.662152 2480992.739000 0.000000
607207.544504 2480987.739008 0.000000
607207.426856 2480982.739015 0.000000
607207.309209 2480977.739023 0.000000
607207.191561 2480972.739030 0.000000
607207.073914 2480967.739038 0.000000
607206.956266 2480962.739046 0.000000
607206.838618 2480957.739053 0.000000
607206.720971 2480952.739061 0.000000
607206.603323 2480947.739068 0.000000
607206.485675 2480942.739076 0.000000
607206.368028 2480937.739083 0.000000
607206.250380 2480932.739091 0.000000
607206.132733 2480927.739098 0.000000
607206.015085 2480922.739106 0.000000
607206.424722 2480917.727065 0.000000
607206.834359 2480912.715024 0.000000
607207.243996 2480907.702984 0.000000
607207.653634 2480902.690943 0.000000
607208.063271 2480897.678902 0.000000
607208.472908 2480892.666862 0.000000
607208.882545 2480887.654821 0.000000
607209.292182 2480882.642780 0.000000
607209.701820 2480877.630739 0.000000
607210.111457 2480872.618699 0.000000
607210.521094 2480867.606658 0.000000
607210.930731 2480862.594617 0.000000
607211.340368 2480857.582577 0.000000
607211.750006 2480852.570536 0.000000
607212.159643 2480847.558495 0.000000
607212.569280 2480842.546454 0.000000
607212.978917 2480837.534414 0.000000
607213.388554 2480832.522373 0.000000
607213.798192 2480827.510332 0.000000
607214.207829 2480822.498292 0.000000
607214.617466 2480817.486251 0.000000
607215.027103 2480812.474210 0.000000
607215.436740 2480807.462169 0.000000
607215.846377 2480802.450129 0.000000
607216.256015 2480797.438088 0.000000
607216.665652 2480792.426047 0.000000
607217.075289 2480787.414007 0.000000
607217.484926 2480782.401966 0.000000
607217.894563 2480777.389925 0.000000
607218.304201 2480772.377884 0.000000
607218.713838 2480767.365844 0.000000
607219.123475 2480762.353803 0.000000
607219.533112 2480757.341762 0.000000
607219.942749 2480752.329722 0.000000
607220.352387 2480747.317681 0.000000
607220.762024 2480742.305640 0.000000
607221.171661 2480737.293600 0.000000
607221.581298 2480732.281559 0.000000
607221.990935 2480727.269518 0.000000
607222.400573 2480722.257477 0.000000
607222.810210 2480717.245437 0.000000
607223.219847 2480712.233396 0.000000
607223.629484 2480707.221355 0.000000
607224.039121 2480702.209315 0.000000
607224.448759 2480697.197274 0.000000
607224.858396 2480692.185233 0.000000
607225.268033 2480687.173192 0.000000
607225.677670 2480682.161152 0.000000
607226.087307 2480677.149111 0.000000
607226.496944 2480672.137070 0.000000
607226.906582 2480667.125030 0.000000
607227.316219 2480662.112989 0.000000
607227.725856 2480657.100948 0.000000
607228.135493 2480652.088907 0.000000
607228.545130 2480647.076867 0.000000
607228.954768 2480642.064826 0.000000
607229.364405 2480637.052785 0.000000
607229.774042 2480632.040745 0.000000
607230.183679 2480627.028704 0.000000
607230.593316 2480622.016663 0.000000
607231.002954 2480617.004622 0.000000
607231.412591 2480611.992582 0.000000
607231.822228 2480606.980541 0.000000
607232.231865 2480601.968500 0.000000
607232.641502 2480596.956460 0.000000
607233.051140 2480591.944419 0.000000
607233.460777 2480586.932378 0.000000
607233.870414 2480581.920337 0.000000
607234.280051 2480576.908297 0.000000
607234.689688 2480571.896256 0.000000
607235.099326 2480566.884215 0.000000
607235.508963 2480561.872175 0.000000
607235.918600 2480556.860134 0.000000
607236.328237 2480551.848093 0.000000
607236.737874 2480546.836052 0.000000
607237.147511 2480541.824012 0.000000
607237.557149 2480536.811971 0.000000
607237.966786 2480531.799930 0.000000
607238.376423 2480526.787890 0.000000
607238.786060 2480521.775849 0.000000
607239.195697 2480516.763808 0.000000
607239.605335 2480511.751767 0.000000
607240.014972 2480506.739727 0.000000
607239.939971 2480501.739734 0.000000
607239.864971 2480496.739742 0.000000
607239.789970 2480491.739749 0.000000
607239.714969 2480486.739757 0.000000
607239.639969 2480481.739764 0.000000
607239.564968 2480476.739772 0.000000
607239.489967 2480471.739779 0.000000
607239.414967 2480466.739787 0.000000
607239.339966 2480461.739795 0.000000
607239.264965 2480456.739802 0.000000
607239.189965 2480451.739810 0.000000
607239.114964 2480446.739817 0.000000
607239.039964 2480441.739825 0.000000
607238.964963 2480436.739832 0.000000
607238.889962 2480431.739840 0.000000
607238.814962 2480426.739847 0.000000
607238.739961 2480421.739855 0.000000
607238.664960 2480416.739862 0.000000
607238.589960 2480411.739870 0.000000
607238.514959 2480406.739877 0.000000
607238.439958 2480401.739885 0.000000
607238.364958 2480396.739893 0.000000
607238.289957 2480391.739900 0.000000
607238.214957 2480386.739908 0.000000
607238.139956 2480381.739915 0.000000
607238.064955 2480376.739923 0.000000
607237.989955 2480371.739930 0.000000
607237.914954 2480366.739938 0.000000
607237.839953 2480361.739945 0.000000
607237.764953 2480356.739953 0.000000
607237.689952 2480351.739960 0.000000
607237.614951 2480346.739968 0.000000
607237.539951 2480341.739975 0.000000
607237.464950 2480336.739983 0.000000
607237.389950 2480331.739991 0.000000
607237.314949 2480326.739998 0.000000
607237.239948 2480321.740006 0.000000
607237.164948 2480316.740013 0.000000
607237.089947 2480311.740021 0.000000
607237.014946 2480306.740028 0.000000
607237.443516 2480301.787655 0.000000
607237.872086 2480296.835281 0.000000
607238.300657 2480291.882908 0.000000
607238.729227 2480286.930534 0.000000
607239.157797 2480281.978160 0.000000
607239.586367 2480277.025787 0.000000
607240.014937 2480272.073413 0.000000
607240.443507 2480267.121040 0.000000
607240.872077 2480262.168666 0.000000
607241.300647 2480257.216293 0.000000
607241.729217 2480252.263919 0.000000
607242.157787 2480247.311545 0.000000
607242.586357 2480242.359172 0.000000
607243.014927 2480237.406798 0.000000
607243.443497 2480232.454425 0.000000
607243.872067 2480227.502051 0.000000
607244.300637 2480222.549678 0.000000
607244.729207 2480217.597304 0.000000
607245.157777 2480212.644931 0.000000
607245.586347 2480207.692557 0.000000
607246.014917 2480202.740183 0.000000
607245.334918 2480197.780191 0.000000
607244.654918 2480192.820199 0.000000
607243.974918 2480187.860206 0.000000
607243.294918 2480182.900214 0.000000
607242.614919 2480177.940221 0.000000
607241.934919 2480172.980229 0.000000
607241.254919 2480168.020236 0.000000
607240.574920 2480163.060244 0.000000
607239.894920 2480158.100252 0.000000
607239.214920 2480153.140259 0.000000
607238.534920 2480148.180267 0.000000
607237.854921 2480143.220274 0.000000
607237.174921 2480138.260282 0.000000
607236.494921 2480133.300289 0.000000
607235.814921 2480128.340297 0.000000
607235.134922 2480123.380305 0.000000
607234.454922 2480118.420312 0.000000
607233.774922 2480113.460320 0.000000
607233.094923 2480108.500327 0.000000
607232.414923 2480103.540335 0.000000
607231.734923 2480098.580342 0.000000
607231.054923 2480093.620350 0.000000
607230.374924 2480088.660357 0.000000
607229.694924 2480083.700365 0.000000
607229.014924 2480078.740373 0.000000
607228.334924 2480073.780380 0.000000
607227.654925 2480068.820388 0.000000
607226.974925 2480063.860395 0.000000
607226.294925 2480058.900403 0.000000
607225.614926 2480053.940410 0.000000
607224.934926 2480048.980418 0.000000
607224.254926 2480044.020426 0.000000
607223.574926 2480039.060433 0.000000
607222.894927 2480034.100441 0.000000
607222.214927 2480029.140448 0.000000
607221.534927 2480024.180456 0.000000
607220.854928 2480019.220463 0.000000
607220.174928 2480014.260471 0.000000
607219.494928 2480009.300479 0.000000
607218.814928 2480004.340486 0.000000
607218.134929 2479999.380494 0.000000
607217.454929 2479994.420501 0.000000
607216.774929 2479989.460509 0.000000
607216.094929 2479984.500516 0.000000
607215.414930 2479979.540524 0.000000
607214.734930 2479974.580532 0.000000
607214.054930 2479969.620539 0.000000
607213.374931 2479964.660547 0.000000
607212.694931 2479959.700554 0.000000
607212.014931 2479954.740562 0.000000
