FFASCI 0 1 "LINES" 0 1e+10
FFATTR 0 1
->1
615694.007534 2513171.690031 0.000000
615694.451977 2513166.702384 0.000000
615694.896420 2513161.714737 0.000000
615695.340864 2513156.727090 0.000000
615695.785307 2513151.739443 0.000000
615696.229750 2513146.751796 0.000000
615696.674193 2513141.764149 0.000000
615697.118636 2513136.776502 0.000000
615697.563079 2513131.788855 0.000000
615698.007522 2513126.801207 0.000000
615698.451965 2513121.813560 0.000000
615698.896408 2513116.825913 0.000000
615699.340851 2513111.838266 0.000000
615699.785294 2513106.850619 0.000000
615700.229737 2513101.862972 0.000000
615700.674180 2513096.875325 0.000000
615701.118623 2513091.887678 0.000000
615701.563066 2513086.900030 0.000000
615702.007509 2513081.912383 0.000000
615702.451952 2513076.924736 0.000000
615702.896395 2513071.937089 0.000000
615703.340838 2513066.949442 0.000000
615703.785281 2513061.961795 0.000000
615704.229724 2513056.974148 0.000000
615704.674167 2513051.986501 0.000000
615705.118610 2513046.998854 0.000000
615705.563053 2513042.011206 0.000000
615706.007496 2513037.023559 0.000000
615706.451939 2513032.035912 0.000000
615706.896382 2513027.048265 0.000000
615707.340825 2513022.060618 0.000000
615707.785268 2513017.072971 0.000000
615708.229711 2513012.085324 0.000000
615708.674154 2513007.097677 0.000000
615709.118597 2513002.110030 0.000000
615709.563040 2512997.122382 0.000000
615710.007483 2512992.134735 0.000000
615710.451926 2512987.147088 0.000000
615710.896369 2512982.159441 0.000000
615711.340812 2512977.171794 0.000000
615711.785255 2512972.184147 0.000000
615712.229698 2512967.196500 0.000000
615712.674141 2512962.208853 0.000000
615713.118584 2512957.221206 0.000000
615713.563027 2512952.233558 0.000000
615714.007470 2512947.245911 0.000000
615714.451913 2512942.258264 0.000000
615714.896356 2512937.270617 0.000000
615715.340799 2512932.282970 0.000000
615715.785242 2512927.295323 0.000000
615716.229685 2512922.307676 0.000000
615716.674128 2512917.320029 0.000000
615717.118571 2512912.332381 0.000000
615717.563014 2512907.344734 0.000000
615718.007457 2512902.357087 0.000000
615718.451900 2512897.369440 0.000000
615718.896343 2512892.381793 0.000000
615719.340786 2512887.394146 0.000000
615719.785229 2512882.406499 0.000000
615720.229672 2512877.418852 0.000000
615720.674115 2512872.431205 0.000000
615721.118558 2512867.443557 0.000000
615721.563001 2512862.455910 0.000000
615722.007444 2512857.468263 0.000000
615722.451887 2512852.480616 0.000000
615722.896331 2512847.492969 0.000000
615723.340774 2512842.505322 0.000000
615723.785217 2512837.517675 0.000000
615724.229660 2512832.530028 0.000000
615724.674103 2512827.542381 0.000000
615725.118546 2512822.554733 0.000000
615725.562989 2512817.567086 0.000000
615726.007432 2512812.579439 0.000000
615726.451875 2512807.591792 0.000000
615726.896318 2512802.604145 0.000000
615727.340761 2512797.616498 0.000000
615727.785204 2512792.628851 0.000000
615728.229647 2512787.641204 0.000000
615728.674090 2512782.653557 0.000000
615729.118533 2512777.665909 0.000000
615729.562976 2512772.678262 0.000000
615730.007419 2512767.690615 0.000000
615730.315110 2512762.690622 0.000000
615730.622801 2512757.690630 0.000000
615730.930492 2512752.690637 0.000000
615731.238183 2512747.690644 0.000000
615731.545874 2512742.690651 0.000000
615731.853565 2512737.690659 0.000000
615732.161256 2512732.690666 0.000000
615732.468947 2512727.690673 0.000000
615732.776638 2512722.690680 0.000000
615733.084330 2512717.690688 0.000000
615733.392021 2512712.690695 0.000000
615733.699712 2512707.690702 0.000000
615734.007403 2512702.690709 0.000000
615734.315094 2512697.690717 0.000000
615734.622785 2512692.690724 0.000000
615734.930476 2512687.690731 0.000000
615735.238167 2512682.690738 0.000000
615735.545858 2512677.690746 0.000000
615735.853549 2512672.690753 0.000000
615736.161240 2512667.690760 0.000000
615736.468931 2512662.690767 0.000000
615736.776622 2512657.690775 0.000000
615737.084313 2512652.690782 0.000000
615737.392005 2512647.690789 0.000000
615737.699696 2512642.690796 0.000000
615738.007387 2512637.690804 0.000000
615738.315078 2512632.690811 0.000000
615738.622769 2512627.690818 0.000000
615738.930460 2512622.690825 0.000000
615739.238151 2512617.690833 0.000000
615739.545842 2512612.690840 0.000000
615739.853533 2512607.690847 0.000000
615740.161224 2512602.690854 0.000000
615740.468915 2512597.690862 0.000000
615740.776606 2512592.690869 0.000000
615741.084297 2512587.690876 0.000000
615741.391989 2512582.690883 0.000000
615741.699680 2512577.690891 0.000000
615742.007371 2512572.690898 0.000000
615742.044407 2512567.690905 0.000000
615742.081443 2512562.690912 0.000000
615742.118479 2512557.690920 0.000000
615742.155515 2512552.690927 0.000000
615742.192552 2512547.690934 0.000000
615742.229588 2512542.690942 0.000000
615742.266624 2512537.690949 0.000000
615742.303660 2512532.690956 0.000000
615742.340696 2512527.690963 0.000000
615742.377733 2512522.690971 0.000000
615742.414769 2512517.690978 0.000000
615742.451805 2512512.690985 0.000000
615742.488841 2512507.690993 0.000000
615742.525877 2512502.691000 0.000000
615742.562914 2512497.691007 0.000000
615742.599950 2512492.691015 0.000000
615742.636986 2512487.691022 0.000000
615742.674022 2512482.691029 0.000000
615742.711058 2512477.691036 0.000000
615742.748095 2512472.691044 0.000000
615742.785131 2512467.691051 0.000000
615742.822167 2512462.691058 0.000000
615742.859203 2512457.691066 0.000000
615742.896239 2512452.691073 0.000000
615742.933276 2512447.691080 0.000000
615742.970312 2512442.691087 0.000000
615743.007348 2512437.691095 0.000000
615742.746478 2512432.691102 0.000000
615742.485608 2512427.691109 0.000000
615742.224738 2512422.691117 0.000000
615741.963868 2512417.691124 0.000000
615741.702998 2512412.691131 0.000000
615741.442128 2512407.691139 0.000000
615741.181258 2512402.691146 0.000000
615740.920388 2512397.691153 0.000000
615740.659518 2512392.691161 0.000000
615740.398648 2512387.691168 0.000000
615740.137778 2512382.691175 0.000000
615739.876908 2512377.691183 0.000000
615739.616038 2512372.691190 0.000000
615739.355168 2512367.691197 0.000000
615739.094298 2512362.691205 0.000000
615738.833428 2512357.691212 0.000000
615738.572558 2512352.691220 0.000000
615738.311688 2512347.691227 0.000000
615738.050819 2512342.691234 0.000000
615737.789949 2512337.691242 0.000000
615737.529079 2512332.691249 0.000000
615737.268209 2512327.691256 0.000000
615737.007339 2512322.691264 0.000000
615736.402076 2512317.717587 0.000000
615735.796813 2512312.743910 0.000000
615735.191549 2512307.770233 0.000000
615734.586286 2512302.796556 0.000000
615733.981023 2512297.822879 0.000000
615733.375760 2512292.849202 0.000000
615732.770497 2512287.875526 0.000000
615732.165234 2512282.901849 0.000000
615731.559971 2512277.928172 0.000000
615730.954708 2512272.954495 0.000000
615730.349445 2512267.980818 0.000000
615729.744182 2512263.007141 0.000000
615729.138919 2512258.033464 0.000000
615728.533656 2512253.059788 0.000000
615727.928393 2512248.086111 0.000000
615727.323130 2512243.112434 0.000000
615726.717867 2512238.138757 0.000000
615726.112604 2512233.165080 0.000000
615725.507340 2512228.191403 0.000000
615724.902077 2512223.217726 0.000000
615724.296814 2512218.244050 0.000000
615723.691551 2512213.270373 0.000000
615723.086288 2512208.296696 0.000000
615722.481025 2512203.323019 0.000000
615721.875762 2512198.349342 0.000000
615721.270499 2512193.375665 0.000000
615720.665236 2512188.401988 0.000000
615720.059973 2512183.428312 0.000000
615719.454710 2512178.454635 0.000000
615718.849447 2512173.480958 0.000000
615718.244184 2512168.507281 0.000000
615717.638921 2512163.533604 0.000000
615717.033658 2512158.559927 0.000000
615716.428395 2512153.586251 0.000000
615715.823131 2512148.612574 0.000000
615715.217868 2512143.638897 0.000000
615714.612605 2512138.665220 0.000000
615714.007342 2512133.691543 0.000000
615713.007343 2512128.791550 0.000000
615712.007344 2512123.891558 0.000000
615711.007344 2512118.991565 0.000000
615710.007345 2512114.091572 0.000000
615709.007346 2512109.191580 0.000000
615708.007346 2512104.291587 0.000000
615707.007347 2512099.391594 0.000000
615706.007348 2512094.491602 0.000000
615705.007348 2512089.591609 0.000000
615704.007349 2512084.691616 0.000000
615703.007350 2512079.791624 0.000000
615702.007350 2512074.891631 0.000000
615701.007351 2512069.991638 0.000000
615700.007352 2512065.091645 0.000000
615699.007352 2512060.191653 0.000000
615698.007353 2512055.291660 0.000000
615697.007354 2512050.391667 0.000000
615696.007355 2512045.491675 0.000000
615695.007355 2512040.591682 0.000000
615694.007356 2512035.691689 0.000000
615693.007357 2512030.791697 0.000000
615692.007357 2512025.891704 0.000000
615691.007358 2512020.991711 0.000000
615690.007359 2512016.091719 0.000000
615689.007359 2512011.191726 0.000000
615688.007360 2512006.291733 0.000000
615687.007361 2512001.391741 0.000000
615686.007361 2511996.491748 0.000000
615685.007362 2511991.591755 0.000000
615684.007363 2511986.691762 0.000000
615682.617120 2511981.886892 0.000000
615681.226877 2511977.082021 0.000000
615679.836635 2511972.277150 0.000000
615678.446392 2511967.472279 0.000000
615677.056149 2511962.667408 0.000000
615675.665907 2511957.862538 0.000000
615674.275664 2511953.057667 0.000000
615672.885422 2511948.252796 0.000000
615671.495179 2511943.447925 0.000000
615670.104936 2511938.643054 0.000000
615668.714694 2511933.838184 0.000000
615667.324451 2511929.033313 0.000000
615665.934208 2511924.228442 0.000000
615664.543966 2511919.423571 0.000000
615663.153723 2511914.618700 0.000000
615661.763480 2511909.813829 0.000000
615660.373238 2511905.008959 0.000000
615658.982995 2511900.204088 0.000000
615657.592753 2511895.399217 0.000000
615656.202510 2511890.594346 0.000000
615654.812267 2511885.789475 0.000000
615653.422025 2511880.984605 0.000000
615652.031782 2511876.179734 0.000000
615650.641539 2511871.374863 0.000000
615649.251297 2511866.569992 0.000000
615647.861054 2511861.765121 0.000000
615646.470811 2511856.960250 0.000000
615645.080569 2511852.155380 0.000000
615643.690326 2511847.350509 0.000000
615642.300083 2511842.545638 0.000000
615640.909841 2511837.740767 0.000000
615639.519598 2511832.935896 0.000000
615638.129356 2511828.131026 0.000000
615636.739113 2511823.326155 0.000000
615635.348870 2511818.521284 0.000000
615633.958628 2511813.716413 0.000000
615632.568385 2511808.911542 0.000000
615631.178142 2511804.106672 0.000000
615629.787900 2511799.301801 0.000000
615628.397657 2511794.496930 0.000000
615627.007414 2511789.692059 0.000000
615625.349882 2511784.979737 0.000000
615623.692349 2511780.267416 0.000000
615622.034817 2511775.555094 0.000000
615620.377284 2511770.842773 0.000000
615618.719752 2511766.130451 0.000000
615617.062219 2511761.418129 0.000000
615615.404686 2511756.705808 0.000000
615613.747154 2511751.993486 0.000000
615612.089621 2511747.281164 0.000000
615610.432089 2511742.568843 0.000000
615608.774556 2511737.856521 0.000000
615607.117023 2511733.144200 0.000000
615605.459491 2511728.431878 0.000000
615603.801958 2511723.719556 0.000000
615602.144426 2511719.007235 0.000000
615600.486893 2511714.294913 0.000000
615598.829361 2511709.582592 0.000000
615597.171828 2511704.870270 0.000000
615595.514295 2511700.157948 0.000000
615593.856763 2511695.445627 0.000000
615592.199230 2511690.733305 0.000000
615590.541698 2511686.020983 0.000000
615588.884165 2511681.308662 0.000000
615587.226633 2511676.596340 0.000000
615585.569100 2511671.884019 0.000000
615583.911567 2511667.171697 0.000000
615582.254035 2511662.459375 0.000000
615580.596502 2511657.747054 0.000000
615578.938970 2511653.034732 0.000000
615577.281437 2511648.322410 0.000000
615575.623904 2511643.610089 0.000000
615573.966372 2511638.897767 0.000000
615572.308839 2511634.185446 0.000000
615570.651307 2511629.473124 0.000000
615568.993774 2511624.760802 0.000000
615567.336242 2511620.048481 0.000000
615565.678709 2511615.336159 0.000000
615564.021176 2511610.623837 0.000000
615562.363644 2511605.911516 0.000000
615560.706111 2511601.199194 0.000000
615559.048579 2511596.486873 0.000000
615557.391046 2511591.774551 0.000000
615555.733513 2511587.062229 0.000000
615554.075981 2511582.349908 0.000000
615552.418448 2511577.637586 0.000000
615550.760916 2511572.925264 0.000000
615549.103383 2511568.212943 0.000000
615547.445851 2511563.500621 0.000000
615545.788318 2511558.788300 0.000000
615544.130785 2511554.075978 0.000000
615542.473253 2511549.363656 0.000000
615540.815720 2511544.651335 0.000000
615539.158188 2511539.939013 0.000000
615537.500655 2511535.226691 0.000000
615535.843123 2511530.514370 0.000000
615534.185590 2511525.802048 0.000000
615532.528057 2511521.089727 0.000000
615530.870525 2511516.377405 0.000000
615529.212992 2511511.665083 0.000000
615527.555460 2511506.952762 0.000000
615525.897927 2511502.240440 0.000000
615524.240394 2511497.528118 0.000000
615522.582862 2511492.815797 0.000000
615520.925329 2511488.103475 0.000000
615519.267797 2511483.391154 0.000000
615517.610264 2511478.678832 0.000000
615515.952732 2511473.966510 0.000000
615514.295199 2511469.254189 0.000000
615512.637666 2511464.541867 0.000000
615510.980134 2511459.829545 0.000000
615509.322601 2511455.117224 0.000000
615507.665069 2511450.404902 0.000000
615506.007536 2511445.692581 0.000000
615504.618648 2511440.859255 0.000000
615503.229761 2511436.025928 0.000000
615501.840873 2511431.192602 0.000000
615500.451986 2511426.359276 0.000000
615499.063098 2511421.525950 0.000000
615497.674210 2511416.692624 0.000000
615496.285323 2511411.859298 0.000000
615494.896435 2511407.025972 0.000000
615493.507547 2511402.192646 0.000000
615492.118660 2511397.359320 0.000000
615490.729772 2511392.525994 0.000000
615489.340884 2511387.692668 0.000000
615487.951997 2511382.859342 0.000000
615486.563109 2511378.026016 0.000000
615485.174222 2511373.192690 0.000000
615483.785334 2511368.359364 0.000000
615482.396446 2511363.526038 0.000000
615481.007559 2511358.692712 0.000000
615479.618671 2511353.859386 0.000000
615478.229783 2511349.026060 0.000000
615476.840896 2511344.192733 0.000000
615475.452008 2511339.359407 0.000000
615474.063121 2511334.526081 0.000000
615472.674233 2511329.692755 0.000000
615471.285345 2511324.859429 0.000000
615469.896458 2511320.026103 0.000000
615468.507570 2511315.192777 0.000000
615467.118682 2511310.359451 0.000000
615465.729795 2511305.526125 0.000000
615464.340907 2511300.692799 0.000000
615462.952019 2511295.859473 0.000000
615461.563132 2511291.026147 0.000000
615460.174244 2511286.192821 0.000000
615458.785357 2511281.359495 0.000000
615457.396469 2511276.526169 0.000000
615456.007581 2511271.692843 0.000000
615454.977279 2511266.814062 0.000000
615453.946977 2511261.935282 0.000000
615452.916674 2511257.056501 0.000000
615451.886372 2511252.177720 0.000000
615450.856070 2511247.298940 0.000000
615449.825768 2511242.420159 0.000000
615448.795465 2511237.541379 0.000000
615447.765163 2511232.662598 0.000000
615446.734861 2511227.783817 0.000000
615445.704558 2511222.905037 0.000000
615444.674256 2511218.026256 0.000000
615443.643954 2511213.147476 0.000000
615442.613651 2511208.268695 0.000000
615441.583349 2511203.389914 0.000000
615440.553047 2511198.511134 0.000000
615439.522745 2511193.632353 0.000000
615438.492442 2511188.753573 0.000000
615437.462140 2511183.874792 0.000000
615436.431838 2511178.996012 0.000000
615435.401535 2511174.117231 0.000000
615434.371233 2511169.238450 0.000000
615433.340931 2511164.359670 0.000000
615432.310628 2511159.480889 0.000000
615431.280326 2511154.602109 0.000000
615430.250024 2511149.723328 0.000000
615429.219722 2511144.844547 0.000000
615428.189419 2511139.965767 0.000000
615427.159117 2511135.086986 0.000000
615426.128815 2511130.208206 0.000000
615425.098512 2511125.329425 0.000000
615424.068210 2511120.450644 0.000000
615423.037908 2511115.571864 0.000000
615422.007605 2511110.693083 0.000000
615421.331930 2511105.720118 0.000000
615420.656254 2511100.747152 0.000000
615419.980579 2511095.774187 0.000000
615419.304904 2511090.801221 0.000000
615418.629228 2511085.828255 0.000000
615417.953553 2511080.855290 0.000000
615417.277877 2511075.882324 0.000000
615416.602202 2511070.909359 0.000000
615415.926526 2511065.936393 0.000000
615415.250851 2511060.963427 0.000000
615414.575175 2511055.990462 0.000000
615413.899500 2511051.017496 0.000000
615413.223824 2511046.044531 0.000000
615412.548149 2511041.071565 0.000000
615411.872473 2511036.098599 0.000000
615411.196798 2511031.125634 0.000000
615410.521122 2511026.152668 0.000000
615409.845447 2511021.179703 0.000000
615409.169771 2511016.206737 0.000000
615408.494096 2511011.233771 0.000000
615407.818420 2511006.260806 0.000000
615407.142745 2511001.287840 0.000000
615406.467070 2510996.314875 0.000000
615405.791394 2510991.341909 0.000000
615405.115719 2510986.368943 0.000000
615404.440043 2510981.395978 0.000000
615403.764368 2510976.423012 0.000000
615403.088692 2510971.450047 0.000000
615402.413017 2510966.477081 0.000000
615401.737341 2510961.504115 0.000000
615401.061666 2510956.531150 0.000000
615400.385990 2510951.558184 0.000000
615399.710315 2510946.585219 0.000000
615399.034639 2510941.612253 0.000000
615398.358964 2510936.639287 0.000000
615397.683288 2510931.666322 0.000000
615397.007613 2510926.693356 0.000000
615396.574279 2510921.710030 0.000000
615396.140946 2510916.726704 0.000000
615395.707612 2510911.743378 0.000000
615395.274279 2510906.760052 0.000000
615394.840945 2510901.776726 0.000000
615394.407612 2510896.793400 0.000000
615393.974278 2510891.810074 0.000000
615393.540945 2510886.826748 0.000000
615393.107611 2510881.843422 0.000000
615392.674278 2510876.860096 0.000000
615392.240945 2510871.876770 0.000000
615391.807611 2510866.893444 0.000000
615391.374278 2510861.910118 0.000000
615390.940944 2510856.926792 0.000000
615390.507611 2510851.943466 0.000000
615390.074277 2510846.960140 0.000000
615389.640944 2510841.976815 0.000000
615389.207610 2510836.993489 0.000000
615388.774277 2510832.010163 0.000000
615388.340943 2510827.026837 0.000000
615387.907610 2510822.043511 0.000000
615387.474276 2510817.060185 0.000000
615387.040943 2510812.076859 0.000000
615386.607609 2510807.093533 0.000000
615386.174276 2510802.110207 0.000000
615385.740942 2510797.126881 0.000000
615385.307609 2510792.143555 0.000000
615384.874275 2510787.160229 0.000000
615384.440942 2510782.176903 0.000000
615384.007608 2510777.193577 0.000000
615383.574275 2510772.210251 0.000000
615383.140941 2510767.226925 0.000000
615382.707608 2510762.243599 0.000000
615382.274274 2510757.260273 0.000000
615381.840941 2510752.276947 0.000000
615381.407607 2510747.293621 0.000000
615380.974274 2510742.310295 0.000000
615380.540940 2510737.326969 0.000000
615380.107607 2510732.343643 0.000000
615379.674273 2510727.360317 0.000000
615379.240940 2510722.376991 0.000000
615378.807606 2510717.393665 0.000000
615378.374273 2510712.410339 0.000000
615377.940939 2510707.427013 0.000000
615377.507606 2510702.443687 0.000000
615377.074272 2510697.460361 0.000000
615376.640939 2510692.477035 0.000000
615376.207606 2510687.493709 0.000000
615375.774272 2510682.510383 0.000000
615375.340939 2510677.527057 0.000000
615374.907605 2510672.543731 0.000000
615374.474272 2510667.560405 0.000000
615374.040938 2510662.577079 0.000000
615373.607605 2510657.593753 0.000000
615373.174271 2510652.610427 0.000000
615372.740938 2510647.627101 0.000000
615372.307604 2510642.643775 0.000000
615371.874271 2510637.660449 0.000000
615371.440937 2510632.677123 0.000000
615371.007604 2510627.693797 0.000000
615370.407604 2510622.748350 0.000000
615369.807604 2510617.802903 0.000000
615369.207604 2510612.857456 0.000000
615368.607604 2510607.912008 0.000000
615368.007604 2510602.966561 0.000000
615367.407604 2510598.021114 0.000000
615366.807604 2510593.075667 0.000000
615366.207604 2510588.130220 0.000000
615365.607605 2510583.184772 0.000000
615365.007605 2510578.239325 0.000000
615364.407605 2510573.293878 0.000000
615363.807605 2510568.348431 0.000000
615363.207605 2510563.402984 0.000000
615362.607605 2510558.457536 0.000000
615362.007605 2510553.512089 0.000000
615361.407605 2510548.566642 0.000000
615360.807605 2510543.621195 0.000000
615360.207605 2510538.675747 0.000000
615359.607605 2510533.730300 0.000000
615359.007606 2510528.784853 0.000000
615358.407606 2510523.839406 0.000000
615357.807606 2510518.893959 0.000000
615357.207606 2510513.948511 0.000000
615356.607606 2510509.003064 0.000000
615356.007606 2510504.057617 0.000000
615355.407606 2510499.112170 0.000000
615354.807606 2510494.166722 0.000000
615354.207606 2510489.221275 0.000000
615353.607606 2510484.275828 0.000000
615353.007607 2510479.330381 0.000000
615352.407607 2510474.384934 0.000000
615351.807607 2510469.439486 0.000000
615351.207607 2510464.494039 0.000000
615350.607607 2510459.548592 0.000000
615350.007607 2510454.603145 0.000000
615349.407607 2510449.657697 0.000000
615348.807607 2510444.712250 0.000000
615348.207607 2510439.766803 0.000000
615347.607607 2510434.821356 0.000000
615347.007608 2510429.875909 0.000000
615346.407608 2510424.930461 0.000000
615345.807608 2510419.985014 0.000000
615345.207608 2510415.039567 0.000000
615344.607608 2510410.094120 0.000000
615344.007608 2510405.148672 0.000000
615343.407608 2510400.203225 0.000000
615342.807608 2510395.257778 0.000000
615342.207608 2510390.312331 0.000000
615341.607608 2510385.366884 0.000000
615341.007608 2510380.421436 0.000000
615340.407609 2510375.475989 0.000000
615339.807609 2510370.530542 0.000000
615339.207609 2510365.585095 0.000000
615338.607609 2510360.639648 0.000000
615338.007609 2510355.694200 0.000000
615337.007610 2510350.805319 0.000000
615336.007610 2510345.916437 0.000000
615335.007611 2510341.027556 0.000000
615334.007612 2510336.138674 0.000000
615333.007612 2510331.249792 0.000000
615332.007613 2510326.360911 0.000000
615331.007614 2510321.472029 0.000000
615330.007614 2510316.583148 0.000000
615329.007615 2510311.694266 0.000000
615328.007616 2510306.805384 0.000000
615327.007616 2510301.916503 0.000000
615326.007617 2510297.027621 0.000000
615325.007618 2510292.138740 0.000000
615324.007619 2510287.249858 0.000000
615323.007619 2510282.360977 0.000000
615322.007620 2510277.472095 0.000000
615321.007621 2510272.583213 0.000000
615320.007621 2510267.694332 0.000000
615319.007622 2510262.805450 0.000000
615318.007623 2510257.916569 0.000000
615317.007623 2510253.027687 0.000000
615316.007624 2510248.138806 0.000000
615315.007625 2510243.249924 0.000000
615314.007625 2510238.361042 0.000000
615313.007626 2510233.472161 0.000000
615312.007627 2510228.583279 0.000000
615311.007627 2510223.694398 0.000000
615310.007628 2510218.805516 0.000000
615309.007629 2510213.916634 0.000000
615308.007630 2510209.027753 0.000000
615307.007630 2510204.138871 0.000000
615306.007631 2510199.249990 0.000000
615305.007632 2510194.361108 0.000000
615304.007632 2510189.472227 0.000000
615303.007633 2510184.583345 0.000000
615302.007634 2510179.694463 0.000000
615300.635086 2510174.890549 0.000000
615299.262538 2510170.086635 0.000000
615297.889990 2510165.282720 0.000000
615296.517443 2510160.478806 0.000000
615295.144895 2510155.674892 0.000000
615293.772347 2510150.870977 0.000000
615292.399799 2510146.067063 0.000000
615291.027251 2510141.263149 0.000000
615289.654704 2510136.459234 0.000000
615288.282156 2510131.655320 0.000000
615286.909608 2510126.851406 0.000000
615285.537060 2510122.047491 0.000000
615284.164513 2510117.243577 0.000000
615282.791965 2510112.439663 0.000000
615281.419417 2510107.635748 0.000000
615280.046869 2510102.831834 0.000000
615278.674321 2510098.027920 0.000000
615277.301774 2510093.224006 0.000000
615275.929226 2510088.420091 0.000000
615274.556678 2510083.616177 0.000000
615273.184130 2510078.812263 0.000000
615271.811583 2510074.008348 0.000000
615270.439035 2510069.204434 0.000000
615269.066487 2510064.400520 0.000000
615267.693939 2510059.596605 0.000000
615266.321391 2510054.792691 0.000000
615264.948844 2510049.988777 0.000000
615263.576296 2510045.184862 0.000000
615262.203748 2510040.380948 0.000000
615260.831200 2510035.577034 0.000000
615259.458653 2510030.773119 0.000000
615258.086105 2510025.969205 0.000000
615256.713557 2510021.165291 0.000000
615255.341009 2510016.361376 0.000000
615253.968461 2510011.557462 0.000000
615252.595914 2510006.753548 0.000000
615251.223366 2510001.949633 0.000000
615249.850818 2509997.145719 0.000000
615248.478270 2509992.341805 0.000000
615247.105723 2509987.537890 0.000000
615245.733175 2509982.733976 0.000000
615244.360627 2509977.930062 0.000000
615242.988079 2509973.126147 0.000000
615241.615531 2509968.322233 0.000000
615240.242984 2509963.518319 0.000000
615238.870436 2509958.714404 0.000000
615237.497888 2509953.910490 0.000000
615236.125340 2509949.106576 0.000000
615234.752793 2509944.302661 0.000000
615233.380245 2509939.498747 0.000000
615232.007697 2509934.694833 0.000000
615230.454050 2509929.943767 0.000000
615228.900404 2509925.192701 0.000000
615227.346757 2509920.441635 0.000000
615225.793111 2509915.690570 0.000000
615224.239464 2509910.939504 0.000000
615222.685818 2509906.188438 0.000000
615221.132171 2509901.437372 0.000000
615219.578525 2509896.686307 0.000000
615218.024878 2509891.935241 0.000000
615216.471231 2509887.184175 0.000000
615214.917585 2509882.433109 0.000000
615213.363938 2509877.682044 0.000000
615211.810292 2509872.930978 0.000000
615210.256645 2509868.179912 0.000000
615208.702999 2509863.428846 0.000000
615207.149352 2509858.677781 0.000000
615205.595706 2509853.926715 0.000000
615204.042059 2509849.175649 0.000000
615202.488412 2509844.424583 0.000000
615200.934766 2509839.673518 0.000000
615199.381119 2509834.922452 0.000000
615197.827473 2509830.171386 0.000000
615196.273826 2509825.420320 0.000000
615194.720180 2509820.669254 0.000000
615193.166533 2509815.918189 0.000000
615191.612887 2509811.167123 0.000000
615190.059240 2509806.416057 0.000000
615188.505593 2509801.664991 0.000000
615186.951947 2509796.913926 0.000000
615185.398300 2509792.162860 0.000000
615183.844654 2509787.411794 0.000000
615182.291007 2509782.660728 0.000000
615180.737361 2509777.909663 0.000000
615179.183714 2509773.158597 0.000000
615177.630068 2509768.407531 0.000000
615176.076421 2509763.656465 0.000000
615174.522774 2509758.905400 0.000000
615172.969128 2509754.154334 0.000000
615171.415481 2509749.403268 0.000000
615169.861835 2509744.652202 0.000000
615168.308188 2509739.901136 0.000000
615166.754542 2509735.150071 0.000000
615165.200895 2509730.399005 0.000000
615163.647249 2509725.647939 0.000000
615162.093602 2509720.896873 0.000000
615160.539956 2509716.145808 0.000000
615158.986309 2509711.394742 0.000000
615157.432662 2509706.643676 0.000000
615155.879016 2509701.892610 0.000000
615154.325369 2509697.141545 0.000000
615152.771723 2509692.390479 0.000000
615151.218076 2509687.639413 0.000000
615149.664430 2509682.888347 0.000000
615148.110783 2509678.137282 0.000000
615146.557137 2509673.386216 0.000000
615145.003490 2509668.635150 0.000000
615143.449843 2509663.884084 0.000000
615141.896197 2509659.133019 0.000000
615140.342550 2509654.381953 0.000000
615138.788904 2509649.630887 0.000000
615137.235257 2509644.879821 0.000000
615135.681611 2509640.128755 0.000000
615134.127964 2509635.377690 0.000000
615132.574318 2509630.626624 0.000000
615131.020671 2509625.875558 0.000000
615129.467024 2509621.124492 0.000000
615127.913378 2509616.373427 0.000000
615126.359731 2509611.622361 0.000000
615124.806085 2509606.871295 0.000000
615123.252438 2509602.120229 0.000000
615121.698792 2509597.369164 0.000000
615120.145145 2509592.618098 0.000000
615118.591499 2509587.867032 0.000000
615117.037852 2509583.115966 0.000000
615115.484205 2509578.364901 0.000000
615113.930559 2509573.613835 0.000000
615112.376912 2509568.862769 0.000000
615110.823266 2509564.111703 0.000000
615109.269619 2509559.360638 0.000000
615107.715973 2509554.609572 0.000000
615106.162326 2509549.858506 0.000000
615104.608680 2509545.107440 0.000000
615103.055033 2509540.356374 0.000000
615101.501387 2509535.605309 0.000000
615099.947740 2509530.854243 0.000000
615098.394093 2509526.103177 0.000000
615096.840447 2509521.352111 0.000000
615095.286800 2509516.601046 0.000000
615093.733154 2509511.849980 0.000000
615092.179507 2509507.098914 0.000000
615090.625861 2509502.347848 0.000000
615089.072214 2509497.596783 0.000000
615087.518568 2509492.845717 0.000000
615085.964921 2509488.094651 0.000000
615084.411274 2509483.343585 0.000000
615082.857628 2509478.592520 0.000000
615081.303981 2509473.841454 0.000000
615079.750335 2509469.090388 0.000000
615078.196688 2509464.339322 0.000000
615076.643042 2509459.588256 0.000000
615075.089395 2509454.837191 0.000000
615073.535749 2509450.086125 0.000000
615071.982102 2509445.335059 0.000000
615070.428455 2509440.583993 0.000000
615068.874809 2509435.832928 0.000000
615067.321162 2509431.081862 0.000000
615065.767516 2509426.330796 0.000000
615064.213869 2509421.579730 0.000000
615062.660223 2509416.828665 0.000000
615061.106576 2509412.077599 0.000000
615059.552930 2509407.326533 0.000000
615057.999283 2509402.575467 0.000000
615056.445636 2509397.824402 0.000000
615054.891990 2509393.073336 0.000000
615053.338343 2509388.322270 0.000000
615051.784697 2509383.571204 0.000000
615050.231050 2509378.820139 0.000000
615048.677404 2509374.069073 0.000000
615047.123757 2509369.318007 0.000000
615045.570111 2509364.566941 0.000000
615044.016464 2509359.815875 0.000000
615042.462817 2509355.064810 0.000000
615040.909171 2509350.313744 0.000000
615039.355524 2509345.562678 0.000000
615037.801878 2509340.811612 0.000000
615036.248231 2509336.060547 0.000000
615034.694585 2509331.309481 0.000000
615033.140938 2509326.558415 0.000000
615031.587292 2509321.807349 0.000000
615030.033645 2509317.056284 0.000000
615028.479999 2509312.305218 0.000000
615026.926352 2509307.554152 0.000000
615025.372705 2509302.803086 0.000000
615023.819059 2509298.052021 0.000000
615022.265412 2509293.300955 0.000000
615020.711766 2509288.549889 0.000000
615019.158119 2509283.798823 0.000000
615017.604473 2509279.047757 0.000000
615016.050826 2509274.296692 0.000000
615014.497180 2509269.545626 0.000000
615012.943533 2509264.794560 0.000000
615011.389886 2509260.043494 0.000000
615009.836240 2509255.292429 0.000000
615008.282593 2509250.541363 0.000000
615006.728947 2509245.790297 0.000000
615005.175300 2509241.039231 0.000000
615003.621654 2509236.288166 0.000000
615002.068007 2509231.537100 0.000000
615000.514361 2509226.786034 0.000000
614998.960714 2509222.034968 0.000000
614997.407067 2509217.283903 0.000000
614995.853421 2509212.532837 0.000000
614994.299774 2509207.781771 0.000000
614992.746128 2509203.030705 0.000000
614991.192481 2509198.279640 0.000000
614989.638835 2509193.528574 0.000000
614988.085188 2509188.777508 0.000000
614986.531542 2509184.026442 0.000000
614984.977895 2509179.275376 0.000000
614983.424248 2509174.524311 0.000000
614981.870602 2509169.773245 0.000000
614980.316955 2509165.022179 0.000000
614978.763309 2509160.271113 0.000000
614977.209662 2509155.520048 0.000000
614975.656016 2509150.768982 0.000000
614974.102369 2509146.017916 0.000000
614972.548723 2509141.266850 0.000000
614970.995076 2509136.515785 0.000000
614969.441430 2509131.764719 0.000000
614967.887783 2509127.013653 0.000000
614966.334136 2509122.262587 0.000000
614964.780490 2509117.511522 0.000000
614963.226843 2509112.760456 0.000000
614961.673197 2509108.009390 0.000000
614960.119550 2509103.258324 0.000000
614958.565904 2509098.507258 0.000000
614957.012257 2509093.756193 0.000000
614955.458611 2509089.005127 0.000000
614953.904964 2509084.254061 0.000000
614952.351317 2509079.502995 0.000000
614950.797671 2509074.751930 0.000000
614949.244024 2509070.000864 0.000000
614947.690378 2509065.249798 0.000000
614946.136731 2509060.498732 0.000000
614944.583085 2509055.747667 0.000000
614943.029438 2509050.996601 0.000000
614941.475792 2509046.245535 0.000000
614939.922145 2509041.494469 0.000000
614938.368498 2509036.743404 0.000000
614936.814852 2509031.992338 0.000000
614935.261205 2509027.241272 0.000000
614933.707559 2509022.490206 0.000000
614932.153912 2509017.739141 0.000000
614930.600266 2509012.988075 0.000000
614929.046619 2509008.237009 0.000000
614927.492973 2509003.485943 0.000000
614925.939326 2508998.734877 0.000000
614924.385679 2508993.983812 0.000000
614922.832033 2508989.232746 0.000000
614921.278386 2508984.481680 0.000000
614919.724740 2508979.730614 0.000000
614918.171093 2508974.979549 0.000000
614916.617447 2508970.228483 0.000000
614915.063800 2508965.477417 0.000000
614913.510154 2508960.726351 0.000000
614911.956507 2508955.975286 0.000000
614910.402860 2508951.224220 0.000000
614908.849214 2508946.473154 0.000000
614907.295567 2508941.722088 0.000000
614905.741921 2508936.971023 0.000000
614904.188274 2508932.219957 0.000000
614902.634628 2508927.468891 0.000000
614901.080981 2508922.717825 0.000000
614899.527335 2508917.966760 0.000000
614897.973688 2508913.215694 0.000000
614896.420042 2508908.464628 0.000000
614894.866395 2508903.713562 0.000000
614893.312748 2508898.962496 0.000000
614891.759102 2508894.211431 0.000000
614890.205455 2508889.460365 0.000000
614888.651809 2508884.709299 0.000000
614887.098162 2508879.958233 0.000000
614885.544516 2508875.207168 0.000000
614883.990869 2508870.456102 0.000000
614882.437223 2508865.705036 0.000000
614880.883576 2508860.953970 0.000000
614879.329929 2508856.202905 0.000000
614877.776283 2508851.451839 0.000000
614876.222636 2508846.700773 0.000000
614874.668990 2508841.949707 0.000000
614873.115343 2508837.198642 0.000000
614871.561697 2508832.447576 0.000000
614870.008050 2508827.696510 0.000000
614868.621688 2508822.901063 0.000000
614867.235325 2508818.105615 0.000000
614865.848963 2508813.310168 0.000000
614864.462601 2508808.514721 0.000000
614863.076238 2508803.719273 0.000000
614861.689876 2508798.923826 0.000000
614860.303514 2508794.128379 0.000000
614858.917151 2508789.332932 0.000000
614857.530789 2508784.537484 0.000000
614856.144426 2508779.742037 0.000000
614854.758064 2508774.946590 0.000000
614853.371702 2508770.151142 0.000000
614851.985339 2508765.355695 0.000000
614850.598977 2508760.560248 0.000000
614849.212615 2508755.764800 0.000000
614847.826252 2508750.969353 0.000000
614846.439890 2508746.173906 0.000000
614845.053527 2508741.378459 0.000000
614843.667165 2508736.583011 0.000000
614842.280803 2508731.787564 0.000000
614840.894440 2508726.992117 0.000000
614839.508078 2508722.196669 0.000000
614838.121716 2508717.401222 0.000000
614836.735353 2508712.605775 0.000000
614835.348991 2508707.810327 0.000000
614833.962629 2508703.014880 0.000000
614832.576266 2508698.219433 0.000000
614831.189904 2508693.423985 0.000000
614829.803541 2508688.628538 0.000000
614828.417179 2508683.833091 0.000000
614827.030817 2508679.037644 0.000000
614825.644454 2508674.242196 0.000000
614824.258092 2508669.446749 0.000000
614822.871730 2508664.651302 0.000000
614821.485367 2508659.855854 0.000000
614820.099005 2508655.060407 0.000000
614818.712642 2508650.264960 0.000000
614817.326280 2508645.469512 0.000000
614815.939918 2508640.674065 0.000000
614814.553555 2508635.878618 0.000000
614813.167193 2508631.083171 0.000000
614811.780831 2508626.287723 0.000000
614810.394468 2508621.492276 0.000000
614809.008106 2508616.696829 0.000000
614807.792917 2508611.848735 0.000000
614806.577728 2508607.000641 0.000000
614805.362539 2508602.152547 0.000000
614804.147350 2508597.304453 0.000000
614802.932162 2508592.456359 0.000000
614801.716973 2508587.608265 0.000000
614800.501784 2508582.760171 0.000000
614799.286595 2508577.912077 0.000000
614798.071406 2508573.063983 0.000000
614796.856217 2508568.215889 0.000000
614795.641028 2508563.367795 0.000000
614794.425840 2508558.519701 0.000000
614793.210651 2508553.671607 0.000000
614791.995462 2508548.823513 0.000000
614790.780273 2508543.975419 0.000000
614789.565084 2508539.127325 0.000000
614788.349895 2508534.279231 0.000000
614787.134706 2508529.431137 0.000000
614785.919518 2508524.583043 0.000000
614784.704329 2508519.734949 0.000000
614783.489140 2508514.886855 0.000000
614782.273951 2508510.038761 0.000000
614781.058762 2508505.190667 0.000000
614779.843573 2508500.342573 0.000000
614778.628384 2508495.494479 0.000000
614777.413195 2508490.646385 0.000000
614776.198007 2508485.798291 0.000000
614774.982818 2508480.950197 0.000000
614773.767629 2508476.102103 0.000000
614772.552440 2508471.254009 0.000000
614771.337251 2508466.405915 0.000000
614770.122062 2508461.557822 0.000000
614768.906873 2508456.709728 0.000000
614767.691685 2508451.861634 0.000000
614766.476496 2508447.013540 0.000000
614765.261307 2508442.165446 0.000000
614764.046118 2508437.317352 0.000000
614762.830929 2508432.469258 0.000000
614761.615740 2508427.621164 0.000000
614760.400551 2508422.773070 0.000000
614759.185363 2508417.924976 0.000000
614757.970174 2508413.076882 0.000000
614756.754985 2508408.228788 0.000000
614755.539796 2508403.380694 0.000000
614754.324607 2508398.532600 0.000000
614753.109418 2508393.684506 0.000000
614751.894229 2508388.836412 0.000000
614750.679040 2508383.988318 0.000000
614749.463852 2508379.140224 0.000000
614748.248663 2508374.292130 0.000000
614747.033474 2508369.444036 0.000000
614745.818285 2508364.595942 0.000000
614744.603096 2508359.747848 0.000000
614743.387907 2508354.899754 0.000000
614742.172718 2508350.051660 0.000000
614740.957530 2508345.203566 0.000000
614739.742341 2508340.355472 0.000000
614738.527152 2508335.507378 0.000000
614737.311963 2508330.659284 0.000000
614736.096774 2508325.811190 0.000000
614734.881585 2508320.963096 0.000000
614733.666396 2508316.115002 0.000000
614732.451208 2508311.266908 0.000000
614731.236019 2508306.418814 0.000000
614730.020830 2508301.570720 0.000000
614728.805641 2508296.722626 0.000000
614727.590452 2508291.874532 0.000000
614726.375263 2508287.026439 0.000000
614725.160074 2508282.178345 0.000000
614723.944886 2508277.330251 0.000000
614722.729697 2508272.482157 0.000000
614721.514508 2508267.634063 0.000000
614720.299319 2508262.785969 0.000000
614719.084130 2508257.937875 0.000000
614717.868941 2508253.089781 0.000000
614716.653752 2508248.241687 0.000000
614715.438563 2508243.393593 0.000000
614714.223375 2508238.545499 0.000000
614713.008186 2508233.697405 0.000000
614711.684658 2508228.873883 0.000000
614710.361129 2508224.050361 0.000000
614709.037601 2508219.226838 0.000000
614707.714073 2508214.403316 0.000000
614706.390545 2508209.579794 0.000000
614705.067016 2508204.756272 0.000000
614703.743488 2508199.932750 0.000000
614702.419960 2508195.109228 0.000000
614701.096432 2508190.285706 0.000000
614699.772903 2508185.462183 0.000000
614698.449375 2508180.638661 0.000000
614697.125847 2508175.815139 0.000000
614695.802319 2508170.991617 0.000000
614694.478790 2508166.168095 0.000000
614693.155262 2508161.344573 0.000000
614691.831734 2508156.521051 0.000000
614690.508206 2508151.697529 0.000000
614689.184677 2508146.874006 0.000000
614687.861149 2508142.050484 0.000000
614686.537621 2508137.226962 0.000000
614685.214093 2508132.403440 0.000000
614683.890565 2508127.579918 0.000000
614682.567036 2508122.756396 0.000000
614681.243508 2508117.932874 0.000000
614679.919980 2508113.109351 0.000000
614678.596452 2508108.285829 0.000000
614677.272923 2508103.462307 0.000000
614675.949395 2508098.638785 0.000000
614674.625867 2508093.815263 0.000000
614673.302339 2508088.991741 0.000000
614671.978810 2508084.168219 0.000000
614670.655282 2508079.344696 0.000000
614669.331754 2508074.521174 0.000000
614668.008226 2508069.697652 0.000000
614666.466560 2508064.947659 0.000000
614664.924895 2508060.197667 0.000000
614663.383230 2508055.447674 0.000000
614661.841565 2508050.697681 0.000000
614660.299900 2508045.947688 0.000000
614658.758235 2508041.197695 0.000000
614657.216570 2508036.447703 0.000000
614655.674904 2508031.697710 0.000000
614654.133239 2508026.947717 0.000000
614652.591574 2508022.197724 0.000000
614651.049909 2508017.447731 0.000000
614649.508244 2508012.697739 0.000000
614647.966579 2508007.947746 0.000000
614646.424913 2508003.197753 0.000000
614644.883248 2507998.447760 0.000000
614643.341583 2507993.697767 0.000000
614641.799918 2507988.947775 0.000000
614640.258253 2507984.197782 0.000000
614638.716588 2507979.447789 0.000000
614637.174922 2507974.697796 0.000000
614635.633257 2507969.947803 0.000000
614634.091592 2507965.197811 0.000000
614632.549927 2507960.447818 0.000000
614631.008262 2507955.697825 0.000000
614629.174930 2507951.031166 0.000000
614627.341599 2507946.364506 0.000000
614625.508268 2507941.697846 0.000000
614623.674936 2507937.031187 0.000000
614621.841605 2507932.364527 0.000000
614620.008273 2507927.697868 0.000000
614618.174942 2507923.031208 0.000000
614616.341611 2507918.364549 0.000000
614614.508279 2507913.697889 0.000000
614612.674948 2507909.031230 0.000000
614610.841616 2507904.364570 0.000000
614609.008285 2507899.697911 0.000000
614607.174954 2507895.031251 0.000000
614605.341622 2507890.364592 0.000000
614603.508291 2507885.697932 0.000000
614601.674959 2507881.031272 0.000000
614599.841628 2507876.364613 0.000000
614598.008297 2507871.697953 0.000000
614596.174965 2507867.031294 0.000000
614594.341634 2507862.364634 0.000000
614592.508302 2507857.697975 0.000000
614590.674971 2507853.031315 0.000000
614588.841640 2507848.364656 0.000000
614587.008308 2507843.697996 0.000000
614584.883311 2507839.198003 0.000000
614582.758313 2507834.698010 0.000000
614580.633316 2507830.198017 0.000000
614578.508318 2507825.698024 0.000000
614576.383320 2507821.198031 0.000000
614574.258323 2507816.698038 0.000000
614572.133325 2507812.198045 0.000000
614570.008327 2507807.698052 0.000000
614567.883330 2507803.198059 0.000000
614565.758332 2507798.698065 0.000000
614563.633335 2507794.198072 0.000000
614561.508337 2507789.698079 0.000000
614559.383339 2507785.198086 0.000000
614557.258342 2507780.698093 0.000000
614555.133344 2507776.198100 0.000000
614553.008347 2507771.698107 0.000000
614550.524479 2507767.343275 0.000000
614548.040611 2507762.988443 0.000000
614545.556743 2507758.633611 0.000000
614543.072874 2507754.278779 0.000000
614540.589006 2507749.923947 0.000000
614538.105138 2507745.569115 0.000000
614535.621270 2507741.214283 0.000000
614533.137402 2507736.859452 0.000000
614530.653534 2507732.504620 0.000000
614528.169666 2507728.149788 0.000000
614525.685798 2507723.794956 0.000000
614523.201930 2507719.440124 0.000000
614520.718062 2507715.085292 0.000000
614518.234194 2507710.730460 0.000000
614515.750326 2507706.375628 0.000000
614513.266458 2507702.020796 0.000000
614510.782590 2507697.665964 0.000000
614508.298722 2507693.311132 0.000000
614505.814854 2507688.956300 0.000000
614503.330986 2507684.601468 0.000000
614500.847118 2507680.246636 0.000000
614498.363250 2507675.891804 0.000000
614495.879382 2507671.536972 0.000000
614493.395514 2507667.182141 0.000000
614490.911646 2507662.827309 0.000000
614488.427778 2507658.472477 0.000000
614485.943910 2507654.117645 0.000000
614483.460042 2507649.762813 0.000000
614480.976174 2507645.407981 0.000000
614478.492306 2507641.053149 0.000000
614476.008438 2507636.698317 0.000000
614473.175108 2507632.587212 0.000000
614470.341778 2507628.476108 0.000000
614467.508448 2507624.365003 0.000000
614464.675118 2507620.253898 0.000000
614461.841788 2507616.142794 0.000000
614459.008459 2507612.031689 0.000000
614456.175129 2507607.920585 0.000000
614453.341799 2507603.809480 0.000000
614450.508469 2507599.698375 0.000000
614447.675139 2507595.587271 0.000000
614444.841809 2507591.476166 0.000000
614442.008480 2507587.365061 0.000000
614439.175150 2507583.253957 0.000000
614436.341820 2507579.142852 0.000000
614433.508490 2507575.031747 0.000000
614430.675160 2507570.920643 0.000000
614427.841830 2507566.809538 0.000000
614425.008500 2507562.698433 0.000000
614421.917595 2507558.743894 0.000000
614418.826690 2507554.789355 0.000000
614415.735785 2507550.834816 0.000000
614412.644880 2507546.880277 0.000000
614409.553974 2507542.925738 0.000000
614406.463069 2507538.971198 0.000000
614403.372164 2507535.016659 0.000000
614400.281259 2507531.062120 0.000000
614397.190354 2507527.107581 0.000000
614394.099448 2507523.153042 0.000000
614391.008543 2507519.198503 0.000000
614387.917638 2507515.243963 0.000000
614384.826733 2507511.289424 0.000000
614381.735828 2507507.334885 0.000000
614378.644922 2507503.380346 0.000000
614375.554017 2507499.425807 0.000000
614372.463112 2507495.471268 0.000000
614369.372207 2507491.516728 0.000000
614366.281302 2507487.562189 0.000000
614363.190396 2507483.607650 0.000000
614360.099491 2507479.653111 0.000000
614357.008586 2507475.698572 0.000000
614353.675257 2507471.971305 0.000000
614350.341928 2507468.244038 0.000000
614347.008599 2507464.516771 0.000000
614343.675270 2507460.789505 0.000000
614340.341941 2507457.062238 0.000000
614337.008612 2507453.334971 0.000000
614333.675283 2507449.607704 0.000000
614330.341954 2507445.880438 0.000000
614327.008625 2507442.153171 0.000000
614323.675295 2507438.425904 0.000000
614320.341966 2507434.698638 0.000000
614317.008637 2507430.971371 0.000000
614313.675308 2507427.244104 0.000000
614310.341979 2507423.516837 0.000000
614307.008650 2507419.789571 0.000000
614303.675321 2507416.062304 0.000000
614300.341992 2507412.335037 0.000000
614297.008663 2507408.607770 0.000000
614293.675334 2507404.880504 0.000000
614290.342005 2507401.153237 0.000000
614287.008676 2507397.425970 0.000000
614283.675347 2507393.698703 0.000000
614280.342018 2507389.971437 0.000000
614277.008689 2507386.244170 0.000000
614273.675360 2507382.516903 0.000000
614270.342031 2507378.789636 0.000000
614267.008702 2507375.062370 0.000000
614263.675372 2507371.335103 0.000000
614260.342043 2507367.607836 0.000000
614257.008714 2507363.880569 0.000000
614253.675385 2507360.153303 0.000000
614250.342056 2507356.426036 0.000000
614247.008727 2507352.698769 0.000000
614243.521552 2507349.109031 0.000000
614240.034377 2507345.519294 0.000000
614236.547202 2507341.929556 0.000000
614233.060027 2507338.339818 0.000000
614229.572852 2507334.750080 0.000000
614226.085677 2507331.160343 0.000000
614222.598502 2507327.570605 0.000000
614219.111327 2507323.980867 0.000000
614215.624153 2507320.391129 0.000000
614212.136978 2507316.801391 0.000000
614208.649803 2507313.211654 0.000000
614205.162628 2507309.621916 0.000000
614201.675453 2507306.032178 0.000000
614198.188278 2507302.442440 0.000000
614194.701103 2507298.852702 0.000000
614191.213928 2507295.262965 0.000000
614187.726753 2507291.673227 0.000000
614184.239578 2507288.083489 0.000000
614180.752403 2507284.493751 0.000000
614177.265228 2507280.904014 0.000000
614173.778053 2507277.314276 0.000000
614170.290878 2507273.724538 0.000000
614166.803703 2507270.134800 0.000000
614163.316528 2507266.545062 0.000000
614159.829353 2507262.955325 0.000000
614156.342178 2507259.365587 0.000000
614152.855003 2507255.775849 0.000000
614149.367828 2507252.186111 0.000000
614145.880653 2507248.596374 0.000000
614142.393478 2507245.006636 0.000000
614138.906303 2507241.416898 0.000000
614135.419128 2507237.827160 0.000000
614131.931953 2507234.237422 0.000000
614128.444778 2507230.647685 0.000000
614124.957603 2507227.057947 0.000000
614121.470429 2507223.468209 0.000000
614117.983254 2507219.878471 0.000000
614114.496079 2507216.288734 0.000000
614111.008904 2507212.698996 0.000000
614107.675575 2507208.984716 0.000000
614104.342246 2507205.270436 0.000000
614101.008916 2507201.556157 0.000000
614097.675587 2507197.841877 0.000000
614094.342258 2507194.127597 0.000000
614091.008929 2507190.413317 0.000000
614087.675600 2507186.699038 0.000000
614084.342271 2507182.984758 0.000000
614081.008942 2507179.270478 0.000000
614077.675613 2507175.556198 0.000000
614074.342284 2507171.841919 0.000000
614071.008955 2507168.127639 0.000000
614067.675626 2507164.413359 0.000000
614064.342297 2507160.699079 0.000000
614061.008968 2507156.984800 0.000000
614057.675639 2507153.270520 0.000000
614054.342310 2507149.556240 0.000000
614051.008981 2507145.841960 0.000000
614047.675652 2507142.127681 0.000000
614044.342323 2507138.413401 0.000000
614041.008994 2507134.699121 0.000000
614037.675665 2507130.984841 0.000000
614034.342335 2507127.270562 0.000000
614031.009006 2507123.556282 0.000000
614027.675677 2507119.842002 0.000000
614024.342348 2507116.127722 0.000000
614021.009019 2507112.413443 0.000000
614017.675690 2507108.699163 0.000000
614014.342361 2507104.984883 0.000000
614011.009032 2507101.270603 0.000000
614007.675703 2507097.556324 0.000000
614004.342374 2507093.842044 0.000000
614001.009045 2507090.127764 0.000000
613997.675716 2507086.413484 0.000000
613994.342387 2507082.699205 0.000000
613991.009058 2507078.984925 0.000000
613987.675729 2507075.270645 0.000000
613984.342400 2507071.556365 0.000000
613981.009071 2507067.842086 0.000000
613977.675742 2507064.127806 0.000000
613974.342413 2507060.413526 0.000000
613971.009083 2507056.699246 0.000000
613968.042421 2507052.665919 0.000000
613965.075758 2507048.632592 0.000000
613962.109095 2507044.599266 0.000000
613959.142432 2507040.565939 0.000000
613956.175769 2507036.532612 0.000000
613953.209106 2507032.499285 0.000000
613950.242443 2507028.465958 0.000000
613947.275780 2507024.432631 0.000000
613944.309117 2507020.399304 0.000000
613941.342454 2507016.365977 0.000000
613938.375791 2507012.332650 0.000000
613935.409128 2507008.299323 0.000000
613932.442465 2507004.265996 0.000000
613929.475802 2507000.232669 0.000000
613926.509139 2506996.199342 0.000000
613923.542476 2506992.166015 0.000000
613920.575813 2506988.132688 0.000000
613917.609150 2506984.099361 0.000000
613914.642487 2506980.066034 0.000000
613911.675824 2506976.032707 0.000000
613908.709161 2506971.999380 0.000000
613905.742498 2506967.966053 0.000000
613902.775835 2506963.932726 0.000000
613899.809172 2506959.899399 0.000000
613896.842509 2506955.866073 0.000000
613893.875846 2506951.832746 0.000000
613890.909183 2506947.799419 0.000000
613887.942520 2506943.766092 0.000000
613884.975857 2506939.732765 0.000000
613882.009194 2506935.699438 0.000000
613879.491956 2506931.389100 0.000000
613876.974718 2506927.078762 0.000000
613874.457479 2506922.768423 0.000000
613871.940241 2506918.458085 0.000000
613869.423003 2506914.147747 0.000000
613866.905764 2506909.837409 0.000000
613864.388526 2506905.527071 0.000000
613861.871287 2506901.216733 0.000000
613859.354049 2506896.906395 0.000000
613856.836811 2506892.596057 0.000000
613854.319572 2506888.285719 0.000000
613851.802334 2506883.975380 0.000000
613849.285096 2506879.665042 0.000000
613846.767857 2506875.354704 0.000000
613844.250619 2506871.044366 0.000000
613841.733380 2506866.734028 0.000000
613839.216142 2506862.423690 0.000000
613836.698904 2506858.113352 0.000000
613834.181665 2506853.803014 0.000000
613831.664427 2506849.492676 0.000000
613829.147189 2506845.182337 0.000000
613826.629950 2506840.871999 0.000000
613824.112712 2506836.561661 0.000000
613821.595473 2506832.251323 0.000000
613819.078235 2506827.940985 0.000000
613816.560997 2506823.630647 0.000000
613814.043758 2506819.320309 0.000000
613811.526520 2506815.009971 0.000000
613809.009282 2506810.699633 0.000000
613806.929284 2506806.139640 0.000000
613804.849286 2506801.579647 0.000000
613802.769288 2506797.019654 0.000000
613800.689291 2506792.459661 0.000000
613798.609293 2506787.899668 0.000000
613796.529295 2506783.339675 0.000000
613794.449298 2506778.779682 0.000000
613792.369300 2506774.219689 0.000000
613790.289302 2506769.659696 0.000000
613788.209305 2506765.099703 0.000000
613786.129307 2506760.539710 0.000000
613784.049309 2506755.979717 0.000000
613781.969312 2506751.419724 0.000000
613779.889314 2506746.859731 0.000000
613777.809316 2506742.299738 0.000000
613775.729319 2506737.739745 0.000000
613773.649321 2506733.179752 0.000000
613771.569323 2506728.619759 0.000000
613769.489326 2506724.059766 0.000000
613767.409328 2506719.499773 0.000000
613765.329330 2506714.939780 0.000000
613763.249333 2506710.379787 0.000000
613761.169335 2506705.819794 0.000000
613759.089337 2506701.259801 0.000000
613757.009340 2506696.699808 0.000000
613755.287119 2506692.033148 0.000000
613753.564899 2506687.366489 0.000000
613751.842678 2506682.699829 0.000000
613750.120458 2506678.033170 0.000000
613748.398237 2506673.366510 0.000000
613746.676017 2506668.699851 0.000000
613744.953797 2506664.033191 0.000000
613743.231576 2506659.366532 0.000000
613741.509356 2506654.699872 0.000000
613739.787135 2506650.033212 0.000000
613738.064915 2506645.366553 0.000000
613736.342694 2506640.699893 0.000000
613734.620474 2506636.033234 0.000000
613732.898254 2506631.366574 0.000000
613731.176033 2506626.699915 0.000000
613729.453813 2506622.033255 0.000000
613727.731592 2506617.366596 0.000000
613726.009372 2506612.699936 0.000000
613724.642706 2506607.899943 0.000000
613723.276041 2506603.099951 0.000000
613721.909376 2506598.299958 0.000000
613720.542710 2506593.499965 0.000000
613719.176045 2506588.699972 0.000000
613717.809379 2506583.899980 0.000000
613716.442714 2506579.099987 0.000000
613715.076048 2506574.299994 0.000000
613713.709383 2506569.500001 0.000000
613712.342718 2506564.700009 0.000000
613710.976052 2506559.900016 0.000000
613709.609387 2506555.100023 0.000000
613708.242721 2506550.300030 0.000000
613706.876056 2506545.500038 0.000000
613705.509391 2506540.700045 0.000000
613704.142725 2506535.900052 0.000000
613702.776060 2506531.100059 0.000000
613701.409394 2506526.300067 0.000000
613700.042729 2506521.500074 0.000000
613698.676063 2506516.700081 0.000000
613697.309398 2506511.900088 0.000000
613695.942733 2506507.100096 0.000000
613694.576067 2506502.300103 0.000000
613693.209402 2506497.500110 0.000000
613691.842736 2506492.700117 0.000000
613690.476071 2506487.900125 0.000000
613689.109406 2506483.100132 0.000000
613687.742740 2506478.300139 0.000000
613686.376075 2506473.500147 0.000000
613685.009409 2506468.700154 0.000000
613683.978160 2506463.793911 0.000000
613682.946911 2506458.887668 0.000000
613681.915662 2506453.981426 0.000000
613680.884412 2506449.075183 0.000000
613679.853163 2506444.168941 0.000000
613678.821914 2506439.262698 0.000000
613677.790664 2506434.356455 0.000000
613676.759415 2506429.450213 0.000000
613675.728166 2506424.543970 0.000000
613674.696917 2506419.637727 0.000000
613673.665667 2506414.731485 0.000000
613672.634418 2506409.825242 0.000000
613671.603169 2506404.918999 0.000000
613670.571920 2506400.012757 0.000000
613669.540670 2506395.106514 0.000000
613668.509421 2506390.200272 0.000000
613667.478172 2506385.294029 0.000000
613666.446923 2506380.387786 0.000000
613665.415673 2506375.481544 0.000000
613664.384424 2506370.575301 0.000000
613663.353175 2506365.669058 0.000000
613662.321926 2506360.762816 0.000000
613661.290676 2506355.856573 0.000000
613660.259427 2506350.950330 0.000000
613659.228178 2506346.044088 0.000000
613658.196929 2506341.137845 0.000000
613657.165679 2506336.231603 0.000000
613656.134430 2506331.325360 0.000000
613655.103181 2506326.419117 0.000000
613654.071932 2506321.512875 0.000000
613653.040682 2506316.606632 0.000000
613652.009433 2506311.700389 0.000000
613651.242767 2506306.767063 0.000000
613650.476100 2506301.833737 0.000000
613649.709434 2506296.900411 0.000000
613648.942768 2506291.967086 0.000000
613648.176101 2506287.033760 0.000000
613647.409435 2506282.100434 0.000000
613646.642769 2506277.167108 0.000000
613645.876103 2506272.233782 0.000000
613645.109436 2506267.300456 0.000000
613644.342770 2506262.367130 0.000000
613643.576104 2506257.433804 0.000000
613642.809437 2506252.500478 0.000000
613642.042771 2506247.567152 0.000000
613641.276105 2506242.633826 0.000000
613640.509438 2506237.700500 0.000000
613639.742772 2506232.767174 0.000000
613638.976106 2506227.833848 0.000000
613638.209439 2506222.900522 0.000000
613637.442773 2506217.967196 0.000000
613636.676107 2506213.033870 0.000000
613635.909440 2506208.100544 0.000000
613635.142774 2506203.167218 0.000000
613634.376108 2506198.233892 0.000000
613633.609442 2506193.300566 0.000000
613632.842775 2506188.367240 0.000000
613632.076109 2506183.433914 0.000000
613631.309443 2506178.500588 0.000000
613630.542776 2506173.567262 0.000000
613629.776110 2506168.633936 0.000000
613629.009444 2506163.700610 0.000000
613628.242777 2506158.767284 0.000000
613627.476111 2506153.833958 0.000000
613626.709445 2506148.900632 0.000000
613625.942778 2506143.967306 0.000000
613625.176112 2506139.033980 0.000000
613624.409446 2506134.100654 0.000000
613623.642779 2506129.167329 0.000000
613622.876113 2506124.234003 0.000000
613622.109447 2506119.300677 0.000000
613621.342781 2506114.367351 0.000000
613620.576114 2506109.434025 0.000000
613619.809448 2506104.500699 0.000000
613619.042782 2506099.567373 0.000000
613618.276115 2506094.634047 0.000000
613617.509449 2506089.700721 0.000000
613616.742783 2506084.767395 0.000000
613615.976116 2506079.834069 0.000000
613615.209450 2506074.900743 0.000000
613614.442784 2506069.967417 0.000000
613613.676117 2506065.034091 0.000000
613612.909451 2506060.100765 0.000000
613612.142785 2506055.167439 0.000000
613611.376118 2506050.234113 0.000000
613610.609452 2506045.300787 0.000000
613609.842786 2506040.367461 0.000000
613609.076119 2506035.434135 0.000000
613608.309453 2506030.500809 0.000000
613607.542787 2506025.567483 0.000000
613606.776121 2506020.634157 0.000000
613606.009454 2506015.700831 0.000000
613605.302627 2506010.749031 0.000000
613604.595800 2506005.797232 0.000000
613603.888973 2506000.845432 0.000000
613603.182146 2505995.893632 0.000000
613602.475319 2505990.941832 0.000000
613601.768492 2505985.990032 0.000000
613601.061665 2505981.038232 0.000000
613600.354838 2505976.086432 0.000000
613599.648011 2505971.134633 0.000000
613598.941184 2505966.182833 0.000000
613598.234357 2505961.231033 0.000000
613597.527530 2505956.279233 0.000000
613596.820703 2505951.327433 0.000000
613596.113876 2505946.375633 0.000000
613595.407049 2505941.423834 0.000000
613594.700222 2505936.472034 0.000000
613593.993394 2505931.520234 0.000000
613593.286567 2505926.568434 0.000000
613592.579740 2505921.616634 0.000000
613591.872913 2505916.664834 0.000000
613591.166086 2505911.713035 0.000000
613590.459259 2505906.761235 0.000000
613589.752432 2505901.809435 0.000000
613589.045605 2505896.857635 0.000000
613588.338778 2505891.905835 0.000000
613587.631951 2505886.954035 0.000000
613586.925124 2505882.002235 0.000000
613586.218297 2505877.050436 0.000000
613585.511470 2505872.098636 0.000000
613584.804643 2505867.146836 0.000000
613584.097816 2505862.195036 0.000000
613583.390989 2505857.243236 0.000000
613582.684162 2505852.291436 0.000000
613581.977335 2505847.339637 0.000000
613581.270508 2505842.387837 0.000000
613580.563681 2505837.436037 0.000000
613579.856854 2505832.484237 0.000000
613579.150027 2505827.532437 0.000000
613578.443199 2505822.580637 0.000000
613577.736372 2505817.628838 0.000000
613577.029545 2505812.677038 0.000000
613576.322718 2505807.725238 0.000000
613575.615891 2505802.773438 0.000000
613574.909064 2505797.821638 0.000000
613574.202237 2505792.869838 0.000000
613573.495410 2505787.918038 0.000000
613572.788583 2505782.966239 0.000000
613572.081756 2505778.014439 0.000000
613571.374929 2505773.062639 0.000000
613570.668102 2505768.110839 0.000000
613569.961275 2505763.159039 0.000000
613569.254448 2505758.207239 0.000000
613568.547621 2505753.255440 0.000000
613567.840794 2505748.303640 0.000000
613567.133967 2505743.351840 0.000000
613566.427140 2505738.400040 0.000000
613565.720313 2505733.448240 0.000000
613565.013486 2505728.496440 0.000000
613564.306659 2505723.544641 0.000000
613563.599832 2505718.592841 0.000000
613562.893004 2505713.641041 0.000000
613562.186177 2505708.689241 0.000000
613561.479350 2505703.737441 0.000000
613560.772523 2505698.785641 0.000000
613560.065696 2505693.833841 0.000000
613559.358869 2505688.882042 0.000000
613558.652042 2505683.930242 0.000000
613557.945215 2505678.978442 0.000000
613557.238388 2505674.026642 0.000000
613556.531561 2505669.074842 0.000000
613555.824734 2505664.123042 0.000000
613555.117907 2505659.171243 0.000000
613554.411080 2505654.219443 0.000000
613553.704253 2505649.267643 0.000000
613552.997426 2505644.315843 0.000000
613552.290599 2505639.364043 0.000000
613551.583772 2505634.412243 0.000000
613550.876945 2505629.460444 0.000000
613550.170118 2505624.508644 0.000000
613549.463291 2505619.556844 0.000000
613548.756464 2505614.605044 0.000000
613548.049637 2505609.653244 0.000000
613547.342809 2505604.701444 0.000000
613546.635982 2505599.749644 0.000000
613545.929155 2505594.797845 0.000000
613545.222328 2505589.846045 0.000000
613544.515501 2505584.894245 0.000000
613543.808674 2505579.942445 0.000000
613543.101847 2505574.990645 0.000000
613542.395020 2505570.038845 0.000000
613541.688193 2505565.087046 0.000000
613540.981366 2505560.135246 0.000000
613540.274539 2505555.183446 0.000000
613539.567712 2505550.231646 0.000000
613538.860885 2505545.279846 0.000000
613538.154058 2505540.328046 0.000000
613537.447231 2505535.376246 0.000000
613536.740404 2505530.424447 0.000000
613536.033577 2505525.472647 0.000000
613535.326750 2505520.520847 0.000000
613534.619923 2505515.569047 0.000000
613533.913096 2505510.617247 0.000000
613533.206269 2505505.665447 0.000000
613532.499442 2505500.713648 0.000000
613531.792614 2505495.761848 0.000000
613531.085787 2505490.810048 0.000000
613530.378960 2505485.858248 0.000000
613529.672133 2505480.906448 0.000000
613528.965306 2505475.954648 0.000000
613528.258479 2505471.002849 0.000000
613527.551652 2505466.051049 0.000000
613526.844825 2505461.099249 0.000000
613526.137998 2505456.147449 0.000000
613525.431171 2505451.195649 0.000000
613524.724344 2505446.243849 0.000000
613524.017517 2505441.292049 0.000000
613523.310690 2505436.340250 0.000000
613522.603863 2505431.388450 0.000000
613521.897036 2505426.436650 0.000000
613521.190209 2505421.484850 0.000000
613520.483382 2505416.533050 0.000000
613519.776555 2505411.581250 0.000000
613519.069728 2505406.629451 0.000000
613518.362901 2505401.677651 0.000000
613517.656074 2505396.725851 0.000000
613516.949247 2505391.774051 0.000000
613516.242419 2505386.822251 0.000000
613515.535592 2505381.870451 0.000000
613514.828765 2505376.918652 0.000000
613514.121938 2505371.966852 0.000000
613513.415111 2505367.015052 0.000000
613512.708284 2505362.063252 0.000000
613512.001457 2505357.111452 0.000000
613511.294630 2505352.159652 0.000000
613510.587803 2505347.207852 0.000000
613509.880976 2505342.256053 0.000000
613509.174149 2505337.304253 0.000000
613508.467322 2505332.352453 0.000000
613507.760495 2505327.400653 0.000000
613507.053668 2505322.448853 0.000000
613506.346841 2505317.497053 0.000000
613505.640014 2505312.545254 0.000000
613504.933187 2505307.593454 0.000000
613504.226360 2505302.641654 0.000000
613503.519533 2505297.689854 0.000000
613502.812706 2505292.738054 0.000000
613502.105879 2505287.786254 0.000000
613501.399052 2505282.834455 0.000000
613500.692224 2505277.882655 0.000000
613499.985397 2505272.930855 0.000000
613499.278570 2505267.979055 0.000000
613498.571743 2505263.027255 0.000000
613497.864916 2505258.075455 0.000000
613497.158089 2505253.123655 0.000000
613496.451262 2505248.171856 0.000000
613495.744435 2505243.220056 0.000000
613495.037608 2505238.268256 0.000000
613494.330781 2505233.316456 0.000000
613493.623954 2505228.364656 0.000000
613492.917127 2505223.412856 0.000000
613492.210300 2505218.461057 0.000000
613491.503473 2505213.509257 0.000000
613490.796646 2505208.557457 0.000000
613490.089819 2505203.605657 0.000000
613489.382992 2505198.653857 0.000000
613488.676165 2505193.702057 0.000000
613487.969338 2505188.750258 0.000000
613487.262511 2505183.798458 0.000000
613486.555684 2505178.846658 0.000000
613485.848857 2505173.894858 0.000000
613485.142029 2505168.943058 0.000000
613484.435202 2505163.991258 0.000000
613483.728375 2505159.039458 0.000000
613483.021548 2505154.087659 0.000000
613482.314721 2505149.135859 0.000000
613481.607894 2505144.184059 0.000000
613480.901067 2505139.232259 0.000000
613480.194240 2505134.280459 0.000000
613479.487413 2505129.328659 0.000000
613478.780586 2505124.376860 0.000000
613478.073759 2505119.425060 0.000000
613477.366932 2505114.473260 0.000000
613476.660105 2505109.521460 0.000000
613475.953278 2505104.569660 0.000000
613475.246451 2505099.617860 0.000000
613474.539624 2505094.666061 0.000000
613473.832797 2505089.714261 0.000000
613473.125970 2505084.762461 0.000000
613472.419143 2505079.810661 0.000000
613471.712316 2505074.858861 0.000000
613471.005489 2505069.907061 0.000000
613470.298662 2505064.955261 0.000000
613469.591835 2505060.003462 0.000000
613468.885007 2505055.051662 0.000000
613468.178180 2505050.099862 0.000000
613467.471353 2505045.148062 0.000000
613466.764526 2505040.196262 0.000000
613466.057699 2505035.244462 0.000000
613465.350872 2505030.292663 0.000000
613464.644045 2505025.340863 0.000000
613463.937218 2505020.389063 0.000000
613463.230391 2505015.437263 0.000000
613462.523564 2505010.485463 0.000000
613461.816737 2505005.533663 0.000000
613461.109910 2505000.581864 0.000000
613460.403083 2504995.630064 0.000000
613459.696256 2504990.678264 0.000000
613458.989429 2504985.726464 0.000000
613458.282602 2504980.774664 0.000000
613457.575775 2504975.822864 0.000000
613456.868948 2504970.871064 0.000000
613456.162121 2504965.919265 0.000000
613455.455294 2504960.967465 0.000000
613454.748467 2504956.015665 0.000000
613454.041640 2504951.063865 0.000000
613453.334812 2504946.112065 0.000000
613452.627985 2504941.160265 0.000000
613451.921158 2504936.208466 0.000000
613451.214331 2504931.256666 0.000000
613450.507504 2504926.304866 0.000000
613449.800677 2504921.353066 0.000000
613449.093850 2504916.401266 0.000000
613448.387023 2504911.449466 0.000000
613447.680196 2504906.497667 0.000000
613446.973369 2504901.545867 0.000000
613446.266542 2504896.594067 0.000000
613445.559715 2504891.642267 0.000000
613444.852888 2504886.690467 0.000000
613444.146061 2504881.738667 0.000000
613443.439234 2504876.786867 0.000000
613442.732407 2504871.835068 0.000000
613442.025580 2504866.883268 0.000000
613441.318753 2504861.931468 0.000000
613440.611926 2504856.979668 0.000000
613439.905099 2504852.027868 0.000000
613439.198272 2504847.076068 0.000000
613438.491445 2504842.124269 0.000000
613437.784617 2504837.172469 0.000000
613437.077790 2504832.220669 0.000000
613436.370963 2504827.268869 0.000000
613435.664136 2504822.317069 0.000000
613434.957309 2504817.365269 0.000000
613434.250482 2504812.413470 0.000000
613433.543655 2504807.461670 0.000000
613432.836828 2504802.509870 0.000000
613432.130001 2504797.558070 0.000000
613431.423174 2504792.606270 0.000000
613430.716347 2504787.654470 0.000000
613430.009520 2504782.702670 0.000000
613429.197020 2504777.796428 0.000000
613428.384521 2504772.890185 0.000000
613427.572021 2504767.983942 0.000000
613426.759522 2504763.077700 0.000000
613425.947022 2504758.171457 0.000000
613425.134523 2504753.265215 0.000000
613424.322023 2504748.358972 0.000000
613423.509523 2504743.452729 0.000000
613422.697024 2504738.546487 0.000000
613421.884524 2504733.640244 0.000000
613421.072025 2504728.734001 0.000000
613420.259525 2504723.827759 0.000000
613419.447026 2504718.921516 0.000000
613418.634526 2504714.015273 0.000000
613417.822026 2504709.109031 0.000000
613417.009527 2504704.202788 0.000000
613416.197027 2504699.296545 0.000000
613415.384528 2504694.390303 0.000000
613414.572028 2504689.484060 0.000000
613413.759528 2504684.577817 0.000000
613412.947029 2504679.671575 0.000000
613412.134529 2504674.765332 0.000000
613411.322030 2504669.859089 0.000000
613410.509530 2504664.952847 0.000000
613409.697031 2504660.046604 0.000000
613408.884531 2504655.140361 0.000000
613408.072031 2504650.234119 0.000000
613407.259532 2504645.327876 0.000000
613406.447032 2504640.421633 0.000000
613405.634533 2504635.515391 0.000000
613404.822033 2504630.609148 0.000000
613404.009534 2504625.702905 0.000000
613402.979684 2504620.807390 0.000000
613401.949834 2504615.911875 0.000000
613400.919984 2504611.016360 0.000000
613399.890134 2504606.120845 0.000000
613398.860284 2504601.225330 0.000000
613397.830434 2504596.329815 0.000000
613396.800584 2504591.434300 0.000000
613395.770734 2504586.538785 0.000000
613394.740884 2504581.643270 0.000000
613393.711034 2504576.747755 0.000000
613392.681184 2504571.852240 0.000000
613391.651334 2504566.956725 0.000000
613390.621484 2504562.061210 0.000000
613389.591634 2504557.165695 0.000000
613388.561784 2504552.270180 0.000000
613387.531934 2504547.374665 0.000000
613386.502084 2504542.479150 0.000000
613385.472234 2504537.583635 0.000000
613384.442384 2504532.688120 0.000000
613383.412534 2504527.792605 0.000000
613382.382684 2504522.897090 0.000000
613381.352834 2504518.001575 0.000000
613380.322984 2504513.106060 0.000000
613379.293134 2504508.210545 0.000000
613378.263284 2504503.315030 0.000000
613377.233434 2504498.419515 0.000000
613376.203584 2504493.524000 0.000000
613375.173734 2504488.628485 0.000000
613374.143884 2504483.732970 0.000000
613373.114034 2504478.837455 0.000000
613372.084184 2504473.941940 0.000000
613371.054334 2504469.046424 0.000000
613370.024484 2504464.150909 0.000000
613368.994634 2504459.255394 0.000000
613367.964784 2504454.359879 0.000000
613366.934934 2504449.464364 0.000000
613365.905084 2504444.568849 0.000000
613364.875234 2504439.673334 0.000000
613363.845384 2504434.777819 0.000000
613362.815534 2504429.882304 0.000000
613361.785684 2504424.986789 0.000000
613360.755834 2504420.091274 0.000000
613359.725984 2504415.195759 0.000000
613358.696134 2504410.300244 0.000000
613357.666284 2504405.404729 0.000000
613356.636434 2504400.509214 0.000000
613355.606584 2504395.613699 0.000000
613354.576734 2504390.718184 0.000000
613353.546884 2504385.822669 0.000000
613352.517034 2504380.927154 0.000000
613351.487184 2504376.031639 0.000000
613350.457334 2504371.136124 0.000000
613349.427484 2504366.240609 0.000000
613348.397634 2504361.345094 0.000000
613347.367784 2504356.449579 0.000000
613346.337934 2504351.554064 0.000000
613345.308084 2504346.658549 0.000000
613344.278234 2504341.763034 0.000000
613343.248384 2504336.867519 0.000000
613342.218534 2504331.972004 0.000000
613341.188684 2504327.076489 0.000000
613340.158834 2504322.180974 0.000000
613339.128984 2504317.285459 0.000000
613338.099134 2504312.389944 0.000000
613337.069284 2504307.494429 0.000000
613336.039434 2504302.598914 0.000000
613335.009584 2504297.703399 0.000000
613333.831807 2504292.858961 0.000000
613332.654030 2504288.014524 0.000000
613331.476253 2504283.170087 0.000000
613330.298476 2504278.325650 0.000000
613329.120700 2504273.481213 0.000000
613327.942923 2504268.636776 0.000000
613326.765146 2504263.792339 0.000000
613325.587369 2504258.947901 0.000000
613324.409592 2504254.103464 0.000000
613323.231816 2504249.259027 0.000000
613322.054039 2504244.414590 0.000000
613320.876262 2504239.570153 0.000000
613319.698485 2504234.725716 0.000000
613318.520708 2504229.881279 0.000000
613317.342932 2504225.036841 0.000000
613316.165155 2504220.192404 0.000000
613314.987378 2504215.347967 0.000000
613313.809601 2504210.503530 0.000000
613312.631824 2504205.659093 0.000000
613311.454047 2504200.814656 0.000000
613310.276271 2504195.970219 0.000000
613309.098494 2504191.125782 0.000000
613307.920717 2504186.281344 0.000000
613306.742940 2504181.436907 0.000000
613305.565163 2504176.592470 0.000000
613304.387387 2504171.748033 0.000000
613303.209610 2504166.903596 0.000000
613302.031833 2504162.059159 0.000000
613300.854056 2504157.214722 0.000000
613299.676279 2504152.370284 0.000000
613298.498503 2504147.525847 0.000000
613297.320726 2504142.681410 0.000000
613296.142949 2504137.836973 0.000000
613294.965172 2504132.992536 0.000000
613293.787395 2504128.148099 0.000000
613292.609619 2504123.303662 0.000000
613291.431842 2504118.459225 0.000000
613290.254065 2504113.614787 0.000000
613289.076288 2504108.770350 0.000000
613287.898511 2504103.925913 0.000000
613286.720735 2504099.081476 0.000000
613285.542958 2504094.237039 0.000000
613284.365181 2504089.392602 0.000000
613283.187404 2504084.548165 0.000000
613282.009627 2504079.703727 0.000000
613280.597864 2504074.939029 0.000000
613279.186101 2504070.174330 0.000000
613277.774337 2504065.409631 0.000000
613276.362574 2504060.644933 0.000000
613274.950810 2504055.880234 0.000000
613273.539047 2504051.115536 0.000000
613272.127284 2504046.350837 0.000000
613270.715520 2504041.586138 0.000000
613269.303757 2504036.821440 0.000000
613267.891994 2504032.056741 0.000000
613266.480230 2504027.292042 0.000000
613265.068467 2504022.527344 0.000000
613263.656703 2504017.762645 0.000000
613262.244940 2504012.997946 0.000000
613260.833177 2504008.233248 0.000000
613259.421413 2504003.468549 0.000000
613258.009650 2503998.703850 0.000000
613256.182066 2503994.083168 0.000000
613254.354481 2503989.462485 0.000000
613252.526897 2503984.841803 0.000000
613250.699313 2503980.221120 0.000000
613248.871729 2503975.600438 0.000000
613247.044144 2503970.979755 0.000000
613245.216560 2503966.359072 0.000000
613243.388976 2503961.738390 0.000000
613241.561392 2503957.117707 0.000000
613239.733807 2503952.497025 0.000000
613237.906223 2503947.876342 0.000000
613236.078639 2503943.255659 0.000000
613234.251055 2503938.634977 0.000000
613232.423470 2503934.014294 0.000000
613230.595886 2503929.393612 0.000000
613228.768302 2503924.772929 0.000000
613226.940718 2503920.152247 0.000000
613225.113133 2503915.531564 0.000000
613223.285549 2503910.910881 0.000000
613221.457965 2503906.290199 0.000000
613219.630381 2503901.669516 0.000000
613217.802796 2503897.048834 0.000000
613215.975212 2503892.428151 0.000000
613214.147628 2503887.807469 0.000000
613212.320044 2503883.186786 0.000000
613210.492459 2503878.566103 0.000000
613208.664875 2503873.945421 0.000000
613206.837291 2503869.324738 0.000000
613205.009707 2503864.704056 0.000000
613202.859709 2503860.204063 0.000000
613200.709711 2503855.704070 0.000000
613198.559714 2503851.204077 0.000000
613196.409716 2503846.704084 0.000000
613194.259719 2503842.204091 0.000000
613192.109721 2503837.704098 0.000000
613189.959724 2503833.204104 0.000000
613187.809726 2503828.704111 0.000000
613185.659729 2503824.204118 0.000000
613183.509731 2503819.704125 0.000000
613181.359734 2503815.204132 0.000000
613179.209736 2503810.704139 0.000000
613177.059738 2503806.204146 0.000000
613174.909741 2503801.704153 0.000000
613172.759743 2503797.204160 0.000000
613170.609746 2503792.704167 0.000000
613168.459748 2503788.204174 0.000000
613166.309751 2503783.704181 0.000000
613164.159753 2503779.204188 0.000000
613162.009756 2503774.704195 0.000000
613159.859758 2503770.204202 0.000000
613157.709760 2503765.704209 0.000000
613155.559763 2503761.204216 0.000000
613153.409765 2503756.704223 0.000000
613151.259768 2503752.204230 0.000000
613149.109770 2503747.704237 0.000000
613146.959773 2503743.204244 0.000000
613144.809775 2503738.704251 0.000000
613142.659778 2503734.204257 0.000000
613140.509780 2503729.704264 0.000000
613138.359782 2503725.204271 0.000000
613136.209785 2503720.704278 0.000000
613134.059787 2503716.204285 0.000000
613131.909790 2503711.704292 0.000000
613129.759792 2503707.204299 0.000000
613127.609795 2503702.704306 0.000000
613125.459797 2503698.204313 0.000000
613123.309800 2503693.704320 0.000000
613121.159802 2503689.204327 0.000000
613119.009805 2503684.704334 0.000000
613117.069807 2503680.104341 0.000000
613115.129809 2503675.504348 0.000000
613113.189811 2503670.904355 0.000000
613111.249813 2503666.304362 0.000000
613109.309815 2503661.704369 0.000000
613107.369817 2503657.104376 0.000000
613105.429819 2503652.504384 0.000000
613103.489822 2503647.904391 0.000000
613101.549824 2503643.304398 0.000000
613099.609826 2503638.704405 0.000000
613097.669828 2503634.104412 0.000000
613095.729830 2503629.504419 0.000000
613093.789832 2503624.904426 0.000000
613091.849834 2503620.304433 0.000000
613089.909836 2503615.704440 0.000000
613087.969839 2503611.104447 0.000000
613086.029841 2503606.504454 0.000000
613084.089843 2503601.904461 0.000000
613082.149845 2503597.304468 0.000000
613080.209847 2503592.704475 0.000000
613078.269849 2503588.104483 0.000000
613076.329851 2503583.504490 0.000000
613074.389853 2503578.904497 0.000000
613072.449856 2503574.304504 0.000000
613070.509858 2503569.704511 0.000000
613068.569860 2503565.104518 0.000000
613066.629862 2503560.504525 0.000000
613064.689864 2503555.904532 0.000000
613062.749866 2503551.304539 0.000000
613060.809868 2503546.704546 0.000000
613058.869870 2503542.104553 0.000000
613056.929873 2503537.504560 0.000000
613054.989875 2503532.904567 0.000000
613053.049877 2503528.304574 0.000000
613051.109879 2503523.704582 0.000000
613049.169881 2503519.104589 0.000000
613047.229883 2503514.504596 0.000000
613045.289885 2503509.904603 0.000000
613043.349887 2503505.304610 0.000000
613041.409890 2503500.704617 0.000000
613039.469892 2503496.104624 0.000000
613037.529894 2503491.504631 0.000000
613035.589896 2503486.904638 0.000000
613033.649898 2503482.304645 0.000000
613031.709900 2503477.704652 0.000000
613029.769902 2503473.104659 0.000000
613027.829904 2503468.504666 0.000000
613025.889907 2503463.904673 0.000000
613023.949909 2503459.304681 0.000000
613022.009911 2503454.704688 0.000000
613020.434912 2503449.954695 0.000000
613018.859914 2503445.204702 0.000000
613017.284916 2503440.454709 0.000000
613015.709917 2503435.704717 0.000000
613014.134919 2503430.954724 0.000000
613012.559920 2503426.204731 0.000000
613010.984922 2503421.454738 0.000000
613009.409923 2503416.704745 0.000000
613007.834925 2503411.954753 0.000000
613006.259927 2503407.204760 0.000000
613004.684928 2503402.454767 0.000000
613003.109930 2503397.704774 0.000000
613001.534931 2503392.954782 0.000000
612999.959933 2503388.204789 0.000000
612998.384934 2503383.454796 0.000000
612996.809936 2503378.704803 0.000000
612995.234938 2503373.954811 0.000000
612993.659939 2503369.204818 0.000000
612992.084941 2503364.454825 0.000000
612990.509942 2503359.704832 0.000000
612988.934944 2503354.954840 0.000000
612987.359945 2503350.204847 0.000000
612985.784947 2503345.454854 0.000000
612984.209949 2503340.704861 0.000000
612982.634950 2503335.954869 0.000000
612981.059952 2503331.204876 0.000000
612979.484953 2503326.454883 0.000000
612977.909955 2503321.704890 0.000000
612976.334956 2503316.954897 0.000000
612974.759958 2503312.204905 0.000000
612973.184960 2503307.454912 0.000000
612971.609961 2503302.704919 0.000000
612970.034963 2503297.954926 0.000000
612968.459964 2503293.204934 0.000000
612966.884966 2503288.454941 0.000000
612965.309967 2503283.704948 0.000000
612963.734969 2503278.954955 0.000000
612962.159970 2503274.204963 0.000000
612960.584972 2503269.454970 0.000000
612959.009974 2503264.704977 0.000000
612957.926641 2503259.829984 0.000000
612956.843309 2503254.954992 0.000000
612955.759976 2503250.079999 0.000000
612954.676644 2503245.205006 0.000000
612953.593311 2503240.330014 0.000000
612952.509979 2503235.455021 0.000000
612951.426646 2503230.580029 0.000000
612950.343314 2503225.705036 0.000000
612949.259981 2503220.830043 0.000000
612948.176649 2503215.955051 0.000000
612947.093316 2503211.080058 0.000000
612946.009984 2503206.205065 0.000000
612944.926651 2503201.330073 0.000000
612943.843319 2503196.455080 0.000000
612942.759986 2503191.580087 0.000000
612941.676654 2503186.705095 0.000000
612940.593321 2503181.830102 0.000000
612939.509989 2503176.955109 0.000000
612938.426656 2503172.080117 0.000000
612937.343324 2503167.205124 0.000000
612936.259991 2503162.330131 0.000000
612935.176659 2503157.455139 0.000000
612934.093326 2503152.580146 0.000000
612933.009994 2503147.705153 0.000000
612932.476660 2503142.738494 0.000000
612931.943327 2503137.771835 0.000000
612931.409994 2503132.805176 0.000000
612930.876660 2503127.838516 0.000000
612930.343327 2503122.871857 0.000000
612929.809994 2503117.905198 0.000000
612929.276660 2503112.938539 0.000000
612928.743327 2503107.971879 0.000000
612928.209994 2503103.005220 0.000000
612927.676660 2503098.038561 0.000000
612927.143327 2503093.071901 0.000000
612926.609994 2503088.105242 0.000000
612926.076660 2503083.138583 0.000000
612925.543327 2503078.171924 0.000000
612925.009994 2503073.205264 0.000000
612924.476660 2503068.238605 0.000000
612923.943327 2503063.271946 0.000000
612923.409994 2503058.305287 0.000000
612922.876660 2503053.338627 0.000000
612922.343327 2503048.371968 0.000000
612921.809994 2503043.405309 0.000000
612921.276661 2503038.438649 0.000000
612920.743327 2503033.471990 0.000000
612920.209994 2503028.505331 0.000000
612919.676661 2503023.538672 0.000000
612919.143327 2503018.572012 0.000000
612918.609994 2503013.605353 0.000000
612918.076661 2503008.638694 0.000000
612917.543327 2503003.672035 0.000000
612917.009994 2502998.705375 0.000000
612916.795708 2502993.705383 0.000000
612916.581422 2502988.705390 0.000000
612916.367135 2502983.705398 0.000000
612916.152849 2502978.705405 0.000000
612915.938563 2502973.705412 0.000000
612915.724277 2502968.705420 0.000000
612915.509991 2502963.705427 0.000000
612915.295705 2502958.705435 0.000000
612915.081418 2502953.705442 0.000000
612914.867132 2502948.705449 0.000000
612914.652846 2502943.705457 0.000000
612914.438560 2502938.705464 0.000000
612914.224274 2502933.705472 0.000000
612914.009988 2502928.705479 0.000000
612913.795701 2502923.705486 0.000000
612913.581415 2502918.705494 0.000000
612913.367129 2502913.705501 0.000000
612913.152843 2502908.705509 0.000000
612912.938557 2502903.705516 0.000000
612912.724270 2502898.705523 0.000000
612912.509984 2502893.705531 0.000000
612912.295698 2502888.705538 0.000000
612912.081412 2502883.705546 0.000000
612911.867126 2502878.705553 0.000000
612911.652840 2502873.705560 0.000000
612911.438553 2502868.705568 0.000000
612911.224267 2502863.705575 0.000000
612911.009981 2502858.705583 0.000000
612910.795695 2502853.705590 0.000000
612910.581409 2502848.705597 0.000000
612910.367123 2502843.705605 0.000000
612910.152836 2502838.705612 0.000000
612909.938550 2502833.705620 0.000000
612909.724264 2502828.705627 0.000000
612909.509978 2502823.705634 0.000000
612909.295692 2502818.705642 0.000000
612909.081406 2502813.705649 0.000000
612908.867119 2502808.705657 0.000000
612908.652833 2502803.705664 0.000000
612908.438547 2502798.705671 0.000000
612908.224261 2502793.705679 0.000000
612908.009975 2502788.705686 0.000000
612907.795688 2502783.705694 0.000000
612907.581402 2502778.705701 0.000000
612907.367116 2502773.705708 0.000000
612907.152830 2502768.705716 0.000000
612906.938544 2502763.705723 0.000000
612906.724258 2502758.705731 0.000000
612906.509971 2502753.705738 0.000000
612906.295685 2502748.705745 0.000000
612906.081399 2502743.705753 0.000000
612905.867113 2502738.705760 0.000000
612905.652827 2502733.705768 0.000000
612905.438541 2502728.705775 0.000000
612905.224254 2502723.705782 0.000000
612905.009968 2502718.705790 0.000000
612904.795682 2502713.705797 0.000000
612904.581396 2502708.705805 0.000000
612904.367110 2502703.705812 0.000000
612904.152824 2502698.705819 0.000000
612903.938537 2502693.705827 0.000000
612903.724251 2502688.705834 0.000000
612903.509965 2502683.705842 0.000000
612903.295679 2502678.705849 0.000000
612903.081393 2502673.705856 0.000000
612902.867106 2502668.705864 0.000000
612902.652820 2502663.705871 0.000000
612902.438534 2502658.705878 0.000000
612902.224248 2502653.705886 0.000000
612902.009962 2502648.705893 0.000000
612901.795676 2502643.705901 0.000000
612901.581389 2502638.705908 0.000000
612901.367103 2502633.705915 0.000000
612901.152817 2502628.705923 0.000000
612900.938531 2502623.705930 0.000000
612900.724245 2502618.705938 0.000000
612900.509959 2502613.705945 0.000000
612900.295672 2502608.705952 0.000000
612900.081386 2502603.705960 0.000000
612899.867100 2502598.705967 0.000000
612899.652814 2502593.705975 0.000000
612899.438528 2502588.705982 0.000000
612899.224242 2502583.705989 0.000000
612899.009955 2502578.705997 0.000000
612898.431008 2502573.732320 0.000000
612897.852061 2502568.758643 0.000000
612897.273113 2502563.784967 0.000000
612896.694166 2502558.811290 0.000000
612896.115219 2502553.837613 0.000000
612895.536272 2502548.863936 0.000000
612894.957324 2502543.890259 0.000000
612894.378377 2502538.916583 0.000000
612893.799430 2502533.942906 0.000000
612893.220482 2502528.969229 0.000000
612892.641535 2502523.995552 0.000000
612892.062588 2502519.021875 0.000000
612891.483641 2502514.048199 0.000000
612890.904693 2502509.074522 0.000000
612890.325746 2502504.100845 0.000000
612889.746799 2502499.127168 0.000000
612889.167851 2502494.153491 0.000000
612888.588904 2502489.179815 0.000000
612888.009957 2502484.206138 0.000000
612887.431010 2502479.232461 0.000000
612886.852062 2502474.258784 0.000000
612886.273115 2502469.285107 0.000000
612885.694168 2502464.311431 0.000000
612885.115220 2502459.337754 0.000000
612884.536273 2502454.364077 0.000000
612883.957326 2502449.390400 0.000000
612883.378379 2502444.416724 0.000000
612882.799431 2502439.443047 0.000000
612882.220484 2502434.469370 0.000000
612881.641537 2502429.495693 0.000000
612881.062589 2502424.522016 0.000000
612880.483642 2502419.548340 0.000000
612879.904695 2502414.574663 0.000000
612879.325748 2502409.600986 0.000000
612878.746800 2502404.627309 0.000000
612878.167853 2502399.653632 0.000000
612877.588906 2502394.679956 0.000000
612877.009958 2502389.706279 0.000000
612876.009959 2502384.831286 0.000000
612875.009960 2502379.956293 0.000000
612874.009960 2502375.081301 0.000000
612873.009961 2502370.206308 0.000000
612872.009962 2502365.331316 0.000000
612871.009963 2502360.456323 0.000000
612870.009963 2502355.581330 0.000000
612869.009964 2502350.706338 0.000000
612868.009965 2502345.831345 0.000000
612867.009965 2502340.956352 0.000000
612866.009966 2502336.081360 0.000000
612865.009967 2502331.206367 0.000000
612864.009968 2502326.331374 0.000000
612863.009968 2502321.456382 0.000000
612862.009969 2502316.581389 0.000000
612861.009970 2502311.706396 0.000000
612860.009970 2502306.831404 0.000000
612859.009971 2502301.956411 0.000000
612858.009972 2502297.081418 0.000000
612857.009973 2502292.206426 0.000000
612856.009973 2502287.331433 0.000000
612855.009974 2502282.456440 0.000000
612854.009975 2502277.581448 0.000000
612853.009975 2502272.706455 0.000000
612852.009976 2502267.831462 0.000000
612851.009977 2502262.956470 0.000000
612850.009978 2502258.081477 0.000000
612849.009978 2502253.206484 0.000000
612848.009979 2502248.331492 0.000000
612847.009980 2502243.456499 0.000000
612846.009980 2502238.581506 0.000000
612845.009981 2502233.706514 0.000000
612843.709982 2502228.895410 0.000000
612842.409983 2502224.084306 0.000000
612841.109985 2502219.273202 0.000000
612839.809986 2502214.462098 0.000000
612838.509987 2502209.650995 0.000000
612837.209988 2502204.839891 0.000000
612835.909989 2502200.028787 0.000000
612834.609990 2502195.217683 0.000000
612833.309992 2502190.406579 0.000000
612832.009993 2502185.595476 0.000000
612830.709994 2502180.784372 0.000000
612829.409995 2502175.973268 0.000000
612828.109996 2502171.162164 0.000000
612826.809997 2502166.351060 0.000000
612825.509999 2502161.539956 0.000000
612824.210000 2502156.728853 0.000000
612822.910001 2502151.917749 0.000000
612821.610002 2502147.106645 0.000000
612820.310003 2502142.295541 0.000000
612819.010004 2502137.484437 0.000000
612817.710005 2502132.673334 0.000000
612816.410007 2502127.862230 0.000000
612815.110008 2502123.051126 0.000000
612813.810009 2502118.240022 0.000000
612812.510010 2502113.428918 0.000000
612811.210011 2502108.617814 0.000000
612809.910012 2502103.806711 0.000000
612808.610014 2502098.995607 0.000000
612807.310015 2502094.184503 0.000000
612806.010016 2502089.373399 0.000000
612804.710017 2502084.562295 0.000000
612803.410018 2502079.751192 0.000000
612802.110019 2502074.940088 0.000000
612800.810021 2502070.128984 0.000000
612799.510022 2502065.317880 0.000000
612798.210023 2502060.506776 0.000000
612796.910024 2502055.695672 0.000000
612795.610025 2502050.884569 0.000000
612794.310026 2502046.073465 0.000000
612793.010028 2502041.262361 0.000000
612791.710029 2502036.451257 0.000000
612790.410030 2502031.640153 0.000000
612789.110031 2502026.829050 0.000000
612787.810032 2502022.017946 0.000000
612786.510033 2502017.206842 0.000000
612785.210034 2502012.395738 0.000000
612783.910036 2502007.584634 0.000000
612782.610037 2502002.773530 0.000000
612781.310038 2501997.962427 0.000000
612780.010039 2501993.151323 0.000000
612778.710040 2501988.340219 0.000000
612777.410041 2501983.529115 0.000000
612776.110043 2501978.718011 0.000000
612774.810044 2501973.906908 0.000000
612773.510045 2501969.095804 0.000000
612772.210046 2501964.284700 0.000000
612770.910047 2501959.473596 0.000000
612769.610048 2501954.662492 0.000000
612768.310050 2501949.851388 0.000000
612767.010051 2501945.040285 0.000000
612765.710052 2501940.229181 0.000000
612764.410053 2501935.418077 0.000000
612763.110054 2501930.606973 0.000000
612761.810055 2501925.795869 0.000000
612760.510057 2501920.984766 0.000000
612759.210058 2501916.173662 0.000000
612757.910059 2501911.362558 0.000000
612756.610060 2501906.551454 0.000000
612755.310061 2501901.740350 0.000000
612754.010062 2501896.929246 0.000000
612752.710064 2501892.118143 0.000000
612751.410065 2501887.307039 0.000000
612750.110066 2501882.495935 0.000000
612748.810067 2501877.684831 0.000000
612747.510068 2501872.873727 0.000000
612746.210069 2501868.062624 0.000000
612744.910070 2501863.251520 0.000000
612743.610072 2501858.440416 0.000000
612742.310073 2501853.629312 0.000000
612741.010074 2501848.818208 0.000000
612739.710075 2501844.007104 0.000000
612738.410076 2501839.196001 0.000000
612737.110077 2501834.384897 0.000000
612735.810079 2501829.573793 0.000000
612734.510080 2501824.762689 0.000000
612733.210081 2501819.951585 0.000000
612731.910082 2501815.140482 0.000000
612730.610083 2501810.329378 0.000000
612729.310084 2501805.518274 0.000000
612728.010086 2501800.707170 0.000000
612726.535087 2501795.925927 0.000000
612725.060088 2501791.144685 0.000000
612723.585090 2501786.363442 0.000000
612722.110091 2501781.582199 0.000000
612720.635093 2501776.800957 0.000000
612719.160094 2501772.019714 0.000000
612717.685096 2501767.238471 0.000000
612716.210097 2501762.457228 0.000000
612714.735098 2501757.675986 0.000000
612713.260100 2501752.894743 0.000000
612711.785101 2501748.113500 0.000000
612710.310103 2501743.332258 0.000000
612708.835104 2501738.551015 0.000000
612707.360106 2501733.769772 0.000000
612705.885107 2501728.988529 0.000000
612704.410108 2501724.207287 0.000000
612702.935110 2501719.426044 0.000000
612701.460111 2501714.644801 0.000000
612699.985113 2501709.863558 0.000000
612698.510114 2501705.082316 0.000000
612697.035115 2501700.301073 0.000000
612695.560117 2501695.519830 0.000000
612694.085118 2501690.738588 0.000000
612692.610120 2501685.957345 0.000000
612691.135121 2501681.176102 0.000000
612689.660123 2501676.394859 0.000000
612688.185124 2501671.613617 0.000000
612686.710125 2501666.832374 0.000000
612685.235127 2501662.051131 0.000000
612683.760128 2501657.269889 0.000000
612682.285130 2501652.488646 0.000000
612680.810131 2501647.707403 0.000000
612679.335133 2501642.926160 0.000000
612677.860134 2501638.144918 0.000000
612676.385135 2501633.363675 0.000000
612674.910137 2501628.582432 0.000000
612673.435138 2501623.801190 0.000000
612671.960140 2501619.019947 0.000000
612670.485141 2501614.238704 0.000000
612669.010143 2501609.457461 0.000000
612667.535144 2501604.676219 0.000000
612666.060145 2501599.894976 0.000000
612664.585147 2501595.113733 0.000000
612663.110148 2501590.332490 0.000000
612661.635150 2501585.551248 0.000000
612660.160151 2501580.770005 0.000000
612658.685153 2501575.988762 0.000000
612657.210154 2501571.207520 0.000000
612655.735155 2501566.426277 0.000000
612654.260157 2501561.645034 0.000000
612652.785158 2501556.863791 0.000000
612651.310160 2501552.082549 0.000000
612649.835161 2501547.301306 0.000000
612648.360162 2501542.520063 0.000000
612646.885164 2501537.738821 0.000000
612645.410165 2501532.957578 0.000000
612643.935167 2501528.176335 0.000000
612642.460168 2501523.395092 0.000000
612640.985170 2501518.613850 0.000000
612639.510171 2501513.832607 0.000000
612638.035172 2501509.051364 0.000000
612636.560174 2501504.270122 0.000000
612635.085175 2501499.488879 0.000000
612633.610177 2501494.707636 0.000000
612632.135178 2501489.926393 0.000000
612630.660180 2501485.145151 0.000000
612629.185181 2501480.363908 0.000000
612627.710182 2501475.582665 0.000000
612626.235184 2501470.801423 0.000000
612624.760185 2501466.020180 0.000000
612623.285187 2501461.238937 0.000000
612621.810188 2501456.457694 0.000000
612620.335190 2501451.676452 0.000000
612618.860191 2501446.895209 0.000000
612617.385192 2501442.113966 0.000000
612615.910194 2501437.332723 0.000000
612614.435195 2501432.551481 0.000000
612612.960197 2501427.770238 0.000000
612611.485198 2501422.988995 0.000000
612610.010200 2501418.207753 0.000000
612608.535201 2501413.426510 0.000000
612607.060202 2501408.645267 0.000000
612605.585204 2501403.864024 0.000000
612604.110205 2501399.082782 0.000000
612602.635207 2501394.301539 0.000000
612601.160208 2501389.520296 0.000000
612599.685209 2501384.739054 0.000000
612598.210211 2501379.957811 0.000000
612596.735212 2501375.176568 0.000000
612595.260214 2501370.395325 0.000000
612593.785215 2501365.614083 0.000000
612592.310217 2501360.832840 0.000000
612590.835218 2501356.051597 0.000000
612589.360219 2501351.270355 0.000000
612587.885221 2501346.489112 0.000000
612586.410222 2501341.707869 0.000000
612584.935224 2501336.926626 0.000000
612583.460225 2501332.145384 0.000000
612581.985227 2501327.364141 0.000000
612580.510228 2501322.582898 0.000000
612579.035229 2501317.801655 0.000000
612577.560231 2501313.020413 0.000000
612576.085232 2501308.239170 0.000000
612574.610234 2501303.457927 0.000000
612573.135235 2501298.676685 0.000000
612571.660237 2501293.895442 0.000000
612570.185238 2501289.114199 0.000000
612568.710239 2501284.332956 0.000000
612567.235241 2501279.551714 0.000000
612565.760242 2501274.770471 0.000000
612564.285244 2501269.989228 0.000000
612562.810245 2501265.207986 0.000000
612561.335246 2501260.426743 0.000000
612559.860248 2501255.645500 0.000000
612558.385249 2501250.864257 0.000000
612556.910251 2501246.083015 0.000000
612555.435252 2501241.301772 0.000000
612553.960254 2501236.520529 0.000000
612552.485255 2501231.739287 0.000000
612551.010256 2501226.958044 0.000000
612549.535258 2501222.176801 0.000000
612548.060259 2501217.395558 0.000000
612546.585261 2501212.614316 0.000000
612545.110262 2501207.833073 0.000000
612543.635264 2501203.051830 0.000000
612542.160265 2501198.270588 0.000000
612540.685266 2501193.489345 0.000000
612539.210268 2501188.708102 0.000000
612537.735269 2501183.926859 0.000000
612536.260271 2501179.145617 0.000000
612534.785272 2501174.364374 0.000000
612533.310274 2501169.583131 0.000000
612531.835275 2501164.801888 0.000000
612530.360276 2501160.020646 0.000000
612528.885278 2501155.239403 0.000000
612527.410279 2501150.458160 0.000000
612525.935281 2501145.676918 0.000000
612524.460282 2501140.895675 0.000000
612522.985284 2501136.114432 0.000000
612521.510285 2501131.333189 0.000000
612520.035286 2501126.551947 0.000000
612518.560288 2501121.770704 0.000000
612517.085289 2501116.989461 0.000000
612515.610291 2501112.208219 0.000000
612514.135292 2501107.426976 0.000000
612512.660293 2501102.645733 0.000000
612511.185295 2501097.864490 0.000000
612509.710296 2501093.083248 0.000000
612508.235298 2501088.302005 0.000000
612506.760299 2501083.520762 0.000000
612505.285301 2501078.739520 0.000000
612503.810302 2501073.958277 0.000000
612502.335303 2501069.177034 0.000000
612500.860305 2501064.395791 0.000000
612499.385306 2501059.614549 0.000000
612497.910308 2501054.833306 0.000000
612496.435309 2501050.052063 0.000000
612494.960311 2501045.270820 0.000000
612493.485312 2501040.489578 0.000000
612492.010313 2501035.708335 0.000000
612490.705967 2501030.903995 0.000000
612489.401620 2501026.099654 0.000000
612488.097273 2501021.295313 0.000000
612486.792927 2501016.490973 0.000000
612485.488580 2501011.686632 0.000000
612484.184234 2501006.882292 0.000000
612482.879887 2501002.077951 0.000000
612481.575540 2500997.273611 0.000000
612480.271194 2500992.469270 0.000000
612478.966847 2500987.664930 0.000000
612477.662500 2500982.860589 0.000000
612476.358154 2500978.056249 0.000000
612475.053807 2500973.251908 0.000000
612473.749460 2500968.447568 0.000000
612472.445114 2500963.643227 0.000000
612471.140767 2500958.838887 0.000000
612469.836420 2500954.034546 0.000000
612468.532074 2500949.230205 0.000000
612467.227727 2500944.425865 0.000000
612465.923380 2500939.621524 0.000000
612464.619034 2500934.817184 0.000000
612463.314687 2500930.012843 0.000000
612462.010340 2500925.208503 0.000000
612460.705994 2500920.404162 0.000000
612459.401647 2500915.599822 0.000000
612458.097300 2500910.795481 0.000000
612456.792954 2500905.991141 0.000000
612455.488607 2500901.186800 0.000000
612454.184260 2500896.382460 0.000000
612452.879914 2500891.578119 0.000000
612451.575567 2500886.773778 0.000000
612450.271220 2500881.969438 0.000000
612448.966874 2500877.165097 0.000000
612447.662527 2500872.360757 0.000000
612446.358181 2500867.556416 0.000000
612445.053834 2500862.752076 0.000000
612443.749487 2500857.947735 0.000000
612442.445141 2500853.143395 0.000000
612441.140794 2500848.339054 0.000000
612439.836447 2500843.534714 0.000000
612438.532101 2500838.730373 0.000000
612437.227754 2500833.926033 0.000000
612435.923407 2500829.121692 0.000000
612434.619061 2500824.317352 0.000000
612433.314714 2500819.513011 0.000000
612432.010367 2500814.708670 0.000000
612430.867511 2500809.851535 0.000000
612429.724655 2500804.994399 0.000000
612428.581799 2500800.137264 0.000000
612427.438942 2500795.280128 0.000000
612426.296086 2500790.422993 0.000000
612425.153230 2500785.565857 0.000000
612424.010374 2500780.708722 0.000000
612422.867518 2500775.851586 0.000000
612421.724661 2500770.994451 0.000000
612420.581805 2500766.137315 0.000000
612419.438949 2500761.280180 0.000000
612418.296093 2500756.423044 0.000000
612417.153237 2500751.565909 0.000000
612416.010380 2500746.708773 0.000000
612414.867524 2500741.851638 0.000000
612413.724668 2500736.994502 0.000000
612412.581812 2500732.137367 0.000000
612411.438955 2500727.280231 0.000000
612410.296099 2500722.423096 0.000000
612409.153243 2500717.565960 0.000000
612408.010387 2500712.708825 0.000000
612406.867531 2500707.851689 0.000000
612405.724674 2500702.994554 0.000000
612404.581818 2500698.137418 0.000000
612403.438962 2500693.280283 0.000000
612402.296106 2500688.423147 0.000000
612401.153250 2500683.566012 0.000000
612400.010393 2500678.708876 0.000000
612398.867537 2500673.851741 0.000000
612397.724681 2500668.994605 0.000000
612396.581825 2500664.137470 0.000000
612395.438968 2500659.280334 0.000000
612394.296112 2500654.423199 0.000000
612393.153256 2500649.566063 0.000000
612392.010400 2500644.708928 0.000000
612391.071006 2500639.814996 0.000000
612390.131613 2500634.921064 0.000000
612389.192220 2500630.027132 0.000000
612388.252827 2500625.133199 0.000000
612387.313433 2500620.239267 0.000000
612386.374040 2500615.345335 0.000000
612385.434647 2500610.451403 0.000000
612384.495253 2500605.557471 0.000000
612383.555860 2500600.663539 0.000000
612382.616467 2500595.769607 0.000000
612381.677073 2500590.875675 0.000000
612380.737680 2500585.981743 0.000000
612379.798287 2500581.087811 0.000000
612378.858893 2500576.193879 0.000000
612377.919500 2500571.299947 0.000000
612376.980107 2500566.406015 0.000000
612376.040713 2500561.512083 0.000000
612375.101320 2500556.618151 0.000000
612374.161927 2500551.724219 0.000000
612373.222533 2500546.830287 0.000000
612372.283140 2500541.936355 0.000000
612371.343747 2500537.042423 0.000000
612370.404354 2500532.148491 0.000000
612369.464960 2500527.254559 0.000000
612368.525567 2500522.360627 0.000000
612367.586174 2500517.466695 0.000000
612366.646780 2500512.572763 0.000000
612365.707387 2500507.678831 0.000000
612364.767994 2500502.784899 0.000000
612363.828600 2500497.890967 0.000000
612362.889207 2500492.997035 0.000000
612361.949814 2500488.103103 0.000000
612361.010420 2500483.209171 0.000000
612360.071027 2500478.315239 0.000000
612359.131634 2500473.421307 0.000000
612358.192240 2500468.527375 0.000000
612357.252847 2500463.633443 0.000000
612356.313454 2500458.739511 0.000000
612355.374060 2500453.845579 0.000000
612354.434667 2500448.951647 0.000000
612353.495274 2500444.057715 0.000000
612352.555881 2500439.163783 0.000000
612351.616487 2500434.269851 0.000000
612350.677094 2500429.375919 0.000000
612349.737701 2500424.481987 0.000000
612348.798307 2500419.588055 0.000000
612347.858914 2500414.694122 0.000000
612346.919521 2500409.800190 0.000000
612345.980127 2500404.906258 0.000000
612345.040734 2500400.012326 0.000000
612344.101341 2500395.118394 0.000000
612343.161947 2500390.224462 0.000000
612342.222554 2500385.330530 0.000000
612341.283161 2500380.436598 0.000000
612340.343767 2500375.542666 0.000000
612339.404374 2500370.648734 0.000000
612338.464981 2500365.754802 0.000000
612337.525587 2500360.860870 0.000000
612336.586194 2500355.966938 0.000000
612335.646801 2500351.073006 0.000000
612334.707408 2500346.179074 0.000000
612333.768014 2500341.285142 0.000000
612332.828621 2500336.391210 0.000000
612331.889228 2500331.497278 0.000000
612330.949834 2500326.603346 0.000000
612330.010441 2500321.709414 0.000000
612329.336972 2500316.770646 0.000000
612328.663503 2500311.831878 0.000000
612327.990033 2500306.893110 0.000000
612327.316564 2500301.954342 0.000000
612326.643095 2500297.015573 0.000000
612325.969626 2500292.076805 0.000000
612325.296157 2500287.138037 0.000000
612324.622688 2500282.199269 0.000000
612323.949219 2500277.260501 0.000000
612323.275749 2500272.321733 0.000000
612322.602280 2500267.382965 0.000000
612321.928811 2500262.444197 0.000000
612321.255342 2500257.505429 0.000000
612320.581873 2500252.566660 0.000000
612319.908404 2500247.627892 0.000000
612319.234934 2500242.689124 0.000000
612318.561465 2500237.750356 0.000000
612317.887996 2500232.811588 0.000000
612317.214527 2500227.872820 0.000000
612316.541058 2500222.934052 0.000000
612315.867589 2500217.995284 0.000000
612315.194119 2500213.056516 0.000000
612314.520650 2500208.117747 0.000000
612313.847181 2500203.178979 0.000000
612313.173712 2500198.240211 0.000000
612312.500243 2500193.301443 0.000000
612311.826774 2500188.362675 0.000000
612311.153304 2500183.423907 0.000000
612310.479835 2500178.485139 0.000000
612309.806366 2500173.546371 0.000000
612309.132897 2500168.607603 0.000000
612308.459428 2500163.668834 0.000000
612307.785959 2500158.730066 0.000000
612307.112489 2500153.791298 0.000000
612306.439020 2500148.852530 0.000000
612305.765551 2500143.913762 0.000000
612305.092082 2500138.974994 0.000000
612304.418613 2500134.036226 0.000000
612303.745144 2500129.097458 0.000000
612303.071675 2500124.158690 0.000000
612302.398205 2500119.219921 0.000000
612301.724736 2500114.281153 0.000000
612301.051267 2500109.342385 0.000000
612300.377798 2500104.403617 0.000000
612299.704329 2500099.464849 0.000000
612299.030860 2500094.526081 0.000000
612298.357390 2500089.587313 0.000000
612297.683921 2500084.648545 0.000000
612297.010452 2500079.709777 0.000000
612296.586210 2500074.709784 0.000000
612296.161967 2500069.709791 0.000000
612295.737724 2500064.709799 0.000000
612295.313482 2500059.709806 0.000000
612294.889239 2500054.709814 0.000000
612294.464997 2500049.709821 0.000000
612294.040754 2500044.709829 0.000000
612293.616512 2500039.709836 0.000000
612293.192269 2500034.709844 0.000000
612292.768026 2500029.709851 0.000000
612292.343784 2500024.709858 0.000000
612291.919541 2500019.709866 0.000000
612291.495299 2500014.709873 0.000000
612291.071056 2500009.709881 0.000000
612290.646813 2500004.709888 0.000000
612290.222571 2499999.709896 0.000000
612289.798328 2499994.709903 0.000000
612289.374086 2499989.709911 0.000000
612288.949843 2499984.709918 0.000000
612288.525601 2499979.709926 0.000000
612288.101358 2499974.709933 0.000000
612287.677115 2499969.709940 0.000000
612287.252873 2499964.709948 0.000000
612286.828630 2499959.709955 0.000000
612286.404388 2499954.709963 0.000000
612285.980145 2499949.709970 0.000000
612285.555903 2499944.709978 0.000000
612285.131660 2499939.709985 0.000000
612284.707417 2499934.709993 0.000000
612284.283175 2499929.710000 0.000000
612283.858932 2499924.710008 0.000000
612283.434690 2499919.710015 0.000000
612283.010447 2499914.710022 0.000000
612282.836534 2499909.753508 0.000000
612282.662620 2499904.796994 0.000000
612282.488707 2499899.840479 0.000000
612282.314793 2499894.883965 0.000000
612282.140879 2499889.927450 0.000000
612281.966966 2499884.970936 0.000000
612281.793052 2499880.014422 0.000000
612281.619139 2499875.057907 0.000000
612281.445225 2499870.101393 0.000000
612281.271312 2499865.144879 0.000000
612281.097398 2499860.188364 0.000000
612280.923485 2499855.231850 0.000000
612280.749571 2499850.275335 0.000000
612280.575657 2499845.318821 0.000000
612280.401744 2499840.362307 0.000000
612280.227830 2499835.405792 0.000000
612280.053917 2499830.449278 0.000000
612279.880003 2499825.492763 0.000000
612279.706090 2499820.536249 0.000000
612279.532176 2499815.579735 0.000000
612279.358263 2499810.623220 0.000000
612279.184349 2499805.666706 0.000000
612279.010435 2499800.710191 0.000000
612279.081863 2499795.710199 0.000000
612279.153291 2499790.710206 0.000000
612279.224719 2499785.710214 0.000000
612279.296146 2499780.710221 0.000000
612279.367574 2499775.710228 0.000000
612279.439002 2499770.710236 0.000000
612279.510429 2499765.710243 0.000000
612279.581857 2499760.710250 0.000000
612279.653285 2499755.710258 0.000000
612279.724712 2499750.710265 0.000000
612279.796140 2499745.710273 0.000000
612279.867568 2499740.710280 0.000000
612279.938996 2499735.710287 0.000000
612280.010423 2499730.710295 0.000000
612280.081851 2499725.710302 0.000000
612280.153279 2499720.710309 0.000000
612280.224706 2499715.710317 0.000000
612280.296134 2499710.710324 0.000000
612280.367562 2499705.710332 0.000000
612280.438989 2499700.710339 0.000000
612280.510417 2499695.710346 0.000000
612280.581845 2499690.710354 0.000000
612280.653272 2499685.710361 0.000000
612280.724700 2499680.710368 0.000000
612280.796128 2499675.710376 0.000000
612280.867556 2499670.710383 0.000000
612280.938983 2499665.710391 0.000000
612281.010411 2499660.710398 0.000000
612281.432632 2499655.732628 0.000000
612281.854853 2499650.754857 0.000000
612282.277073 2499645.777087 0.000000
612282.699294 2499640.799316 0.000000
612283.121515 2499635.821546 0.000000
612283.543736 2499630.843775 0.000000
612283.965957 2499625.866005 0.000000
612284.388178 2499620.888234 0.000000
612284.810398 2499615.910464 0.000000
612285.232619 2499610.932693 0.000000
612285.654840 2499605.954923 0.000000
612286.077061 2499600.977152 0.000000
612286.499282 2499595.999382 0.000000
612286.921503 2499591.021611 0.000000
612287.343723 2499586.043841 0.000000
612287.765944 2499581.066070 0.000000
612288.188165 2499576.088300 0.000000
612288.610386 2499571.110529 0.000000
612289.032607 2499566.132759 0.000000
612289.454828 2499561.154988 0.000000
612289.877048 2499556.177218 0.000000
612290.299269 2499551.199447 0.000000
612290.721490 2499546.221677 0.000000
612291.143711 2499541.243906 0.000000
612291.565932 2499536.266136 0.000000
612291.988153 2499531.288365 0.000000
612292.410373 2499526.310595 0.000000
612292.832594 2499521.332824 0.000000
612293.254815 2499516.355054 0.000000
612293.677036 2499511.377283 0.000000
612294.099257 2499506.399513 0.000000
612294.521478 2499501.421742 0.000000
612294.943699 2499496.443972 0.000000
612295.365919 2499491.466201 0.000000
612295.788140 2499486.488431 0.000000
612296.210361 2499481.510660 0.000000
612296.632582 2499476.532890 0.000000
612297.054803 2499471.555120 0.000000
612297.477024 2499466.577349 0.000000
612297.899244 2499461.599579 0.000000
612298.321465 2499456.621808 0.000000
612298.743686 2499451.644038 0.000000
612299.165907 2499446.666267 0.000000
612299.588128 2499441.688497 0.000000
612300.010349 2499436.710726 0.000000
612300.777013 2499431.777400 0.000000
612301.543678 2499426.844074 0.000000
612302.310343 2499421.910748 0.000000
612303.077008 2499416.977421 0.000000
612303.843672 2499412.044095 0.000000
612304.610337 2499407.110769 0.000000
612305.377002 2499402.177443 0.000000
612306.143667 2499397.244117 0.000000
612306.910332 2499392.310791 0.000000
612307.676996 2499387.377465 0.000000
612308.443661 2499382.444138 0.000000
612309.210326 2499377.510812 0.000000
612309.976991 2499372.577486 0.000000
612310.743655 2499367.644160 0.000000
612311.510320 2499362.710834 0.000000
612312.276985 2499357.777508 0.000000
612313.043650 2499352.844181 0.000000
612313.810315 2499347.910855 0.000000
612314.576979 2499342.977529 0.000000
612315.343644 2499338.044203 0.000000
612316.110309 2499333.110877 0.000000
612316.876974 2499328.177551 0.000000
612317.643638 2499323.244224 0.000000
612318.410303 2499318.310898 0.000000
612319.176968 2499313.377572 0.000000
612319.943633 2499308.444246 0.000000
612320.710298 2499303.510920 0.000000
612321.476962 2499298.577594 0.000000
612322.243627 2499293.644267 0.000000
612323.010292 2499288.710941 0.000000
612324.030698 2499283.833397 0.000000
612325.051104 2499278.955853 0.000000
612326.071510 2499274.078309 0.000000
612327.091916 2499269.200765 0.000000
612328.112321 2499264.323221 0.000000
612329.132727 2499259.445678 0.000000
612330.153133 2499254.568134 0.000000
612331.173539 2499249.690590 0.000000
612332.193945 2499244.813046 0.000000
612333.214351 2499239.935502 0.000000
612334.234757 2499235.057958 0.000000
612335.255163 2499230.180414 0.000000
612336.275569 2499225.302870 0.000000
612337.295975 2499220.425326 0.000000
612338.316381 2499215.547782 0.000000
612339.336786 2499210.670238 0.000000
612340.357192 2499205.792694 0.000000
612341.377598 2499200.915150 0.000000
612342.398004 2499196.037606 0.000000
612343.418410 2499191.160062 0.000000
612344.438816 2499186.282518 0.000000
612345.459222 2499181.404974 0.000000
612346.479628 2499176.527430 0.000000
612347.500034 2499171.649886 0.000000
612348.520440 2499166.772342 0.000000
612349.540846 2499161.894798 0.000000
612350.561251 2499157.017254 0.000000
612351.581657 2499152.139710 0.000000
612352.602063 2499147.262166 0.000000
612353.622469 2499142.384622 0.000000
612354.642875 2499137.507078 0.000000
612355.663281 2499132.629534 0.000000
612356.683687 2499127.751990 0.000000
612357.704093 2499122.874446 0.000000
612358.724499 2499117.996902 0.000000
612359.744905 2499113.119358 0.000000
612360.765311 2499108.241815 0.000000
612361.785717 2499103.364271 0.000000
612362.806122 2499098.486727 0.000000
612363.826528 2499093.609183 0.000000
612364.846934 2499088.731639 0.000000
612365.867340 2499083.854095 0.000000
612366.887746 2499078.976551 0.000000
612367.908152 2499074.099007 0.000000
612368.928558 2499069.221463 0.000000
612369.948964 2499064.343919 0.000000
612370.969370 2499059.466375 0.000000
612371.989776 2499054.588831 0.000000
612373.010182 2499049.711287 0.000000
612374.140791 2499044.837825 0.000000
612375.271401 2499039.964362 0.000000
612376.402011 2499035.090900 0.000000
612377.532621 2499030.217438 0.000000
612378.663231 2499025.343975 0.000000
612379.793841 2499020.470513 0.000000
612380.924450 2499015.597050 0.000000
612382.055060 2499010.723588 0.000000
612383.185670 2499005.850126 0.000000
612384.316280 2499000.976663 0.000000
612385.446890 2498996.103201 0.000000
612386.577499 2498991.229739 0.000000
612387.708109 2498986.356276 0.000000
612388.838719 2498981.482814 0.000000
612389.969329 2498976.609352 0.000000
612391.099939 2498971.735889 0.000000
612392.230549 2498966.862427 0.000000
612393.361158 2498961.988965 0.000000
612394.491768 2498957.115502 0.000000
612395.622378 2498952.242040 0.000000
612396.752988 2498947.368578 0.000000
612397.883598 2498942.495115 0.000000
612399.014208 2498937.621653 0.000000
612400.144817 2498932.748190 0.000000
612401.275427 2498927.874728 0.000000
612402.406037 2498923.001266 0.000000
612403.536647 2498918.127803 0.000000
612404.667257 2498913.254341 0.000000
612405.797867 2498908.380879 0.000000
612406.928476 2498903.507416 0.000000
612408.059086 2498898.633954 0.000000
612409.189696 2498893.760492 0.000000
612410.320306 2498888.887029 0.000000
612411.450916 2498884.013567 0.000000
612412.581526 2498879.140105 0.000000
612413.712135 2498874.266642 0.000000
612414.842745 2498869.393180 0.000000
612415.973355 2498864.519717 0.000000
612417.103965 2498859.646255 0.000000
612418.234575 2498854.772793 0.000000
612419.365185 2498849.899330 0.000000
612420.495794 2498845.025868 0.000000
612421.626404 2498840.152406 0.000000
612422.757014 2498835.278943 0.000000
612423.887624 2498830.405481 0.000000
612425.018234 2498825.532019 0.000000
612426.148843 2498820.658556 0.000000
612427.279453 2498815.785094 0.000000
612428.410063 2498810.911632 0.000000
612429.540673 2498806.038169 0.000000
612430.671283 2498801.164707 0.000000
612431.801893 2498796.291245 0.000000
612432.932502 2498791.417782 0.000000
612434.063112 2498786.544320 0.000000
612435.193722 2498781.670857 0.000000
612436.324332 2498776.797395 0.000000
612437.454942 2498771.923933 0.000000
612438.585552 2498767.050470 0.000000
612439.716161 2498762.177008 0.000000
612440.846771 2498757.303546 0.000000
612441.977381 2498752.430083 0.000000
612443.107991 2498747.556621 0.000000
612444.238601 2498742.683159 0.000000
612445.369211 2498737.809696 0.000000
612446.499820 2498732.936234 0.000000
612447.630430 2498728.062772 0.000000
612448.761040 2498723.189309 0.000000
612449.891650 2498718.315847 0.000000
612451.022260 2498713.442385 0.000000
612452.152870 2498708.568922 0.000000
612453.283479 2498703.695460 0.000000
612454.414089 2498698.821997 0.000000
612455.544699 2498693.948535 0.000000
612456.675309 2498689.075073 0.000000
612457.805919 2498684.201610 0.000000
612458.936529 2498679.328148 0.000000
612460.067138 2498674.454686 0.000000
612461.197748 2498669.581223 0.000000
612462.328358 2498664.707761 0.000000
612463.458968 2498659.834299 0.000000
612464.589578 2498654.960836 0.000000
612465.720188 2498650.087374 0.000000
612466.850797 2498645.213912 0.000000
612467.981407 2498640.340449 0.000000
612469.112017 2498635.466987 0.000000
612470.242627 2498630.593525 0.000000
612471.373237 2498625.720062 0.000000
612472.503846 2498620.846600 0.000000
612473.634456 2498615.973137 0.000000
612474.765066 2498611.099675 0.000000
612475.895676 2498606.226213 0.000000
612477.026286 2498601.352750 0.000000
612478.156896 2498596.479288 0.000000
612479.287505 2498591.605826 0.000000
612480.418115 2498586.732363 0.000000
612481.548725 2498581.858901 0.000000
612482.679335 2498576.985439 0.000000
612483.809945 2498572.111976 0.000000
612484.940555 2498567.238514 0.000000
612486.071164 2498562.365052 0.000000
612487.201774 2498557.491589 0.000000
612488.332384 2498552.618127 0.000000
612489.462994 2498547.744665 0.000000
612490.593604 2498542.871202 0.000000
612491.724214 2498537.997740 0.000000
612492.854823 2498533.124277 0.000000
612493.985433 2498528.250815 0.000000
612495.116043 2498523.377353 0.000000
612496.246653 2498518.503890 0.000000
612497.377263 2498513.630428 0.000000
612498.507873 2498508.756966 0.000000
612499.638482 2498503.883503 0.000000
612500.769092 2498499.010041 0.000000
612501.899702 2498494.136579 0.000000
612503.030312 2498489.263116 0.000000
612504.160922 2498484.389654 0.000000
612505.291532 2498479.516192 0.000000
612506.422141 2498474.642729 0.000000
612507.552751 2498469.769267 0.000000
612508.683361 2498464.895805 0.000000
612509.813971 2498460.022342 0.000000
612510.944581 2498455.148880 0.000000
612512.075190 2498450.275417 0.000000
612513.205800 2498445.401955 0.000000
612514.336410 2498440.528493 0.000000
612515.467020 2498435.655030 0.000000
612516.597630 2498430.781568 0.000000
612517.728240 2498425.908106 0.000000
612518.858849 2498421.034643 0.000000
612519.989459 2498416.161181 0.000000
612521.120069 2498411.287719 0.000000
612522.250679 2498406.414256 0.000000
612523.381289 2498401.540794 0.000000
612524.511899 2498396.667332 0.000000
612525.642508 2498391.793869 0.000000
612526.773118 2498386.920407 0.000000
612527.903728 2498382.046945 0.000000
612529.034338 2498377.173482 0.000000
612530.164948 2498372.300020 0.000000
612531.295558 2498367.426557 0.000000
612532.426167 2498362.553095 0.000000
612533.556777 2498357.679633 0.000000
612534.687387 2498352.806170 0.000000
612535.817997 2498347.932708 0.000000
612536.948607 2498343.059246 0.000000
612538.079217 2498338.185783 0.000000
612539.209826 2498333.312321 0.000000
612540.340436 2498328.438859 0.000000
612541.471046 2498323.565396 0.000000
612542.601656 2498318.691934 0.000000
612543.732266 2498313.818472 0.000000
612544.862876 2498308.945009 0.000000
612545.993485 2498304.071547 0.000000
612547.124095 2498299.198085 0.000000
612548.254705 2498294.324622 0.000000
612549.385315 2498289.451160 0.000000
612550.515925 2498284.577697 0.000000
612551.646534 2498279.704235 0.000000
612552.777144 2498274.830773 0.000000
612553.907754 2498269.957310 0.000000
612555.038364 2498265.083848 0.000000
612556.168974 2498260.210386 0.000000
612557.299584 2498255.336923 0.000000
612558.430193 2498250.463461 0.000000
612559.560803 2498245.589999 0.000000
612560.691413 2498240.716536 0.000000
612561.822023 2498235.843074 0.000000
612562.952633 2498230.969612 0.000000
612564.083243 2498226.096149 0.000000
612565.213852 2498221.222687 0.000000
612566.344462 2498216.349225 0.000000
612567.475072 2498211.475762 0.000000
612568.605682 2498206.602300 0.000000
612569.736292 2498201.728837 0.000000
612570.866902 2498196.855375 0.000000
612571.997511 2498191.981913 0.000000
612573.128121 2498187.108450 0.000000
612574.258731 2498182.234988 0.000000
612575.389341 2498177.361526 0.000000
612576.519951 2498172.488063 0.000000
612577.650561 2498167.614601 0.000000
612578.781170 2498162.741139 0.000000
612579.911780 2498157.867676 0.000000
612581.042390 2498152.994214 0.000000
612582.173000 2498148.120752 0.000000
612583.303610 2498143.247289 0.000000
612584.434220 2498138.373827 0.000000
612585.564829 2498133.500365 0.000000
612586.695439 2498128.626902 0.000000
612587.826049 2498123.753440 0.000000
612588.956659 2498118.879977 0.000000
612590.087269 2498114.006515 0.000000
612591.217879 2498109.133053 0.000000
612592.348488 2498104.259590 0.000000
612593.479098 2498099.386128 0.000000
612594.609708 2498094.512666 0.000000
612595.740318 2498089.639203 0.000000
612596.870928 2498084.765741 0.000000
612598.001537 2498079.892279 0.000000
612599.132147 2498075.018816 0.000000
612600.262757 2498070.145354 0.000000
612601.393367 2498065.271892 0.000000
612602.523977 2498060.398429 0.000000
612603.654587 2498055.524967 0.000000
612604.785196 2498050.651505 0.000000
612605.915806 2498045.778042 0.000000
612607.046416 2498040.904580 0.000000
612608.177026 2498036.031117 0.000000
612609.307636 2498031.157655 0.000000
612610.438246 2498026.284193 0.000000
612611.568855 2498021.410730 0.000000
612612.699465 2498016.537268 0.000000
612613.830075 2498011.663806 0.000000
612614.960685 2498006.790343 0.000000
612616.091295 2498001.916881 0.000000
612617.221905 2497997.043419 0.000000
612618.352514 2497992.169956 0.000000
612619.483124 2497987.296494 0.000000
612620.613734 2497982.423032 0.000000
612621.744344 2497977.549569 0.000000
612622.874954 2497972.676107 0.000000
612624.005564 2497967.802645 0.000000
612625.136173 2497962.929182 0.000000
612626.266783 2497958.055720 0.000000
612627.397393 2497953.182257 0.000000
612628.528003 2497948.308795 0.000000
612629.658613 2497943.435333 0.000000
612630.789223 2497938.561870 0.000000
612631.919832 2497933.688408 0.000000
612633.050442 2497928.814946 0.000000
612634.181052 2497923.941483 0.000000
612635.311662 2497919.068021 0.000000
612636.442272 2497914.194559 0.000000
612637.572881 2497909.321096 0.000000
612638.703491 2497904.447634 0.000000
612639.834101 2497899.574172 0.000000
612640.964711 2497894.700709 0.000000
612642.095321 2497889.827247 0.000000
612643.225931 2497884.953785 0.000000
612644.356540 2497880.080322 0.000000
612645.487150 2497875.206860 0.000000
612646.617760 2497870.333397 0.000000
612647.748370 2497865.459935 0.000000
612648.878980 2497860.586473 0.000000
612650.009590 2497855.713010 0.000000
612651.009587 2497850.791965 0.000000
612652.009585 2497845.870919 0.000000
612653.009583 2497840.949874 0.000000
612654.009581 2497836.028828 0.000000
612655.009578 2497831.107783 0.000000
612656.009576 2497826.186737 0.000000
612657.009574 2497821.265692 0.000000
612658.009572 2497816.344646 0.000000
612659.009569 2497811.423601 0.000000
612660.009567 2497806.502555 0.000000
612661.009565 2497801.581510 0.000000
612662.009563 2497796.660464 0.000000
612663.009561 2497791.739419 0.000000
612664.009558 2497786.818373 0.000000
612665.009556 2497781.897328 0.000000
612666.009554 2497776.976282 0.000000
612667.009552 2497772.055237 0.000000
612668.009549 2497767.134191 0.000000
612669.009547 2497762.213146 0.000000
612670.009545 2497757.292100 0.000000
612671.009543 2497752.371055 0.000000
612672.009540 2497747.450009 0.000000
612673.009538 2497742.528964 0.000000
612674.009536 2497737.607918 0.000000
612675.009534 2497732.686873 0.000000
612676.009532 2497727.765827 0.000000
612677.009529 2497722.844782 0.000000
612678.009527 2497717.923736 0.000000
612679.009525 2497713.002691 0.000000
612680.009523 2497708.081645 0.000000
612681.009520 2497703.160600 0.000000
612682.009518 2497698.239554 0.000000
612683.009516 2497693.318509 0.000000
612684.009514 2497688.397463 0.000000
612685.009511 2497683.476418 0.000000
612686.009509 2497678.555372 0.000000
612687.009507 2497673.634327 0.000000
612688.009505 2497668.713281 0.000000
612688.752360 2497663.770431 0.000000
612689.495215 2497658.827581 0.000000
612690.238071 2497653.884731 0.000000
612690.980926 2497648.941882 0.000000
612691.723781 2497643.999032 0.000000
612692.466636 2497639.056182 0.000000
612693.209492 2497634.113332 0.000000
612693.952347 2497629.170482 0.000000
612694.695202 2497624.227632 0.000000
612695.438058 2497619.284782 0.000000
612696.180913 2497614.341932 0.000000
612696.923768 2497609.399082 0.000000
612697.666623 2497604.456232 0.000000
612698.409479 2497599.513382 0.000000
612699.152334 2497594.570532 0.000000
612699.895189 2497589.627682 0.000000
612700.638045 2497584.684832 0.000000
612701.380900 2497579.741982 0.000000
612702.123755 2497574.799132 0.000000
612702.866610 2497569.856282 0.000000
612703.609466 2497564.913433 0.000000
612704.352321 2497559.970583 0.000000
612705.095176 2497555.027733 0.000000
612705.838032 2497550.084883 0.000000
612706.580887 2497545.142033 0.000000
612707.323742 2497540.199183 0.000000
612708.066597 2497535.256333 0.000000
612708.809453 2497530.313483 0.000000
612709.552308 2497525.370633 0.000000
612710.295163 2497520.427783 0.000000
612711.038019 2497515.484933 0.000000
612711.780874 2497510.542083 0.000000
612712.523729 2497505.599233 0.000000
612713.266584 2497500.656383 0.000000
612714.009440 2497495.713533 0.000000
612714.483122 2497490.713541 0.000000
612714.956805 2497485.713548 0.000000
612715.430488 2497480.713555 0.000000
612715.904171 2497475.713563 0.000000
612716.377853 2497470.713570 0.000000
612716.851536 2497465.713577 0.000000
612717.325219 2497460.713585 0.000000
612717.798902 2497455.713592 0.000000
612718.272584 2497450.713599 0.000000
612718.746267 2497445.713607 0.000000
612719.219950 2497440.713614 0.000000
612719.693632 2497435.713621 0.000000
612720.167315 2497430.713629 0.000000
612720.640998 2497425.713636 0.000000
612721.114681 2497420.713643 0.000000
612721.588363 2497415.713651 0.000000
612722.062046 2497410.713658 0.000000
612722.535729 2497405.713665 0.000000
612723.009412 2497400.713673 0.000000
612723.483094 2497395.713680 0.000000
612723.956777 2497390.713687 0.000000
612724.430460 2497385.713695 0.000000
612724.904143 2497380.713702 0.000000
612725.377825 2497375.713709 0.000000
612725.851508 2497370.713717 0.000000
612726.325191 2497365.713724 0.000000
612726.798874 2497360.713731 0.000000
612727.272556 2497355.713739 0.000000
612727.746239 2497350.713746 0.000000
612728.219922 2497345.713753 0.000000
612728.693605 2497340.713761 0.000000
612729.167287 2497335.713768 0.000000
612729.640970 2497330.713775 0.000000
612730.114653 2497325.713783 0.000000
612730.588335 2497320.713790 0.000000
612731.062018 2497315.713797 0.000000
612731.535701 2497310.713805 0.000000
612732.009384 2497305.713812 0.000000
612732.228895 2497300.713819 0.000000
612732.448406 2497295.713827 0.000000
612732.667917 2497290.713834 0.000000
612732.887428 2497285.713841 0.000000
612733.106939 2497280.713849 0.000000
612733.326450 2497275.713856 0.000000
612733.545961 2497270.713864 0.000000
612733.765472 2497265.713871 0.000000
612733.984984 2497260.713878 0.000000
612734.204495 2497255.713886 0.000000
612734.424006 2497250.713893 0.000000
612734.643517 2497245.713900 0.000000
612734.863028 2497240.713908 0.000000
612735.082539 2497235.713915 0.000000
612735.302050 2497230.713923 0.000000
612735.521561 2497225.713930 0.000000
612735.741072 2497220.713937 0.000000
612735.960583 2497215.713945 0.000000
612736.180095 2497210.713952 0.000000
612736.399606 2497205.713959 0.000000
612736.619117 2497200.713967 0.000000
612736.838628 2497195.713974 0.000000
612737.058139 2497190.713981 0.000000
612737.277650 2497185.713989 0.000000
612737.497161 2497180.713996 0.000000
612737.716672 2497175.714004 0.000000
612737.936183 2497170.714011 0.000000
612738.155694 2497165.714018 0.000000
612738.375205 2497160.714026 0.000000
612738.594717 2497155.714033 0.000000
612738.814228 2497150.714040 0.000000
612739.033739 2497145.714048 0.000000
612739.253250 2497140.714055 0.000000
612739.472761 2497135.714063 0.000000
612739.692272 2497130.714070 0.000000
612739.911783 2497125.714077 0.000000
612740.131294 2497120.714085 0.000000
612740.350805 2497115.714092 0.000000
612740.570316 2497110.714099 0.000000
612740.789828 2497105.714107 0.000000
612741.009339 2497100.714114 0.000000
612741.382219 2497095.731071 0.000000
612741.755099 2497090.748027 0.000000
612742.127979 2497085.764984 0.000000
612742.500859 2497080.781940 0.000000
612742.873739 2497075.798897 0.000000
612743.246619 2497070.815853 0.000000
612743.619499 2497065.832809 0.000000
612743.992379 2497060.849766 0.000000
612744.365259 2497055.866722 0.000000
612744.738139 2497050.883679 0.000000
612745.111019 2497045.900635 0.000000
612745.483899 2497040.917592 0.000000
612745.856779 2497035.934548 0.000000
612746.229659 2497030.951505 0.000000
612746.602539 2497025.968461 0.000000
612746.975419 2497020.985418 0.000000
612747.348299 2497016.002374 0.000000
612747.721179 2497011.019331 0.000000
612748.094059 2497006.036287 0.000000
612748.466939 2497001.053244 0.000000
612748.839819 2496996.070200 0.000000
612749.212699 2496991.087157 0.000000
612749.585579 2496986.104113 0.000000
612749.958459 2496981.121070 0.000000
612750.331339 2496976.138026 0.000000
612750.704220 2496971.154983 0.000000
612751.077100 2496966.171939 0.000000
612751.449980 2496961.188895 0.000000
612751.822860 2496956.205852 0.000000
612752.195740 2496951.222808 0.000000
612752.568620 2496946.239765 0.000000
612752.941500 2496941.256721 0.000000
612753.314380 2496936.273678 0.000000
612753.687260 2496931.290634 0.000000
612754.060140 2496926.307591 0.000000
612754.433020 2496921.324547 0.000000
612754.805900 2496916.341504 0.000000
612755.178780 2496911.358460 0.000000
612755.551660 2496906.375417 0.000000
612755.924540 2496901.392373 0.000000
612756.297420 2496896.409330 0.000000
612756.670300 2496891.426286 0.000000
612757.043180 2496886.443243 0.000000
612757.416060 2496881.460199 0.000000
612757.788940 2496876.477156 0.000000
612758.161820 2496871.494112 0.000000
612758.534700 2496866.511069 0.000000
612758.907580 2496861.528025 0.000000
612759.280460 2496856.544981 0.000000
612759.653340 2496851.561938 0.000000
612760.026220 2496846.578894 0.000000
612760.399100 2496841.595851 0.000000
612760.771980 2496836.612807 0.000000
612761.144860 2496831.629764 0.000000
612761.517740 2496826.646720 0.000000
612761.890621 2496821.663677 0.000000
612762.263501 2496816.680633 0.000000
612762.636381 2496811.697590 0.000000
612763.009261 2496806.714546 0.000000
612763.080688 2496801.714554 0.000000
612763.152116 2496796.714561 0.000000
612763.223544 2496791.714568 0.000000
612763.294971 2496786.714576 0.000000
612763.366399 2496781.714583 0.000000
612763.437827 2496776.714591 0.000000
612763.509254 2496771.714598 0.000000
612763.580682 2496766.714605 0.000000
612763.652110 2496761.714613 0.000000
612763.723538 2496756.714620 0.000000
612763.794965 2496751.714628 0.000000
612763.866393 2496746.714635 0.000000
612763.937821 2496741.714642 0.000000
612764.009248 2496736.714650 0.000000
612764.080676 2496731.714657 0.000000
612764.152104 2496726.714665 0.000000
612764.223531 2496721.714672 0.000000
612764.294959 2496716.714679 0.000000
612764.366387 2496711.714687 0.000000
612764.437814 2496706.714694 0.000000
612764.509242 2496701.714702 0.000000
612764.580670 2496696.714709 0.000000
612764.652097 2496691.714716 0.000000
612764.723525 2496686.714724 0.000000
612764.794953 2496681.714731 0.000000
612764.866381 2496676.714739 0.000000
612764.937808 2496671.714746 0.000000
612765.009236 2496666.714753 0.000000
612764.800902 2496661.714761 0.000000
612764.592568 2496656.714768 0.000000
612764.384235 2496651.714776 0.000000
612764.175901 2496646.714783 0.000000
612763.967567 2496641.714791 0.000000
612763.759233 2496636.714798 0.000000
612763.550899 2496631.714805 0.000000
612763.342566 2496626.714813 0.000000
612763.134232 2496621.714820 0.000000
612762.925898 2496616.714828 0.000000
612762.717564 2496611.714835 0.000000
612762.509230 2496606.714843 0.000000
612762.300896 2496601.714850 0.000000
612762.092563 2496596.714858 0.000000
612761.884229 2496591.714865 0.000000
612761.675895 2496586.714872 0.000000
612761.467561 2496581.714880 0.000000
612761.259227 2496576.714887 0.000000
612761.050894 2496571.714895 0.000000
612760.842560 2496566.714902 0.000000
612760.634226 2496561.714910 0.000000
612760.425892 2496556.714917 0.000000
612760.217558 2496551.714925 0.000000
612760.009225 2496546.714932 0.000000
612759.559225 2496541.739939 0.000000
612759.109224 2496536.764947 0.000000
612758.659224 2496531.789954 0.000000
612758.209224 2496526.814962 0.000000
612757.759224 2496521.839969 0.000000
612757.309224 2496516.864977 0.000000
612756.859224 2496511.889984 0.000000
612756.409224 2496506.914992 0.000000
612755.959224 2496501.939999 0.000000
612755.509224 2496496.965006 0.000000
612755.059223 2496491.990014 0.000000
612754.609223 2496487.015021 0.000000
612754.159223 2496482.040029 0.000000
612753.709223 2496477.065036 0.000000
612753.259223 2496472.090044 0.000000
612752.809223 2496467.115051 0.000000
612752.359223 2496462.140058 0.000000
612751.909223 2496457.165066 0.000000
612751.459223 2496452.190073 0.000000
612751.009222 2496447.215081 0.000000
612750.559222 2496442.240088 0.000000
612750.109222 2496437.265096 0.000000
612749.659222 2496432.290103 0.000000
612749.209222 2496427.315111 0.000000
612748.759222 2496422.340118 0.000000
612748.309222 2496417.365125 0.000000
612747.859222 2496412.390133 0.000000
612747.409222 2496407.415140 0.000000
612746.959221 2496402.440148 0.000000
612746.509221 2496397.465155 0.000000
612746.059221 2496392.490163 0.000000
612745.609221 2496387.515170 0.000000
612745.159221 2496382.540178 0.000000
612744.709221 2496377.565185 0.000000
612744.259221 2496372.590192 0.000000
612743.809221 2496367.615200 0.000000
612743.359221 2496362.640207 0.000000
612742.909220 2496357.665215 0.000000
612742.459220 2496352.690222 0.000000
612742.009220 2496347.715230 0.000000
612741.559220 2496342.740237 0.000000
612741.109220 2496337.765245 0.000000
612740.659220 2496332.790252 0.000000
612740.209220 2496327.815259 0.000000
612739.759220 2496322.840267 0.000000
612739.309220 2496317.865274 0.000000
612738.859220 2496312.890282 0.000000
612738.409219 2496307.915289 0.000000
612737.959219 2496302.940297 0.000000
612737.509219 2496297.965304 0.000000
612737.059219 2496292.990312 0.000000
612736.609219 2496288.015319 0.000000
612736.159219 2496283.040326 0.000000
612735.709219 2496278.065334 0.000000
612735.259219 2496273.090341 0.000000
612734.809219 2496268.115349 0.000000
612734.359218 2496263.140356 0.000000
612733.909218 2496258.165364 0.000000
612733.459218 2496253.190371 0.000000
612733.009218 2496248.215379 0.000000
612732.559218 2496243.240386 0.000000
612732.109218 2496238.265393 0.000000
612731.659218 2496233.290401 0.000000
612731.209218 2496228.315408 0.000000
612730.759218 2496223.340416 0.000000
612730.309217 2496218.365423 0.000000
612729.859217 2496213.390431 0.000000
612729.409217 2496208.415438 0.000000
612728.959217 2496203.440446 0.000000
612728.509217 2496198.465453 0.000000
612728.059217 2496193.490460 0.000000
612727.609217 2496188.515468 0.000000
612727.159217 2496183.540475 0.000000
612726.709217 2496178.565483 0.000000
612726.259216 2496173.590490 0.000000
612725.809216 2496168.615498 0.000000
612725.359216 2496163.640505 0.000000
612724.909216 2496158.665513 0.000000
612724.459216 2496153.690520 0.000000
612724.009216 2496148.715527 0.000000
612723.105370 2496143.792458 0.000000
612722.201525 2496138.869388 0.000000
612721.297679 2496133.946319 0.000000
612720.393834 2496129.023250 0.000000
612719.489988 2496124.100180 0.000000
612718.586142 2496119.177111 0.000000
612717.682297 2496114.254041 0.000000
612716.778451 2496109.330972 0.000000
612715.874606 2496104.407902 0.000000
612714.970760 2496099.484833 0.000000
612714.066914 2496094.561763 0.000000
612713.163069 2496089.638694 0.000000
612712.259223 2496084.715624 0.000000
612711.355378 2496079.792555 0.000000
612710.451532 2496074.869485 0.000000
612709.547687 2496069.946416 0.000000
612708.643841 2496065.023346 0.000000
612707.739995 2496060.100277 0.000000
612706.836150 2496055.177207 0.000000
612705.932304 2496050.254138 0.000000
612705.028459 2496045.331068 0.000000
612704.124613 2496040.407999 0.000000
612703.220767 2496035.484929 0.000000
612702.316922 2496030.561860 0.000000
612701.413076 2496025.638790 0.000000
612700.509231 2496020.715721 0.000000
612699.605385 2496015.792651 0.000000
612698.701539 2496010.869582 0.000000
612697.797694 2496005.946512 0.000000
612696.893848 2496001.023443 0.000000
612695.990003 2495996.100373 0.000000
612695.086157 2495991.177304 0.000000
612694.182312 2495986.254234 0.000000
612693.278466 2495981.331165 0.000000
612692.374620 2495976.408096 0.000000
612691.470775 2495971.485026 0.000000
612690.566929 2495966.561957 0.000000
612689.663084 2495961.638887 0.000000
612688.759238 2495956.715818 0.000000
612687.855392 2495951.792748 0.000000
612686.951547 2495946.869679 0.000000
612686.047701 2495941.946609 0.000000
612685.143856 2495937.023540 0.000000
612684.240010 2495932.100470 0.000000
612683.336165 2495927.177401 0.000000
612682.432319 2495922.254331 0.000000
612681.528473 2495917.331262 0.000000
612680.624628 2495912.408192 0.000000
612679.720782 2495907.485123 0.000000
612678.816937 2495902.562053 0.000000
612677.913091 2495897.638984 0.000000
612677.009245 2495892.715914 0.000000
612676.332775 2495887.745334 0.000000
612675.656305 2495882.774753 0.000000
612674.979834 2495877.804172 0.000000
612674.303364 2495872.833591 0.000000
612673.626894 2495867.863010 0.000000
612672.950423 2495862.892430 0.000000
612672.273953 2495857.921849 0.000000
612671.597482 2495852.951268 0.000000
612670.921012 2495847.980687 0.000000
612670.244542 2495843.010107 0.000000
612669.568071 2495838.039526 0.000000
612668.891601 2495833.068945 0.000000
612668.215131 2495828.098364 0.000000
612667.538660 2495823.127784 0.000000
612666.862190 2495818.157203 0.000000
612666.185720 2495813.186622 0.000000
612665.509249 2495808.216041 0.000000
612664.832779 2495803.245461 0.000000
612664.156309 2495798.274880 0.000000
612663.479838 2495793.304299 0.000000
612662.803368 2495788.333718 0.000000
612662.126897 2495783.363138 0.000000
612661.450427 2495778.392557 0.000000
612660.773957 2495773.421976 0.000000
612660.097486 2495768.451395 0.000000
612659.421016 2495763.480815 0.000000
612658.744546 2495758.510234 0.000000
612658.068075 2495753.539653 0.000000
612657.391605 2495748.569072 0.000000
612656.715135 2495743.598492 0.000000
612656.038664 2495738.627911 0.000000
612655.362194 2495733.657330 0.000000
612654.685723 2495728.686749 0.000000
612654.009253 2495723.716168 0.000000
612653.649253 2495718.716176 0.000000
612653.289253 2495713.716183 0.000000
612652.929252 2495708.716191 0.000000
612652.569252 2495703.716198 0.000000
612652.209252 2495698.716206 0.000000
612651.849252 2495693.716213 0.000000
612651.489251 2495688.716221 0.000000
612651.129251 2495683.716228 0.000000
612650.769251 2495678.716236 0.000000
612650.409251 2495673.716243 0.000000
612650.049250 2495668.716251 0.000000
612649.689250 2495663.716258 0.000000
612649.329250 2495658.716266 0.000000
612648.969250 2495653.716273 0.000000
612648.609249 2495648.716281 0.000000
612648.249249 2495643.716288 0.000000
612647.889249 2495638.716295 0.000000
612647.529249 2495633.716303 0.000000
612647.169248 2495628.716310 0.000000
612646.809248 2495623.716318 0.000000
612646.449248 2495618.716325 0.000000
612646.089248 2495613.716333 0.000000
612645.729247 2495608.716340 0.000000
612645.369247 2495603.716348 0.000000
612645.009247 2495598.716355 0.000000
612644.873324 2495593.716363 0.000000
612644.737401 2495588.716370 0.000000
612644.601478 2495583.716378 0.000000
612644.465555 2495578.716385 0.000000
612644.329632 2495573.716392 0.000000
612644.193709 2495568.716400 0.000000
612644.057787 2495563.716407 0.000000
612643.921864 2495558.716415 0.000000
612643.785941 2495553.716422 0.000000
612643.650018 2495548.716430 0.000000
612643.514095 2495543.716437 0.000000
612643.378172 2495538.716445 0.000000
612643.242249 2495533.716452 0.000000
612643.106326 2495528.716459 0.000000
612642.970403 2495523.716467 0.000000
612642.834480 2495518.716474 0.000000
612642.698558 2495513.716482 0.000000
612642.562635 2495508.716489 0.000000
612642.426712 2495503.716497 0.000000
612642.290789 2495498.716504 0.000000
612642.154866 2495493.716511 0.000000
612642.018943 2495488.716519 0.000000
612641.883020 2495483.716526 0.000000
612641.747097 2495478.716534 0.000000
612641.611174 2495473.716541 0.000000
612641.475251 2495468.716549 0.000000
612641.339328 2495463.716556 0.000000
612641.203406 2495458.716564 0.000000
612641.067483 2495453.716571 0.000000
612640.931560 2495448.716578 0.000000
612640.795637 2495443.716586 0.000000
612640.659714 2495438.716593 0.000000
612640.523791 2495433.716601 0.000000
612640.387868 2495428.716608 0.000000
612640.251945 2495423.716616 0.000000
612640.116022 2495418.716623 0.000000
612639.980099 2495413.716630 0.000000
612639.844176 2495408.716638 0.000000
612639.708254 2495403.716645 0.000000
612639.572331 2495398.716653 0.000000
612639.436408 2495393.716660 0.000000
612639.300485 2495388.716668 0.000000
612639.164562 2495383.716675 0.000000
612639.028639 2495378.716683 0.000000
612638.892716 2495373.716690 0.000000
612638.756793 2495368.716697 0.000000
612638.620870 2495363.716705 0.000000
612638.484947 2495358.716712 0.000000
612638.349025 2495353.716720 0.000000
612638.213102 2495348.716727 0.000000
612638.077179 2495343.716735 0.000000
612637.941256 2495338.716742 0.000000
612637.805333 2495333.716750 0.000000
612637.669410 2495328.716757 0.000000
612637.533487 2495323.716764 0.000000
612637.397564 2495318.716772 0.000000
612637.261641 2495313.716779 0.000000
612637.125718 2495308.716787 0.000000
612636.989795 2495303.716794 0.000000
612636.853873 2495298.716802 0.000000
612636.717950 2495293.716809 0.000000
612636.582027 2495288.716816 0.000000
612636.446104 2495283.716824 0.000000
612636.310181 2495278.716831 0.000000
612636.174258 2495273.716839 0.000000
612636.038335 2495268.716846 0.000000
612635.902412 2495263.716854 0.000000
612635.766489 2495258.716861 0.000000
612635.630566 2495253.716869 0.000000
612635.494644 2495248.716876 0.000000
612635.358721 2495243.716883 0.000000
612635.222798 2495238.716891 0.000000
612635.086875 2495233.716898 0.000000
612634.950952 2495228.716906 0.000000
612634.815029 2495223.716913 0.000000
612634.679106 2495218.716921 0.000000
612634.543183 2495213.716928 0.000000
612634.407260 2495208.716935 0.000000
612634.271337 2495203.716943 0.000000
612634.135414 2495198.716950 0.000000
612633.999492 2495193.716958 0.000000
612633.863569 2495188.716965 0.000000
612633.727646 2495183.716973 0.000000
612633.591723 2495178.716980 0.000000
612633.455800 2495173.716988 0.000000
612633.319877 2495168.716995 0.000000
612633.183954 2495163.717002 0.000000
612633.048031 2495158.717010 0.000000
612632.912108 2495153.717017 0.000000
612632.776185 2495148.717025 0.000000
612632.640262 2495143.717032 0.000000
612632.504340 2495138.717040 0.000000
612632.368417 2495133.717047 0.000000
612632.232494 2495128.717055 0.000000
612632.096571 2495123.717062 0.000000
612631.960648 2495118.717069 0.000000
612631.824725 2495113.717077 0.000000
612631.688802 2495108.717084 0.000000
612631.552879 2495103.717092 0.000000
612631.416956 2495098.717099 0.000000
612631.281033 2495093.717107 0.000000
612631.145111 2495088.717114 0.000000
612631.009188 2495083.717121 0.000000
612631.048791 2495078.717129 0.000000
612631.088394 2495073.717136 0.000000
612631.127997 2495068.717144 0.000000
612631.167600 2495063.717151 0.000000
612631.207203 2495058.717159 0.000000
612631.246806 2495053.717166 0.000000
612631.286409 2495048.717173 0.000000
612631.326013 2495043.717181 0.000000
612631.365616 2495038.717188 0.000000
612631.405219 2495033.717196 0.000000
612631.444822 2495028.717203 0.000000
612631.484425 2495023.717210 0.000000
612631.524028 2495018.717218 0.000000
612631.563631 2495013.717225 0.000000
612631.603234 2495008.717233 0.000000
612631.642838 2495003.717240 0.000000
612631.682441 2494998.717248 0.000000
612631.722044 2494993.717255 0.000000
612631.761647 2494988.717262 0.000000
612631.801250 2494983.717270 0.000000
612631.840853 2494978.717277 0.000000
612631.880456 2494973.717285 0.000000
612631.920059 2494968.717292 0.000000
612631.959663 2494963.717299 0.000000
612631.999266 2494958.717307 0.000000
612632.038869 2494953.717314 0.000000
612632.078472 2494948.717322 0.000000
612632.118075 2494943.717329 0.000000
612632.157678 2494938.717337 0.000000
612632.197281 2494933.717344 0.000000
612632.236884 2494928.717351 0.000000
612632.276488 2494923.717359 0.000000
612632.316091 2494918.717366 0.000000
612632.355694 2494913.717374 0.000000
612632.395297 2494908.717381 0.000000
612632.434900 2494903.717388 0.000000
612632.474503 2494898.717396 0.000000
612632.514106 2494893.717403 0.000000
612632.553709 2494888.717411 0.000000
612632.593313 2494883.717418 0.000000
612632.632916 2494878.717425 0.000000
612632.672519 2494873.717433 0.000000
612632.712122 2494868.717440 0.000000
612632.751725 2494863.717448 0.000000
612632.791328 2494858.717455 0.000000
612632.830931 2494853.717463 0.000000
612632.870534 2494848.717470 0.000000
612632.910138 2494843.717477 0.000000
612632.949741 2494838.717485 0.000000
612632.989344 2494833.717492 0.000000
612633.028947 2494828.717500 0.000000
612633.068550 2494823.717507 0.000000
612633.108153 2494818.717514 0.000000
612633.147756 2494813.717522 0.000000
612633.187360 2494808.717529 0.000000
612633.226963 2494803.717537 0.000000
612633.266566 2494798.717544 0.000000
612633.306169 2494793.717552 0.000000
612633.345772 2494788.717559 0.000000
612633.385375 2494783.717566 0.000000
612633.424978 2494778.717574 0.000000
612633.464581 2494773.717581 0.000000
612633.504185 2494768.717589 0.000000
612633.543788 2494763.717596 0.000000
612633.583391 2494758.717603 0.000000
612633.622994 2494753.717611 0.000000
612633.662597 2494748.717618 0.000000
612633.702200 2494743.717626 0.000000
612633.741803 2494738.717633 0.000000
612633.781406 2494733.717641 0.000000
612633.821010 2494728.717648 0.000000
612633.860613 2494723.717655 0.000000
612633.900216 2494718.717663 0.000000
612633.939819 2494713.717670 0.000000
612633.979422 2494708.717678 0.000000
612634.019025 2494703.717685 0.000000
612634.058628 2494698.717692 0.000000
612634.098231 2494693.717700 0.000000
612634.137835 2494688.717707 0.000000
612634.177438 2494683.717715 0.000000
612634.217041 2494678.717722 0.000000
612634.256644 2494673.717730 0.000000
612634.296247 2494668.717737 0.000000
612634.335850 2494663.717744 0.000000
612634.375453 2494658.717752 0.000000
612634.415056 2494653.717759 0.000000
612634.454660 2494648.717767 0.000000
612634.494263 2494643.717774 0.000000
612634.533866 2494638.717781 0.000000
612634.573469 2494633.717789 0.000000
612634.613072 2494628.717796 0.000000
612634.652675 2494623.717804 0.000000
612634.692278 2494618.717811 0.000000
612634.731881 2494613.717819 0.000000
612634.771485 2494608.717826 0.000000
612634.811088 2494603.717833 0.000000
612634.850691 2494598.717841 0.000000
612634.890294 2494593.717848 0.000000
612634.929897 2494588.717856 0.000000
612634.969500 2494583.717863 0.000000
612635.009103 2494578.717870 0.000000
612635.128308 2494573.717878 0.000000
612635.247512 2494568.717885 0.000000
612635.366716 2494563.717893 0.000000
612635.485921 2494558.717900 0.000000
612635.605125 2494553.717907 0.000000
612635.724329 2494548.717915 0.000000
612635.843534 2494543.717922 0.000000
612635.962738 2494538.717930 0.000000
612636.081942 2494533.717937 0.000000
612636.201147 2494528.717944 0.000000
612636.320351 2494523.717952 0.000000
612636.439555 2494518.717959 0.000000
612636.558760 2494513.717967 0.000000
612636.677964 2494508.717974 0.000000
612636.797168 2494503.717982 0.000000
612636.916373 2494498.717989 0.000000
612637.035577 2494493.717996 0.000000
612637.154781 2494488.718004 0.000000
612637.273986 2494483.718011 0.000000
612637.393190 2494478.718019 0.000000
612637.512395 2494473.718026 0.000000
612637.631599 2494468.718033 0.000000
612637.750803 2494463.718041 0.000000
612637.870008 2494458.718048 0.000000
612637.989212 2494453.718056 0.000000
612638.108416 2494448.718063 0.000000
612638.227621 2494443.718070 0.000000
612638.346825 2494438.718078 0.000000
612638.466029 2494433.718085 0.000000
612638.585234 2494428.718093 0.000000
612638.704438 2494423.718100 0.000000
612638.823642 2494418.718107 0.000000
612638.942847 2494413.718115 0.000000
612639.062051 2494408.718122 0.000000
612639.181255 2494403.718130 0.000000
612639.300460 2494398.718137 0.000000
612639.419664 2494393.718144 0.000000
612639.538868 2494388.718152 0.000000
612639.658073 2494383.718159 0.000000
612639.777277 2494378.718167 0.000000
612639.896481 2494373.718174 0.000000
612640.015686 2494368.718182 0.000000
612640.134890 2494363.718189 0.000000
612640.254094 2494358.718196 0.000000
612640.373299 2494353.718204 0.000000
612640.492503 2494348.718211 0.000000
612640.611707 2494343.718219 0.000000
612640.730912 2494338.718226 0.000000
612640.850116 2494333.718233 0.000000
612640.969321 2494328.718241 0.000000
612641.088525 2494323.718248 0.000000
612641.207729 2494318.718256 0.000000
612641.326934 2494313.718263 0.000000
612641.446138 2494308.718270 0.000000
612641.565342 2494303.718278 0.000000
612641.684547 2494298.718285 0.000000
612641.803751 2494293.718293 0.000000
612641.922955 2494288.718300 0.000000
612642.042160 2494283.718307 0.000000
612642.161364 2494278.718315 0.000000
612642.280568 2494273.718322 0.000000
612642.399773 2494268.718330 0.000000
612642.518977 2494263.718337 0.000000
612642.638181 2494258.718344 0.000000
612642.757386 2494253.718352 0.000000
612642.876590 2494248.718359 0.000000
612642.995794 2494243.718367 0.000000
612643.114999 2494238.718374 0.000000
612643.234203 2494233.718382 0.000000
612643.353407 2494228.718389 0.000000
612643.472612 2494223.718396 0.000000
612643.591816 2494218.718404 0.000000
612643.711020 2494213.718411 0.000000
612643.830225 2494208.718419 0.000000
612643.949429 2494203.718426 0.000000
612644.068633 2494198.718433 0.000000
612644.187838 2494193.718441 0.000000
612644.307042 2494188.718448 0.000000
612644.426247 2494183.718456 0.000000
612644.545451 2494178.718463 0.000000
612644.664655 2494173.718470 0.000000
612644.783860 2494168.718478 0.000000
612644.903064 2494163.718485 0.000000
612645.022268 2494158.718493 0.000000
612645.141473 2494153.718500 0.000000
612645.260677 2494148.718507 0.000000
612645.379881 2494143.718515 0.000000
612645.499086 2494138.718522 0.000000
612645.618290 2494133.718530 0.000000
612645.737494 2494128.718537 0.000000
612645.856699 2494123.718544 0.000000
612645.975903 2494118.718552 0.000000
612646.095107 2494113.718559 0.000000
612646.214312 2494108.718567 0.000000
612646.333516 2494103.718574 0.000000
612646.452720 2494098.718582 0.000000
612646.571925 2494093.718589 0.000000
612646.691129 2494088.718596 0.000000
612646.810333 2494083.718604 0.000000
612646.929538 2494078.718611 0.000000
612647.048742 2494073.718619 0.000000
612647.167946 2494068.718626 0.000000
612647.287151 2494063.718633 0.000000
612647.406355 2494058.718641 0.000000
612647.525559 2494053.718648 0.000000
612647.644764 2494048.718656 0.000000
612647.763968 2494043.718663 0.000000
612647.883173 2494038.718670 0.000000
612648.002377 2494033.718678 0.000000
612648.121581 2494028.718685 0.000000
612648.240786 2494023.718693 0.000000
612648.359990 2494018.718700 0.000000
612648.479194 2494013.718707 0.000000
612648.598399 2494008.718715 0.000000
612648.717603 2494003.718722 0.000000
612648.836807 2493998.718730 0.000000
612648.956012 2493993.718737 0.000000
612649.075216 2493988.718744 0.000000
612649.194420 2493983.718752 0.000000
612649.313625 2493978.718759 0.000000
612649.432829 2493973.718767 0.000000
612649.552033 2493968.718774 0.000000
612649.671238 2493963.718782 0.000000
612649.790442 2493958.718789 0.000000
612649.909646 2493953.718796 0.000000
612650.028851 2493948.718804 0.000000
612650.148055 2493943.718811 0.000000
612650.267259 2493938.718819 0.000000
612650.386464 2493933.718826 0.000000
612650.505668 2493928.718833 0.000000
612650.624872 2493923.718841 0.000000
612650.744077 2493918.718848 0.000000
612650.863281 2493913.718856 0.000000
612650.982485 2493908.718863 0.000000
612651.101690 2493903.718870 0.000000
612651.220894 2493898.718878 0.000000
612651.340099 2493893.718885 0.000000
612651.459303 2493888.718893 0.000000
612651.578507 2493883.718900 0.000000
612651.697712 2493878.718907 0.000000
612651.816916 2493873.718915 0.000000
612651.936120 2493868.718922 0.000000
612652.055325 2493863.718930 0.000000
612652.174529 2493858.718937 0.000000
612652.293733 2493853.718944 0.000000
612652.412938 2493848.718952 0.000000
612652.532142 2493843.718959 0.000000
612652.651346 2493838.718967 0.000000
612652.770551 2493833.718974 0.000000
612652.889755 2493828.718982 0.000000
612653.008959 2493823.718989 0.000000
612653.180387 2493818.724191 0.000000
612653.351814 2493813.729393 0.000000
612653.523242 2493808.734596 0.000000
612653.694670 2493803.739798 0.000000
612653.866097 2493798.745000 0.000000
612654.037525 2493793.750202 0.000000
612654.208952 2493788.755404 0.000000
612654.380380 2493783.760607 0.000000
612654.551807 2493778.765809 0.000000
612654.723235 2493773.771011 0.000000
612654.894662 2493768.776213 0.000000
612655.066090 2493763.781415 0.000000
612655.237517 2493758.786618 0.000000
612655.408945 2493753.791820 0.000000
612655.580372 2493748.797022 0.000000
612655.751800 2493743.802224 0.000000
612655.923228 2493738.807426 0.000000
612656.094655 2493733.812629 0.000000
612656.266083 2493728.817831 0.000000
612656.437510 2493723.823033 0.000000
612656.608938 2493718.828235 0.000000
612656.780365 2493713.833437 0.000000
612656.951793 2493708.838640 0.000000
612657.123220 2493703.843842 0.000000
612657.294648 2493698.849044 0.000000
612657.466075 2493693.854246 0.000000
612657.637503 2493688.859448 0.000000
612657.808931 2493683.864651 0.000000
612657.980358 2493678.869853 0.000000
612658.151786 2493673.875055 0.000000
612658.323213 2493668.880257 0.000000
612658.494641 2493663.885459 0.000000
612658.666068 2493658.890662 0.000000
612658.837496 2493653.895864 0.000000
612659.008923 2493648.901066 0.000000
612659.180351 2493643.906268 0.000000
612659.351778 2493638.911471 0.000000
612659.523206 2493633.916673 0.000000
612659.694633 2493628.921875 0.000000
612659.866061 2493623.927077 0.000000
612660.037489 2493618.932279 0.000000
612660.208916 2493613.937482 0.000000
612660.380344 2493608.942684 0.000000
612660.551771 2493603.947886 0.000000
612660.723199 2493598.953088 0.000000
612660.894626 2493593.958290 0.000000
612661.066054 2493588.963493 0.000000
612661.237481 2493583.968695 0.000000
612661.408909 2493578.973897 0.000000
612661.580336 2493573.979099 0.000000
612661.751764 2493568.984301 0.000000
612661.923191 2493563.989504 0.000000
612662.094619 2493558.994706 0.000000
612662.266047 2493553.999908 0.000000
612662.437474 2493549.005110 0.000000
612662.608902 2493544.010312 0.000000
612662.780329 2493539.015515 0.000000
612662.951757 2493534.020717 0.000000
612663.123184 2493529.025919 0.000000
612663.294612 2493524.031121 0.000000
612663.466039 2493519.036323 0.000000
612663.637467 2493514.041526 0.000000
612663.808894 2493509.046728 0.000000
612663.980322 2493504.051930 0.000000
612664.151750 2493499.057132 0.000000
612664.323177 2493494.062334 0.000000
612664.494605 2493489.067537 0.000000
612664.666032 2493484.072739 0.000000
612664.837460 2493479.077941 0.000000
612665.008887 2493474.083143 0.000000
612665.180315 2493469.088346 0.000000
612665.351742 2493464.093548 0.000000
612665.523170 2493459.098750 0.000000
612665.694597 2493454.103952 0.000000
612665.866025 2493449.109154 0.000000
612666.037452 2493444.114357 0.000000
612666.208880 2493439.119559 0.000000
612666.380308 2493434.124761 0.000000
612666.551735 2493429.129963 0.000000
612666.723163 2493424.135165 0.000000
612666.894590 2493419.140368 0.000000
612667.066018 2493414.145570 0.000000
612667.237445 2493409.150772 0.000000
612667.408873 2493404.155974 0.000000
612667.580300 2493399.161176 0.000000
612667.751728 2493394.166379 0.000000
612667.923155 2493389.171581 0.000000
612668.094583 2493384.176783 0.000000
612668.266010 2493379.181985 0.000000
612668.437438 2493374.187187 0.000000
612668.608866 2493369.192390 0.000000
612668.780293 2493364.197592 0.000000
612668.951721 2493359.202794 0.000000
612669.123148 2493354.207996 0.000000
612669.294576 2493349.213198 0.000000
612669.466003 2493344.218401 0.000000
612669.637431 2493339.223603 0.000000
612669.808858 2493334.228805 0.000000
612669.980286 2493329.234007 0.000000
612670.151713 2493324.239209 0.000000
612670.323141 2493319.244412 0.000000
612670.494569 2493314.249614 0.000000
612670.665996 2493309.254816 0.000000
612670.837424 2493304.260018 0.000000
612671.008851 2493299.265221 0.000000
612671.180279 2493294.270423 0.000000
612671.351706 2493289.275625 0.000000
612671.523134 2493284.280827 0.000000
612671.694561 2493279.286029 0.000000
612671.865989 2493274.291232 0.000000
612672.037416 2493269.296434 0.000000
612672.208844 2493264.301636 0.000000
612672.380271 2493259.306838 0.000000
612672.551699 2493254.312040 0.000000
612672.723127 2493249.317243 0.000000
612672.894554 2493244.322445 0.000000
612673.065982 2493239.327647 0.000000
612673.237409 2493234.332849 0.000000
612673.408837 2493229.338051 0.000000
612673.580264 2493224.343254 0.000000
612673.751692 2493219.348456 0.000000
612673.923119 2493214.353658 0.000000
612674.094547 2493209.358860 0.000000
612674.265974 2493204.364062 0.000000
612674.437402 2493199.369265 0.000000
612674.608829 2493194.374467 0.000000
612674.780257 2493189.379669 0.000000
612674.951685 2493184.384871 0.000000
612675.123112 2493179.390073 0.000000
612675.294540 2493174.395276 0.000000
612675.465967 2493169.400478 0.000000
612675.637395 2493164.405680 0.000000
612675.808822 2493159.410882 0.000000
612675.980250 2493154.416084 0.000000
612676.151677 2493149.421287 0.000000
612676.323105 2493144.426489 0.000000
612676.494532 2493139.431691 0.000000
612676.665960 2493134.436893 0.000000
612676.837388 2493129.442096 0.000000
612677.008815 2493124.447298 0.000000
612677.180243 2493119.452500 0.000000
612677.351670 2493114.457702 0.000000
612677.523098 2493109.462904 0.000000
612677.694525 2493104.468107 0.000000
612677.865953 2493099.473309 0.000000
612678.037380 2493094.478511 0.000000
612678.208808 2493089.483713 0.000000
612678.380235 2493084.488915 0.000000
612678.551663 2493079.494118 0.000000
612678.723090 2493074.499320 0.000000
612678.894518 2493069.504522 0.000000
612679.065946 2493064.509724 0.000000
612679.237373 2493059.514926 0.000000
612679.408801 2493054.520129 0.000000
612679.580228 2493049.525331 0.000000
612679.751656 2493044.530533 0.000000
612679.923083 2493039.535735 0.000000
612680.094511 2493034.540937 0.000000
612680.265938 2493029.546140 0.000000
612680.437366 2493024.551342 0.000000
612680.608793 2493019.556544 0.000000
612680.780221 2493014.561746 0.000000
612680.951648 2493009.566948 0.000000
612681.123076 2493004.572151 0.000000
612681.294504 2492999.577353 0.000000
612681.465931 2492994.582555 0.000000
612681.637359 2492989.587757 0.000000
612681.808786 2492984.592959 0.000000
612681.980214 2492979.598162 0.000000
612682.151641 2492974.603364 0.000000
612682.323069 2492969.608566 0.000000
612682.494496 2492964.613768 0.000000
612682.665924 2492959.618971 0.000000
612682.837351 2492954.624173 0.000000
612683.008779 2492949.629375 0.000000
612683.180207 2492944.634577 0.000000
612683.351634 2492939.639779 0.000000
612683.523062 2492934.644982 0.000000
612683.694489 2492929.650184 0.000000
612683.865917 2492924.655386 0.000000
612684.037344 2492919.660588 0.000000
612684.208772 2492914.665790 0.000000
612684.380199 2492909.670993 0.000000
612684.551627 2492904.676195 0.000000
612684.723054 2492899.681397 0.000000
612684.894482 2492894.686599 0.000000
612685.065909 2492889.691801 0.000000
612685.237337 2492884.697004 0.000000
612685.408765 2492879.702206 0.000000
612685.580192 2492874.707408 0.000000
612685.751620 2492869.712610 0.000000
612685.923047 2492864.717812 0.000000
612686.094475 2492859.723015 0.000000
612686.265902 2492854.728217 0.000000
612686.437330 2492849.733419 0.000000
612686.608757 2492844.738621 0.000000
612686.780185 2492839.743823 0.000000
612686.951612 2492834.749026 0.000000
612687.123040 2492829.754228 0.000000
612687.294468 2492824.759430 0.000000
612687.465895 2492819.764632 0.000000
612687.637323 2492814.769834 0.000000
612687.808750 2492809.775037 0.000000
612687.980178 2492804.780239 0.000000
612688.151605 2492799.785441 0.000000
612688.323033 2492794.790643 0.000000
612688.494460 2492789.795846 0.000000
612688.665888 2492784.801048 0.000000
612688.837315 2492779.806250 0.000000
612689.008743 2492774.811452 0.000000
612689.180170 2492769.816654 0.000000
612689.351598 2492764.821857 0.000000
612689.523026 2492759.827059 0.000000
612689.694453 2492754.832261 0.000000
612689.865881 2492749.837463 0.000000
612690.037308 2492744.842665 0.000000
612690.208736 2492739.847868 0.000000
612690.380163 2492734.853070 0.000000
612690.551591 2492729.858272 0.000000
612690.723018 2492724.863474 0.000000
612690.894446 2492719.868676 0.000000
612691.065873 2492714.873879 0.000000
612691.237301 2492709.879081 0.000000
612691.408728 2492704.884283 0.000000
612691.580156 2492699.889485 0.000000
612691.751584 2492694.894687 0.000000
612691.923011 2492689.899890 0.000000
612692.094439 2492684.905092 0.000000
612692.265866 2492679.910294 0.000000
612692.437294 2492674.915496 0.000000
612692.608721 2492669.920698 0.000000
612692.780149 2492664.925901 0.000000
612692.951576 2492659.931103 0.000000
612693.123004 2492654.936305 0.000000
612693.294431 2492649.941507 0.000000
612693.465859 2492644.946709 0.000000
612693.637287 2492639.951912 0.000000
612693.808714 2492634.957114 0.000000
612693.980142 2492629.962316 0.000000
612694.151569 2492624.967518 0.000000
612694.322997 2492619.972721 0.000000
612694.494424 2492614.977923 0.000000
612694.665852 2492609.983125 0.000000
612694.837279 2492604.988327 0.000000
612695.008707 2492599.993529 0.000000
612695.180134 2492594.998732 0.000000
612695.351562 2492590.003934 0.000000
612695.522989 2492585.009136 0.000000
612695.694417 2492580.014338 0.000000
612695.865845 2492575.019540 0.000000
612696.037272 2492570.024743 0.000000
612696.208700 2492565.029945 0.000000
612696.380127 2492560.035147 0.000000
612696.551555 2492555.040349 0.000000
612696.722982 2492550.045551 0.000000
612696.894410 2492545.050754 0.000000
612697.065837 2492540.055956 0.000000
612697.237265 2492535.061158 0.000000
612697.408692 2492530.066360 0.000000
612697.580120 2492525.071562 0.000000
612697.751547 2492520.076765 0.000000
612697.922975 2492515.081967 0.000000
612698.094403 2492510.087169 0.000000
612698.265830 2492505.092371 0.000000
612698.437258 2492500.097573 0.000000
612698.608685 2492495.102776 0.000000
612698.780113 2492490.107978 0.000000
612698.951540 2492485.113180 0.000000
612699.122968 2492480.118382 0.000000
612699.294395 2492475.123584 0.000000
612699.465823 2492470.128787 0.000000
612699.637250 2492465.133989 0.000000
612699.808678 2492460.139191 0.000000
612699.980106 2492455.144393 0.000000
612700.151533 2492450.149596 0.000000
612700.322961 2492445.154798 0.000000
612700.494388 2492440.160000 0.000000
612700.665816 2492435.165202 0.000000
612700.837243 2492430.170404 0.000000
612701.008671 2492425.175607 0.000000
612701.180098 2492420.180809 0.000000
612701.351526 2492415.186011 0.000000
612701.522953 2492410.191213 0.000000
612701.694381 2492405.196415 0.000000
612701.865808 2492400.201618 0.000000
612702.037236 2492395.206820 0.000000
612702.208664 2492390.212022 0.000000
612702.380091 2492385.217224 0.000000
612702.551519 2492380.222426 0.000000
612702.722946 2492375.227629 0.000000
612702.894374 2492370.232831 0.000000
612703.065801 2492365.238033 0.000000
612703.237229 2492360.243235 0.000000
612703.408656 2492355.248437 0.000000
612703.580084 2492350.253640 0.000000
612703.751511 2492345.258842 0.000000
612703.922939 2492340.264044 0.000000
612704.094366 2492335.269246 0.000000
612704.265794 2492330.274448 0.000000
612704.437222 2492325.279651 0.000000
612704.608649 2492320.284853 0.000000
612704.780077 2492315.290055 0.000000
612704.951504 2492310.295257 0.000000
612705.122932 2492305.300459 0.000000
612705.294359 2492300.305662 0.000000
612705.465787 2492295.310864 0.000000
612705.637214 2492290.316066 0.000000
612705.808642 2492285.321268 0.000000
612705.980069 2492280.326471 0.000000
612706.151497 2492275.331673 0.000000
612706.322925 2492270.336875 0.000000
612706.494352 2492265.342077 0.000000
612706.665780 2492260.347279 0.000000
612706.837207 2492255.352482 0.000000
612707.008635 2492250.357684 0.000000
612707.180062 2492245.362886 0.000000
612707.351490 2492240.368088 0.000000
612707.522917 2492235.373290 0.000000
612707.694345 2492230.378493 0.000000
612707.865772 2492225.383695 0.000000
612708.037200 2492220.388897 0.000000
612708.208627 2492215.394099 0.000000
612708.380055 2492210.399301 0.000000
612708.551483 2492205.404504 0.000000
612708.722910 2492200.409706 0.000000
612708.894338 2492195.414908 0.000000
612709.065765 2492190.420110 0.000000
612709.237193 2492185.425312 0.000000
612709.408620 2492180.430515 0.000000
612709.580048 2492175.435717 0.000000
612709.751475 2492170.440919 0.000000
612709.922903 2492165.446121 0.000000
612710.094330 2492160.451323 0.000000
612710.265758 2492155.456526 0.000000
612710.437185 2492150.461728 0.000000
612710.608613 2492145.466930 0.000000
612710.780041 2492140.472132 0.000000
612710.951468 2492135.477334 0.000000
612711.122896 2492130.482537 0.000000
612711.294323 2492125.487739 0.000000
612711.465751 2492120.492941 0.000000
612711.637178 2492115.498143 0.000000
612711.808606 2492110.503346 0.000000
612711.980033 2492105.508548 0.000000
612712.151461 2492100.513750 0.000000
612712.322888 2492095.518952 0.000000
612712.494316 2492090.524154 0.000000
612712.665744 2492085.529357 0.000000
612712.837171 2492080.534559 0.000000
612713.008599 2492075.539761 0.000000
612713.180026 2492070.544963 0.000000
612713.351454 2492065.550165 0.000000
612713.522881 2492060.555368 0.000000
612713.694309 2492055.560570 0.000000
612713.865736 2492050.565772 0.000000
612714.037164 2492045.570974 0.000000
612714.208591 2492040.576176 0.000000
612714.380019 2492035.581379 0.000000
612714.551446 2492030.586581 0.000000
612714.722874 2492025.591783 0.000000
612714.894302 2492020.596985 0.000000
612715.065729 2492015.602187 0.000000
612715.237157 2492010.607390 0.000000
612715.408584 2492005.612592 0.000000
612715.580012 2492000.617794 0.000000
612715.751439 2491995.622996 0.000000
612715.922867 2491990.628198 0.000000
612716.094294 2491985.633401 0.000000
612716.265722 2491980.638603 0.000000
612716.437149 2491975.643805 0.000000
612716.608577 2491970.649007 0.000000
612716.780004 2491965.654209 0.000000
612716.951432 2491960.659412 0.000000
612717.122860 2491955.664614 0.000000
612717.294287 2491950.669816 0.000000
612717.465715 2491945.675018 0.000000
612717.637142 2491940.680221 0.000000
612717.808570 2491935.685423 0.000000
612717.979997 2491930.690625 0.000000
612718.151425 2491925.695827 0.000000
612718.322852 2491920.701029 0.000000
612718.494280 2491915.706232 0.000000
612718.665707 2491910.711434 0.000000
612718.837135 2491905.716636 0.000000
612719.008563 2491900.721838 0.000000
612719.050228 2491895.721846 0.000000
612719.091894 2491890.721853 0.000000
612719.133560 2491885.721860 0.000000
612719.175226 2491880.721868 0.000000
612719.216892 2491875.721875 0.000000
612719.258557 2491870.721883 0.000000
612719.300223 2491865.721890 0.000000
612719.341889 2491860.721898 0.000000
612719.383555 2491855.721905 0.000000
612719.425221 2491850.721913 0.000000
612719.466887 2491845.721920 0.000000
612719.508552 2491840.721927 0.000000
612719.550218 2491835.721935 0.000000
612719.591884 2491830.721942 0.000000
612719.633550 2491825.721950 0.000000
612719.675216 2491820.721957 0.000000
612719.716882 2491815.721965 0.000000
612719.758547 2491810.721972 0.000000
612719.800213 2491805.721979 0.000000
612719.841879 2491800.721987 0.000000
612719.883545 2491795.721994 0.000000
612719.925211 2491790.722002 0.000000
612719.966877 2491785.722009 0.000000
612720.008542 2491780.722017 0.000000
612720.050208 2491775.722024 0.000000
612720.091874 2491770.722032 0.000000
612720.133540 2491765.722039 0.000000
612720.175206 2491760.722046 0.000000
612720.216871 2491755.722054 0.000000
612720.258537 2491750.722061 0.000000
612720.300203 2491745.722069 0.000000
612720.341869 2491740.722076 0.000000
612720.383535 2491735.722084 0.000000
612720.425201 2491730.722091 0.000000
612720.466866 2491725.722098 0.000000
612720.508532 2491720.722106 0.000000
612720.550198 2491715.722113 0.000000
612720.591864 2491710.722121 0.000000
612720.633530 2491705.722128 0.000000
612720.675196 2491700.722136 0.000000
612720.716861 2491695.722143 0.000000
612720.758527 2491690.722150 0.000000
612720.800193 2491685.722158 0.000000
612720.841859 2491680.722165 0.000000
612720.883525 2491675.722173 0.000000
612720.925191 2491670.722180 0.000000
612720.966856 2491665.722188 0.000000
612721.008522 2491660.722195 0.000000
612720.881249 2491655.722203 0.000000
612720.753976 2491650.722210 0.000000
612720.626702 2491645.722217 0.000000
612720.499429 2491640.722225 0.000000
612720.372156 2491635.722232 0.000000
612720.244882 2491630.722240 0.000000
612720.117609 2491625.722247 0.000000
612719.990336 2491620.722255 0.000000
612719.863062 2491615.722262 0.000000
612719.735789 2491610.722270 0.000000
612719.608516 2491605.722277 0.000000
612719.481242 2491600.722285 0.000000
612719.353969 2491595.722292 0.000000
612719.226696 2491590.722300 0.000000
612719.099422 2491585.722307 0.000000
612718.972149 2491580.722315 0.000000
612718.844876 2491575.722322 0.000000
612718.717602 2491570.722329 0.000000
612718.590329 2491565.722337 0.000000
612718.463056 2491560.722344 0.000000
612718.335782 2491555.722352 0.000000
612718.208509 2491550.722359 0.000000
612718.081236 2491545.722367 0.000000
612717.953963 2491540.722374 0.000000
612717.826689 2491535.722382 0.000000
612717.699416 2491530.722389 0.000000
612717.572143 2491525.722397 0.000000
612717.444869 2491520.722404 0.000000
612717.317596 2491515.722412 0.000000
612717.190323 2491510.722419 0.000000
612717.063049 2491505.722426 0.000000
612716.935776 2491500.722434 0.000000
612716.808503 2491495.722441 0.000000
612716.681229 2491490.722449 0.000000
612716.553956 2491485.722456 0.000000
612716.426683 2491480.722464 0.000000
612716.299409 2491475.722471 0.000000
612716.172136 2491470.722479 0.000000
612716.044863 2491465.722486 0.000000
612715.917589 2491460.722494 0.000000
612715.790316 2491455.722501 0.000000
612715.663043 2491450.722509 0.000000
612715.535769 2491445.722516 0.000000
612715.408496 2491440.722524 0.000000
612715.281223 2491435.722531 0.000000
612715.153950 2491430.722538 0.000000
612715.026676 2491425.722546 0.000000
612714.899403 2491420.722553 0.000000
612714.772130 2491415.722561 0.000000
612714.644856 2491410.722568 0.000000
612714.517583 2491405.722576 0.000000
612714.390310 2491400.722583 0.000000
612714.263036 2491395.722591 0.000000
612714.135763 2491390.722598 0.000000
612714.008490 2491385.722606 0.000000
612713.479078 2491380.722613 0.000000
612712.949666 2491375.722621 0.000000
612712.420254 2491370.722628 0.000000
612711.890843 2491365.722636 0.000000
612711.361431 2491360.722643 0.000000
612710.832019 2491355.722651 0.000000
612710.302607 2491350.722658 0.000000
612709.773196 2491345.722666 0.000000
612709.243784 2491340.722673 0.000000
612708.714372 2491335.722681 0.000000
612708.184960 2491330.722688 0.000000
612707.655549 2491325.722696 0.000000
612707.126137 2491320.722703 0.000000
612706.596725 2491315.722711 0.000000
612706.067313 2491310.722719 0.000000
612705.537901 2491305.722726 0.000000
612705.008490 2491300.722734 0.000000
612704.008490 2491295.833852 0.000000
612703.008491 2491290.944971 0.000000
612702.008492 2491286.056089 0.000000
612701.008493 2491281.167208 0.000000
612700.008493 2491276.278326 0.000000
612699.008494 2491271.389445 0.000000
612698.008495 2491266.500563 0.000000
612697.008495 2491261.611682 0.000000
612696.008496 2491256.722801 0.000000
612695.008497 2491251.833919 0.000000
612694.008498 2491246.945038 0.000000
612693.008498 2491242.056156 0.000000
612692.008499 2491237.167275 0.000000
612691.008500 2491232.278393 0.000000
612690.008501 2491227.389512 0.000000
612689.008501 2491222.500630 0.000000
612688.008502 2491217.611749 0.000000
612687.008503 2491212.722867 0.000000
612685.452949 2491207.972875 0.000000
612683.897395 2491203.222882 0.000000
612682.341841 2491198.472889 0.000000
612680.786287 2491193.722897 0.000000
612679.230733 2491188.972904 0.000000
612677.675179 2491184.222911 0.000000
612676.119625 2491179.472919 0.000000
612674.564071 2491174.722926 0.000000
612673.008517 2491169.972933 0.000000
612671.452963 2491165.222941 0.000000
612669.897409 2491160.472948 0.000000
612668.341855 2491155.722955 0.000000
612666.786301 2491150.972963 0.000000
612665.230747 2491146.222970 0.000000
612663.675193 2491141.472977 0.000000
612662.119639 2491136.722985 0.000000
612660.564085 2491131.972992 0.000000
612659.008531 2491127.222999 0.000000
612657.452977 2491122.473006 0.000000
612655.897423 2491117.723014 0.000000
612654.341869 2491112.973021 0.000000
612652.786315 2491108.223028 0.000000
612651.230761 2491103.473036 0.000000
612649.675207 2491098.723043 0.000000
612648.119653 2491093.973050 0.000000
612646.564099 2491089.223058 0.000000
612645.008545 2491084.473065 0.000000
612643.452991 2491079.723072 0.000000
612641.897437 2491074.973080 0.000000
612640.341883 2491070.223087 0.000000
612638.786329 2491065.473094 0.000000
612637.230775 2491060.723102 0.000000
612635.675221 2491055.973109 0.000000
612634.119667 2491051.223116 0.000000
612632.564113 2491046.473124 0.000000
612631.008559 2491041.723131 0.000000
612629.304213 2491037.027486 0.000000
612627.599867 2491032.331841 0.000000
612625.895521 2491027.636196 0.000000
612624.191175 2491022.940551 0.000000
612622.486829 2491018.244906 0.000000
612620.782483 2491013.549261 0.000000
612619.078137 2491008.853616 0.000000
612617.373791 2491004.157972 0.000000
612615.669445 2490999.462327 0.000000
612613.965099 2490994.766682 0.000000
612612.260753 2490990.071037 0.000000
612610.556407 2490985.375392 0.000000
612608.852060 2490980.679747 0.000000
612607.147714 2490975.984102 0.000000
612605.443368 2490971.288457 0.000000
612603.739022 2490966.592812 0.000000
612602.034676 2490961.897167 0.000000
612600.330330 2490957.201522 0.000000
612598.625984 2490952.505878 0.000000
612596.921638 2490947.810233 0.000000
612595.217292 2490943.114588 0.000000
612593.512946 2490938.418943 0.000000
612591.808600 2490933.723298 0.000000
612590.104254 2490929.027653 0.000000
612588.399908 2490924.332008 0.000000
612586.695562 2490919.636363 0.000000
612584.991216 2490914.940718 0.000000
612583.286870 2490910.245073 0.000000
612581.582524 2490905.549428 0.000000
612579.878178 2490900.853783 0.000000
612578.173832 2490896.158139 0.000000
612576.469486 2490891.462494 0.000000
612574.765140 2490886.766849 0.000000
612573.060794 2490882.071204 0.000000
612571.356448 2490877.375559 0.000000
612569.652102 2490872.679914 0.000000
612567.947756 2490867.984269 0.000000
612566.243410 2490863.288624 0.000000
612564.539064 2490858.592979 0.000000
612562.834718 2490853.897334 0.000000
612561.130372 2490849.201689 0.000000
612559.426026 2490844.506045 0.000000
612557.721679 2490839.810400 0.000000
612556.017333 2490835.114755 0.000000
612554.312987 2490830.419110 0.000000
612552.608641 2490825.723465 0.000000
612550.904295 2490821.027820 0.000000
612549.199949 2490816.332175 0.000000
612547.495603 2490811.636530 0.000000
612545.791257 2490806.940885 0.000000
612544.086911 2490802.245240 0.000000
612542.382565 2490797.549595 0.000000
612540.678219 2490792.853951 0.000000
612538.973873 2490788.158306 0.000000
612537.269527 2490783.462661 0.000000
612535.565181 2490778.767016 0.000000
612533.860835 2490774.071371 0.000000
612532.156489 2490769.375726 0.000000
612530.452143 2490764.680081 0.000000
612528.747797 2490759.984436 0.000000
612527.043451 2490755.288791 0.000000
612525.339105 2490750.593146 0.000000
612523.634759 2490745.897501 0.000000
612521.930413 2490741.201856 0.000000
612520.226067 2490736.506212 0.000000
612518.521721 2490731.810567 0.000000
612516.817375 2490727.114922 0.000000
612515.113029 2490722.419277 0.000000
612513.408683 2490717.723632 0.000000
612511.704337 2490713.027987 0.000000
612509.999991 2490708.332342 0.000000
612508.295644 2490703.636697 0.000000
612506.591298 2490698.941052 0.000000
612504.886952 2490694.245407 0.000000
612503.182606 2490689.549762 0.000000
612501.478260 2490684.854118 0.000000
612499.773914 2490680.158473 0.000000
612498.069568 2490675.462828 0.000000
612496.365222 2490670.767183 0.000000
612494.660876 2490666.071538 0.000000
612492.956530 2490661.375893 0.000000
612491.252184 2490656.680248 0.000000
612489.547838 2490651.984603 0.000000
612487.843492 2490647.288958 0.000000
612486.139146 2490642.593313 0.000000
612484.434800 2490637.897668 0.000000
612482.730454 2490633.202023 0.000000
612481.026108 2490628.506379 0.000000
612479.321762 2490623.810734 0.000000
612477.617416 2490619.115089 0.000000
612475.913070 2490614.419444 0.000000
612474.208724 2490609.723799 0.000000
612472.504378 2490605.028154 0.000000
612470.800032 2490600.332509 0.000000
612469.095686 2490595.636864 0.000000
612467.391340 2490590.941219 0.000000
612465.686994 2490586.245574 0.000000
612463.982648 2490581.549929 0.000000
612462.278302 2490576.854285 0.000000
612460.573956 2490572.158640 0.000000
612458.869610 2490567.462995 0.000000
612457.165263 2490562.767350 0.000000
612455.460917 2490558.071705 0.000000
612453.756571 2490553.376060 0.000000
612452.052225 2490548.680415 0.000000
612450.347879 2490543.984770 0.000000
612448.643533 2490539.289125 0.000000
612446.939187 2490534.593480 0.000000
612445.234841 2490529.897835 0.000000
612443.530495 2490525.202190 0.000000
612441.826149 2490520.506546 0.000000
612440.121803 2490515.810901 0.000000
612438.417457 2490511.115256 0.000000
612436.713111 2490506.419611 0.000000
612435.008765 2490501.723966 0.000000
612433.842099 2490496.890640 0.000000
612432.675434 2490492.057314 0.000000
612431.508768 2490487.223988 0.000000
612430.342102 2490482.390662 0.000000
612429.175437 2490477.557336 0.000000
612428.008771 2490472.724010 0.000000
612426.842105 2490467.890684 0.000000
612425.675440 2490463.057358 0.000000
612424.508774 2490458.224032 0.000000
612423.342108 2490453.390706 0.000000
612422.175442 2490448.557380 0.000000
612421.008777 2490443.724055 0.000000
612419.842111 2490438.890729 0.000000
612418.675445 2490434.057403 0.000000
612417.508780 2490429.224077 0.000000
612416.342114 2490424.390751 0.000000
612415.175448 2490419.557425 0.000000
612414.008783 2490414.724099 0.000000
612412.842117 2490409.890773 0.000000
612411.675451 2490405.057447 0.000000
612410.508786 2490400.224121 0.000000
612409.342120 2490395.390795 0.000000
612408.175454 2490390.557469 0.000000
612407.008788 2490385.724143 0.000000
612406.342122 2490380.724151 0.000000
612405.675456 2490375.724158 0.000000
612405.008789 2490370.724166 0.000000
612404.342123 2490365.724173 0.000000
612403.675456 2490360.724181 0.000000
612403.008790 2490355.724188 0.000000
612402.342123 2490350.724196 0.000000
612401.675457 2490345.724204 0.000000
612401.008790 2490340.724211 0.000000
612400.342124 2490335.724219 0.000000
612399.675457 2490330.724226 0.000000
612399.008791 2490325.724234 0.000000
612398.342125 2490320.724241 0.000000
612397.675458 2490315.724249 0.000000
612397.008792 2490310.724257 0.000000
612396.713017 2490305.738348 0.000000
612396.417242 2490300.752440 0.000000
612396.121467 2490295.766532 0.000000
612395.825692 2490290.780624 0.000000
612395.529917 2490285.794716 0.000000
612395.234142 2490280.808808 0.000000
612394.938367 2490275.822900 0.000000
612394.642592 2490270.836992 0.000000
612394.346817 2490265.851084 0.000000
612394.051042 2490260.865176 0.000000
612393.755267 2490255.879268 0.000000
612393.459492 2490250.893360 0.000000
612393.163717 2490245.907452 0.000000
612392.867942 2490240.921544 0.000000
612392.572167 2490235.935636 0.000000
612392.276392 2490230.949728 0.000000
612391.980617 2490225.963820 0.000000
612391.684842 2490220.977912 0.000000
612391.389067 2490215.992004 0.000000
612391.093292 2490211.006096 0.000000
612390.797517 2490206.020188 0.000000
612390.501742 2490201.034280 0.000000
612390.205967 2490196.048372 0.000000
612389.910192 2490191.062464 0.000000
612389.614417 2490186.076556 0.000000
612389.318642 2490181.090648 0.000000
612389.022867 2490176.104740 0.000000
612388.727092 2490171.118832 0.000000
612388.431317 2490166.132924 0.000000
612388.135542 2490161.147016 0.000000
612387.839767 2490156.161108 0.000000
612387.543992 2490151.175200 0.000000
612387.248217 2490146.189292 0.000000
612386.952442 2490141.203384 0.000000
612386.656667 2490136.217476 0.000000
612386.360892 2490131.231568 0.000000
612386.065117 2490126.245660 0.000000
612385.769342 2490121.259752 0.000000
612385.473567 2490116.273844 0.000000
612385.177792 2490111.287936 0.000000
612384.882017 2490106.302028 0.000000
612384.586242 2490101.316120 0.000000
612384.290467 2490096.330212 0.000000
612383.994692 2490091.344304 0.000000
612383.698917 2490086.358396 0.000000
612383.403142 2490081.372488 0.000000
612383.107367 2490076.386580 0.000000
612382.811592 2490071.400672 0.000000
612382.515817 2490066.414764 0.000000
612382.220042 2490061.428856 0.000000
612381.924267 2490056.442948 0.000000
612381.628492 2490051.457040 0.000000
612381.332717 2490046.471132 0.000000
612381.036942 2490041.485224 0.000000
612380.741167 2490036.499316 0.000000
612380.445392 2490031.513408 0.000000
612380.149617 2490026.527500 0.000000
612379.853842 2490021.541592 0.000000
612379.558067 2490016.555684 0.000000
612379.262293 2490011.569776 0.000000
612378.966518 2490006.583868 0.000000
612378.670743 2490001.597960 0.000000
612378.374968 2489996.612052 0.000000
612378.079193 2489991.626144 0.000000
612377.783418 2489986.640236 0.000000
612377.487643 2489981.654328 0.000000
612377.191868 2489976.668420 0.000000
612376.896093 2489971.682512 0.000000
612376.600318 2489966.696604 0.000000
612376.304543 2489961.710696 0.000000
612376.008768 2489956.724788 0.000000
612375.833329 2489951.742339 0.000000
612375.657889 2489946.759890 0.000000
612375.482450 2489941.777441 0.000000
612375.307011 2489936.794993 0.000000
612375.131572 2489931.812544 0.000000
612374.956133 2489926.830095 0.000000
612374.780694 2489921.847647 0.000000
612374.605255 2489916.865198 0.000000
612374.429816 2489911.882749 0.000000
612374.254377 2489906.900301 0.000000
612374.078937 2489901.917852 0.000000
612373.903498 2489896.935403 0.000000
612373.728059 2489891.952955 0.000000
612373.552620 2489886.970506 0.000000
612373.377181 2489881.988057 0.000000
612373.201742 2489877.005609 0.000000
612373.026303 2489872.023160 0.000000
612372.850864 2489867.040711 0.000000
612372.675425 2489862.058263 0.000000
612372.499985 2489857.075814 0.000000
612372.324546 2489852.093365 0.000000
612372.149107 2489847.110917 0.000000
612371.973668 2489842.128468 0.000000
612371.798229 2489837.146019 0.000000
612371.622790 2489832.163570 0.000000
612371.447351 2489827.181122 0.000000
612371.271912 2489822.198673 0.000000
612371.096473 2489817.216224 0.000000
612370.921033 2489812.233776 0.000000
612370.745594 2489807.251327 0.000000
612370.570155 2489802.268878 0.000000
612370.394716 2489797.286430 0.000000
612370.219277 2489792.303981 0.000000
612370.043838 2489787.321532 0.000000
612369.868399 2489782.339084 0.000000
612369.692960 2489777.356635 0.000000
612369.517521 2489772.374186 0.000000
612369.342081 2489767.391738 0.000000
612369.166642 2489762.409289 0.000000
612368.991203 2489757.426840 0.000000
612368.815764 2489752.444392 0.000000
612368.640325 2489747.461943 0.000000
612368.464886 2489742.479494 0.000000
612368.289447 2489737.497045 0.000000
612368.114008 2489732.514597 0.000000
612367.938569 2489727.532148 0.000000
612367.763129 2489722.549699 0.000000
612367.587690 2489717.567251 0.000000
612367.412251 2489712.584802 0.000000
612367.236812 2489707.602353 0.000000
612367.061373 2489702.619905 0.000000
612366.885934 2489697.637456 0.000000
612366.710495 2489692.655007 0.000000
612366.535056 2489687.672559 0.000000
612366.359617 2489682.690110 0.000000
612366.184177 2489677.707661 0.000000
612366.008738 2489672.725213 0.000000
612365.957267 2489667.725220 0.000000
612365.905796 2489662.725228 0.000000
612365.854324 2489657.725235 0.000000
612365.802853 2489652.725242 0.000000
612365.751382 2489647.725250 0.000000
612365.699911 2489642.725257 0.000000
612365.648439 2489637.725265 0.000000
612365.596968 2489632.725272 0.000000
612365.545497 2489627.725280 0.000000
612365.494025 2489622.725287 0.000000
612365.442554 2489617.725295 0.000000
612365.391083 2489612.725302 0.000000
612365.339612 2489607.725310 0.000000
612365.288140 2489602.725317 0.000000
612365.236669 2489597.725325 0.000000
612365.185198 2489592.725332 0.000000
612365.133726 2489587.725340 0.000000
612365.082255 2489582.725347 0.000000
612365.030784 2489577.725354 0.000000
612364.979313 2489572.725362 0.000000
612364.927841 2489567.725369 0.000000
612364.876370 2489562.725377 0.000000
612364.824899 2489557.725384 0.000000
612364.773427 2489552.725392 0.000000
612364.721956 2489547.725399 0.000000
612364.670485 2489542.725407 0.000000
612364.619013 2489537.725414 0.000000
612364.567542 2489532.725422 0.000000
612364.516071 2489527.725429 0.000000
612364.464600 2489522.725437 0.000000
612364.413128 2489517.725444 0.000000
612364.361657 2489512.725452 0.000000
612364.310186 2489507.725459 0.000000
612364.258714 2489502.725467 0.000000
612364.207243 2489497.725474 0.000000
612364.155772 2489492.725481 0.000000
612364.104301 2489487.725489 0.000000
612364.052829 2489482.725496 0.000000
612364.001358 2489477.725504 0.000000
612363.949887 2489472.725511 0.000000
612363.898415 2489467.725519 0.000000
612363.846944 2489462.725526 0.000000
612363.795473 2489457.725534 0.000000
612363.744002 2489452.725541 0.000000
612363.692530 2489447.725549 0.000000
612363.641059 2489442.725556 0.000000
612363.589588 2489437.725564 0.000000
612363.538116 2489432.725571 0.000000
612363.486645 2489427.725579 0.000000
612363.435174 2489422.725586 0.000000
612363.383703 2489417.725593 0.000000
612363.332231 2489412.725601 0.000000
612363.280760 2489407.725608 0.000000
612363.229289 2489402.725616 0.000000
612363.177817 2489397.725623 0.000000
612363.126346 2489392.725631 0.000000
612363.074875 2489387.725638 0.000000
612363.023403 2489382.725646 0.000000
612362.971932 2489377.725653 0.000000
612362.920461 2489372.725661 0.000000
612362.868990 2489367.725668 0.000000
612362.817518 2489362.725676 0.000000
612362.766047 2489357.725683 0.000000
612362.714576 2489352.725691 0.000000
612362.663104 2489347.725698 0.000000
612362.611633 2489342.725705 0.000000
612362.560162 2489337.725713 0.000000
612362.508691 2489332.725720 0.000000
612362.457219 2489327.725728 0.000000
612362.405748 2489322.725735 0.000000
612362.354277 2489317.725743 0.000000
612362.302805 2489312.725750 0.000000
612362.251334 2489307.725758 0.000000
612362.199863 2489302.725765 0.000000
612362.148392 2489297.725773 0.000000
612362.096920 2489292.725780 0.000000
612362.045449 2489287.725788 0.000000
612361.993978 2489282.725795 0.000000
612361.942506 2489277.725803 0.000000
612361.891035 2489272.725810 0.000000
612361.839564 2489267.725817 0.000000
612361.788093 2489262.725825 0.000000
612361.736621 2489257.725832 0.000000
612361.685150 2489252.725840 0.000000
612361.633679 2489247.725847 0.000000
612361.582207 2489242.725855 0.000000
612361.530736 2489237.725862 0.000000
612361.479265 2489232.725870 0.000000
612361.427793 2489227.725877 0.000000
612361.376322 2489222.725885 0.000000
612361.324851 2489217.725892 0.000000
612361.273380 2489212.725900 0.000000
612361.221908 2489207.725907 0.000000
612361.170437 2489202.725915 0.000000
612361.118966 2489197.725922 0.000000
612361.067494 2489192.725930 0.000000
612361.016023 2489187.725937 0.000000
612360.964552 2489182.725944 0.000000
612360.913081 2489177.725952 0.000000
612360.861609 2489172.725959 0.000000
612360.810138 2489167.725967 0.000000
612360.758667 2489162.725974 0.000000
612360.707195 2489157.725982 0.000000
612360.655724 2489152.725989 0.000000
612360.604253 2489147.725997 0.000000
612360.552782 2489142.726004 0.000000
612360.501310 2489137.726012 0.000000
612360.449839 2489132.726019 0.000000
612360.398368 2489127.726027 0.000000
612360.346896 2489122.726034 0.000000
612360.295425 2489117.726042 0.000000
612360.243954 2489112.726049 0.000000
612360.192483 2489107.726056 0.000000
612360.141011 2489102.726064 0.000000
612360.089540 2489097.726071 0.000000
612360.038069 2489092.726079 0.000000
612359.986597 2489087.726086 0.000000
612359.935126 2489082.726094 0.000000
612359.883655 2489077.726101 0.000000
612359.832183 2489072.726109 0.000000
612359.780712 2489067.726116 0.000000
612359.729241 2489062.726124 0.000000
612359.677770 2489057.726131 0.000000
612359.626298 2489052.726139 0.000000
612359.574827 2489047.726146 0.000000
612359.523356 2489042.726154 0.000000
612359.471884 2489037.726161 0.000000
612359.420413 2489032.726168 0.000000
612359.368942 2489027.726176 0.000000
612359.317471 2489022.726183 0.000000
612359.265999 2489017.726191 0.000000
612359.214528 2489012.726198 0.000000
612359.163057 2489007.726206 0.000000
612359.111585 2489002.726213 0.000000
612359.060114 2488997.726221 0.000000
612359.008643 2488992.726228 0.000000
612358.984421 2488987.726236 0.000000
612358.960198 2488982.726243 0.000000
612358.935976 2488977.726251 0.000000
612358.911754 2488972.726258 0.000000
612358.887532 2488967.726266 0.000000
612358.863310 2488962.726273 0.000000
612358.839087 2488957.726281 0.000000
612358.814865 2488952.726288 0.000000
612358.790643 2488947.726295 0.000000
612358.766421 2488942.726303 0.000000
612358.742199 2488937.726310 0.000000
612358.717976 2488932.726318 0.000000
612358.693754 2488927.726325 0.000000
612358.669532 2488922.726333 0.000000
612358.645310 2488917.726340 0.000000
612358.621088 2488912.726348 0.000000
612358.596866 2488907.726355 0.000000
612358.572643 2488902.726363 0.000000
612358.548421 2488897.726370 0.000000
612358.524199 2488892.726378 0.000000
612358.499977 2488887.726385 0.000000
612358.475755 2488882.726393 0.000000
612358.451532 2488877.726400 0.000000
612358.427310 2488872.726408 0.000000
612358.403088 2488867.726415 0.000000
612358.378866 2488862.726422 0.000000
612358.354644 2488857.726430 0.000000
612358.330421 2488852.726437 0.000000
612358.306199 2488847.726445 0.000000
612358.281977 2488842.726452 0.000000
612358.257755 2488837.726460 0.000000
612358.233533 2488832.726467 0.000000
612358.209310 2488827.726475 0.000000
612358.185088 2488822.726482 0.000000
612358.160866 2488817.726490 0.000000
612358.136644 2488812.726497 0.000000
612358.112422 2488807.726505 0.000000
612358.088199 2488802.726512 0.000000
612358.063977 2488797.726520 0.000000
612358.039755 2488792.726527 0.000000
612358.015533 2488787.726535 0.000000
612357.991311 2488782.726542 0.000000
612357.967088 2488777.726549 0.000000
612357.942866 2488772.726557 0.000000
612357.918644 2488767.726564 0.000000
612357.894422 2488762.726572 0.000000
612357.870200 2488757.726579 0.000000
612357.845977 2488752.726587 0.000000
612357.821755 2488747.726594 0.000000
612357.797533 2488742.726602 0.000000
612357.773311 2488737.726609 0.000000
612357.749089 2488732.726617 0.000000
612357.724866 2488727.726624 0.000000
612357.700644 2488722.726632 0.000000
612357.676422 2488717.726639 0.000000
612357.652200 2488712.726647 0.000000
612357.627978 2488707.726654 0.000000
612357.603755 2488702.726662 0.000000
612357.579533 2488697.726669 0.000000
612357.555311 2488692.726676 0.000000
612357.531089 2488687.726684 0.000000
612357.506867 2488682.726691 0.000000
612357.482644 2488677.726699 0.000000
612357.458422 2488672.726706 0.000000
612357.434200 2488667.726714 0.000000
612357.409978 2488662.726721 0.000000
612357.385756 2488657.726729 0.000000
612357.361534 2488652.726736 0.000000
612357.337311 2488647.726744 0.000000
612357.313089 2488642.726751 0.000000
612357.288867 2488637.726759 0.000000
612357.264645 2488632.726766 0.000000
612357.240423 2488627.726774 0.000000
612357.216200 2488622.726781 0.000000
612357.191978 2488617.726789 0.000000
612357.167756 2488612.726796 0.000000
612357.143534 2488607.726803 0.000000
612357.119312 2488602.726811 0.000000
612357.095089 2488597.726818 0.000000
612357.070867 2488592.726826 0.000000
612357.046645 2488587.726833 0.000000
612357.022423 2488582.726841 0.000000
612356.998201 2488577.726848 0.000000
612356.973978 2488572.726856 0.000000
612356.949756 2488567.726863 0.000000
612356.925534 2488562.726871 0.000000
612356.901312 2488557.726878 0.000000
612356.877090 2488552.726886 0.000000
612356.852867 2488547.726893 0.000000
612356.828645 2488542.726901 0.000000
612356.804423 2488537.726908 0.000000
612356.780201 2488532.726916 0.000000
612356.755979 2488527.726923 0.000000
612356.731756 2488522.726931 0.000000
612356.707534 2488517.726938 0.000000
612356.683312 2488512.726945 0.000000
612356.659090 2488507.726953 0.000000
612356.634868 2488502.726960 0.000000
612356.610645 2488497.726968 0.000000
612356.586423 2488492.726975 0.000000
612356.562201 2488487.726983 0.000000
612356.537979 2488482.726990 0.000000
612356.513757 2488477.726998 0.000000
612356.489534 2488472.727005 0.000000
612356.465312 2488467.727013 0.000000
612356.441090 2488462.727020 0.000000
612356.416868 2488457.727028 0.000000
612356.392646 2488452.727035 0.000000
612356.368423 2488447.727043 0.000000
612356.344201 2488442.727050 0.000000
612356.319979 2488437.727058 0.000000
612356.295757 2488432.727065 0.000000
612356.271535 2488427.727072 0.000000
612356.247312 2488422.727080 0.000000
612356.223090 2488417.727087 0.000000
612356.198868 2488412.727095 0.000000
612356.174646 2488407.727102 0.000000
612356.150424 2488402.727110 0.000000
612356.126201 2488397.727117 0.000000
612356.101979 2488392.727125 0.000000
612356.077757 2488387.727132 0.000000
612356.053535 2488382.727140 0.000000
612356.029313 2488377.727147 0.000000
612356.005091 2488372.727155 0.000000
612355.980868 2488367.727162 0.000000
612355.956646 2488362.727170 0.000000
612355.932424 2488357.727177 0.000000
612355.908202 2488352.727185 0.000000
612355.883980 2488347.727192 0.000000
612355.859757 2488342.727199 0.000000
612355.835535 2488337.727207 0.000000
612355.811313 2488332.727214 0.000000
612355.787091 2488327.727222 0.000000
612355.762869 2488322.727229 0.000000
612355.738646 2488317.727237 0.000000
612355.714424 2488312.727244 0.000000
612355.690202 2488307.727252 0.000000
612355.665980 2488302.727259 0.000000
612355.641758 2488297.727267 0.000000
612355.617535 2488292.727274 0.000000
612355.593313 2488287.727282 0.000000
612355.569091 2488282.727289 0.000000
612355.544869 2488277.727297 0.000000
612355.520647 2488272.727304 0.000000
612355.496424 2488267.727312 0.000000
612355.472202 2488262.727319 0.000000
612355.447980 2488257.727326 0.000000
612355.423758 2488252.727334 0.000000
612355.399536 2488247.727341 0.000000
612355.375313 2488242.727349 0.000000
612355.351091 2488237.727356 0.000000
612355.326869 2488232.727364 0.000000
612355.302647 2488227.727371 0.000000
612355.278425 2488222.727379 0.000000
612355.254202 2488217.727386 0.000000
612355.229980 2488212.727394 0.000000
612355.205758 2488207.727401 0.000000
612355.181536 2488202.727409 0.000000
612355.157314 2488197.727416 0.000000
612355.133091 2488192.727424 0.000000
612355.108869 2488187.727431 0.000000
612355.084647 2488182.727439 0.000000
612355.060425 2488177.727446 0.000000
612355.036203 2488172.727453 0.000000
612355.011980 2488167.727461 0.000000
612354.987758 2488162.727468 0.000000
612354.963536 2488157.727476 0.000000
612354.939314 2488152.727483 0.000000
612354.915092 2488147.727491 0.000000
612354.890869 2488142.727498 0.000000
612354.866647 2488137.727506 0.000000
612354.842425 2488132.727513 0.000000
612354.818203 2488127.727521 0.000000
612354.793981 2488122.727528 0.000000
612354.769759 2488117.727536 0.000000
612354.745536 2488112.727543 0.000000
612354.721314 2488107.727551 0.000000
612354.697092 2488102.727558 0.000000
612354.672870 2488097.727566 0.000000
612354.648648 2488092.727573 0.000000
612354.624425 2488087.727580 0.000000
612354.600203 2488082.727588 0.000000
612354.575981 2488077.727595 0.000000
612354.551759 2488072.727603 0.000000
612354.527537 2488067.727610 0.000000
612354.503314 2488062.727618 0.000000
612354.479092 2488057.727625 0.000000
612354.454870 2488052.727633 0.000000
612354.430648 2488047.727640 0.000000
612354.406426 2488042.727648 0.000000
612354.382203 2488037.727655 0.000000
612354.357981 2488032.727663 0.000000
612354.333759 2488027.727670 0.000000
612354.309537 2488022.727678 0.000000
612354.285315 2488017.727685 0.000000
612354.261092 2488012.727693 0.000000
612354.236870 2488007.727700 0.000000
612354.212648 2488002.727707 0.000000
612354.188426 2487997.727715 0.000000
612354.164204 2487992.727722 0.000000
612354.139981 2487987.727730 0.000000
612354.115759 2487982.727737 0.000000
612354.091537 2487977.727745 0.000000
612354.067315 2487972.727752 0.000000
612354.043093 2487967.727760 0.000000
612354.018870 2487962.727767 0.000000
612353.994648 2487957.727775 0.000000
612353.970426 2487952.727782 0.000000
612353.946204 2487947.727790 0.000000
612353.921982 2487942.727797 0.000000
612353.897759 2487937.727805 0.000000
612353.873537 2487932.727812 0.000000
612353.849315 2487927.727820 0.000000
612353.825093 2487922.727827 0.000000
612353.800871 2487917.727834 0.000000
612353.776648 2487912.727842 0.000000
612353.752426 2487907.727849 0.000000
612353.728204 2487902.727857 0.000000
612353.703982 2487897.727864 0.000000
612353.679760 2487892.727872 0.000000
612353.655537 2487887.727879 0.000000
612353.631315 2487882.727887 0.000000
612353.607093 2487877.727894 0.000000
612353.582871 2487872.727902 0.000000
612353.558649 2487867.727909 0.000000
612353.534426 2487862.727917 0.000000
612353.510204 2487857.727924 0.000000
612353.485982 2487852.727932 0.000000
612353.461760 2487847.727939 0.000000
612353.437538 2487842.727947 0.000000
612353.413316 2487837.727954 0.000000
612353.389093 2487832.727961 0.000000
612353.364871 2487827.727969 0.000000
612353.340649 2487822.727976 0.000000
612353.316427 2487817.727984 0.000000
612353.292205 2487812.727991 0.000000
612353.267982 2487807.727999 0.000000
612353.243760 2487802.728006 0.000000
612353.219538 2487797.728014 0.000000
612353.195316 2487792.728021 0.000000
612353.171094 2487787.728029 0.000000
612353.146871 2487782.728036 0.000000
612353.122649 2487777.728044 0.000000
612353.098427 2487772.728051 0.000000
612353.074205 2487767.728059 0.000000
612353.049983 2487762.728066 0.000000
612353.025760 2487757.728074 0.000000
612353.001538 2487752.728081 0.000000
612352.977316 2487747.728089 0.000000
612352.953094 2487742.728096 0.000000
612352.928872 2487737.728103 0.000000
612352.904649 2487732.728111 0.000000
612352.880427 2487727.728118 0.000000
612352.856205 2487722.728126 0.000000
612352.831983 2487717.728133 0.000000
612352.807761 2487712.728141 0.000000
612352.783538 2487707.728148 0.000000
612352.759316 2487702.728156 0.000000
612352.735094 2487697.728163 0.000000
612352.710872 2487692.728171 0.000000
612352.686650 2487687.728178 0.000000
612352.662427 2487682.728186 0.000000
612352.638205 2487677.728193 0.000000
612352.613983 2487672.728201 0.000000
612352.589761 2487667.728208 0.000000
612352.565539 2487662.728216 0.000000
612352.541316 2487657.728223 0.000000
612352.517094 2487652.728230 0.000000
612352.492872 2487647.728238 0.000000
612352.468650 2487642.728245 0.000000
612352.444428 2487637.728253 0.000000
612352.420205 2487632.728260 0.000000
612352.395983 2487627.728268 0.000000
612352.371761 2487622.728275 0.000000
612352.347539 2487617.728283 0.000000
612352.323317 2487612.728290 0.000000
612352.299094 2487607.728298 0.000000
612352.274872 2487602.728305 0.000000
612352.250650 2487597.728313 0.000000
612352.226428 2487592.728320 0.000000
612352.202206 2487587.728328 0.000000
612352.177984 2487582.728335 0.000000
612352.153761 2487577.728343 0.000000
612352.129539 2487572.728350 0.000000
612352.105317 2487567.728357 0.000000
612352.081095 2487562.728365 0.000000
612352.056873 2487557.728372 0.000000
612352.032650 2487552.728380 0.000000
612352.008428 2487547.728387 0.000000
612351.865570 2487542.752204 0.000000
612351.722713 2487537.776021 0.000000
612351.579855 2487532.799838 0.000000
612351.436997 2487527.823655 0.000000
612351.294140 2487522.847472 0.000000
612351.151282 2487517.871289 0.000000
612351.008424 2487512.895106 0.000000
612350.865566 2487507.918923 0.000000
612350.722709 2487502.942740 0.000000
612350.579851 2487497.966557 0.000000
612350.436993 2487492.990374 0.000000
612350.294136 2487488.014191 0.000000
612350.151278 2487483.038008 0.000000
612350.008420 2487478.061825 0.000000
612349.865563 2487473.085642 0.000000
612349.722705 2487468.109459 0.000000
612349.579847 2487463.133276 0.000000
612349.436989 2487458.157093 0.000000
612349.294132 2487453.180910 0.000000
612349.151274 2487448.204727 0.000000
612349.008416 2487443.228544 0.000000
612348.865559 2487438.252361 0.000000
612348.722701 2487433.276178 0.000000
612348.579843 2487428.299995 0.000000
612348.436985 2487423.323812 0.000000
612348.294128 2487418.347629 0.000000
612348.151270 2487413.371446 0.000000
612348.008412 2487408.395263 0.000000
612347.865555 2487403.419080 0.000000
612347.722697 2487398.442897 0.000000
612347.579839 2487393.466714 0.000000
612347.436982 2487388.490531 0.000000
612347.294124 2487383.514348 0.000000
612347.151266 2487378.538165 0.000000
612347.008408 2487373.561982 0.000000
612346.865551 2487368.585799 0.000000
612346.722693 2487363.609616 0.000000
612346.579835 2487358.633433 0.000000
612346.436978 2487353.657250 0.000000
612346.294120 2487348.681067 0.000000
612346.151262 2487343.704884 0.000000
612346.008404 2487338.728701 0.000000
612346.452847 2487333.728708 0.000000
612346.897290 2487328.728715 0.000000
612347.341733 2487323.728723 0.000000
612347.786176 2487318.728730 0.000000
612348.230619 2487313.728738 0.000000
612348.675062 2487308.728745 0.000000
612349.119506 2487303.728752 0.000000
612349.563949 2487298.728760 0.000000
612350.008392 2487293.728767 0.000000
612350.452835 2487288.728775 0.000000
612350.897278 2487283.728782 0.000000
612351.341721 2487278.728790 0.000000
612351.786164 2487273.728797 0.000000
612352.230607 2487268.728804 0.000000
612352.675050 2487263.728812 0.000000
612353.119493 2487258.728819 0.000000
612353.563936 2487253.728827 0.000000
612354.008379 2487248.728834 0.000000
612354.452822 2487243.728841 0.000000
612354.897265 2487238.728849 0.000000
612355.341708 2487233.728856 0.000000
612355.786151 2487228.728864 0.000000
612356.230594 2487223.728871 0.000000
612356.675037 2487218.728878 0.000000
612357.119480 2487213.728886 0.000000
612357.563923 2487208.728893 0.000000
612358.008366 2487203.728901 0.000000
612358.948363 2487198.828908 0.000000
612359.888361 2487193.928915 0.000000
612360.828359 2487189.028922 0.000000
612361.768357 2487184.128929 0.000000
612362.708355 2487179.228936 0.000000
612363.648353 2487174.328944 0.000000
612364.588350 2487169.428951 0.000000
612365.528348 2487164.528958 0.000000
612366.468346 2487159.628965 0.000000
612367.408344 2487154.728972 0.000000
612368.348342 2487149.828980 0.000000
612369.288340 2487144.928987 0.000000
612370.228338 2487140.028994 0.000000
612371.168335 2487135.129001 0.000000
612372.108333 2487130.229008 0.000000
612373.048331 2487125.329015 0.000000
612373.988329 2487120.429023 0.000000
612374.928327 2487115.529030 0.000000
612375.868325 2487110.629037 0.000000
612376.808322 2487105.729044 0.000000
612377.748320 2487100.829051 0.000000
612378.688318 2487095.929059 0.000000
612379.628316 2487091.029066 0.000000
612380.568314 2487086.129073 0.000000
612381.508312 2487081.229080 0.000000
612382.448309 2487076.329087 0.000000
612383.388307 2487071.429094 0.000000
612384.328305 2487066.529102 0.000000
612385.268303 2487061.629109 0.000000
612386.208301 2487056.729116 0.000000
612387.148299 2487051.829123 0.000000
612388.088296 2487046.929130 0.000000
612389.028294 2487042.029138 0.000000
612389.968292 2487037.129145 0.000000
612390.908290 2487032.229152 0.000000
612391.848288 2487027.329159 0.000000
612392.788286 2487022.429166 0.000000
612393.728283 2487017.529173 0.000000
612394.668281 2487012.629181 0.000000
612395.608279 2487007.729188 0.000000
612396.548277 2487002.829195 0.000000
612397.488275 2486997.929202 0.000000
612398.428273 2486993.029209 0.000000
612399.368271 2486988.129216 0.000000
612400.308268 2486983.229224 0.000000
612401.248266 2486978.329231 0.000000
612402.188264 2486973.429238 0.000000
612403.128262 2486968.529245 0.000000
612404.068260 2486963.629252 0.000000
612405.008258 2486958.729260 0.000000
612406.546716 2486953.960036 0.000000
612408.085175 2486949.190812 0.000000
612409.623633 2486944.421588 0.000000
612411.162092 2486939.652364 0.000000
612412.700550 2486934.883140 0.000000
612414.239009 2486930.113916 0.000000
612415.777467 2486925.344692 0.000000
612417.315926 2486920.575469 0.000000
612418.854384 2486915.806245 0.000000
612420.392843 2486911.037021 0.000000
612421.931301 2486906.267797 0.000000
612423.469760 2486901.498573 0.000000
612425.008218 2486896.729349 0.000000
612427.085137 2486892.190894 0.000000
612429.162057 2486887.652439 0.000000
612431.238976 2486883.113984 0.000000
612433.315895 2486878.575529 0.000000
612435.392815 2486874.037074 0.000000
612437.469734 2486869.498619 0.000000
612439.546653 2486864.960164 0.000000
612441.623572 2486860.421709 0.000000
612443.700492 2486855.883253 0.000000
612445.777411 2486851.344798 0.000000
612447.854330 2486846.806343 0.000000
612449.931250 2486842.267888 0.000000
612452.008169 2486837.729433 0.000000
612454.735437 2486833.547621 0.000000
612457.462705 2486829.365808 0.000000
612460.189973 2486825.183996 0.000000
612462.917241 2486821.002184 0.000000
612465.644509 2486816.820371 0.000000
612468.371777 2486812.638559 0.000000
612471.099045 2486808.456747 0.000000
612473.826313 2486804.274934 0.000000
612476.553581 2486800.093122 0.000000
612479.280849 2486795.911310 0.000000
612482.008117 2486791.729497 0.000000
612485.178843 2486787.875844 0.000000
612488.349570 2486784.022191 0.000000
612491.520296 2486780.168537 0.000000
612494.691023 2486776.314884 0.000000
612497.861749 2486772.461231 0.000000
612501.032475 2486768.607578 0.000000
612504.203202 2486764.753924 0.000000
612507.373928 2486760.900271 0.000000
612510.544655 2486757.046618 0.000000
612513.715381 2486753.192965 0.000000
612516.886107 2486749.339311 0.000000
612520.056834 2486745.485658 0.000000
612523.227560 2486741.632005 0.000000
612526.398287 2486737.778352 0.000000
612529.569013 2486733.924698 0.000000
612532.739739 2486730.071045 0.000000
612535.910466 2486726.217392 0.000000
612539.081192 2486722.363738 0.000000
612542.251919 2486718.510085 0.000000
612545.422645 2486714.656432 0.000000
612548.593371 2486710.802779 0.000000
612551.764098 2486706.949125 0.000000
612554.934824 2486703.095472 0.000000
612558.105550 2486699.241819 0.000000
612561.276277 2486695.388166 0.000000
612564.447003 2486691.534512 0.000000
612567.617730 2486687.680859 0.000000
612570.788456 2486683.827206 0.000000
612573.959182 2486679.973553 0.000000
612577.129909 2486676.119899 0.000000
612580.300635 2486672.266246 0.000000
612583.471362 2486668.412593 0.000000
612586.642088 2486664.558939 0.000000
612589.812814 2486660.705286 0.000000
612592.983541 2486656.851633 0.000000
612596.154267 2486652.997980 0.000000
612599.324994 2486649.144326 0.000000
612602.495720 2486645.290673 0.000000
612605.666446 2486641.437020 0.000000
612608.837173 2486637.583367 0.000000
612612.007899 2486633.729713 0.000000
612614.841228 2486629.618608 0.000000
612617.674556 2486625.507502 0.000000
612620.507885 2486621.396397 0.000000
612623.341213 2486617.285292 0.000000
612626.174542 2486613.174186 0.000000
612629.007870 2486609.063081 0.000000
612631.841198 2486604.951975 0.000000
612634.674527 2486600.840870 0.000000
612637.507855 2486596.729765 0.000000
612640.341184 2486592.618659 0.000000
612643.174512 2486588.507554 0.000000
612646.007841 2486584.396448 0.000000
612648.841169 2486580.285343 0.000000
612651.674498 2486576.174238 0.000000
612654.507826 2486572.063132 0.000000
612657.341155 2486567.952027 0.000000
612660.174483 2486563.840921 0.000000
612663.007812 2486559.729816 0.000000
612665.307808 2486555.329822 0.000000
612667.607804 2486550.929828 0.000000
612669.907799 2486546.529835 0.000000
612672.207795 2486542.129841 0.000000
612674.507791 2486537.729847 0.000000
612676.807787 2486533.329853 0.000000
612679.107783 2486528.929860 0.000000
612681.407779 2486524.529866 0.000000
612683.707775 2486520.129872 0.000000
612686.007771 2486515.729878 0.000000
612687.983957 2486511.134647 0.000000
612689.960144 2486506.539415 0.000000
612691.936331 2486501.944184 0.000000
612693.912518 2486497.348952 0.000000
612695.888705 2486492.753721 0.000000
612697.864892 2486488.158489 0.000000
612699.841078 2486483.563258 0.000000
612701.817265 2486478.968026 0.000000
612703.793452 2486474.372794 0.000000
612705.769639 2486469.777563 0.000000
612707.745826 2486465.182331 0.000000
612709.722013 2486460.587100 0.000000
612711.698199 2486455.991868 0.000000
612713.674386 2486451.396637 0.000000
612715.650573 2486446.801405 0.000000
612717.626760 2486442.206174 0.000000
612719.602947 2486437.610942 0.000000
612721.579133 2486433.015711 0.000000
612723.555320 2486428.420479 0.000000
612725.531507 2486423.825248 0.000000
612727.507694 2486419.230016 0.000000
612729.483881 2486414.634785 0.000000
612731.460068 2486410.039553 0.000000
612733.436254 2486405.444322 0.000000
612735.412441 2486400.849090 0.000000
612737.388628 2486396.253858 0.000000
612739.364815 2486391.658627 0.000000
612741.341002 2486387.063395 0.000000
612743.317188 2486382.468164 0.000000
612745.293375 2486377.872932 0.000000
612747.269562 2486373.277701 0.000000
612749.245749 2486368.682469 0.000000
612751.221936 2486364.087238 0.000000
612753.198123 2486359.492006 0.000000
612755.174309 2486354.896775 0.000000
612757.150496 2486350.301543 0.000000
612759.126683 2486345.706312 0.000000
612761.102870 2486341.111080 0.000000
612763.079057 2486336.515849 0.000000
612765.055243 2486331.920617 0.000000
612767.031430 2486327.325386 0.000000
612769.007617 2486322.730154 0.000000
612770.507614 2486317.980161 0.000000
612772.007611 2486313.230168 0.000000
612773.507608 2486308.480175 0.000000
612775.007605 2486303.730181 0.000000
612776.507602 2486298.980188 0.000000
612778.007599 2486294.230195 0.000000
612779.507596 2486289.480202 0.000000
612781.007593 2486284.730209 0.000000
612782.507590 2486279.980216 0.000000
612784.007587 2486275.230223 0.000000
612785.507584 2486270.480230 0.000000
612787.007581 2486265.730236 0.000000
612788.007579 2486260.813577 0.000000
612789.007577 2486255.896918 0.000000
612790.007575 2486250.980258 0.000000
612791.007572 2486246.063599 0.000000
612792.007570 2486241.146939 0.000000
612793.007568 2486236.230280 0.000000
612794.007566 2486231.313620 0.000000
612795.007563 2486226.396961 0.000000
612796.007561 2486221.480301 0.000000
612797.007559 2486216.563642 0.000000
612798.007557 2486211.646982 0.000000
612799.007554 2486206.730323 0.000000
612799.478141 2486201.789154 0.000000
612799.948728 2486196.847985 0.000000
612800.419315 2486191.906815 0.000000
612800.889901 2486186.965646 0.000000
612801.360488 2486182.024477 0.000000
612801.831075 2486177.083308 0.000000
612802.301662 2486172.142139 0.000000
612802.772248 2486167.200970 0.000000
612803.242835 2486162.259800 0.000000
612803.713422 2486157.318631 0.000000
612804.184009 2486152.377462 0.000000
612804.654595 2486147.436293 0.000000
612805.125182 2486142.495124 0.000000
612805.595769 2486137.553955 0.000000
612806.066356 2486132.612786 0.000000
612806.536942 2486127.671616 0.000000
612807.007529 2486122.730447 0.000000
612807.098437 2486117.760758 0.000000
612807.189346 2486112.791068 0.000000
612807.280254 2486107.821379 0.000000
612807.371162 2486102.851689 0.000000
612807.462070 2486097.882000 0.000000
612807.552978 2486092.912310 0.000000
612807.643886 2486087.942620 0.000000
612807.734795 2486082.972931 0.000000
612807.825703 2486078.003241 0.000000
612807.916611 2486073.033552 0.000000
612808.007519 2486068.063862 0.000000
612808.098427 2486063.094173 0.000000
612808.189336 2486058.124483 0.000000
612808.280244 2486053.154794 0.000000
612808.371152 2486048.185104 0.000000
612808.462060 2486043.215415 0.000000
612808.552968 2486038.245725 0.000000
612808.643876 2486033.276035 0.000000
612808.734785 2486028.306346 0.000000
612808.825693 2486023.336656 0.000000
612808.916601 2486018.366967 0.000000
612809.007509 2486013.397277 0.000000
612809.098417 2486008.427588 0.000000
612809.189325 2486003.457898 0.000000
612809.280234 2485998.488209 0.000000
612809.371142 2485993.518519 0.000000
612809.462050 2485988.548830 0.000000
612809.552958 2485983.579140 0.000000
612809.643866 2485978.609450 0.000000
612809.734775 2485973.639761 0.000000
612809.825683 2485968.670071 0.000000
612809.916591 2485963.700382 0.000000
612810.007499 2485958.730692 0.000000
612810.325680 2485953.730700 0.000000
612810.643860 2485948.730707 0.000000
612810.962041 2485943.730715 0.000000
612811.280221 2485938.730722 0.000000
612811.598402 2485933.730729 0.000000
612811.916582 2485928.730737 0.000000
612812.234763 2485923.730744 0.000000
612812.552944 2485918.730752 0.000000
612812.871124 2485913.730759 0.000000
612813.189305 2485908.730767 0.000000
612813.507485 2485903.730774 0.000000
612813.825666 2485898.730781 0.000000
612814.143846 2485893.730789 0.000000
612814.462027 2485888.730796 0.000000
612814.780207 2485883.730804 0.000000
612815.098388 2485878.730811 0.000000
612815.416569 2485873.730819 0.000000
612815.734749 2485868.730826 0.000000
612816.052930 2485863.730833 0.000000
612816.371110 2485858.730841 0.000000
612816.689291 2485853.730848 0.000000
612817.007471 2485848.730856 0.000000
612817.325652 2485843.730863 0.000000
612817.643833 2485838.730871 0.000000
612817.962013 2485833.730878 0.000000
612818.280194 2485828.730886 0.000000
612818.598374 2485823.730893 0.000000
612818.916555 2485818.730900 0.000000
612819.234735 2485813.730908 0.000000
612819.552916 2485808.730915 0.000000
612819.871096 2485803.730923 0.000000
612820.189277 2485798.730930 0.000000
612820.507458 2485793.730938 0.000000
612820.825638 2485788.730945 0.000000
612821.143819 2485783.730952 0.000000
612821.461999 2485778.730960 0.000000
612821.780180 2485773.730967 0.000000
612822.098360 2485768.730975 0.000000
612822.416541 2485763.730982 0.000000
612822.734722 2485758.730990 0.000000
612823.052902 2485753.730997 0.000000
612823.371083 2485748.731004 0.000000
612823.689263 2485743.731012 0.000000
612824.007444 2485738.731019 0.000000
612824.557442 2485733.756027 0.000000
612825.107441 2485728.781034 0.000000
612825.657439 2485723.806041 0.000000
612826.207437 2485718.831049 0.000000
612826.757436 2485713.856056 0.000000
612827.307434 2485708.881064 0.000000
612827.857433 2485703.906071 0.000000
612828.407431 2485698.931078 0.000000
612828.957429 2485693.956086 0.000000
612829.507428 2485688.981093 0.000000
612830.057426 2485684.006100 0.000000
612830.607425 2485679.031108 0.000000
612831.157423 2485674.056115 0.000000
612831.707421 2485669.081122 0.000000
612832.257420 2485664.106130 0.000000
612832.807418 2485659.131137 0.000000
612833.357417 2485654.156144 0.000000
612833.907415 2485649.181152 0.000000
612834.457413 2485644.206159 0.000000
612835.007412 2485639.231167 0.000000
612835.557410 2485634.256174 0.000000
612836.107409 2485629.281181 0.000000
612836.657407 2485624.306189 0.000000
612837.207405 2485619.331196 0.000000
612837.757404 2485614.356203 0.000000
612838.307402 2485609.381211 0.000000
612838.857401 2485604.406218 0.000000
612839.407399 2485599.431225 0.000000
612839.957397 2485594.456233 0.000000
612840.507396 2485589.481240 0.000000
612841.057394 2485584.506248 0.000000
612841.607393 2485579.531255 0.000000
612842.157391 2485574.556262 0.000000
612842.707389 2485569.581270 0.000000
612843.257388 2485564.606277 0.000000
612843.807386 2485559.631284 0.000000
612844.357385 2485554.656292 0.000000
612844.907383 2485549.681299 0.000000
612845.457381 2485544.706306 0.000000
612846.007380 2485539.731314 0.000000
612846.827378 2485534.771321 0.000000
612847.647376 2485529.811328 0.000000
612848.467374 2485524.851336 0.000000
612849.287372 2485519.891343 0.000000
612850.107370 2485514.931350 0.000000
612850.927368 2485509.971358 0.000000
612851.747366 2485505.011365 0.000000
612852.567364 2485500.051372 0.000000
612853.387362 2485495.091379 0.000000
612854.207360 2485490.131387 0.000000
612855.027358 2485485.171394 0.000000
612855.847356 2485480.211401 0.000000
612856.667354 2485475.251409 0.000000
612857.487352 2485470.291416 0.000000
612858.307350 2485465.331423 0.000000
612859.127348 2485460.371431 0.000000
612859.947346 2485455.411438 0.000000
612860.767344 2485450.451445 0.000000
612861.587342 2485445.491452 0.000000
612862.407340 2485440.531460 0.000000
612863.227338 2485435.571467 0.000000
612864.047336 2485430.611474 0.000000
612864.867334 2485425.651482 0.000000
612865.687332 2485420.691489 0.000000
612866.507330 2485415.731496 0.000000
612867.327328 2485410.771504 0.000000
612868.147326 2485405.811511 0.000000
612868.967324 2485400.851518 0.000000
612869.787322 2485395.891525 0.000000
612870.607320 2485390.931533 0.000000
612871.427318 2485385.971540 0.000000
612872.247316 2485381.011547 0.000000
612873.067314 2485376.051555 0.000000
612873.887312 2485371.091562 0.000000
612874.707310 2485366.131569 0.000000
612875.527308 2485361.171577 0.000000
612876.347306 2485356.211584 0.000000
612877.167304 2485351.251591 0.000000
612877.987302 2485346.291598 0.000000
612878.807300 2485341.331606 0.000000
612879.627298 2485336.371613 0.000000
612880.447296 2485331.411620 0.000000
612881.267294 2485326.451628 0.000000
612882.087292 2485321.491635 0.000000
612882.907290 2485316.531642 0.000000
612883.727288 2485311.571650 0.000000
612884.547286 2485306.611657 0.000000
612885.367284 2485301.651664 0.000000
612886.187282 2485296.691671 0.000000
612887.007280 2485291.731679 0.000000
612888.091390 2485286.871873 0.000000
612889.175499 2485282.012067 0.000000
612890.259609 2485277.152261 0.000000
612891.343719 2485272.292455 0.000000
612892.427829 2485267.432649 0.000000
612893.511939 2485262.572843 0.000000
612894.596048 2485257.713037 0.000000
612895.680158 2485252.853231 0.000000
612896.764268 2485247.993425 0.000000
612897.848378 2485243.133619 0.000000
612898.932487 2485238.273813 0.000000
612900.016597 2485233.414007 0.000000
612901.100707 2485228.554201 0.000000
612902.184817 2485223.694395 0.000000
612903.268927 2485218.834589 0.000000
612904.353036 2485213.974783 0.000000
612905.437146 2485209.114977 0.000000
612906.521256 2485204.255171 0.000000
612907.605366 2485199.395365 0.000000
612908.689475 2485194.535559 0.000000
612909.773585 2485189.675753 0.000000
612910.857695 2485184.815947 0.000000
612911.941805 2485179.956141 0.000000
612913.025914 2485175.096335 0.000000
612914.110024 2485170.236529 0.000000
612915.194134 2485165.376723 0.000000
612916.278244 2485160.516917 0.000000
612917.362354 2485155.657111 0.000000
612918.446463 2485150.797305 0.000000
612919.530573 2485145.937499 0.000000
612920.614683 2485141.077694 0.000000
612921.698793 2485136.217888 0.000000
612922.782902 2485131.358082 0.000000
612923.867012 2485126.498276 0.000000
612924.951122 2485121.638470 0.000000
612926.035232 2485116.778664 0.000000
612927.119342 2485111.918858 0.000000
612928.203451 2485107.059052 0.000000
612929.287561 2485102.199246 0.000000
612930.371671 2485097.339440 0.000000
612931.455781 2485092.479634 0.000000
612932.539890 2485087.619828 0.000000
612933.624000 2485082.760022 0.000000
612934.708110 2485077.900216 0.000000
612935.792220 2485073.040410 0.000000
612936.876329 2485068.180604 0.000000
612937.960439 2485063.320798 0.000000
612939.044549 2485058.460992 0.000000
612940.128659 2485053.601186 0.000000
612941.212769 2485048.741380 0.000000
612942.296878 2485043.881574 0.000000
612943.380988 2485039.021768 0.000000
612944.465098 2485034.161962 0.000000
612945.549208 2485029.302156 0.000000
612946.633317 2485024.442350 0.000000
612947.717427 2485019.582544 0.000000
612948.801537 2485014.722738 0.000000
612949.885647 2485009.862932 0.000000
612950.969757 2485005.003126 0.000000
612952.053866 2485000.143320 0.000000
612953.137976 2484995.283514 0.000000
612954.222086 2484990.423708 0.000000
612955.306196 2484985.563902 0.000000
612956.390305 2484980.704096 0.000000
612957.474415 2484975.844290 0.000000
612958.558525 2484970.984484 0.000000
612959.642635 2484966.124678 0.000000
612960.726744 2484961.264872 0.000000
612961.810854 2484956.405066 0.000000
612962.894964 2484951.545261 0.000000
612963.979074 2484946.685455 0.000000
612965.063184 2484941.825649 0.000000
612966.147293 2484936.965843 0.000000
612967.231403 2484932.106037 0.000000
612968.315513 2484927.246231 0.000000
612969.399623 2484922.386425 0.000000
612970.483732 2484917.526619 0.000000
612971.567842 2484912.666813 0.000000
612972.651952 2484907.807007 0.000000
612973.736062 2484902.947201 0.000000
612974.820172 2484898.087395 0.000000
612975.904281 2484893.227589 0.000000
612976.988391 2484888.367783 0.000000
612978.072501 2484883.507977 0.000000
612979.156611 2484878.648171 0.000000
612980.240720 2484873.788365 0.000000
612981.324830 2484868.928559 0.000000
612982.408940 2484864.068753 0.000000
612983.493050 2484859.208947 0.000000
612984.577159 2484854.349141 0.000000
612985.661269 2484849.489335 0.000000
612986.745379 2484844.629529 0.000000
612987.829489 2484839.769723 0.000000
612988.913599 2484834.909917 0.000000
612989.997708 2484830.050111 0.000000
612991.081818 2484825.190305 0.000000
612992.165928 2484820.330499 0.000000
612993.250038 2484815.470693 0.000000
612994.334147 2484810.610887 0.000000
612995.418257 2484805.751081 0.000000
612996.502367 2484800.891275 0.000000
612997.586477 2484796.031469 0.000000
612998.670587 2484791.171663 0.000000
612999.754696 2484786.311857 0.000000
613000.838806 2484781.452051 0.000000
613001.922916 2484776.592245 0.000000
613003.007026 2484771.732439 0.000000
613003.840357 2484766.803875 0.000000
613004.673688 2484761.875311 0.000000
613005.507020 2484756.946747 0.000000
613006.340351 2484752.018183 0.000000
613007.173682 2484747.089619 0.000000
613008.007014 2484742.161054 0.000000
613008.840345 2484737.232490 0.000000
613009.673676 2484732.303926 0.000000
613010.507007 2484727.375362 0.000000
613011.340339 2484722.446798 0.000000
613012.173670 2484717.518234 0.000000
613013.007001 2484712.589669 0.000000
613013.840333 2484707.661105 0.000000
613014.673664 2484702.732541 0.000000
613015.506995 2484697.803977 0.000000
613016.340327 2484692.875413 0.000000
613017.173658 2484687.946848 0.000000
613018.006989 2484683.018284 0.000000
613018.840321 2484678.089720 0.000000
613019.673652 2484673.161156 0.000000
613020.506983 2484668.232592 0.000000
613021.340315 2484663.304028 0.000000
613022.173646 2484658.375463 0.000000
613023.006977 2484653.446899 0.000000
613023.840309 2484648.518335 0.000000
613024.673640 2484643.589771 0.000000
613025.506971 2484638.661207 0.000000
613026.340302 2484633.732643 0.000000
613027.173634 2484628.804078 0.000000
613028.006965 2484623.875514 0.000000
613028.840296 2484618.946950 0.000000
613029.673628 2484614.018386 0.000000
613030.506959 2484609.089822 0.000000
613031.340290 2484604.161258 0.000000
613032.173622 2484599.232693 0.000000
613033.006953 2484594.304129 0.000000
613033.840284 2484589.375565 0.000000
613034.673616 2484584.447001 0.000000
613035.506947 2484579.518437 0.000000
613036.340278 2484574.589872 0.000000
613037.173610 2484569.661308 0.000000
613038.006941 2484564.732744 0.000000
613038.461485 2484559.732752 0.000000
613038.916029 2484554.732759 0.000000
613039.370573 2484549.732766 0.000000
613039.825117 2484544.732774 0.000000
613040.279661 2484539.732781 0.000000
613040.734205 2484534.732789 0.000000
613041.188749 2484529.732796 0.000000
613041.643293 2484524.732803 0.000000
613042.097837 2484519.732811 0.000000
613042.552381 2484514.732818 0.000000
613043.006925 2484509.732826 0.000000
613043.006924 2484504.823742 0.000000
613043.006923 2484499.914659 0.000000
613043.006923 2484495.005575 0.000000
613043.006922 2484490.096492 0.000000
613043.006921 2484485.187408 0.000000
613043.006920 2484480.278324 0.000000
613043.006919 2484475.369241 0.000000
613043.006919 2484470.460157 0.000000
613043.006918 2484465.551074 0.000000
613043.006917 2484460.641990 0.000000
613043.006916 2484455.732907 0.000000
613042.292631 2484450.780533 0.000000
613041.578346 2484445.828160 0.000000
613040.864060 2484440.875786 0.000000
613040.149775 2484435.923413 0.000000
613039.435489 2484430.971040 0.000000
613038.721204 2484426.018666 0.000000
613038.006918 2484421.066293 0.000000
613037.292633 2484416.113919 0.000000
613036.578347 2484411.161546 0.000000
613035.864062 2484406.209173 0.000000
613035.149777 2484401.256799 0.000000
613034.435491 2484396.304426 0.000000
613033.721206 2484391.352052 0.000000
613033.006920 2484386.399679 0.000000
613032.292635 2484381.447305 0.000000
613031.578349 2484376.494932 0.000000
613030.864064 2484371.542559 0.000000
613030.149779 2484366.590185 0.000000
613029.435493 2484361.637812 0.000000
613028.721208 2484356.685438 0.000000
613028.006922 2484351.733065 0.000000
613027.035909 2484346.820029 0.000000
613026.064895 2484341.906993 0.000000
613025.093881 2484336.993957 0.000000
613024.122867 2484332.080921 0.000000
613023.151853 2484327.167885 0.000000
613022.180839 2484322.254849 0.000000
613021.209826 2484317.341813 0.000000
613020.238812 2484312.428777 0.000000
613019.267798 2484307.515741 0.000000
613018.296784 2484302.602705 0.000000
613017.325770 2484297.689669 0.000000
613016.354757 2484292.776633 0.000000
613015.383743 2484287.863597 0.000000
613014.412729 2484282.950561 0.000000
613013.441715 2484278.037525 0.000000
613012.470701 2484273.124490 0.000000
613011.499687 2484268.211454 0.000000
613010.528674 2484263.298418 0.000000
613009.557660 2484258.385382 0.000000
613008.586646 2484253.472346 0.000000
613007.615632 2484248.559310 0.000000
613006.644618 2484243.646274 0.000000
613005.673605 2484238.733238 0.000000
613004.702591 2484233.820202 0.000000
613003.731577 2484228.907166 0.000000
613002.760563 2484223.994130 0.000000
613001.789549 2484219.081094 0.000000
613000.818535 2484214.168058 0.000000
612999.847522 2484209.255022 0.000000
612998.876508 2484204.341986 0.000000
612997.905494 2484199.428950 0.000000
612996.934480 2484194.515914 0.000000
612995.963466 2484189.602878 0.000000
612994.992453 2484184.689842 0.000000
612994.021439 2484179.776806 0.000000
612993.050425 2484174.863770 0.000000
612992.079411 2484169.950734 0.000000
612991.108397 2484165.037698 0.000000
612990.137383 2484160.124662 0.000000
612989.166370 2484155.211626 0.000000
612988.195356 2484150.298591 0.000000
612987.224342 2484145.385555 0.000000
612986.253328 2484140.472519 0.000000
612985.282314 2484135.559483 0.000000
612984.311301 2484130.646447 0.000000
612983.340287 2484125.733411 0.000000
612982.369273 2484120.820375 0.000000
612981.398259 2484115.907339 0.000000
612980.427245 2484110.994303 0.000000
612979.456231 2484106.081267 0.000000
612978.485218 2484101.168231 0.000000
612977.514204 2484096.255195 0.000000
612976.543190 2484091.342159 0.000000
612975.572176 2484086.429123 0.000000
612974.601162 2484081.516087 0.000000
612973.630149 2484076.603051 0.000000
612972.659135 2484071.690015 0.000000
612971.688121 2484066.776979 0.000000
612970.717107 2484061.863943 0.000000
612969.746093 2484056.950907 0.000000
612968.775079 2484052.037871 0.000000
612967.804066 2484047.124835 0.000000
612966.833052 2484042.211799 0.000000
612965.862038 2484037.298763 0.000000
612964.891024 2484032.385727 0.000000
612963.920010 2484027.472691 0.000000
612962.948997 2484022.559656 0.000000
612961.977983 2484017.646620 0.000000
612961.006969 2484012.733584 0.000000
612960.652130 2484007.765849 0.000000
612960.297291 2484002.798115 0.000000
612959.942452 2483997.830380 0.000000
612959.587613 2483992.862646 0.000000
612959.232774 2483987.894911 0.000000
612958.877935 2483982.927177 0.000000
612958.523096 2483977.959443 0.000000
612958.168257 2483972.991708 0.000000
612957.813418 2483968.023974 0.000000
612957.458579 2483963.056239 0.000000
612957.103740 2483958.088505 0.000000
612956.748901 2483953.120770 0.000000
612956.394062 2483948.153036 0.000000
612956.039223 2483943.185302 0.000000
612955.684384 2483938.217567 0.000000
612955.329545 2483933.249833 0.000000
612954.974707 2483928.282098 0.000000
612954.619868 2483923.314364 0.000000
612954.265029 2483918.346629 0.000000
612953.910190 2483913.378895 0.000000
612953.555351 2483908.411161 0.000000
612953.200512 2483903.443426 0.000000
612952.845673 2483898.475692 0.000000
612952.490834 2483893.507957 0.000000
612952.135995 2483888.540223 0.000000
612951.781156 2483883.572488 0.000000
612951.426317 2483878.604754 0.000000
612951.071478 2483873.637020 0.000000
612950.716639 2483868.669285 0.000000
612950.361800 2483863.701551 0.000000
612950.006961 2483858.733816 0.000000
612950.206960 2483853.733824 0.000000
612950.406959 2483848.733831 0.000000
612950.606958 2483843.733839 0.000000
612950.806957 2483838.733846 0.000000
612951.006956 2483833.733854 0.000000
612951.206955 2483828.733861 0.000000
612951.406953 2483823.733869 0.000000
612951.606952 2483818.733876 0.000000
612951.806951 2483813.733883 0.000000
612952.006950 2483808.733891 0.000000
612952.206949 2483803.733898 0.000000
612952.406948 2483798.733906 0.000000
612952.606947 2483793.733913 0.000000
612952.806946 2483788.733921 0.000000
612953.006945 2483783.733928 0.000000
612954.056942 2483778.833935 0.000000
612955.106940 2483773.933943 0.000000
612956.156938 2483769.033950 0.000000
612957.206935 2483764.133957 0.000000
612958.256933 2483759.233964 0.000000
612959.306931 2483754.333971 0.000000
612960.356928 2483749.433979 0.000000
612961.406926 2483744.533986 0.000000
612962.456924 2483739.633993 0.000000
612963.506921 2483734.734000 0.000000
612964.556919 2483729.834007 0.000000
612965.606917 2483724.934014 0.000000
612966.656914 2483720.034022 0.000000
612967.706912 2483715.134029 0.000000
612968.756910 2483710.234036 0.000000
612969.806907 2483705.334043 0.000000
612970.856905 2483700.434050 0.000000
612971.906903 2483695.534058 0.000000
612972.956900 2483690.634065 0.000000
612974.006898 2483685.734072 0.000000
612975.445920 2483680.953591 0.000000
612976.884941 2483676.173110 0.000000
612978.323963 2483671.392629 0.000000
612979.762984 2483666.612148 0.000000
612981.202006 2483661.831668 0.000000
612982.641027 2483657.051187 0.000000
612984.080049 2483652.270706 0.000000
612985.519070 2483647.490225 0.000000
612986.958092 2483642.709744 0.000000
612988.397113 2483637.929263 0.000000
612989.836135 2483633.148782 0.000000
612991.275156 2483628.368302 0.000000
612992.714178 2483623.587821 0.000000
612994.153199 2483618.807340 0.000000
612995.592221 2483614.026859 0.000000
612997.031242 2483609.246378 0.000000
612998.470263 2483604.465897 0.000000
612999.909285 2483599.685416 0.000000
613001.348306 2483594.904936 0.000000
613002.787328 2483590.124455 0.000000
613004.226349 2483585.343974 0.000000
613005.665371 2483580.563493 0.000000
613007.104392 2483575.783012 0.000000
613008.543414 2483571.002531 0.000000
613009.982435 2483566.222050 0.000000
613011.421457 2483561.441570 0.000000
613012.860478 2483556.661089 0.000000
613014.299500 2483551.880608 0.000000
613015.738521 2483547.100127 0.000000
613017.177543 2483542.319646 0.000000
613018.616564 2483537.539165 0.000000
613020.055586 2483532.758684 0.000000
613021.494607 2483527.978204 0.000000
613022.933629 2483523.197723 0.000000
613024.372650 2483518.417242 0.000000
613025.811672 2483513.636761 0.000000
613027.250693 2483508.856280 0.000000
613028.689715 2483504.075799 0.000000
613030.128736 2483499.295318 0.000000
613031.567758 2483494.514837 0.000000
613033.006779 2483489.734357 0.000000
613034.349634 2483484.920078 0.000000
613035.692488 2483480.105799 0.000000
613037.035342 2483475.291521 0.000000
613038.378197 2483470.477242 0.000000
613039.721051 2483465.662963 0.000000
613041.063906 2483460.848684 0.000000
613042.406760 2483456.034406 0.000000
613043.749614 2483451.220127 0.000000
613045.092469 2483446.405848 0.000000
613046.435323 2483441.591570 0.000000
613047.778178 2483436.777291 0.000000
613049.121032 2483431.963012 0.000000
613050.463886 2483427.148734 0.000000
613051.806741 2483422.334455 0.000000
613053.149595 2483417.520176 0.000000
613054.492449 2483412.705897 0.000000
613055.835304 2483407.891619 0.000000
613057.178158 2483403.077340 0.000000
613058.521013 2483398.263061 0.000000
613059.863867 2483393.448783 0.000000
613061.206721 2483388.634504 0.000000
613062.549576 2483383.820225 0.000000
613063.892430 2483379.005946 0.000000
613065.235285 2483374.191668 0.000000
613066.578139 2483369.377389 0.000000
613067.920993 2483364.563110 0.000000
613069.263848 2483359.748832 0.000000
613070.606702 2483354.934553 0.000000
613071.949556 2483350.120274 0.000000
613073.292411 2483345.305996 0.000000
613074.635265 2483340.491717 0.000000
613075.978120 2483335.677438 0.000000
613077.320974 2483330.863159 0.000000
613078.663828 2483326.048881 0.000000
613080.006683 2483321.234602 0.000000
613081.349537 2483316.420323 0.000000
613082.692391 2483311.606045 0.000000
613084.035246 2483306.791766 0.000000
613085.378100 2483301.977487 0.000000
613086.720955 2483297.163209 0.000000
613088.063809 2483292.348930 0.000000
613089.406663 2483287.534651 0.000000
613090.749518 2483282.720372 0.000000
613092.092372 2483277.906094 0.000000
613093.435227 2483273.091815 0.000000
613094.778081 2483268.277536 0.000000
613096.120935 2483263.463258 0.000000
613097.463790 2483258.648979 0.000000
613098.806644 2483253.834700 0.000000
613100.149498 2483249.020422 0.000000
613101.492353 2483244.206143 0.000000
613102.835207 2483239.391864 0.000000
613104.178062 2483234.577585 0.000000
613105.520916 2483229.763307 0.000000
613106.863770 2483224.949028 0.000000
613108.206625 2483220.134749 0.000000
613109.549479 2483215.320471 0.000000
613110.892334 2483210.506192 0.000000
613112.235188 2483205.691913 0.000000
613113.578042 2483200.877634 0.000000
613114.920897 2483196.063356 0.000000
613116.263751 2483191.249077 0.000000
613117.606605 2483186.434798 0.000000
613118.949460 2483181.620520 0.000000
613120.292314 2483176.806241 0.000000
613121.635169 2483171.991962 0.000000
613122.978023 2483167.177684 0.000000
613124.320877 2483162.363405 0.000000
613125.663732 2483157.549126 0.000000
613127.006586 2483152.734847 0.000000
613128.180497 2483147.865289 0.000000
613129.354407 2483142.995731 0.000000
613130.528318 2483138.126173 0.000000
613131.702228 2483133.256615 0.000000
613132.876139 2483128.387057 0.000000
613134.050049 2483123.517499 0.000000
613135.223960 2483118.647941 0.000000
613136.397870 2483113.778383 0.000000
613137.571781 2483108.908825 0.000000
613138.745691 2483104.039266 0.000000
613139.919602 2483099.169708 0.000000
613141.093512 2483094.300150 0.000000
613142.267423 2483089.430592 0.000000
613143.441333 2483084.561034 0.000000
613144.615244 2483079.691476 0.000000
613145.789155 2483074.821918 0.000000
613146.963065 2483069.952360 0.000000
613148.136976 2483065.082802 0.000000
613149.310886 2483060.213244 0.000000
613150.484797 2483055.343686 0.000000
613151.658707 2483050.474127 0.000000
613152.832618 2483045.604569 0.000000
613154.006528 2483040.735011 0.000000
613155.180439 2483035.865453 0.000000
613156.354349 2483030.995895 0.000000
613157.528260 2483026.126337 0.000000
613158.702170 2483021.256779 0.000000
613159.876081 2483016.387221 0.000000
613161.049991 2483011.517663 0.000000
613162.223902 2483006.648105 0.000000
613163.397812 2483001.778547 0.000000
613164.571723 2482996.908988 0.000000
613165.745633 2482992.039430 0.000000
613166.919544 2482987.169872 0.000000
613168.093455 2482982.300314 0.000000
613169.267365 2482977.430756 0.000000
613170.441276 2482972.561198 0.000000
613171.615186 2482967.691640 0.000000
613172.789097 2482962.822082 0.000000
613173.963007 2482957.952524 0.000000
613175.136918 2482953.082966 0.000000
613176.310828 2482948.213407 0.000000
613177.484739 2482943.343849 0.000000
613178.658649 2482938.474291 0.000000
613179.832560 2482933.604733 0.000000
613181.006470 2482928.735175 0.000000
613181.906468 2482923.835182 0.000000
613182.806466 2482918.935190 0.000000
613183.706464 2482914.035197 0.000000
613184.606462 2482909.135204 0.000000
613185.506460 2482904.235211 0.000000
613186.406458 2482899.335218 0.000000
613187.306455 2482894.435226 0.000000
613188.206453 2482889.535233 0.000000
613189.106451 2482884.635240 0.000000
613190.006449 2482879.735247 0.000000
613190.906447 2482874.835254 0.000000
613191.806445 2482869.935262 0.000000
613192.706443 2482865.035269 0.000000
613193.606441 2482860.135276 0.000000
613194.506439 2482855.235283 0.000000
613195.406436 2482850.335290 0.000000
613196.306434 2482845.435298 0.000000
613197.206432 2482840.535305 0.000000
613198.106430 2482835.635312 0.000000
613199.006428 2482830.735319 0.000000
613199.906426 2482825.835327 0.000000
613200.806424 2482820.935334 0.000000
613201.706422 2482816.035341 0.000000
613202.606420 2482811.135348 0.000000
613203.506417 2482806.235355 0.000000
613204.406415 2482801.335363 0.000000
613205.306413 2482796.435370 0.000000
613206.206411 2482791.535377 0.000000
613207.106409 2482786.635384 0.000000
613208.006407 2482781.735391 0.000000
613208.906405 2482776.835399 0.000000
613209.806403 2482771.935406 0.000000
613210.706401 2482767.035413 0.000000
613211.606398 2482762.135420 0.000000
613212.506396 2482757.235428 0.000000
613213.406394 2482752.335435 0.000000
613214.306392 2482747.435442 0.000000
613215.206390 2482742.535449 0.000000
613216.106388 2482737.635456 0.000000
613217.006386 2482732.735464 0.000000
613218.006383 2482727.866784 0.000000
613219.006381 2482722.998104 0.000000
613220.006379 2482718.129424 0.000000
613221.006377 2482713.260745 0.000000
613222.006374 2482708.392065 0.000000
613223.006372 2482703.523385 0.000000
613224.006370 2482698.654706 0.000000
613225.006368 2482693.786026 0.000000
613226.006365 2482688.917346 0.000000
613227.006363 2482684.048666 0.000000
613228.006361 2482679.179987 0.000000
613229.006359 2482674.311307 0.000000
613230.006356 2482669.442627 0.000000
613231.006354 2482664.573948 0.000000
613232.006352 2482659.705268 0.000000
613233.006350 2482654.836588 0.000000
613234.006347 2482649.967908 0.000000
613235.006345 2482645.099229 0.000000
613236.006343 2482640.230549 0.000000
613237.006340 2482635.361869 0.000000
613238.006338 2482630.493190 0.000000
613239.006336 2482625.624510 0.000000
613240.006334 2482620.755830 0.000000
613241.006331 2482615.887150 0.000000
613242.006329 2482611.018471 0.000000
613243.006327 2482606.149791 0.000000
613244.006325 2482601.281111 0.000000
613245.006322 2482596.412432 0.000000
613246.006320 2482591.543752 0.000000
613247.006318 2482586.675072 0.000000
613248.006316 2482581.806392 0.000000
613249.006313 2482576.937713 0.000000
613250.006311 2482572.069033 0.000000
613251.006309 2482567.200353 0.000000
613252.006307 2482562.331674 0.000000
613253.006304 2482557.462994 0.000000
613254.006302 2482552.594314 0.000000
613255.006300 2482547.725634 0.000000
613256.006298 2482542.856955 0.000000
613257.006295 2482537.988275 0.000000
613258.006293 2482533.119595 0.000000
613259.006291 2482528.250916 0.000000
613260.006289 2482523.382236 0.000000
613261.006286 2482518.513556 0.000000
613262.006284 2482513.644876 0.000000
613263.006282 2482508.776197 0.000000
613264.006279 2482503.907517 0.000000
613265.006277 2482499.038837 0.000000
613266.006275 2482494.170158 0.000000
613267.006273 2482489.301478 0.000000
613268.006270 2482484.432798 0.000000
613269.006268 2482479.564118 0.000000
613270.006266 2482474.695439 0.000000
613271.006264 2482469.826759 0.000000
613272.006261 2482464.958079 0.000000
613273.006259 2482460.089399 0.000000
613274.006257 2482455.220720 0.000000
613275.006255 2482450.352040 0.000000
613276.006252 2482445.483360 0.000000
613277.006250 2482440.614681 0.000000
613278.006248 2482435.746001 0.000000
613279.006246 2482430.877321 0.000000
613280.006243 2482426.008641 0.000000
613281.006241 2482421.139962 0.000000
613282.006239 2482416.271282 0.000000
613283.006237 2482411.402602 0.000000
613284.006234 2482406.533923 0.000000
613285.006232 2482401.665243 0.000000
613286.006230 2482396.796563 0.000000
613287.006227 2482391.927883 0.000000
613288.006225 2482387.059204 0.000000
613289.006223 2482382.190524 0.000000
613290.006221 2482377.321844 0.000000
613291.006218 2482372.453165 0.000000
613292.006216 2482367.584485 0.000000
613293.006214 2482362.715805 0.000000
613294.006212 2482357.847125 0.000000
613295.006209 2482352.978446 0.000000
613296.006207 2482348.109766 0.000000
613297.006205 2482343.241086 0.000000
613298.006203 2482338.372407 0.000000
613299.006200 2482333.503727 0.000000
613300.006198 2482328.635047 0.000000
613301.006196 2482323.766367 0.000000
613302.006194 2482318.897688 0.000000
613303.006191 2482314.029008 0.000000
613304.006189 2482309.160328 0.000000
613305.006187 2482304.291649 0.000000
613306.006185 2482299.422969 0.000000
613307.006182 2482294.554289 0.000000
613308.006180 2482289.685609 0.000000
613309.006178 2482284.816930 0.000000
613310.006175 2482279.948250 0.000000
613311.006173 2482275.079570 0.000000
613312.006171 2482270.210891 0.000000
613313.006169 2482265.342211 0.000000
613314.006166 2482260.473531 0.000000
613315.006164 2482255.604851 0.000000
613316.006162 2482250.736172 0.000000
613316.776430 2482245.817260 0.000000
613317.546699 2482240.898348 0.000000
613318.316967 2482235.979437 0.000000
613319.087235 2482231.060525 0.000000
613319.857504 2482226.141613 0.000000
613320.627772 2482221.222702 0.000000
613321.398040 2482216.303790 0.000000
613322.168309 2482211.384878 0.000000
613322.938577 2482206.465967 0.000000
613323.708845 2482201.547055 0.000000
613324.479114 2482196.628144 0.000000
613325.249382 2482191.709232 0.000000
613326.019650 2482186.790320 0.000000
613326.789919 2482181.871409 0.000000
613327.560187 2482176.952497 0.000000
613328.330455 2482172.033585 0.000000
613329.100724 2482167.114674 0.000000
613329.870992 2482162.195762 0.000000
613330.641260 2482157.276850 0.000000
613331.411529 2482152.357939 0.000000
613332.181797 2482147.439027 0.000000
613332.952065 2482142.520115 0.000000
613333.722334 2482137.601204 0.000000
613334.492602 2482132.682292 0.000000
613335.262871 2482127.763380 0.000000
613336.033139 2482122.844469 0.000000
613336.803407 2482117.925557 0.000000
613337.573676 2482113.006645 0.000000
613338.343944 2482108.087734 0.000000
613339.114212 2482103.168822 0.000000
613339.884481 2482098.249910 0.000000
613340.654749 2482093.330999 0.000000
613341.425017 2482088.412087 0.000000
613342.195286 2482083.493176 0.000000
613342.965554 2482078.574264 0.000000
613343.735822 2482073.655352 0.000000
613344.506091 2482068.736441 0.000000
613345.276359 2482063.817529 0.000000
613346.046627 2482058.898617 0.000000
613346.816896 2482053.979706 0.000000
613347.587164 2482049.060794 0.000000
613348.357432 2482044.141882 0.000000
613349.127701 2482039.222971 0.000000
613349.897969 2482034.304059 0.000000
613350.668237 2482029.385147 0.000000
613351.438506 2482024.466236 0.000000
613352.208774 2482019.547324 0.000000
613352.979042 2482014.628412 0.000000
613353.749311 2482009.709501 0.000000
613354.519579 2482004.790589 0.000000
613355.289847 2481999.871677 0.000000
613356.060116 2481994.952766 0.000000
613356.830384 2481990.033854 0.000000
613357.600652 2481985.114942 0.000000
613358.370921 2481980.196031 0.000000
613359.141189 2481975.277119 0.000000
613359.911458 2481970.358208 0.000000
613360.681726 2481965.439296 0.000000
613361.451994 2481960.520384 0.000000
613362.222263 2481955.601473 0.000000
613362.992531 2481950.682561 0.000000
613363.762799 2481945.763649 0.000000
613364.533068 2481940.844738 0.000000
613365.303336 2481935.925826 0.000000
613366.073604 2481931.006914 0.000000
613366.843873 2481926.088003 0.000000
613367.614141 2481921.169091 0.000000
613368.384409 2481916.250179 0.000000
613369.154678 2481911.331268 0.000000
613369.924946 2481906.412356 0.000000
613370.695214 2481901.493444 0.000000
613371.465483 2481896.574533 0.000000
613372.235751 2481891.655621 0.000000
613373.006019 2481886.736709 0.000000
613373.584965 2481881.776190 0.000000
613374.163911 2481876.815672 0.000000
613374.742857 2481871.855153 0.000000
613375.321802 2481866.894634 0.000000
613375.900748 2481861.934115 0.000000
613376.479694 2481856.973596 0.000000
613377.058639 2481852.013077 0.000000
613377.637585 2481847.052558 0.000000
613378.216531 2481842.092039 0.000000
613378.795477 2481837.131520 0.000000
613379.374422 2481832.171001 0.000000
613379.953368 2481827.210482 0.000000
613380.532314 2481822.249963 0.000000
613381.111259 2481817.289444 0.000000
613381.690205 2481812.328925 0.000000
613382.269151 2481807.368406 0.000000
613382.848097 2481802.407887 0.000000
613383.427042 2481797.447368 0.000000
613384.005988 2481792.486849 0.000000
613384.584934 2481787.526330 0.000000
613385.163879 2481782.565811 0.000000
613385.742825 2481777.605292 0.000000
613386.321771 2481772.644773 0.000000
613386.900717 2481767.684255 0.000000
613387.479662 2481762.723736 0.000000
613388.058608 2481757.763217 0.000000
613388.637554 2481752.802698 0.000000
613389.216500 2481747.842179 0.000000
613389.795445 2481742.881660 0.000000
613390.374391 2481737.921141 0.000000
613390.953337 2481732.960622 0.000000
613391.532282 2481728.000103 0.000000
613392.111228 2481723.039584 0.000000
613392.690174 2481718.079065 0.000000
613393.269120 2481713.118546 0.000000
613393.848065 2481708.158027 0.000000
613394.427011 2481703.197508 0.000000
613395.005957 2481698.236989 0.000000
613395.584902 2481693.276470 0.000000
613396.163848 2481688.315951 0.000000
613396.742794 2481683.355432 0.000000
613397.321740 2481678.394913 0.000000
613397.900685 2481673.434394 0.000000
613398.479631 2481668.473875 0.000000
613399.058577 2481663.513356 0.000000
613399.637522 2481658.552838 0.000000
613400.216468 2481653.592319 0.000000
613400.795414 2481648.631800 0.000000
613401.374360 2481643.671281 0.000000
613401.953305 2481638.710762 0.000000
613402.532251 2481633.750243 0.000000
613403.111197 2481628.789724 0.000000
613403.690142 2481623.829205 0.000000
613404.269088 2481618.868686 0.000000
613404.848034 2481613.908167 0.000000
613405.426980 2481608.947648 0.000000
613406.005925 2481603.987129 0.000000
613406.584871 2481599.026610 0.000000
613407.163817 2481594.066091 0.000000
613407.742763 2481589.105572 0.000000
613408.321708 2481584.145053 0.000000
613408.900654 2481579.184534 0.000000
613409.479600 2481574.224015 0.000000
613410.058545 2481569.263496 0.000000
613410.637491 2481564.302977 0.000000
613411.216437 2481559.342458 0.000000
613411.795383 2481554.381939 0.000000
613412.374328 2481549.421421 0.000000
613412.953274 2481544.460902 0.000000
613413.532220 2481539.500383 0.000000
613414.111165 2481534.539864 0.000000
613414.690111 2481529.579345 0.000000
613415.269057 2481524.618826 0.000000
613415.848003 2481519.658307 0.000000
613416.426948 2481514.697788 0.000000
613417.005894 2481509.737269 0.000000
613418.120177 2481504.880133 0.000000
613419.234461 2481500.022997 0.000000
613420.348744 2481495.165862 0.000000
613421.463027 2481490.308726 0.000000
613422.577310 2481485.451590 0.000000
613423.691594 2481480.594455 0.000000
613424.805877 2481475.737319 0.000000
613425.920160 2481470.880183 0.000000
613427.034444 2481466.023047 0.000000
613428.148727 2481461.165912 0.000000
613429.263010 2481456.308776 0.000000
613430.377293 2481451.451640 0.000000
613431.491577 2481446.594504 0.000000
613432.605860 2481441.737369 0.000000
613433.720143 2481436.880233 0.000000
613434.834427 2481432.023097 0.000000
613435.948710 2481427.165961 0.000000
613437.062993 2481422.308826 0.000000
613438.177276 2481417.451690 0.000000
613439.291560 2481412.594554 0.000000
613440.405843 2481407.737419 0.000000
613441.520126 2481402.880283 0.000000
613442.634410 2481398.023147 0.000000
613443.748693 2481393.166011 0.000000
613444.862976 2481388.308876 0.000000
613445.977259 2481383.451740 0.000000
613447.091543 2481378.594604 0.000000
613448.205826 2481373.737468 0.000000
613449.320109 2481368.880333 0.000000
613450.434393 2481364.023197 0.000000
613451.548676 2481359.166061 0.000000
613452.662959 2481354.308925 0.000000
613453.777242 2481349.451790 0.000000
613454.891526 2481344.594654 0.000000
613456.005809 2481339.737518 0.000000
613457.120092 2481334.880383 0.000000
613458.234375 2481330.023247 0.000000
613459.348659 2481325.166111 0.000000
613460.462942 2481320.308975 0.000000
613461.577225 2481315.451840 0.000000
613462.691509 2481310.594704 0.000000
613463.805792 2481305.737568 0.000000
613464.920075 2481300.880432 0.000000
613466.034358 2481296.023297 0.000000
613467.148642 2481291.166161 0.000000
613468.262925 2481286.309025 0.000000
613469.377208 2481281.451889 0.000000
613470.491492 2481276.594754 0.000000
613471.605775 2481271.737618 0.000000
613472.720058 2481266.880482 0.000000
613473.834341 2481262.023347 0.000000
613474.948625 2481257.166211 0.000000
613476.062908 2481252.309075 0.000000
613477.177191 2481247.451939 0.000000
613478.291475 2481242.594804 0.000000
613479.405758 2481237.737668 0.000000
613480.520041 2481232.880532 0.000000
613481.634324 2481228.023396 0.000000
613482.748608 2481223.166261 0.000000
613483.862891 2481218.309125 0.000000
613484.977174 2481213.451989 0.000000
613486.091458 2481208.594853 0.000000
613487.205741 2481203.737718 0.000000
613488.320024 2481198.880582 0.000000
613489.434307 2481194.023446 0.000000
613490.548591 2481189.166311 0.000000
613491.662874 2481184.309175 0.000000
613492.777157 2481179.452039 0.000000
613493.891440 2481174.594903 0.000000
613495.005724 2481169.737768 0.000000
613495.568222 2481164.737775 0.000000
613496.130720 2481159.737782 0.000000
613496.693219 2481154.737790 0.000000
613497.255717 2481149.737797 0.000000
613497.818216 2481144.737805 0.000000
613498.380714 2481139.737812 0.000000
613498.943212 2481134.737820 0.000000
613499.505711 2481129.737827 0.000000
613500.068209 2481124.737834 0.000000
613500.630707 2481119.737842 0.000000
613501.193206 2481114.737849 0.000000
613501.755704 2481109.737857 0.000000
613502.318203 2481104.737864 0.000000
613502.880701 2481099.737872 0.000000
613503.443199 2481094.737879 0.000000
613504.005698 2481089.737886 0.000000
613504.005697 2481084.737894 0.000000
613504.005696 2481079.737901 0.000000
613504.005695 2481074.737909 0.000000
613504.005694 2481069.737917 0.000000
613504.005694 2481064.737924 0.000000
613504.005693 2481059.737932 0.000000
613504.005692 2481054.737939 0.000000
613504.005691 2481049.737947 0.000000
613504.005691 2481044.737954 0.000000
613504.005690 2481039.737962 0.000000
613503.243785 2481034.833207 0.000000
613502.481881 2481029.928453 0.000000
613501.719977 2481025.023698 0.000000
613500.958072 2481020.118944 0.000000
613500.196168 2481015.214190 0.000000
613499.434263 2481010.309435 0.000000
613498.672359 2481005.404681 0.000000
613497.910455 2481000.499926 0.000000
613497.148550 2480995.595172 0.000000
613496.386646 2480990.690418 0.000000
613495.624741 2480985.785663 0.000000
613494.862837 2480980.880909 0.000000
613494.100933 2480975.976154 0.000000
613493.339028 2480971.071400 0.000000
613492.577124 2480966.166645 0.000000
613491.815219 2480961.261891 0.000000
613491.053315 2480956.357137 0.000000
613490.291411 2480951.452382 0.000000
613489.529506 2480946.547628 0.000000
613488.767602 2480941.642873 0.000000
613488.005697 2480936.738119 0.000000
613486.719984 2480931.928603 0.000000
613485.434271 2480927.119086 0.000000
613484.148558 2480922.309570 0.000000
613482.862845 2480917.500054 0.000000
613481.577132 2480912.690537 0.000000
613480.291419 2480907.881021 0.000000
613479.005705 2480903.071504 0.000000
613477.719992 2480898.261988 0.000000
613476.434279 2480893.452472 0.000000
613475.148566 2480888.642955 0.000000
613473.862853 2480883.833439 0.000000
613472.577140 2480879.023923 0.000000
613471.291427 2480874.214406 0.000000
613470.005714 2480869.404890 0.000000
613468.720000 2480864.595373 0.000000
613467.434287 2480859.785857 0.000000
613466.148574 2480854.976341 0.000000
613464.862861 2480850.166824 0.000000
613463.577148 2480845.357308 0.000000
613462.291435 2480840.547792 0.000000
613461.005722 2480835.738275 0.000000
613459.472390 2480830.938283 0.000000
613457.939058 2480826.138290 0.000000
613456.405726 2480821.338298 0.000000
613454.872394 2480816.538305 0.000000
613453.339063 2480811.738312 0.000000
613451.805731 2480806.938320 0.000000
613450.272399 2480802.138327 0.000000
613448.739067 2480797.338335 0.000000
613447.205735 2480792.538342 0.000000
613445.672404 2480787.738350 0.000000
613444.139072 2480782.938357 0.000000
613442.605740 2480778.138365 0.000000
613441.072408 2480773.338372 0.000000
613439.539076 2480768.538380 0.000000
613438.005745 2480763.738387 0.000000
613436.005747 2480759.166966 0.000000
613434.005749 2480754.595544 0.000000
613432.005751 2480750.024123 0.000000
613430.005754 2480745.452702 0.000000
613428.005756 2480740.881280 0.000000
613426.005758 2480736.309859 0.000000
613424.005761 2480731.738437 0.000000
613422.005763 2480727.167016 0.000000
613420.005765 2480722.595595 0.000000
613418.005767 2480718.024173 0.000000
613416.005770 2480713.452752 0.000000
613414.005772 2480708.881330 0.000000
613412.005774 2480704.309909 0.000000
613410.005776 2480699.738488 0.000000
613408.005779 2480695.167066 0.000000
613406.005781 2480690.595645 0.000000
613404.005783 2480686.024224 0.000000
613402.005785 2480681.452802 0.000000
613400.005788 2480676.881381 0.000000
613398.005790 2480672.309959 0.000000
613396.005792 2480667.738538 0.000000
613394.005795 2480663.167117 0.000000
613392.005797 2480658.595695 0.000000
613390.005799 2480654.024274 0.000000
613388.005801 2480649.452853 0.000000
613386.005804 2480644.881431 0.000000
613384.005806 2480640.310010 0.000000
613382.005808 2480635.738588 0.000000
613379.739144 2480631.305262 0.000000
613377.472480 2480626.871936 0.000000
613375.205816 2480622.438609 0.000000
613372.939152 2480618.005283 0.000000
613370.672488 2480613.571957 0.000000
613368.405824 2480609.138631 0.000000
613366.139160 2480604.705304 0.000000
613363.872496 2480600.271978 0.000000
613361.605832 2480595.838652 0.000000
613359.339168 2480591.405325 0.000000
613357.072504 2480586.971999 0.000000
613354.805840 2480582.538673 0.000000
613352.539176 2480578.105346 0.000000
613350.272512 2480573.672020 0.000000
613348.005848 2480569.238694 0.000000
613345.739184 2480564.805367 0.000000
613343.472520 2480560.372041 0.000000
613341.205856 2480555.938715 0.000000
613338.939193 2480551.505389 0.000000
613336.672529 2480547.072062 0.000000
613334.405865 2480542.638736 0.000000
613332.139201 2480538.205410 0.000000
613329.872537 2480533.772083 0.000000
613327.605873 2480529.338757 0.000000
613325.339209 2480524.905431 0.000000
613323.072545 2480520.472104 0.000000
613320.805881 2480516.038778 0.000000
613318.539217 2480511.605452 0.000000
613316.272553 2480507.172125 0.000000
613314.005889 2480502.738799 0.000000
613312.005891 2480498.138806 0.000000
613310.005893 2480493.538814 0.000000
613308.005896 2480488.938821 0.000000
613306.005898 2480484.338828 0.000000
613304.005900 2480479.738835 0.000000
613302.005902 2480475.138843 0.000000
613300.005905 2480470.538850 0.000000
613298.005907 2480465.938857 0.000000
613296.005909 2480461.338864 0.000000
613294.005911 2480456.738872 0.000000
613292.005914 2480452.138879 0.000000
613290.005916 2480447.538886 0.000000
613288.005918 2480442.938893 0.000000
613286.005920 2480438.338900 0.000000
613284.005923 2480433.738908 0.000000
613282.525924 2480428.978915 0.000000
613281.045926 2480424.218922 0.000000
613279.565927 2480419.458930 0.000000
613278.085929 2480414.698937 0.000000
613276.605930 2480409.938945 0.000000
613275.125931 2480405.178952 0.000000
613273.645933 2480400.418959 0.000000
613272.165934 2480395.658967 0.000000
613270.685936 2480390.898974 0.000000
613269.205937 2480386.138982 0.000000
613267.725939 2480381.378989 0.000000
613266.245940 2480376.618996 0.000000
613264.765942 2480371.859004 0.000000
613263.285943 2480367.099011 0.000000
613261.805945 2480362.339019 0.000000
613260.325946 2480357.579026 0.000000
613258.845948 2480352.819033 0.000000
613257.365949 2480348.059041 0.000000
613255.885950 2480343.299048 0.000000
613254.405952 2480338.539056 0.000000
613252.925953 2480333.779063 0.000000
613251.445955 2480329.019070 0.000000
613249.965956 2480324.259078 0.000000
613248.485958 2480319.499085 0.000000
613247.005959 2480314.739093 0.000000
613246.130960 2480309.864100 0.000000
613245.255960 2480304.989108 0.000000
613244.380961 2480300.114115 0.000000
613243.505961 2480295.239122 0.000000
613242.630962 2480290.364130 0.000000
613241.755962 2480285.489137 0.000000
613240.880963 2480280.614145 0.000000
613240.005963 2480275.739152 0.000000
613239.130964 2480270.864160 0.000000
613238.255965 2480265.989167 0.000000
613237.380965 2480261.114175 0.000000
613236.505966 2480256.239182 0.000000
613235.630966 2480251.364190 0.000000
613234.755967 2480246.489197 0.000000
613233.880967 2480241.614205 0.000000
613233.005968 2480236.739212 0.000000
613232.130968 2480231.864220 0.000000
613231.255969 2480226.989227 0.000000
613230.380969 2480222.114235 0.000000
613229.505970 2480217.239242 0.000000
613228.630970 2480212.364249 0.000000
613227.755971 2480207.489257 0.000000
613226.880972 2480202.614264 0.000000
613226.005972 2480197.739272 0.000000
613225.339306 2480192.784253 0.000000
613224.672639 2480187.829234 0.000000
613224.005973 2480182.874215 0.000000
613223.339306 2480177.919196 0.000000
613222.672640 2480172.964177 0.000000
613222.005973 2480168.009159 0.000000
613221.339307 2480163.054140 0.000000
613220.672640 2480158.099121 0.000000
613220.005974 2480153.144102 0.000000
613219.339308 2480148.189083 0.000000
613218.672641 2480143.234064 0.000000
613218.005975 2480138.279045 0.000000
613217.339308 2480133.324026 0.000000
613216.672642 2480128.369007 0.000000
613216.005975 2480123.413989 0.000000
613215.339309 2480118.458970 0.000000
613214.672642 2480113.503951 0.000000
613214.005976 2480108.548932 0.000000
613213.339310 2480103.593913 0.000000
613212.672643 2480098.638894 0.000000
613212.005977 2480093.683875 0.000000
613211.339310 2480088.728856 0.000000
613210.672644 2480083.773837 0.000000
613210.005977 2480078.818819 0.000000
613209.339311 2480073.863800 0.000000
613208.672644 2480068.908781 0.000000
613208.005978 2480063.953762 0.000000
613207.339311 2480058.998743 0.000000
613206.672645 2480054.043724 0.000000
613206.005979 2480049.088705 0.000000
613205.339312 2480044.133686 0.000000
613204.672646 2480039.178668 0.000000
613204.005979 2480034.223649 0.000000
613203.339313 2480029.268630 0.000000
613202.672646 2480024.313611 0.000000
613202.005980 2480019.358592 0.000000
613201.339313 2480014.403573 0.000000
613200.672647 2480009.448554 0.000000
613200.005980 2480004.493535 0.000000
613199.339314 2479999.538516 0.000000
613198.672648 2479994.583498 0.000000
613198.005981 2479989.628479 0.000000
613197.339315 2479984.673460 0.000000
613196.672648 2479979.718441 0.000000
613196.005982 2479974.763422 0.000000
613195.339315 2479969.808403 0.000000
613194.672649 2479964.853384 0.000000
613194.005982 2479959.898365 0.000000
613193.339316 2479954.943346 0.000000
613192.672650 2479949.988328 0.000000
613192.005983 2479945.033309 0.000000
613191.339317 2479940.078290 0.000000
613190.672650 2479935.123271 0.000000
613190.005984 2479930.168252 0.000000
613189.339317 2479925.213233 0.000000
613188.672651 2479920.258214 0.000000
613188.005984 2479915.303195 0.000000
613187.339318 2479910.348176 0.000000
613186.672651 2479905.393158 0.000000
613186.005985 2479900.438139 0.000000
613185.339319 2479895.483120 0.000000
613184.672652 2479890.528101 0.000000
613184.005986 2479885.573082 0.000000
613183.339319 2479880.618063 0.000000
613182.672653 2479875.663044 0.000000
613182.005986 2479870.708025 0.000000
613181.339320 2479865.753006 0.000000
613180.672653 2479860.797988 0.000000
613180.005987 2479855.842969 0.000000
613179.339320 2479850.887950 0.000000
613178.672654 2479845.932931 0.000000
613178.005988 2479840.977912 0.000000
613177.339321 2479836.022893 0.000000
613176.672655 2479831.067874 0.000000
613176.005988 2479826.112855 0.000000
613175.339322 2479821.157836 0.000000
613174.672655 2479816.202818 0.000000
613174.005989 2479811.247799 0.000000
613173.339322 2479806.292780 0.000000
613172.672656 2479801.337761 0.000000
613172.005990 2479796.382742 0.000000
613171.339323 2479791.427723 0.000000
613170.672657 2479786.472704 0.000000
613170.005990 2479781.517685 0.000000
613169.339324 2479776.562666 0.000000
613168.672657 2479771.607648 0.000000
613168.005991 2479766.652629 0.000000
613167.339324 2479761.697610 0.000000
613166.672658 2479756.742591 0.000000
613166.005991 2479751.787572 0.000000
613165.339325 2479746.832553 0.000000
613164.672659 2479741.877534 0.000000
613164.005992 2479736.922515 0.000000
613163.339326 2479731.967496 0.000000
613162.672659 2479727.012478 0.000000
613162.005993 2479722.057459 0.000000
613161.339326 2479717.102440 0.000000
613160.672660 2479712.147421 0.000000
613160.005993 2479707.192402 0.000000
613159.339327 2479702.237383 0.000000
613158.672660 2479697.282364 0.000000
613158.005994 2479692.327345 0.000000
613157.339328 2479687.372326 0.000000
613156.672661 2479682.417308 0.000000
613156.005995 2479677.462289 0.000000
613155.339328 2479672.507270 0.000000
613154.672662 2479667.552251 0.000000
613154.005995 2479662.597232 0.000000
613153.339329 2479657.642213 0.000000
613152.672662 2479652.687194 0.000000
613152.005996 2479647.732175 0.000000
613151.339330 2479642.777156 0.000000
613150.672663 2479637.822138 0.000000
613150.005997 2479632.867119 0.000000
613149.339330 2479627.912100 0.000000
613148.672664 2479622.957081 0.000000
613148.005997 2479618.002062 0.000000
613147.339331 2479613.047043 0.000000
613146.672664 2479608.092024 0.000000
613146.005998 2479603.137005 0.000000
613145.339331 2479598.181986 0.000000
613144.672665 2479593.226968 0.000000
613144.005999 2479588.271949 0.000000
613143.339332 2479583.316930 0.000000
613142.672666 2479578.361911 0.000000
613142.005999 2479573.406892 0.000000
613141.339333 2479568.451873 0.000000
613140.672666 2479563.496854 0.000000
613140.006000 2479558.541835 0.000000
613139.339333 2479553.586817 0.000000
613138.672667 2479548.631798 0.000000
613138.006000 2479543.676779 0.000000
613137.339334 2479538.721760 0.000000
613136.672668 2479533.766741 0.000000
613136.006001 2479528.811722 0.000000
613135.339335 2479523.856703 0.000000
613134.672668 2479518.901684 0.000000
613134.006002 2479513.946665 0.000000
613133.339335 2479508.991647 0.000000
613132.672669 2479504.036628 0.000000
613132.006002 2479499.081609 0.000000
613131.339336 2479494.126590 0.000000
613130.672670 2479489.171571 0.000000
613130.006003 2479484.216552 0.000000
613129.339337 2479479.261533 0.000000
613128.672670 2479474.306514 0.000000
613128.006004 2479469.351495 0.000000
613127.339337 2479464.396477 0.000000
613126.672671 2479459.441458 0.000000
613126.006004 2479454.486439 0.000000
613125.339338 2479449.531420 0.000000
613124.672671 2479444.576401 0.000000
613124.006005 2479439.621382 0.000000
613123.339339 2479434.666363 0.000000
613122.672672 2479429.711344 0.000000
613122.006006 2479424.756325 0.000000
613121.339339 2479419.801307 0.000000
613120.672673 2479414.846288 0.000000
613120.006006 2479409.891269 0.000000
613119.339340 2479404.936250 0.000000
613118.672673 2479399.981231 0.000000
613118.006007 2479395.026212 0.000000
613117.339340 2479390.071193 0.000000
613116.672674 2479385.116174 0.000000
613116.006008 2479380.161155 0.000000
613115.339341 2479375.206137 0.000000
613114.672675 2479370.251118 0.000000
613114.006008 2479365.296099 0.000000
613113.339342 2479360.341080 0.000000
613112.672675 2479355.386061 0.000000
613112.006009 2479350.431042 0.000000
613111.339342 2479345.476023 0.000000
613110.672676 2479340.521004 0.000000
613110.006010 2479335.565985 0.000000
613109.339343 2479330.610967 0.000000
613108.672677 2479325.655948 0.000000
613108.006010 2479320.700929 0.000000
613107.339344 2479315.745910 0.000000
613106.672677 2479310.790891 0.000000
613106.006011 2479305.835872 0.000000
613105.339344 2479300.880853 0.000000
613104.672678 2479295.925834 0.000000
613104.006011 2479290.970815 0.000000
613103.339345 2479286.015797 0.000000
613102.672679 2479281.060778 0.000000
613102.006012 2479276.105759 0.000000
613101.339346 2479271.150740 0.000000
613100.672679 2479266.195721 0.000000
613100.006013 2479261.240702 0.000000
613099.339346 2479256.285683 0.000000
613098.672680 2479251.330664 0.000000
613098.006013 2479246.375645 0.000000
613097.339347 2479241.420627 0.000000
613096.672680 2479236.465608 0.000000
613096.006014 2479231.510589 0.000000
613095.339348 2479226.555570 0.000000
613094.672681 2479221.600551 0.000000
613094.006015 2479216.645532 0.000000
613093.339348 2479211.690513 0.000000
613092.672682 2479206.735494 0.000000
613092.006015 2479201.780475 0.000000
613091.339349 2479196.825457 0.000000
613090.672682 2479191.870438 0.000000
613090.006016 2479186.915419 0.000000
613089.339350 2479181.960400 0.000000
613088.672683 2479177.005381 0.000000
613088.006017 2479172.050362 0.000000
613087.339350 2479167.095343 0.000000
613086.672684 2479162.140324 0.000000
613086.006017 2479157.185305 0.000000
613085.339351 2479152.230287 0.000000
613084.672684 2479147.275268 0.000000
613084.006018 2479142.320249 0.000000
613083.339351 2479137.365230 0.000000
613082.672685 2479132.410211 0.000000
613082.006019 2479127.455192 0.000000
613081.339352 2479122.500173 0.000000
613080.672686 2479117.545154 0.000000
613080.006019 2479112.590135 0.000000
613079.339353 2479107.635117 0.000000
613078.672686 2479102.680098 0.000000
613078.006020 2479097.725079 0.000000
613077.339353 2479092.770060 0.000000
613076.672687 2479087.815041 0.000000
613076.006020 2479082.860022 0.000000
613075.339354 2479077.905003 0.000000
613074.672688 2479072.949984 0.000000
613074.006021 2479067.994966 0.000000
613073.339355 2479063.039947 0.000000
613072.672688 2479058.084928 0.000000
613072.006022 2479053.129909 0.000000
613071.339355 2479048.174890 0.000000
613070.672689 2479043.219871 0.000000
613070.006022 2479038.264852 0.000000
613069.339356 2479033.309833 0.000000
613068.672690 2479028.354814 0.000000
613068.006023 2479023.399796 0.000000
613067.339357 2479018.444777 0.000000
613066.672690 2479013.489758 0.000000
613066.006024 2479008.534739 0.000000
613065.339357 2479003.579720 0.000000
613064.672691 2478998.624701 0.000000
613064.006024 2478993.669682 0.000000
613063.339358 2478988.714663 0.000000
613062.672691 2478983.759644 0.000000
613062.006025 2478978.804626 0.000000
613061.339359 2478973.849607 0.000000
613060.672692 2478968.894588 0.000000
613060.006026 2478963.939569 0.000000
613059.339359 2478958.984550 0.000000
613058.672693 2478954.029531 0.000000
613058.006026 2478949.074512 0.000000
613057.339360 2478944.119493 0.000000
613056.672693 2478939.164474 0.000000
613056.006027 2478934.209456 0.000000
613055.339360 2478929.254437 0.000000
613054.672694 2478924.299418 0.000000
613054.006028 2478919.344399 0.000000
613053.339361 2478914.389380 0.000000
613052.672695 2478909.434361 0.000000
613052.006028 2478904.479342 0.000000
613051.339362 2478899.524323 0.000000
613050.672695 2478894.569304 0.000000
613050.006029 2478889.614286 0.000000
613049.339362 2478884.659267 0.000000
613048.672696 2478879.704248 0.000000
613048.006030 2478874.749229 0.000000
613047.339363 2478869.794210 0.000000
613046.672697 2478864.839191 0.000000
613046.006030 2478859.884172 0.000000
613045.339364 2478854.929153 0.000000
613044.672697 2478849.974134 0.000000
613044.006031 2478845.019116 0.000000
613043.339364 2478840.064097 0.000000
613042.672698 2478835.109078 0.000000
613042.006031 2478830.154059 0.000000
613041.339365 2478825.199040 0.000000
613040.672699 2478820.244021 0.000000
613040.006032 2478815.289002 0.000000
613039.339366 2478810.333983 0.000000
613038.672699 2478805.378964 0.000000
613038.006033 2478800.423946 0.000000
613037.339366 2478795.468927 0.000000
613036.672700 2478790.513908 0.000000
613036.006033 2478785.558889 0.000000
613035.339367 2478780.603870 0.000000
613034.672700 2478775.648851 0.000000
613034.006034 2478770.693832 0.000000
613033.339368 2478765.738813 0.000000
613032.672701 2478760.783794 0.000000
613032.006035 2478755.828776 0.000000
613031.339368 2478750.873757 0.000000
613030.672702 2478745.918738 0.000000
613030.006035 2478740.963719 0.000000
613029.339369 2478736.008700 0.000000
613028.672702 2478731.053681 0.000000
613028.006036 2478726.098662 0.000000
613027.339370 2478721.143643 0.000000
613026.672703 2478716.188624 0.000000
613026.006037 2478711.233606 0.000000
613025.339370 2478706.278587 0.000000
613024.672704 2478701.323568 0.000000
613024.006037 2478696.368549 0.000000
613023.339371 2478691.413530 0.000000
613022.672704 2478686.458511 0.000000
613022.006038 2478681.503492 0.000000
613021.339371 2478676.548473 0.000000
613020.672705 2478671.593454 0.000000
613020.006039 2478666.638436 0.000000
613019.339372 2478661.683417 0.000000
613018.672706 2478656.728398 0.000000
613018.006039 2478651.773379 0.000000
613017.339373 2478646.818360 0.000000
613016.672706 2478641.863341 0.000000
613016.006040 2478636.908322 0.000000
613015.339373 2478631.953303 0.000000
613014.672707 2478626.998284 0.000000
613014.006040 2478622.043266 0.000000
613013.339374 2478617.088247 0.000000
613012.672708 2478612.133228 0.000000
613012.006041 2478607.178209 0.000000
613011.339375 2478602.223190 0.000000
613010.672708 2478597.268171 0.000000
613010.006042 2478592.313152 0.000000
613009.339375 2478587.358133 0.000000
613008.672709 2478582.403115 0.000000
613008.006042 2478577.448096 0.000000
613007.339376 2478572.493077 0.000000
613006.672710 2478567.538058 0.000000
613006.006043 2478562.583039 0.000000
613005.339377 2478557.628020 0.000000
613004.672710 2478552.673001 0.000000
613004.006044 2478547.717982 0.000000
613003.339377 2478542.762963 0.000000
613002.672711 2478537.807945 0.000000
613002.006044 2478532.852926 0.000000
613001.339378 2478527.897907 0.000000
613000.672711 2478522.942888 0.000000
613000.006045 2478517.987869 0.000000
612999.339379 2478513.032850 0.000000
612998.672712 2478508.077831 0.000000
612998.006046 2478503.122812 0.000000
612997.339379 2478498.167793 0.000000
612996.672713 2478493.212775 0.000000
612996.006046 2478488.257756 0.000000
612995.339380 2478483.302737 0.000000
612994.672713 2478478.347718 0.000000
612994.006047 2478473.392699 0.000000
612993.339380 2478468.437680 0.000000
612992.672714 2478463.482661 0.000000
612992.006048 2478458.527642 0.000000
612991.339381 2478453.572623 0.000000
612990.672715 2478448.617605 0.000000
612990.006048 2478443.662586 0.000000
612989.339382 2478438.707567 0.000000
612988.672715 2478433.752548 0.000000
612988.006049 2478428.797529 0.000000
612987.339382 2478423.842510 0.000000
612986.672716 2478418.887491 0.000000
612986.006050 2478413.932472 0.000000
612985.339383 2478408.977453 0.000000
612984.672717 2478404.022435 0.000000
612984.006050 2478399.067416 0.000000
612983.339384 2478394.112397 0.000000
612982.672717 2478389.157378 0.000000
612982.006051 2478384.202359 0.000000
612981.339384 2478379.247340 0.000000
612980.672718 2478374.292321 0.000000
612980.006051 2478369.337302 0.000000
612979.339385 2478364.382283 0.000000
612978.672719 2478359.427265 0.000000
612978.006052 2478354.472246 0.000000
612977.339386 2478349.517227 0.000000
612976.672719 2478344.562208 0.000000
612976.006053 2478339.607189 0.000000
612975.339386 2478334.652170 0.000000
612974.672720 2478329.697151 0.000000
612974.006053 2478324.742132 0.000000
