FFASCI 0 1 "LINES" 0 1e+10
FFATTR 0 1
->1
613183.006655 2484122.733384 0.000000
613177.978092 2484123.219098 0.000000
613172.949528 2484123.704813 0.000000
613167.920964 2484124.190527 0.000000
613162.892400 2484124.676241 0.000000
613157.863836 2484125.161956 0.000000
613152.835272 2484125.647670 0.000000
613147.806708 2484126.133384 0.000000
613142.778145 2484126.619099 0.000000
613137.749581 2484127.104813 0.000000
613132.721017 2484127.590527 0.000000
613127.692453 2484128.076242 0.000000
613122.663889 2484128.561956 0.000000
613117.635325 2484129.047670 0.000000
613112.606761 2484129.533385 0.000000
613107.578198 2484130.019099 0.000000
613102.549634 2484130.504813 0.000000
613097.521070 2484130.990528 0.000000
613092.492506 2484131.476242 0.000000
613087.463942 2484131.961956 0.000000
613082.435378 2484132.447671 0.000000
613077.406814 2484132.933385 0.000000
613072.378250 2484133.419099 0.000000
613067.349687 2484133.904814 0.000000
613062.321123 2484134.390528 0.000000
613057.292559 2484134.876243 0.000000
613052.263995 2484135.361957 0.000000
613047.235431 2484135.847671 0.000000
613042.206867 2484136.333386 0.000000
613037.178303 2484136.819100 0.000000
613032.149740 2484137.304814 0.000000
613027.121176 2484137.790529 0.000000
613022.092612 2484138.276243 0.000000
613017.064048 2484138.761957 0.000000
613012.035484 2484139.247672 0.000000
613007.006920 2484139.733386 0.000000
613002.006928 2484140.571223 0.000000
612997.006935 2484141.409061 0.000000
612992.006943 2484142.246898 0.000000
612987.006951 2484143.084735 0.000000
612982.006958 2484143.922573 0.000000
612977.006966 2484144.760410 0.000000
612972.006973 2484145.598248 0.000000
612967.006981 2484146.436085 0.000000
612962.006989 2484147.273922 0.000000
612957.006996 2484148.111760 0.000000
612952.007004 2484148.949597 0.000000
612947.007011 2484149.787434 0.000000
612942.007019 2484150.625272 0.000000
612937.007026 2484151.463109 0.000000
612932.007034 2484152.300946 0.000000
612927.007042 2484153.138784 0.000000
612922.007049 2484153.976621 0.000000
612917.007057 2484154.814459 0.000000
612912.007064 2484155.652296 0.000000
612907.007072 2484156.490133 0.000000
612902.007080 2484157.327971 0.000000
612897.007087 2484158.165808 0.000000
612892.007095 2484159.003645 0.000000
612887.007102 2484159.841483 0.000000
612882.007110 2484160.679320 0.000000
612877.007117 2484161.517158 0.000000
612872.007125 2484162.354995 0.000000
612867.007133 2484163.192832 0.000000
612862.007140 2484164.030670 0.000000
612857.007148 2484164.868507 0.000000
612852.007155 2484165.706344 0.000000
612847.007163 2484166.544182 0.000000
612842.007170 2484167.382019 0.000000
612837.007178 2484168.219856 0.000000
612832.007186 2484169.057694 0.000000
612827.007193 2484169.895531 0.000000
612822.007201 2484170.733369 0.000000
612817.094165 2484171.950759 0.000000
612812.181129 2484173.168149 0.000000
612807.268093 2484174.385539 0.000000
612802.355057 2484175.602930 0.000000
612797.442021 2484176.820320 0.000000
612792.528985 2484178.037710 0.000000
612787.615949 2484179.255100 0.000000
612782.702913 2484180.472491 0.000000
612777.789877 2484181.689881 0.000000
612772.876841 2484182.907271 0.000000
612767.963805 2484184.124661 0.000000
612763.050769 2484185.342052 0.000000
612758.137733 2484186.559442 0.000000
612753.224697 2484187.776832 0.000000
612748.311661 2484188.994222 0.000000
612743.398625 2484190.211613 0.000000
612738.485589 2484191.429003 0.000000
612733.572553 2484192.646393 0.000000
612728.659517 2484193.863783 0.000000
612723.746481 2484195.081174 0.000000
612718.833445 2484196.298564 0.000000
612713.920410 2484197.515954 0.000000
612709.007374 2484198.733344 0.000000
612704.094338 2484199.950735 0.000000
612699.181302 2484201.168125 0.000000
612694.268266 2484202.385515 0.000000
612689.355230 2484203.602905 0.000000
612684.442194 2484204.820296 0.000000
612679.529158 2484206.037686 0.000000
612674.616122 2484207.255076 0.000000
612669.703086 2484208.472466 0.000000
612664.790050 2484209.689857 0.000000
612659.877014 2484210.907247 0.000000
612654.963978 2484212.124637 0.000000
612650.050942 2484213.342027 0.000000
612645.137906 2484214.559418 0.000000
612640.224870 2484215.776808 0.000000
612635.311834 2484216.994198 0.000000
612630.398798 2484218.211588 0.000000
612625.485762 2484219.428978 0.000000
612620.572726 2484220.646369 0.000000
612615.659690 2484221.863759 0.000000
612610.746654 2484223.081149 0.000000
612605.833618 2484224.298539 0.000000
612600.920582 2484225.515930 0.000000
612596.007546 2484226.733320 0.000000
612591.086919 2484227.765065 0.000000
612586.166291 2484228.796810 0.000000
612581.245664 2484229.828556 0.000000
612576.325037 2484230.860301 0.000000
612571.404409 2484231.892046 0.000000
612566.483782 2484232.923792 0.000000
612561.563154 2484233.955537 0.000000
612556.642527 2484234.987282 0.000000
612551.721899 2484236.019027 0.000000
612546.801272 2484237.050773 0.000000
612541.880645 2484238.082518 0.000000
612536.960017 2484239.114263 0.000000
612532.039390 2484240.146008 0.000000
612527.118762 2484241.177754 0.000000
612522.198135 2484242.209499 0.000000
612517.277507 2484243.241244 0.000000
612512.356880 2484244.272989 0.000000
612507.436253 2484245.304735 0.000000
612502.515625 2484246.336480 0.000000
612497.594998 2484247.368225 0.000000
612492.674370 2484248.399970 0.000000
612487.753743 2484249.431716 0.000000
612482.833115 2484250.463461 0.000000
612477.912488 2484251.495206 0.000000
612472.991861 2484252.526951 0.000000
612468.071233 2484253.558697 0.000000
612463.150606 2484254.590442 0.000000
612458.229978 2484255.622187 0.000000
612453.309351 2484256.653932 0.000000
612448.388723 2484257.685678 0.000000
612443.468096 2484258.717423 0.000000
612438.547469 2484259.749168 0.000000
612433.626841 2484260.780913 0.000000
612428.706214 2484261.812659 0.000000
612423.785586 2484262.844404 0.000000
612418.864959 2484263.876149 0.000000
612413.944331 2484264.907894 0.000000
612409.023704 2484265.939640 0.000000
612404.103077 2484266.971385 0.000000
612399.182449 2484268.003130 0.000000
612394.261822 2484269.034875 0.000000
612389.341194 2484270.066621 0.000000
612384.420567 2484271.098366 0.000000
612379.499939 2484272.130111 0.000000
612374.579312 2484273.161856 0.000000
612369.658685 2484274.193602 0.000000
612364.738057 2484275.225347 0.000000
612359.817430 2484276.257092 0.000000
612354.896802 2484277.288837 0.000000
612349.976175 2484278.320583 0.000000
612345.055547 2484279.352328 0.000000
612340.134920 2484280.384073 0.000000
612335.214293 2484281.415818 0.000000
612330.293665 2484282.447564 0.000000
612325.373038 2484283.479309 0.000000
612320.452410 2484284.511054 0.000000
612315.531783 2484285.542799 0.000000
612310.611155 2484286.574545 0.000000
612305.690528 2484287.606290 0.000000
612300.769901 2484288.638035 0.000000
612295.849273 2484289.669780 0.000000
612290.928646 2484290.701526 0.000000
612286.008018 2484291.733271 0.000000
612281.053480 2484292.392362 0.000000
612276.098942 2484293.051452 0.000000
612271.144404 2484293.710543 0.000000
612266.189866 2484294.369634 0.000000
612261.235328 2484295.028724 0.000000
612256.280790 2484295.687815 0.000000
612251.326252 2484296.346906 0.000000
612246.371715 2484297.005997 0.000000
612241.417177 2484297.665087 0.000000
612236.462639 2484298.324178 0.000000
612231.508101 2484298.983269 0.000000
612226.553563 2484299.642359 0.000000
612221.599025 2484300.301450 0.000000
612216.644487 2484300.960541 0.000000
612211.689949 2484301.619631 0.000000
612206.735411 2484302.278722 0.000000
612201.780873 2484302.937813 0.000000
612196.826335 2484303.596903 0.000000
612191.871797 2484304.255994 0.000000
612186.917259 2484304.915085 0.000000
612181.962721 2484305.574176 0.000000
612177.008183 2484306.233266 0.000000
612172.053645 2484306.892357 0.000000
612167.099107 2484307.551448 0.000000
612162.144569 2484308.210538 0.000000
612157.190031 2484308.869629 0.000000
612152.235493 2484309.528720 0.000000
612147.280955 2484310.187810 0.000000
612142.326417 2484310.846901 0.000000
612137.371879 2484311.505992 0.000000
612132.417341 2484312.165082 0.000000
612127.462803 2484312.824173 0.000000
612122.508265 2484313.483264 0.000000
612117.553727 2484314.142355 0.000000
612112.599189 2484314.801445 0.000000
612107.644651 2484315.460536 0.000000
612102.690113 2484316.119627 0.000000
612097.735575 2484316.778717 0.000000
612092.781037 2484317.437808 0.000000
612087.826499 2484318.096899 0.000000
612082.871961 2484318.755989 0.000000
612077.917424 2484319.415080 0.000000
612072.962886 2484320.074171 0.000000
612068.008348 2484320.733261 0.000000
612062.945855 2484321.212428 0.000000
612057.883363 2484321.691595 0.000000
612052.820870 2484322.170762 0.000000
612047.758378 2484322.649928 0.000000
612042.695886 2484323.129095 0.000000
612037.633393 2484323.608262 0.000000
612032.570901 2484324.087429 0.000000
612027.508409 2484324.566595 0.000000
612022.445916 2484325.045762 0.000000
612017.383424 2484325.524929 0.000000
612012.320931 2484326.004096 0.000000
612007.258439 2484326.483262 0.000000
612002.195947 2484326.962429 0.000000
611997.133454 2484327.441596 0.000000
611992.070962 2484327.920763 0.000000
611987.008469 2484328.399929 0.000000
611981.945977 2484328.879096 0.000000
611976.883485 2484329.358263 0.000000
611971.820992 2484329.837429 0.000000
611966.758500 2484330.316596 0.000000
611961.696008 2484330.795763 0.000000
611956.633515 2484331.274930 0.000000
611951.571023 2484331.754096 0.000000
611946.508530 2484332.233263 0.000000
611941.446038 2484332.712430 0.000000
611936.383546 2484333.191597 0.000000
611931.321053 2484333.670763 0.000000
611926.258561 2484334.149930 0.000000
611921.196068 2484334.629097 0.000000
611916.133576 2484335.108264 0.000000
611911.071084 2484335.587430 0.000000
611906.008591 2484336.066597 0.000000
611900.946099 2484336.545764 0.000000
611895.883607 2484337.024931 0.000000
611890.821114 2484337.504097 0.000000
611885.758622 2484337.983264 0.000000
611880.696129 2484338.462431 0.000000
611875.633637 2484338.941597 0.000000
611870.571145 2484339.420764 0.000000
611865.508652 2484339.899931 0.000000
611860.446160 2484340.379098 0.000000
611855.383667 2484340.858264 0.000000
611850.321175 2484341.337431 0.000000
611845.258683 2484341.816598 0.000000
611840.196190 2484342.295765 0.000000
611835.133698 2484342.774931 0.000000
611830.071206 2484343.254098 0.000000
611825.008713 2484343.733265 0.000000
611819.963266 2484343.960538 0.000000
611814.917819 2484344.187811 0.000000
611809.872372 2484344.415084 0.000000
611804.826925 2484344.642357 0.000000
611799.781478 2484344.869631 0.000000
611794.736031 2484345.096904 0.000000
611789.690584 2484345.324177 0.000000
611784.645137 2484345.551450 0.000000
611779.599690 2484345.778723 0.000000
611774.554243 2484346.005997 0.000000
611769.508796 2484346.233270 0.000000
611764.463349 2484346.460543 0.000000
611759.417902 2484346.687816 0.000000
611754.372455 2484346.915089 0.000000
611749.327008 2484347.142362 0.000000
611744.281561 2484347.369636 0.000000
611739.236114 2484347.596909 0.000000
611734.190667 2484347.824182 0.000000
611729.145220 2484348.051455 0.000000
611724.099773 2484348.278728 0.000000
611719.054326 2484348.506001 0.000000
611714.008879 2484348.733275 0.000000
611708.963432 2484348.960548 0.000000
611703.917985 2484349.187821 0.000000
611698.872538 2484349.415094 0.000000
611693.827091 2484349.642367 0.000000
611688.781644 2484349.869640 0.000000
611683.736197 2484350.096914 0.000000
611678.690750 2484350.324187 0.000000
611673.645303 2484350.551460 0.000000
611668.599856 2484350.778733 0.000000
611663.554409 2484351.006006 0.000000
611658.508962 2484351.233279 0.000000
611653.463515 2484351.460553 0.000000
611648.418068 2484351.687826 0.000000
611643.372621 2484351.915099 0.000000
611638.327174 2484352.142372 0.000000
611633.281727 2484352.369645 0.000000
611628.236280 2484352.596918 0.000000
611623.190833 2484352.824192 0.000000
611618.145386 2484353.051465 0.000000
611613.099939 2484353.278738 0.000000
611608.054492 2484353.506011 0.000000
611603.009045 2484353.733284 0.000000
611597.937624 2484353.723081 0.000000
611592.866203 2484353.712878 0.000000
611587.794782 2484353.702674 0.000000
611582.723361 2484353.692471 0.000000
611577.651940 2484353.682268 0.000000
611572.580519 2484353.672065 0.000000
611567.509098 2484353.661861 0.000000
611562.437677 2484353.651658 0.000000
611557.366256 2484353.641455 0.000000
611552.294835 2484353.631251 0.000000
611547.223414 2484353.621048 0.000000
611542.151993 2484353.610845 0.000000
611537.080572 2484353.600642 0.000000
611532.009151 2484353.590438 0.000000
611526.937730 2484353.580235 0.000000
611521.866309 2484353.570032 0.000000
611516.794888 2484353.559828 0.000000
611511.723467 2484353.549625 0.000000
611506.652046 2484353.539422 0.000000
611501.580625 2484353.529219 0.000000
611496.509204 2484353.519015 0.000000
611491.437783 2484353.508812 0.000000
611486.366362 2484353.498609 0.000000
611481.294941 2484353.488406 0.000000
611476.223520 2484353.478202 0.000000
611471.152099 2484353.467999 0.000000
611466.080678 2484353.457796 0.000000
611461.009257 2484353.447592 0.000000
611455.937836 2484353.437389 0.000000
611450.866415 2484353.427186 0.000000
611445.794994 2484353.416983 0.000000
611440.723573 2484353.406779 0.000000
611435.652152 2484353.396576 0.000000
611430.580731 2484353.386373 0.000000
611425.509310 2484353.376169 0.000000
611420.437889 2484353.365966 0.000000
611415.366468 2484353.355763 0.000000
611410.295047 2484353.345560 0.000000
611405.223626 2484353.335356 0.000000
611400.152205 2484353.325153 0.000000
611395.080784 2484353.314950 0.000000
611390.009363 2484353.304746 0.000000
611384.937942 2484353.294543 0.000000
611379.866521 2484353.284340 0.000000
611374.795100 2484353.274137 0.000000
611369.723679 2484353.263933 0.000000
611364.652258 2484353.253730 0.000000
611359.580837 2484353.243527 0.000000
611354.509416 2484353.233323 0.000000
611349.437995 2484353.223120 0.000000
611344.366574 2484353.212917 0.000000
611339.295153 2484353.202714 0.000000
611334.223732 2484353.192510 0.000000
611329.152311 2484353.182307 0.000000
611324.080889 2484353.172104 0.000000
611319.009468 2484353.161901 0.000000
611313.938047 2484353.151697 0.000000
611308.866626 2484353.141494 0.000000
611303.795205 2484353.131291 0.000000
611298.723784 2484353.121087 0.000000
611293.652363 2484353.110884 0.000000
611288.580942 2484353.100681 0.000000
611283.509521 2484353.090478 0.000000
611278.438100 2484353.080274 0.000000
611273.366679 2484353.070071 0.000000
611268.295258 2484353.059868 0.000000
611263.223837 2484353.049664 0.000000
611258.152416 2484353.039461 0.000000
611253.080995 2484353.029258 0.000000
611248.009574 2484353.019055 0.000000
611242.938153 2484353.008851 0.000000
611237.866732 2484352.998648 0.000000
611232.795311 2484352.988445 0.000000
611227.723890 2484352.978241 0.000000
611222.652469 2484352.968038 0.000000
611217.581048 2484352.957835 0.000000
611212.509627 2484352.947632 0.000000
611207.438206 2484352.937428 0.000000
611202.366785 2484352.927225 0.000000
611197.295364 2484352.917022 0.000000
611192.223943 2484352.906818 0.000000
611187.152522 2484352.896615 0.000000
611182.081101 2484352.886412 0.000000
611177.009680 2484352.876209 0.000000
611171.938259 2484352.866005 0.000000
611166.866838 2484352.855802 0.000000
611161.795417 2484352.845599 0.000000
611156.723996 2484352.835395 0.000000
611151.652575 2484352.825192 0.000000
611146.581154 2484352.814989 0.000000
611141.509733 2484352.804786 0.000000
611136.438312 2484352.794582 0.000000
611131.366891 2484352.784379 0.000000
611126.295470 2484352.774176 0.000000
611121.224049 2484352.763973 0.000000
611116.152628 2484352.753769 0.000000
611111.081207 2484352.743566 0.000000
611106.009786 2484352.733363 0.000000
611101.009793 2484353.027481 0.000000
611096.009801 2484353.321599 0.000000
611091.009808 2484353.615717 0.000000
611086.009816 2484353.909835 0.000000
611081.009823 2484354.203953 0.000000
611076.009831 2484354.498071 0.000000
611071.009838 2484354.792189 0.000000
611066.009846 2484355.086306 0.000000
611061.009853 2484355.380424 0.000000
611056.009861 2484355.674542 0.000000
611051.009868 2484355.968660 0.000000
611046.009876 2484356.262778 0.000000
611041.009883 2484356.556896 0.000000
611036.009891 2484356.851014 0.000000
611031.009898 2484357.145132 0.000000
611026.009906 2484357.439250 0.000000
611021.009913 2484357.733368 0.000000
611016.009921 2484358.361940 0.000000
611011.009928 2484358.990511 0.000000
611006.009936 2484359.619082 0.000000
611001.009943 2484360.247653 0.000000
610996.009951 2484360.876225 0.000000
610991.009958 2484361.504796 0.000000
610986.009966 2484362.133367 0.000000
610981.009974 2484362.761938 0.000000
610976.009981 2484363.390510 0.000000
610971.009989 2484364.019081 0.000000
610966.009996 2484364.647652 0.000000
610961.010004 2484365.276223 0.000000
610956.010011 2484365.904795 0.000000
610951.010019 2484366.533366 0.000000
610946.010026 2484367.161937 0.000000
610941.010034 2484367.790508 0.000000
610936.010041 2484368.419080 0.000000
610931.010049 2484369.047651 0.000000
610926.010057 2484369.676222 0.000000
610921.010064 2484370.304793 0.000000
610916.010072 2484370.933365 0.000000
610911.010079 2484371.561936 0.000000
610906.010087 2484372.190507 0.000000
610901.010094 2484372.819078 0.000000
610896.010102 2484373.447650 0.000000
610891.010109 2484374.076221 0.000000
610886.010117 2484374.704792 0.000000
610881.010124 2484375.333363 0.000000
610876.010132 2484375.961935 0.000000
610871.010140 2484376.590506 0.000000
610866.010147 2484377.219077 0.000000
610861.010155 2484377.847649 0.000000
610856.010162 2484378.476220 0.000000
610851.010170 2484379.104791 0.000000
610846.010177 2484379.733362 0.000000
610841.081613 2484380.769076 0.000000
610836.153049 2484381.804789 0.000000
610831.224485 2484382.840503 0.000000
610826.295922 2484383.876216 0.000000
610821.367358 2484384.911930 0.000000
610816.438794 2484385.947643 0.000000
610811.510230 2484386.983357 0.000000
610806.581666 2484388.019070 0.000000
610801.653102 2484389.054784 0.000000
610796.724538 2484390.090497 0.000000
610791.795974 2484391.126211 0.000000
610786.867410 2484392.161924 0.000000
610781.938846 2484393.197638 0.000000
610777.010282 2484394.233351 0.000000
610772.081718 2484395.269065 0.000000
610767.153154 2484396.304778 0.000000
610762.224591 2484397.340492 0.000000
610757.296027 2484398.376205 0.000000
610752.367463 2484399.411919 0.000000
610747.438899 2484400.447632 0.000000
610742.510335 2484401.483346 0.000000
610737.581771 2484402.519059 0.000000
610732.653207 2484403.554773 0.000000
610727.724643 2484404.590486 0.000000
610722.796079 2484405.626200 0.000000
610717.867515 2484406.661913 0.000000
610712.938951 2484407.697627 0.000000
610708.010387 2484408.733340 0.000000
610703.146758 2484410.096975 0.000000
610698.283130 2484411.460610 0.000000
610693.419501 2484412.824245 0.000000
610688.555872 2484414.187880 0.000000
610683.692243 2484415.551515 0.000000
610678.828614 2484416.915150 0.000000
610673.964985 2484418.278786 0.000000
610669.101356 2484419.642421 0.000000
610664.237727 2484421.006056 0.000000
610659.374098 2484422.369691 0.000000
610654.510469 2484423.733326 0.000000
610649.646840 2484425.096961 0.000000
610644.783212 2484426.460596 0.000000
610639.919583 2484427.824231 0.000000
610635.055954 2484429.187866 0.000000
610630.192325 2484430.551501 0.000000
610625.328696 2484431.915136 0.000000
610620.465067 2484433.278771 0.000000
610615.601438 2484434.642406 0.000000
610610.737809 2484436.006041 0.000000
610605.874180 2484437.369676 0.000000
610601.010551 2484438.733312 0.000000
610596.241328 2484440.348694 0.000000
610591.472105 2484441.964077 0.000000
610586.702881 2484443.579460 0.000000
610581.933658 2484445.194843 0.000000
610577.164434 2484446.810226 0.000000
610572.395211 2484448.425609 0.000000
610567.625987 2484450.040992 0.000000
610562.856764 2484451.656375 0.000000
610558.087541 2484453.271758 0.000000
610553.318317 2484454.887141 0.000000
610548.549094 2484456.502524 0.000000
610543.779870 2484458.117907 0.000000
610539.010647 2484459.733290 0.000000
610534.241424 2484461.348672 0.000000
610529.472200 2484462.964055 0.000000
610524.702977 2484464.579438 0.000000
610519.933753 2484466.194821 0.000000
610515.164530 2484467.810204 0.000000
610510.395306 2484469.425587 0.000000
610505.626083 2484471.040970 0.000000
610500.856860 2484472.656353 0.000000
610496.087636 2484474.271736 0.000000
610491.318413 2484475.887119 0.000000
610486.549189 2484477.502502 0.000000
610481.779966 2484479.117885 0.000000
610477.010743 2484480.733268 0.000000
610472.282489 2484482.515874 0.000000
610467.554235 2484484.298481 0.000000
610462.825982 2484486.081088 0.000000
610458.097728 2484487.863695 0.000000
610453.369475 2484489.646301 0.000000
610448.641221 2484491.428908 0.000000
610443.912968 2484493.211515 0.000000
610439.184714 2484494.994122 0.000000
610434.456461 2484496.776728 0.000000
610429.728207 2484498.559335 0.000000
610424.999953 2484500.341942 0.000000
610420.271700 2484502.124549 0.000000
610415.543446 2484503.907155 0.000000
610410.815193 2484505.689762 0.000000
610406.086939 2484507.472369 0.000000
610401.358686 2484509.254976 0.000000
610396.630432 2484511.037582 0.000000
610391.902179 2484512.820189 0.000000
610387.173925 2484514.602796 0.000000
610382.445671 2484516.385403 0.000000
610377.717418 2484518.168009 0.000000
610372.989164 2484519.950616 0.000000
610368.260911 2484521.733223 0.000000
610363.532657 2484523.515830 0.000000
610358.804404 2484525.298436 0.000000
610354.076150 2484527.081043 0.000000
610349.347897 2484528.863650 0.000000
610344.619643 2484530.646257 0.000000
610339.891390 2484532.428863 0.000000
610335.163136 2484534.211470 0.000000
610330.434882 2484535.994077 0.000000
610325.706629 2484537.776684 0.000000
610320.978375 2484539.559290 0.000000
610316.250122 2484541.341897 0.000000
610311.521868 2484543.124504 0.000000
610306.793615 2484544.907111 0.000000
610302.065361 2484546.689717 0.000000
610297.337108 2484548.472324 0.000000
610292.608854 2484550.254931 0.000000
610287.880600 2484552.037538 0.000000
610283.152347 2484553.820144 0.000000
610278.424093 2484555.602751 0.000000
610273.695840 2484557.385358 0.000000
610268.967586 2484559.167965 0.000000
610264.239333 2484560.950571 0.000000
610259.511079 2484562.733178 0.000000
610254.782826 2484564.515785 0.000000
610250.054572 2484566.298392 0.000000
610245.326318 2484568.080998 0.000000
610240.598065 2484569.863605 0.000000
610235.869811 2484571.646212 0.000000
610231.141558 2484573.428818 0.000000
610226.413304 2484575.211425 0.000000
610221.685051 2484576.994032 0.000000
610216.956797 2484578.776639 0.000000
610212.228544 2484580.559245 0.000000
610207.500290 2484582.341852 0.000000
610202.772036 2484584.124459 0.000000
610198.043783 2484585.907066 0.000000
610193.315529 2484587.689672 0.000000
610188.587276 2484589.472279 0.000000
610183.859022 2484591.254886 0.000000
610179.130769 2484593.037493 0.000000
610174.402515 2484594.820099 0.000000
610169.674262 2484596.602706 0.000000
610164.946008 2484598.385313 0.000000
610160.217755 2484600.167920 0.000000
610155.489501 2484601.950526 0.000000
610150.761247 2484603.733133 0.000000
610146.032994 2484605.515740 0.000000
610141.304740 2484607.298347 0.000000
610136.576487 2484609.080953 0.000000
610131.848233 2484610.863560 0.000000
610127.119980 2484612.646167 0.000000
610122.391726 2484614.428774 0.000000
610117.663473 2484616.211380 0.000000
610112.935219 2484617.993987 0.000000
610108.206965 2484619.776594 0.000000
610103.478712 2484621.559201 0.000000
610098.750458 2484623.341807 0.000000
610094.022205 2484625.124414 0.000000
610089.293951 2484626.907021 0.000000
610084.565698 2484628.689628 0.000000
610079.837444 2484630.472234 0.000000
610075.109191 2484632.254841 0.000000
610070.380937 2484634.037448 0.000000
610065.652683 2484635.820055 0.000000
610060.924430 2484637.602661 0.000000
610056.196176 2484639.385268 0.000000
610051.467923 2484641.167875 0.000000
610046.739669 2484642.950482 0.000000
610042.011416 2484644.733088 0.000000
610037.161423 2484646.133087 0.000000
610032.311431 2484647.533086 0.000000
610027.461438 2484648.933084 0.000000
610022.611445 2484650.333083 0.000000
610017.761453 2484651.733082 0.000000
610012.911460 2484653.133080 0.000000
610008.061468 2484654.533079 0.000000
610003.211475 2484655.933078 0.000000
609998.361483 2484657.333076 0.000000
609993.511490 2484658.733075 0.000000
609988.661498 2484660.133073 0.000000
609983.811505 2484661.533072 0.000000
609978.961512 2484662.933071 0.000000
609974.111520 2484664.333069 0.000000
609969.261527 2484665.733068 0.000000
609964.411535 2484667.133067 0.000000
609959.561542 2484668.533065 0.000000
609954.711550 2484669.933064 0.000000
609949.861557 2484671.333063 0.000000
609945.011564 2484672.733061 0.000000
609940.161572 2484674.133060 0.000000
609935.311579 2484675.533059 0.000000
609930.461587 2484676.933057 0.000000
609925.611594 2484678.333056 0.000000
609920.761602 2484679.733054 0.000000
609915.911609 2484681.133053 0.000000
609911.061617 2484682.533052 0.000000
609906.211624 2484683.933050 0.000000
609901.361631 2484685.333049 0.000000
609896.511639 2484686.733048 0.000000
609891.661646 2484688.133046 0.000000
609886.811654 2484689.533045 0.000000
609881.961661 2484690.933044 0.000000
609877.111669 2484692.333042 0.000000
609872.261676 2484693.733041 0.000000
609867.411683 2484695.133040 0.000000
609862.561691 2484696.533038 0.000000
609857.711698 2484697.933037 0.000000
609852.861706 2484699.333035 0.000000
609848.011713 2484700.733034 0.000000
609843.054274 2484701.733033 0.000000
609838.096835 2484702.733033 0.000000
609833.139395 2484703.733032 0.000000
609828.181956 2484704.733031 0.000000
609823.224517 2484705.733030 0.000000
609818.267078 2484706.733030 0.000000
609813.309638 2484707.733029 0.000000
609808.352199 2484708.733028 0.000000
609803.394760 2484709.733027 0.000000
609798.437321 2484710.733027 0.000000
609793.479881 2484711.733026 0.000000
609788.522442 2484712.733025 0.000000
609783.565003 2484713.733024 0.000000
609778.607563 2484714.733024 0.000000
609773.650124 2484715.733023 0.000000
609768.692685 2484716.733022 0.000000
609763.735246 2484717.733021 0.000000
609758.777806 2484718.733021 0.000000
609753.820367 2484719.733020 0.000000
609748.862928 2484720.733019 0.000000
609743.905489 2484721.733019 0.000000
609738.948049 2484722.733018 0.000000
609733.990610 2484723.733017 0.000000
609729.033171 2484724.733016 0.000000
609724.075731 2484725.733016 0.000000
609719.118292 2484726.733015 0.000000
609714.160853 2484727.733014 0.000000
609709.203414 2484728.733013 0.000000
609704.245974 2484729.733013 0.000000
609699.288535 2484730.733012 0.000000
609694.331096 2484731.733011 0.000000
609689.373657 2484732.733010 0.000000
609684.416217 2484733.733010 0.000000
609679.458778 2484734.733009 0.000000
609674.501339 2484735.733008 0.000000
609669.543899 2484736.733007 0.000000
609664.586460 2484737.733007 0.000000
609659.629021 2484738.733006 0.000000
609654.671582 2484739.733005 0.000000
609649.714142 2484740.733004 0.000000
609644.756703 2484741.733004 0.000000
609639.799264 2484742.733003 0.000000
609634.841825 2484743.733002 0.000000
609629.884385 2484744.733001 0.000000
609624.926946 2484745.733001 0.000000
609619.969507 2484746.733000 0.000000
609615.012067 2484747.732999 0.000000
609610.045042 2484748.293439 0.000000
609605.078016 2484748.853878 0.000000
609600.110991 2484749.414318 0.000000
609595.143966 2484749.974757 0.000000
609590.176940 2484750.535197 0.000000
609585.209915 2484751.095636 0.000000
609580.242889 2484751.656076 0.000000
609575.275864 2484752.216515 0.000000
609570.308838 2484752.776954 0.000000
609565.341813 2484753.337394 0.000000
609560.374787 2484753.897833 0.000000
609555.407762 2484754.458273 0.000000
609550.440736 2484755.018712 0.000000
609545.473711 2484755.579152 0.000000
609540.506685 2484756.139591 0.000000
609535.539660 2484756.700031 0.000000
609530.572634 2484757.260470 0.000000
609525.605609 2484757.820910 0.000000
609520.638583 2484758.381349 0.000000
609515.671558 2484758.941789 0.000000
609510.704532 2484759.502228 0.000000
609505.737507 2484760.062668 0.000000
609500.770481 2484760.623107 0.000000
609495.803456 2484761.183547 0.000000
609490.836430 2484761.743986 0.000000
609485.869405 2484762.304426 0.000000
609480.902379 2484762.864865 0.000000
609475.935354 2484763.425304 0.000000
609470.968328 2484763.985744 0.000000
609466.001303 2484764.546183 0.000000
609461.034277 2484765.106623 0.000000
609456.067252 2484765.667062 0.000000
609451.100226 2484766.227502 0.000000
609446.133201 2484766.787941 0.000000
609441.166176 2484767.348381 0.000000
609436.199150 2484767.908820 0.000000
609431.232125 2484768.469260 0.000000
609426.265099 2484769.029699 0.000000
609421.298074 2484769.590139 0.000000
609416.331048 2484770.150578 0.000000
609411.364023 2484770.711018 0.000000
609406.396997 2484771.271457 0.000000
609401.429972 2484771.831897 0.000000
609396.462946 2484772.392336 0.000000
609391.495921 2484772.952776 0.000000
609386.528895 2484773.513215 0.000000
609381.561870 2484774.073655 0.000000
609376.594844 2484774.634094 0.000000
609371.627819 2484775.194533 0.000000
609366.660793 2484775.754973 0.000000
609361.693768 2484776.315412 0.000000
609356.726742 2484776.875852 0.000000
609351.759717 2484777.436291 0.000000
609346.792691 2484777.996731 0.000000
609341.825666 2484778.557170 0.000000
609336.858640 2484779.117610 0.000000
609331.891615 2484779.678049 0.000000
609326.924589 2484780.238489 0.000000
609321.957564 2484780.798928 0.000000
609316.990538 2484781.359368 0.000000
609312.023513 2484781.919807 0.000000
609307.056487 2484782.480247 0.000000
609302.089462 2484783.040686 0.000000
609297.122437 2484783.601126 0.000000
609292.155411 2484784.161565 0.000000
609287.188386 2484784.722005 0.000000
609282.221360 2484785.282444 0.000000
609277.254335 2484785.842883 0.000000
609272.287309 2484786.403323 0.000000
609267.320284 2484786.963762 0.000000
609262.353258 2484787.524202 0.000000
609257.386233 2484788.084641 0.000000
609252.419207 2484788.645081 0.000000
609247.452182 2484789.205520 0.000000
609242.485156 2484789.765960 0.000000
609237.518131 2484790.326399 0.000000
609232.551105 2484790.886839 0.000000
609227.584080 2484791.447278 0.000000
609222.617054 2484792.007718 0.000000
609217.650029 2484792.568157 0.000000
609212.683003 2484793.128597 0.000000
609207.715978 2484793.689036 0.000000
609202.748952 2484794.249476 0.000000
609197.781927 2484794.809915 0.000000
609192.814901 2484795.370355 0.000000
609187.847876 2484795.930794 0.000000
609182.880850 2484796.491234 0.000000
609177.913825 2484797.051673 0.000000
609172.946799 2484797.612112 0.000000
609167.979774 2484798.172552 0.000000
609163.012748 2484798.732991 0.000000
609158.012756 2484799.405122 0.000000
609153.012764 2484800.077253 0.000000
609148.012771 2484800.749384 0.000000
609143.012779 2484801.421515 0.000000
609138.012786 2484802.093646 0.000000
609133.012794 2484802.765777 0.000000
609128.012801 2484803.437908 0.000000
609123.012809 2484804.110039 0.000000
609118.012816 2484804.782169 0.000000
609113.012824 2484805.454300 0.000000
609108.012831 2484806.126431 0.000000
609103.012839 2484806.798562 0.000000
609098.012847 2484807.470693 0.000000
609093.012854 2484808.142824 0.000000
609088.012862 2484808.814955 0.000000
609083.012869 2484809.487086 0.000000
609078.012877 2484810.159217 0.000000
609073.012884 2484810.831348 0.000000
609068.012892 2484811.503478 0.000000
609063.012899 2484812.175609 0.000000
609058.012907 2484812.847740 0.000000
609053.012915 2484813.519871 0.000000
609048.012922 2484814.192002 0.000000
609043.012930 2484814.864133 0.000000
609038.012937 2484815.536264 0.000000
609033.012945 2484816.208395 0.000000
609028.012952 2484816.880526 0.000000
609023.012960 2484817.552657 0.000000
609018.012967 2484818.224787 0.000000
609013.012975 2484818.896918 0.000000
609008.012982 2484819.569049 0.000000
609003.012990 2484820.241180 0.000000
608998.012998 2484820.913311 0.000000
608993.013005 2484821.585442 0.000000
608988.013013 2484822.257573 0.000000
608983.013020 2484822.929704 0.000000
608978.013028 2484823.601835 0.000000
608973.013035 2484824.273966 0.000000
608968.013043 2484824.946096 0.000000
608963.013050 2484825.618227 0.000000
608958.013058 2484826.290358 0.000000
608953.013066 2484826.962489 0.000000
608948.013073 2484827.634620 0.000000
608943.013081 2484828.306751 0.000000
608938.013088 2484828.978882 0.000000
608933.013096 2484829.651013 0.000000
608928.013103 2484830.323144 0.000000
608923.013111 2484830.995274 0.000000
608918.013118 2484831.667405 0.000000
608913.013126 2484832.339536 0.000000
608908.013133 2484833.011667 0.000000
608903.013141 2484833.683798 0.000000
608898.013149 2484834.355929 0.000000
608893.013156 2484835.028060 0.000000
608888.013164 2484835.700191 0.000000
608883.013171 2484836.372322 0.000000
608878.013179 2484837.044453 0.000000
608873.013186 2484837.716583 0.000000
608868.013194 2484838.388714 0.000000
608863.013201 2484839.060845 0.000000
608858.013209 2484839.732976 0.000000
608853.090140 2484840.861180 0.000000
608848.167070 2484841.989385 0.000000
608843.244001 2484843.117589 0.000000
608838.320931 2484844.245793 0.000000
608833.397862 2484845.373997 0.000000
608828.474792 2484846.502201 0.000000
608823.551723 2484847.630405 0.000000
608818.628654 2484848.758610 0.000000
608813.705584 2484849.886814 0.000000
608808.782515 2484851.015018 0.000000
608803.859445 2484852.143222 0.000000
608798.936376 2484853.271426 0.000000
608794.013306 2484854.399631 0.000000
608789.090237 2484855.527835 0.000000
608784.167168 2484856.656039 0.000000
608779.244098 2484857.784243 0.000000
608774.321029 2484858.912447 0.000000
608769.397959 2484860.040651 0.000000
608764.474890 2484861.168856 0.000000
608759.551821 2484862.297060 0.000000
608754.628751 2484863.425264 0.000000
608749.705682 2484864.553468 0.000000
608744.782612 2484865.681672 0.000000
608739.859543 2484866.809876 0.000000
608734.936473 2484867.938081 0.000000
608730.013404 2484869.066285 0.000000
608725.090335 2484870.194489 0.000000
608720.167265 2484871.322693 0.000000
608715.244196 2484872.450897 0.000000
608710.321126 2484873.579102 0.000000
608705.398057 2484874.707306 0.000000
608700.474988 2484875.835510 0.000000
608695.551918 2484876.963714 0.000000
608690.628849 2484878.091918 0.000000
608685.705779 2484879.220122 0.000000
608680.782710 2484880.348327 0.000000
608675.859640 2484881.476531 0.000000
608670.936571 2484882.604735 0.000000
608666.013502 2484883.732939 0.000000
608661.254888 2484885.457075 0.000000
608656.496275 2484887.181211 0.000000
608651.737662 2484888.905347 0.000000
608646.979048 2484890.629483 0.000000
608642.220435 2484892.353620 0.000000
608637.461822 2484894.077756 0.000000
608632.703208 2484895.801892 0.000000
608627.944595 2484897.526028 0.000000
608623.185981 2484899.250164 0.000000
608618.427368 2484900.974300 0.000000
608613.668755 2484902.698436 0.000000
608608.910141 2484904.422572 0.000000
608604.151528 2484906.146708 0.000000
608599.392915 2484907.870844 0.000000
608594.634301 2484909.594980 0.000000
608589.875688 2484911.319116 0.000000
608585.117075 2484913.043252 0.000000
608580.358461 2484914.767388 0.000000
608575.599848 2484916.491524 0.000000
608570.841235 2484918.215661 0.000000
608566.082621 2484919.939797 0.000000
608561.324008 2484921.663933 0.000000
608556.565395 2484923.388069 0.000000
608551.806781 2484925.112205 0.000000
608547.048168 2484926.836341 0.000000
608542.289555 2484928.560477 0.000000
608537.530941 2484930.284613 0.000000
608532.772328 2484932.008749 0.000000
608528.013715 2484933.732885 0.000000
608523.418484 2484935.828121 0.000000
608518.823253 2484937.923356 0.000000
608514.228022 2484940.018592 0.000000
608509.632791 2484942.113828 0.000000
608505.037560 2484944.209063 0.000000
608500.442329 2484946.304299 0.000000
608495.847098 2484948.399535 0.000000
608491.251867 2484950.494770 0.000000
608486.656636 2484952.590006 0.000000
608482.061405 2484954.685242 0.000000
608477.466174 2484956.780477 0.000000
608472.870943 2484958.875713 0.000000
608468.275712 2484960.970949 0.000000
608463.680482 2484963.066184 0.000000
608459.085251 2484965.161420 0.000000
608454.490020 2484967.256655 0.000000
608449.894789 2484969.351891 0.000000
608445.299558 2484971.447127 0.000000
608440.704327 2484973.542362 0.000000
608436.109096 2484975.637598 0.000000
608431.513865 2484977.732834 0.000000
608426.918634 2484979.828069 0.000000
608422.323403 2484981.923305 0.000000
608417.728172 2484984.018541 0.000000
608413.132941 2484986.113776 0.000000
608408.537710 2484988.209012 0.000000
608403.942479 2484990.304248 0.000000
608399.347248 2484992.399483 0.000000
608394.752018 2484994.494719 0.000000
608390.156787 2484996.589955 0.000000
608385.561556 2484998.685190 0.000000
608380.966325 2485000.780426 0.000000
608376.371094 2485002.875661 0.000000
608371.775863 2485004.970897 0.000000
608367.180632 2485007.066133 0.000000
608362.585401 2485009.161368 0.000000
608357.990170 2485011.256604 0.000000
608353.394939 2485013.351840 0.000000
608348.799708 2485015.447075 0.000000
608344.204477 2485017.542311 0.000000
608339.609246 2485019.637547 0.000000
608335.014015 2485021.732782 0.000000
608330.563318 2485024.098977 0.000000
608326.112621 2485026.465171 0.000000
608321.661924 2485028.831365 0.000000
608317.211226 2485031.197560 0.000000
608312.760529 2485033.563754 0.000000
608308.309832 2485035.929948 0.000000
608303.859135 2485038.296142 0.000000
608299.408437 2485040.662337 0.000000
608294.957740 2485043.028531 0.000000
608290.507043 2485045.394725 0.000000
608286.056346 2485047.760920 0.000000
608281.605648 2485050.127114 0.000000
608277.154951 2485052.493308 0.000000
608272.704254 2485054.859503 0.000000
608268.253557 2485057.225697 0.000000
608263.802859 2485059.591891 0.000000
608259.352162 2485061.958085 0.000000
608254.901465 2485064.324280 0.000000
608250.450768 2485066.690474 0.000000
608246.000071 2485069.056668 0.000000
608241.549373 2485071.422863 0.000000
608237.098676 2485073.789057 0.000000
608232.647979 2485076.155251 0.000000
608228.197282 2485078.521446 0.000000
608223.746584 2485080.887640 0.000000
608219.295887 2485083.253834 0.000000
608214.845190 2485085.620029 0.000000
608210.394493 2485087.986223 0.000000
608205.943795 2485090.352417 0.000000
608201.493098 2485092.718611 0.000000
608197.042401 2485095.084806 0.000000
608192.591704 2485097.451000 0.000000
608188.141006 2485099.817194 0.000000
608183.690309 2485102.183389 0.000000
608179.239612 2485104.549583 0.000000
608174.788915 2485106.915777 0.000000
608170.338217 2485109.281972 0.000000
608165.887520 2485111.648166 0.000000
608161.436823 2485114.014360 0.000000
608156.986126 2485116.380555 0.000000
608152.535428 2485118.746749 0.000000
608148.084731 2485121.112943 0.000000
608143.634034 2485123.479137 0.000000
608139.183337 2485125.845332 0.000000
608134.732639 2485128.211526 0.000000
608130.281942 2485130.577720 0.000000
608125.831245 2485132.943915 0.000000
608121.380548 2485135.310109 0.000000
608116.929851 2485137.676303 0.000000
608112.479153 2485140.042498 0.000000
608108.028456 2485142.408692 0.000000
608103.577759 2485144.774886 0.000000
608099.127062 2485147.141081 0.000000
608094.676364 2485149.507275 0.000000
608090.225667 2485151.873469 0.000000
608085.774970 2485154.239663 0.000000
608081.324273 2485156.605858 0.000000
608076.873575 2485158.972052 0.000000
608072.422878 2485161.338246 0.000000
608067.972181 2485163.704441 0.000000
608063.521484 2485166.070635 0.000000
608059.070786 2485168.436829 0.000000
608054.620089 2485170.803024 0.000000
608050.169392 2485173.169218 0.000000
608045.718695 2485175.535412 0.000000
608041.267997 2485177.901606 0.000000
608036.817300 2485180.267801 0.000000
608032.366603 2485182.633995 0.000000
608027.915906 2485185.000189 0.000000
608023.465208 2485187.366384 0.000000
608019.014511 2485189.732578 0.000000
608014.478804 2485191.982575 0.000000
608009.943097 2485194.232573 0.000000
608005.407390 2485196.482570 0.000000
608000.871682 2485198.732567 0.000000
607996.335975 2485200.982565 0.000000
607991.800268 2485203.232562 0.000000
607987.264561 2485205.482559 0.000000
607982.728854 2485207.732556 0.000000
607978.193146 2485209.982554 0.000000
607973.657439 2485212.232551 0.000000
607969.121732 2485214.482548 0.000000
607964.586025 2485216.732546 0.000000
607960.050318 2485218.982543 0.000000
607955.514610 2485221.232540 0.000000
607950.978903 2485223.482538 0.000000
607946.443196 2485225.732535 0.000000
607941.907489 2485227.982532 0.000000
607937.371782 2485230.232530 0.000000
607932.836075 2485232.482527 0.000000
607928.300367 2485234.732524 0.000000
607923.764660 2485236.982522 0.000000
607919.228953 2485239.232519 0.000000
607914.693246 2485241.482516 0.000000
607910.157539 2485243.732513 0.000000
607905.621831 2485245.982511 0.000000
607901.086124 2485248.232508 0.000000
607896.550417 2485250.482505 0.000000
607892.014710 2485252.732503 0.000000
607887.348050 2485254.637262 0.000000
607882.681391 2485256.542022 0.000000
607878.014731 2485258.446782 0.000000
607873.348072 2485260.351542 0.000000
607868.681413 2485262.256301 0.000000
607864.014753 2485264.161061 0.000000
607859.348094 2485266.065821 0.000000
607854.681434 2485267.970581 0.000000
607850.014775 2485269.875340 0.000000
607845.348115 2485271.780100 0.000000
607840.681456 2485273.684860 0.000000
607836.014797 2485275.589620 0.000000
607831.348137 2485277.494379 0.000000
607826.681478 2485279.399139 0.000000
607822.014818 2485281.303899 0.000000
607817.348159 2485283.208659 0.000000
607812.681499 2485285.113418 0.000000
607808.014840 2485287.018178 0.000000
607803.348181 2485288.922938 0.000000
607798.681521 2485290.827698 0.000000
607794.014862 2485292.732457 0.000000
607789.164869 2485294.232456 0.000000
607784.314877 2485295.732454 0.000000
607779.464884 2485297.232453 0.000000
607774.614891 2485298.732451 0.000000
607769.764899 2485300.232450 0.000000
607764.914906 2485301.732448 0.000000
607760.064914 2485303.232447 0.000000
607755.214921 2485304.732445 0.000000
607750.364929 2485306.232444 0.000000
607745.514936 2485307.732442 0.000000
607740.664944 2485309.232441 0.000000
607735.814951 2485310.732439 0.000000
607730.964958 2485312.232438 0.000000
607726.114966 2485313.732436 0.000000
607721.264973 2485315.232435 0.000000
607716.414981 2485316.732433 0.000000
607711.564988 2485318.232432 0.000000
607706.714996 2485319.732430 0.000000
607701.865003 2485321.232428 0.000000
607697.015011 2485322.732427 0.000000
607692.058496 2485323.558513 0.000000
607687.101982 2485324.384600 0.000000
607682.145468 2485325.210686 0.000000
607677.188954 2485326.036773 0.000000
607672.232439 2485326.862859 0.000000
607667.275925 2485327.688946 0.000000
607662.319411 2485328.515032 0.000000
607657.362897 2485329.341119 0.000000
607652.406382 2485330.167205 0.000000
607647.449868 2485330.993292 0.000000
607642.493354 2485331.819378 0.000000
607637.536840 2485332.645464 0.000000
607632.580326 2485333.471551 0.000000
607627.623811 2485334.297637 0.000000
607622.667297 2485335.123724 0.000000
607617.710783 2485335.949810 0.000000
607612.754269 2485336.775897 0.000000
607607.797754 2485337.601983 0.000000
607602.841240 2485338.428070 0.000000
607597.884726 2485339.254156 0.000000
607592.928212 2485340.080243 0.000000
607587.971697 2485340.906329 0.000000
607583.015183 2485341.732416 0.000000
607577.978154 2485341.880564 0.000000
607572.941124 2485342.028713 0.000000
607567.904095 2485342.176862 0.000000
607562.867065 2485342.325010 0.000000
607557.830036 2485342.473159 0.000000
607552.793006 2485342.621308 0.000000
607547.755977 2485342.769456 0.000000
607542.718947 2485342.917605 0.000000
607537.681918 2485343.065754 0.000000
607532.644888 2485343.213902 0.000000
607527.607859 2485343.362051 0.000000
607522.570829 2485343.510200 0.000000
607517.533799 2485343.658348 0.000000
607512.496770 2485343.806497 0.000000
607507.459740 2485343.954646 0.000000
607502.422711 2485344.102794 0.000000
607497.385681 2485344.250943 0.000000
607492.348652 2485344.399092 0.000000
607487.311622 2485344.547240 0.000000
607482.274593 2485344.695389 0.000000
607477.237563 2485344.843538 0.000000
607472.200534 2485344.991686 0.000000
607467.163504 2485345.139835 0.000000
607462.126475 2485345.287984 0.000000
607457.089445 2485345.436132 0.000000
607452.052416 2485345.584281 0.000000
607447.015386 2485345.732430 0.000000
607441.973727 2485345.232431 0.000000
607436.932068 2485344.732433 0.000000
607431.890409 2485344.232434 0.000000
607426.848749 2485343.732436 0.000000
607421.807090 2485343.232437 0.000000
607416.765431 2485342.732439 0.000000
607411.723772 2485342.232440 0.000000
607406.682112 2485341.732442 0.000000
607401.640453 2485341.232443 0.000000
607396.598794 2485340.732445 0.000000
607391.557135 2485340.232446 0.000000
607386.515475 2485339.732448 0.000000
607381.473816 2485339.232449 0.000000
607376.432157 2485338.732451 0.000000
607371.390498 2485338.232452 0.000000
607366.348839 2485337.732454 0.000000
607361.307179 2485337.232455 0.000000
607356.265520 2485336.732457 0.000000
607351.223861 2485336.232458 0.000000
607346.182202 2485335.732460 0.000000
607341.140542 2485335.232461 0.000000
607336.098883 2485334.732463 0.000000
607331.057224 2485334.232464 0.000000
607326.015565 2485333.732466 0.000000
607321.042969 2485332.869454 0.000000
607316.070374 2485332.006443 0.000000
607311.097778 2485331.143431 0.000000
607306.125183 2485330.280419 0.000000
607301.152587 2485329.417408 0.000000
607296.179992 2485328.554396 0.000000
607291.207396 2485327.691384 0.000000
607286.234801 2485326.828373 0.000000
607281.262205 2485325.965361 0.000000
607276.289610 2485325.102349 0.000000
607271.317015 2485324.239338 0.000000
607266.344419 2485323.376326 0.000000
607261.371824 2485322.513314 0.000000
607256.399228 2485321.650303 0.000000
607251.426633 2485320.787291 0.000000
607246.454037 2485319.924279 0.000000
607241.481442 2485319.061268 0.000000
607236.508846 2485318.198256 0.000000
607231.536251 2485317.335244 0.000000
607226.563655 2485316.472233 0.000000
607221.591060 2485315.609221 0.000000
607216.618464 2485314.746209 0.000000
607211.645869 2485313.883198 0.000000
607206.673274 2485313.020186 0.000000
607201.700678 2485312.157174 0.000000
607196.728083 2485311.294163 0.000000
607191.755487 2485310.431151 0.000000
607186.782892 2485309.568139 0.000000
607181.810296 2485308.705128 0.000000
607176.837701 2485307.842116 0.000000
607171.865105 2485306.979104 0.000000
607166.892510 2485306.116093 0.000000
607161.919914 2485305.253081 0.000000
607156.947319 2485304.390069 0.000000
607151.974723 2485303.527058 0.000000
607147.002128 2485302.664046 0.000000
607142.029532 2485301.801034 0.000000
607137.056937 2485300.938023 0.000000
607132.084342 2485300.075011 0.000000
607127.111746 2485299.211999 0.000000
607122.139151 2485298.348988 0.000000
607117.166555 2485297.485976 0.000000
607112.193960 2485296.622964 0.000000
607107.221364 2485295.759953 0.000000
607102.248769 2485294.896941 0.000000
607097.276173 2485294.033929 0.000000
607092.303578 2485293.170918 0.000000
607087.330982 2485292.307906 0.000000
607082.358387 2485291.444894 0.000000
607077.385791 2485290.581883 0.000000
607072.413196 2485289.718871 0.000000
607067.440601 2485288.855859 0.000000
607062.468005 2485287.992848 0.000000
607057.495410 2485287.129836 0.000000
607052.522814 2485286.266824 0.000000
607047.550219 2485285.403813 0.000000
607042.577623 2485284.540801 0.000000
607037.605028 2485283.677789 0.000000
607032.632432 2485282.814778 0.000000
607027.659837 2485281.951766 0.000000
607022.687241 2485281.088754 0.000000
607017.714646 2485280.225743 0.000000
607012.742050 2485279.362731 0.000000
607007.769455 2485278.499719 0.000000
607002.796859 2485277.636708 0.000000
606997.824264 2485276.773696 0.000000
606992.851669 2485275.910684 0.000000
606987.879073 2485275.047673 0.000000
606982.906478 2485274.184661 0.000000
606977.933882 2485273.321649 0.000000
606972.961287 2485272.458638 0.000000
606967.988691 2485271.595626 0.000000
606963.016096 2485270.732614 0.000000
606958.016103 2485270.022090 0.000000
606953.016110 2485269.311565 0.000000
606948.016118 2485268.601041 0.000000
606943.016125 2485267.890516 0.000000
606938.016132 2485267.179992 0.000000
606933.016140 2485266.469467 0.000000
606928.016147 2485265.758943 0.000000
606923.016155 2485265.048418 0.000000
606918.016162 2485264.337894 0.000000
606913.016169 2485263.627369 0.000000
606908.016177 2485262.916845 0.000000
606903.016184 2485262.206320 0.000000
606898.016191 2485261.495796 0.000000
606893.016199 2485260.785271 0.000000
606888.016206 2485260.074747 0.000000
606883.016213 2485259.364222 0.000000
606878.016221 2485258.653698 0.000000
606873.016228 2485257.943173 0.000000
606868.016235 2485257.232649 0.000000
606863.016243 2485256.522124 0.000000
606858.016250 2485255.811600 0.000000
606853.016257 2485255.101075 0.000000
606848.016265 2485254.390551 0.000000
606843.016272 2485253.680026 0.000000
606838.016279 2485252.969502 0.000000
606833.016287 2485252.258977 0.000000
606828.016294 2485251.548453 0.000000
606823.016301 2485250.837928 0.000000
606818.016309 2485250.127403 0.000000
606813.016316 2485249.416879 0.000000
606808.016323 2485248.706354 0.000000
606803.016331 2485247.995830 0.000000
606798.016338 2485247.285305 0.000000
606793.016345 2485246.574781 0.000000
606788.016353 2485245.864256 0.000000
606783.016360 2485245.153732 0.000000
606778.016367 2485244.443207 0.000000
606773.016375 2485243.732683 0.000000
606768.016382 2485243.232684 0.000000
606763.016389 2485242.732686 0.000000
606758.016397 2485242.232687 0.000000
606753.016404 2485241.732689 0.000000
606748.016412 2485241.232690 0.000000
606743.016419 2485240.732692 0.000000
606738.016426 2485240.232693 0.000000
606733.016434 2485239.732695 0.000000
606728.016441 2485239.232696 0.000000
606723.016448 2485238.732698 0.000000
606718.016456 2485238.232699 0.000000
606713.016463 2485237.732701 0.000000
606708.016471 2485237.232702 0.000000
606703.016478 2485236.732704 0.000000
606698.016485 2485236.232705 0.000000
606693.016493 2485235.732707 0.000000
606688.016500 2485235.232708 0.000000
606683.016507 2485234.732710 0.000000
606678.016515 2485234.232711 0.000000
606673.016522 2485233.732713 0.000000
606668.016530 2485233.232714 0.000000
606663.016537 2485232.732716 0.000000
606657.962490 2485232.570555 0.000000
606652.908444 2485232.408393 0.000000
606647.854397 2485232.246232 0.000000
606642.800351 2485232.084071 0.000000
606637.746304 2485231.921910 0.000000
606632.692258 2485231.759749 0.000000
606627.638211 2485231.597587 0.000000
606622.584164 2485231.435426 0.000000
606617.530118 2485231.273265 0.000000
606612.476071 2485231.111104 0.000000
606607.422025 2485230.948943 0.000000
606602.367978 2485230.786782 0.000000
606597.313932 2485230.624620 0.000000
606592.259885 2485230.462459 0.000000
606587.205839 2485230.300298 0.000000
606582.151792 2485230.138137 0.000000
606577.097746 2485229.975976 0.000000
606572.043699 2485229.813815 0.000000
606566.989652 2485229.651653 0.000000
606561.935606 2485229.489492 0.000000
606556.881559 2485229.327331 0.000000
606551.827513 2485229.165170 0.000000
606546.773466 2485229.003009 0.000000
606541.719420 2485228.840848 0.000000
606536.665373 2485228.678686 0.000000
606531.611327 2485228.516525 0.000000
606526.557280 2485228.354364 0.000000
606521.503233 2485228.192203 0.000000
606516.449187 2485228.030042 0.000000
606511.395140 2485227.867881 0.000000
606506.341094 2485227.705719 0.000000
606501.287047 2485227.543558 0.000000
606496.233001 2485227.381397 0.000000
606491.178954 2485227.219236 0.000000
606486.124908 2485227.057075 0.000000
606481.070861 2485226.894914 0.000000
606476.016814 2485226.732752 0.000000
606471.016822 2485227.005480 0.000000
606466.016829 2485227.278208 0.000000
606461.016837 2485227.550935 0.000000
606456.016844 2485227.823663 0.000000
606451.016852 2485228.096390 0.000000
606446.016859 2485228.369118 0.000000
606441.016867 2485228.641846 0.000000
606436.016874 2485228.914573 0.000000
606431.016882 2485229.187301 0.000000
606426.016889 2485229.460028 0.000000
606421.016897 2485229.732756 0.000000
606416.016904 2485230.005484 0.000000
606411.016912 2485230.278211 0.000000
606406.016919 2485230.550939 0.000000
606401.016927 2485230.823666 0.000000
606396.016934 2485231.096394 0.000000
606391.016942 2485231.369122 0.000000
606386.016949 2485231.641849 0.000000
606381.016957 2485231.914577 0.000000
606376.016964 2485232.187304 0.000000
606371.016972 2485232.460032 0.000000
606366.016979 2485232.732760 0.000000
606361.016987 2485233.369123 0.000000
606356.016994 2485234.005486 0.000000
606351.017002 2485234.641850 0.000000
606346.017009 2485235.278213 0.000000
606341.017017 2485235.914577 0.000000
606336.017024 2485236.550940 0.000000
606331.017032 2485237.187304 0.000000
606326.017039 2485237.823667 0.000000
606321.017047 2485238.460030 0.000000
606316.017055 2485239.096394 0.000000
606311.017062 2485239.732757 0.000000
606306.017070 2485240.369121 0.000000
606301.017077 2485241.005484 0.000000
606296.017085 2485241.641847 0.000000
606291.017092 2485242.278211 0.000000
606286.017100 2485242.914574 0.000000
606281.017107 2485243.550938 0.000000
606276.017115 2485244.187301 0.000000
606271.017122 2485244.823665 0.000000
606266.017130 2485245.460028 0.000000
606261.017138 2485246.096391 0.000000
606256.017145 2485246.732755 0.000000
606251.082193 2485247.524082 0.000000
606246.147241 2485248.315410 0.000000
606241.212289 2485249.106737 0.000000
606236.277338 2485249.898065 0.000000
606231.342386 2485250.689392 0.000000
606226.407434 2485251.480720 0.000000
606221.472482 2485252.272047 0.000000
606216.537530 2485253.063374 0.000000
606211.602578 2485253.854702 0.000000
606206.667626 2485254.646029 0.000000
606201.732674 2485255.437357 0.000000
606196.797722 2485256.228684 0.000000
606191.862771 2485257.020012 0.000000
606186.927819 2485257.811339 0.000000
606181.992867 2485258.602667 0.000000
606177.057915 2485259.393994 0.000000
606172.122963 2485260.185321 0.000000
606167.188011 2485260.976649 0.000000
606162.253059 2485261.767976 0.000000
606157.318107 2485262.559304 0.000000
606152.383155 2485263.350631 0.000000
606147.448204 2485264.141959 0.000000
606142.513252 2485264.933286 0.000000
606137.578300 2485265.724614 0.000000
606132.643348 2485266.515941 0.000000
606127.708396 2485267.307269 0.000000
606122.773444 2485268.098596 0.000000
606117.838492 2485268.889923 0.000000
606112.903540 2485269.681251 0.000000
606107.968589 2485270.472578 0.000000
606103.033637 2485271.263906 0.000000
606098.098685 2485272.055233 0.000000
606093.163733 2485272.846561 0.000000
606088.228781 2485273.637888 0.000000
606083.293829 2485274.429216 0.000000
606078.358877 2485275.220543 0.000000
606073.423925 2485276.011870 0.000000
606068.488973 2485276.803198 0.000000
606063.554022 2485277.594525 0.000000
606058.619070 2485278.385853 0.000000
606053.684118 2485279.177180 0.000000
606048.749166 2485279.968508 0.000000
606043.814214 2485280.759835 0.000000
606038.879262 2485281.551163 0.000000
606033.944310 2485282.342490 0.000000
606029.009358 2485283.133818 0.000000
606024.074406 2485283.925145 0.000000
606019.139455 2485284.716472 0.000000
606014.204503 2485285.507800 0.000000
606009.269551 2485286.299127 0.000000
606004.334599 2485287.090455 0.000000
605999.399647 2485287.881782 0.000000
605994.464695 2485288.673110 0.000000
605989.529743 2485289.464437 0.000000
605984.594791 2485290.255765 0.000000
605979.659840 2485291.047092 0.000000
605974.724888 2485291.838419 0.000000
605969.789936 2485292.629747 0.000000
605964.854984 2485293.421074 0.000000
605959.920032 2485294.212402 0.000000
605954.985080 2485295.003729 0.000000
605950.050128 2485295.795057 0.000000
605945.115176 2485296.586384 0.000000
605940.180224 2485297.377712 0.000000
605935.245273 2485298.169039 0.000000
605930.310321 2485298.960367 0.000000
605925.375369 2485299.751694 0.000000
605920.440417 2485300.543021 0.000000
605915.505465 2485301.334349 0.000000
605910.570513 2485302.125676 0.000000
605905.635561 2485302.917004 0.000000
605900.700609 2485303.708331 0.000000
605895.765657 2485304.499659 0.000000
605890.830706 2485305.290986 0.000000
605885.895754 2485306.082314 0.000000
605880.960802 2485306.873641 0.000000
605876.025850 2485307.664968 0.000000
605871.090898 2485308.456296 0.000000
605866.155946 2485309.247623 0.000000
605861.220994 2485310.038951 0.000000
605856.286042 2485310.830278 0.000000
605851.351090 2485311.621606 0.000000
605846.416139 2485312.412933 0.000000
605841.481187 2485313.204261 0.000000
605836.546235 2485313.995588 0.000000
605831.611283 2485314.786916 0.000000
605826.676331 2485315.578243 0.000000
605821.741379 2485316.369570 0.000000
605816.806427 2485317.160898 0.000000
605811.871475 2485317.952225 0.000000
605806.936524 2485318.743553 0.000000
605802.001572 2485319.534880 0.000000
605797.066620 2485320.326208 0.000000
605792.131668 2485321.117535 0.000000
605787.196716 2485321.908863 0.000000
605782.261764 2485322.700190 0.000000
605777.326812 2485323.491517 0.000000
605772.391860 2485324.282845 0.000000
605767.456908 2485325.074172 0.000000
605762.521957 2485325.865500 0.000000
605757.587005 2485326.656827 0.000000
605752.652053 2485327.448155 0.000000
605747.717101 2485328.239482 0.000000
605742.782149 2485329.030810 0.000000
605737.847197 2485329.822137 0.000000
605732.912245 2485330.613464 0.000000
605727.977293 2485331.404792 0.000000
605723.042341 2485332.196119 0.000000
605718.107390 2485332.987447 0.000000
605713.172438 2485333.778774 0.000000
605708.237486 2485334.570102 0.000000
605703.302534 2485335.361429 0.000000
605698.367582 2485336.152757 0.000000
605693.432630 2485336.944084 0.000000
605688.497678 2485337.735412 0.000000
605683.562726 2485338.526739 0.000000
605678.627775 2485339.318066 0.000000
605673.692823 2485340.109394 0.000000
605668.757871 2485340.900721 0.000000
605663.822919 2485341.692049 0.000000
605658.887967 2485342.483376 0.000000
605653.953015 2485343.274704 0.000000
605649.018063 2485344.066031 0.000000
605644.083111 2485344.857359 0.000000
605639.148159 2485345.648686 0.000000
605634.213208 2485346.440013 0.000000
605629.278256 2485347.231341 0.000000
605624.343304 2485348.022668 0.000000
605619.408352 2485348.813996 0.000000
605614.473400 2485349.605323 0.000000
605609.538448 2485350.396651 0.000000
605604.603496 2485351.187978 0.000000
605599.668544 2485351.979306 0.000000
605594.733592 2485352.770633 0.000000
605589.798641 2485353.561961 0.000000
605584.863689 2485354.353288 0.000000
605579.928737 2485355.144615 0.000000
605574.993785 2485355.935943 0.000000
605570.058833 2485356.727270 0.000000
605565.123881 2485357.518598 0.000000
605560.188929 2485358.309925 0.000000
605555.253977 2485359.101253 0.000000
605550.319026 2485359.892580 0.000000
605545.384074 2485360.683908 0.000000
605540.449122 2485361.475235 0.000000
605535.514170 2485362.266562 0.000000
605530.579218 2485363.057890 0.000000
605525.644266 2485363.849217 0.000000
605520.709314 2485364.640545 0.000000
605515.774362 2485365.431872 0.000000
605510.839410 2485366.223200 0.000000
605505.904459 2485367.014527 0.000000
605500.969507 2485367.805855 0.000000
605496.034555 2485368.597182 0.000000
605491.099603 2485369.388510 0.000000
605486.164651 2485370.179837 0.000000
605481.229699 2485370.971164 0.000000
605476.294747 2485371.762492 0.000000
605471.359795 2485372.553819 0.000000
605466.424843 2485373.345147 0.000000
605461.489892 2485374.136474 0.000000
605456.554940 2485374.927802 0.000000
605451.619988 2485375.719129 0.000000
605446.685036 2485376.510457 0.000000
605441.750084 2485377.301784 0.000000
605436.815132 2485378.093111 0.000000
605431.880180 2485378.884439 0.000000
605426.945228 2485379.675766 0.000000
605422.010277 2485380.467094 0.000000
605417.075325 2485381.258421 0.000000
605412.140373 2485382.049749 0.000000
605407.205421 2485382.841076 0.000000
605402.270469 2485383.632404 0.000000
605397.335517 2485384.423731 0.000000
605392.400565 2485385.215058 0.000000
605387.465613 2485386.006386 0.000000
605382.530661 2485386.797713 0.000000
605377.595710 2485387.589041 0.000000
605372.660758 2485388.380368 0.000000
605367.725806 2485389.171696 0.000000
605362.790854 2485389.963023 0.000000
605357.855902 2485390.754351 0.000000
605352.920950 2485391.545678 0.000000
605347.985998 2485392.337006 0.000000
605343.051046 2485393.128333 0.000000
605338.116094 2485393.919660 0.000000
605333.181143 2485394.710988 0.000000
605328.246191 2485395.502315 0.000000
605323.311239 2485396.293643 0.000000
605318.376287 2485397.084970 0.000000
605313.441335 2485397.876298 0.000000
605308.506383 2485398.667625 0.000000
605303.571431 2485399.458953 0.000000
605298.636479 2485400.250280 0.000000
605293.701527 2485401.041607 0.000000
605288.766576 2485401.832935 0.000000
605283.831624 2485402.624262 0.000000
605278.896672 2485403.415590 0.000000
605273.961720 2485404.206917 0.000000
605269.026768 2485404.998245 0.000000
605264.091816 2485405.789572 0.000000
605259.156864 2485406.580900 0.000000
605254.221912 2485407.372227 0.000000
605249.286961 2485408.163555 0.000000
605244.352009 2485408.954882 0.000000
605239.417057 2485409.746209 0.000000
605234.482105 2485410.537537 0.000000
605229.547153 2485411.328864 0.000000
605224.612201 2485412.120192 0.000000
605219.677249 2485412.911519 0.000000
605214.742297 2485413.702847 0.000000
605209.807345 2485414.494174 0.000000
605204.872394 2485415.285502 0.000000
605199.937442 2485416.076829 0.000000
605195.002490 2485416.868156 0.000000
605190.067538 2485417.659484 0.000000
605185.132586 2485418.450811 0.000000
605180.197634 2485419.242139 0.000000
605175.262682 2485420.033466 0.000000
605170.327730 2485420.824794 0.000000
605165.392778 2485421.616121 0.000000
605160.457827 2485422.407449 0.000000
605155.522875 2485423.198776 0.000000
605150.587923 2485423.990104 0.000000
605145.652971 2485424.781431 0.000000
605140.718019 2485425.572758 0.000000
605135.783067 2485426.364086 0.000000
605130.848115 2485427.155413 0.000000
605125.913163 2485427.946741 0.000000
605120.978212 2485428.738068 0.000000
605116.043260 2485429.529396 0.000000
605111.108308 2485430.320723 0.000000
605106.173356 2485431.112051 0.000000
605101.238404 2485431.903378 0.000000
605096.303452 2485432.694705 0.000000
605091.368500 2485433.486033 0.000000
605086.433548 2485434.277360 0.000000
605081.498596 2485435.068688 0.000000
605076.563645 2485435.860015 0.000000
605071.628693 2485436.651343 0.000000
605066.693741 2485437.442670 0.000000
605061.758789 2485438.233998 0.000000
605056.823837 2485439.025325 0.000000
605051.888885 2485439.816652 0.000000
605046.953933 2485440.607980 0.000000
605042.018981 2485441.399307 0.000000
605037.084029 2485442.190635 0.000000
605032.149078 2485442.981962 0.000000
605027.214126 2485443.773290 0.000000
605022.279174 2485444.564617 0.000000
605017.344222 2485445.355945 0.000000
605012.409270 2485446.147272 0.000000
605007.474318 2485446.938600 0.000000
605002.539366 2485447.729927 0.000000
604997.604414 2485448.521254 0.000000
604992.669463 2485449.312582 0.000000
604987.734511 2485450.103909 0.000000
604982.799559 2485450.895237 0.000000
604977.864607 2485451.686564 0.000000
604972.929655 2485452.477892 0.000000
604967.994703 2485453.269219 0.000000
604963.059751 2485454.060547 0.000000
604958.124799 2485454.851874 0.000000
604953.189847 2485455.643201 0.000000
604948.254896 2485456.434529 0.000000
604943.319944 2485457.225856 0.000000
604938.384992 2485458.017184 0.000000
604933.450040 2485458.808511 0.000000
604928.515088 2485459.599839 0.000000
604923.580136 2485460.391166 0.000000
604918.645184 2485461.182494 0.000000
604913.710232 2485461.973821 0.000000
604908.775280 2485462.765149 0.000000
604903.840329 2485463.556476 0.000000
604898.905377 2485464.347803 0.000000
604893.970425 2485465.139131 0.000000
604889.035473 2485465.930458 0.000000
604884.100521 2485466.721786 0.000000
604879.165569 2485467.513113 0.000000
604874.230617 2485468.304441 0.000000
604869.295665 2485469.095768 0.000000
604864.360714 2485469.887096 0.000000
604859.425762 2485470.678423 0.000000
604854.490810 2485471.469750 0.000000
604849.555858 2485472.261078 0.000000
604844.620906 2485473.052405 0.000000
604839.685954 2485473.843733 0.000000
604834.751002 2485474.635060 0.000000
604829.816050 2485475.426388 0.000000
604824.881098 2485476.217715 0.000000
604819.946147 2485477.009043 0.000000
604815.011195 2485477.800370 0.000000
604810.076243 2485478.591698 0.000000
604805.141291 2485479.383025 0.000000
604800.206339 2485480.174352 0.000000
604795.271387 2485480.965680 0.000000
604790.336435 2485481.757007 0.000000
604785.401483 2485482.548335 0.000000
604780.466531 2485483.339662 0.000000
604775.531580 2485484.130990 0.000000
604770.596628 2485484.922317 0.000000
604765.661676 2485485.713645 0.000000
604760.726724 2485486.504972 0.000000
604755.791772 2485487.296299 0.000000
604750.856820 2485488.087627 0.000000
604745.921868 2485488.878954 0.000000
604740.986916 2485489.670282 0.000000
604736.051964 2485490.461609 0.000000
604731.117013 2485491.252937 0.000000
604726.182061 2485492.044264 0.000000
604721.247109 2485492.835592 0.000000
604716.312157 2485493.626919 0.000000
604711.377205 2485494.418246 0.000000
604706.442253 2485495.209574 0.000000
604701.507301 2485496.000901 0.000000
604696.572349 2485496.792229 0.000000
604691.637398 2485497.583556 0.000000
604686.702446 2485498.374884 0.000000
604681.767494 2485499.166211 0.000000
604676.832542 2485499.957539 0.000000
604671.897590 2485500.748866 0.000000
604666.962638 2485501.540194 0.000000
604662.027686 2485502.331521 0.000000
604657.092734 2485503.122848 0.000000
604652.157782 2485503.914176 0.000000
604647.222831 2485504.705503 0.000000
604642.287879 2485505.496831 0.000000
604637.352927 2485506.288158 0.000000
604632.417975 2485507.079486 0.000000
604627.483023 2485507.870813 0.000000
604622.548071 2485508.662141 0.000000
604617.613119 2485509.453468 0.000000
604612.678167 2485510.244795 0.000000
604607.743215 2485511.036123 0.000000
604602.808264 2485511.827450 0.000000
604597.873312 2485512.618778 0.000000
604592.938360 2485513.410105 0.000000
604588.003408 2485514.201433 0.000000
604583.068456 2485514.992760 0.000000
604578.133504 2485515.784088 0.000000
604573.198552 2485516.575415 0.000000
604568.263600 2485517.366743 0.000000
604563.328649 2485518.158070 0.000000
604558.393697 2485518.949397 0.000000
604553.458745 2485519.740725 0.000000
604548.523793 2485520.532052 0.000000
604543.588841 2485521.323380 0.000000
604538.653889 2485522.114707 0.000000
604533.718937 2485522.906035 0.000000
604528.783985 2485523.697362 0.000000
604523.849033 2485524.488690 0.000000
604518.914082 2485525.280017 0.000000
604513.979130 2485526.071344 0.000000
604509.044178 2485526.862672 0.000000
604504.109226 2485527.653999 0.000000
604499.174274 2485528.445327 0.000000
604494.239322 2485529.236654 0.000000
604489.304370 2485530.027982 0.000000
604484.369418 2485530.819309 0.000000
604479.434466 2485531.610637 0.000000
604474.499515 2485532.401964 0.000000
604469.564563 2485533.193292 0.000000
604464.629611 2485533.984619 0.000000
604459.694659 2485534.775946 0.000000
604454.759707 2485535.567274 0.000000
604449.824755 2485536.358601 0.000000
604444.889803 2485537.149929 0.000000
604439.954851 2485537.941256 0.000000
604435.019900 2485538.732584 0.000000
604430.048478 2485539.361155 0.000000
604425.077057 2485539.989726 0.000000
604420.105636 2485540.618297 0.000000
604415.134215 2485541.246868 0.000000
604410.162794 2485541.875440 0.000000
604405.191373 2485542.504011 0.000000
604400.219952 2485543.132582 0.000000
604395.248531 2485543.761153 0.000000
604390.277110 2485544.389725 0.000000
604385.305689 2485545.018296 0.000000
604380.334268 2485545.646867 0.000000
604375.362847 2485546.275438 0.000000
604370.391426 2485546.904009 0.000000
604365.420004 2485547.532581 0.000000
604360.448583 2485548.161152 0.000000
604355.477162 2485548.789723 0.000000
604350.505741 2485549.418294 0.000000
604345.534320 2485550.046865 0.000000
604340.562899 2485550.675437 0.000000
604335.591478 2485551.304008 0.000000
604330.620057 2485551.932579 0.000000
604325.648636 2485552.561150 0.000000
604320.677215 2485553.189721 0.000000
604315.705794 2485553.818293 0.000000
604310.734373 2485554.446864 0.000000
604305.762952 2485555.075435 0.000000
604300.791530 2485555.704006 0.000000
604295.820109 2485556.332577 0.000000
604290.848688 2485556.961149 0.000000
604285.877267 2485557.589720 0.000000
604280.905846 2485558.218291 0.000000
604275.934425 2485558.846862 0.000000
604270.963004 2485559.475433 0.000000
604265.991583 2485560.104005 0.000000
604261.020162 2485560.732576 0.000000
604255.961346 2485561.056106 0.000000
604250.902530 2485561.379635 0.000000
604245.843714 2485561.703165 0.000000
604240.784898 2485562.026695 0.000000
604235.726082 2485562.350224 0.000000
604230.667266 2485562.673754 0.000000
604225.608450 2485562.997284 0.000000
604220.549634 2485563.320813 0.000000
604215.490818 2485563.644343 0.000000
604210.432002 2485563.967872 0.000000
604205.373186 2485564.291402 0.000000
604200.314370 2485564.614932 0.000000
604195.255554 2485564.938461 0.000000
604190.196739 2485565.261991 0.000000
604185.137923 2485565.585521 0.000000
604180.079107 2485565.909050 0.000000
604175.020291 2485566.232580 0.000000
604169.961475 2485566.556110 0.000000
604164.902659 2485566.879639 0.000000
604159.843843 2485567.203169 0.000000
604154.785027 2485567.526699 0.000000
604149.726211 2485567.850228 0.000000
604144.667395 2485568.173758 0.000000
604139.608579 2485568.497288 0.000000
604134.549763 2485568.820817 0.000000
604129.490947 2485569.144347 0.000000
604124.432131 2485569.467877 0.000000
604119.373315 2485569.791406 0.000000
604114.314499 2485570.114936 0.000000
604109.255683 2485570.438466 0.000000
604104.196867 2485570.761995 0.000000
604099.138051 2485571.085525 0.000000
604094.079235 2485571.409055 0.000000
604089.020420 2485571.732584 0.000000
604083.972808 2485571.708776 0.000000
604078.925196 2485571.684967 0.000000
604073.877585 2485571.661158 0.000000
604068.829973 2485571.637349 0.000000
604063.782362 2485571.613540 0.000000
604058.734750 2485571.589732 0.000000
604053.687139 2485571.565923 0.000000
604048.639527 2485571.542114 0.000000
604043.591916 2485571.518305 0.000000
604038.544304 2485571.494497 0.000000
604033.496693 2485571.470688 0.000000
604028.449081 2485571.446879 0.000000
604023.401470 2485571.423070 0.000000
604018.353858 2485571.399262 0.000000
604013.306246 2485571.375453 0.000000
604008.258635 2485571.351644 0.000000
604003.211023 2485571.327835 0.000000
603998.163412 2485571.304027 0.000000
603993.115800 2485571.280218 0.000000
603988.068189 2485571.256409 0.000000
603983.020577 2485571.232600 0.000000
603977.972966 2485571.208792 0.000000
603972.925354 2485571.184983 0.000000
603967.877743 2485571.161174 0.000000
603962.830131 2485571.137365 0.000000
603957.782520 2485571.113557 0.000000
603952.734908 2485571.089748 0.000000
603947.687297 2485571.065939 0.000000
603942.639685 2485571.042130 0.000000
603937.592073 2485571.018321 0.000000
603932.544462 2485570.994513 0.000000
603927.496850 2485570.970704 0.000000
603922.449239 2485570.946895 0.000000
603917.401627 2485570.923086 0.000000
603912.354016 2485570.899278 0.000000
603907.306404 2485570.875469 0.000000
603902.258793 2485570.851660 0.000000
603897.211181 2485570.827851 0.000000
603892.163570 2485570.804043 0.000000
603887.115958 2485570.780234 0.000000
603882.068347 2485570.756425 0.000000
603877.020735 2485570.732616 0.000000
603872.003501 2485570.353307 0.000000
603866.986267 2485569.973998 0.000000
603861.969033 2485569.594689 0.000000
603856.951799 2485569.215380 0.000000
603851.934565 2485568.836071 0.000000
603846.917331 2485568.456762 0.000000
603841.900097 2485568.077453 0.000000
603836.882863 2485567.698144 0.000000
603831.865629 2485567.318835 0.000000
603826.848395 2485566.939526 0.000000
603821.831161 2485566.560217 0.000000
603816.813927 2485566.180908 0.000000
603811.796694 2485565.801599 0.000000
603806.779460 2485565.422290 0.000000
603801.762226 2485565.042981 0.000000
603796.744992 2485564.663672 0.000000
603791.727758 2485564.284362 0.000000
603786.710524 2485563.905053 0.000000
603781.693290 2485563.525744 0.000000
603776.676056 2485563.146435 0.000000
603771.658822 2485562.767126 0.000000
603766.641588 2485562.387817 0.000000
603761.624354 2485562.008508 0.000000
603756.607120 2485561.629199 0.000000
603751.589886 2485561.249890 0.000000
603746.572652 2485560.870581 0.000000
603741.555418 2485560.491272 0.000000
603736.538184 2485560.111963 0.000000
603731.520950 2485559.732654 0.000000
603726.503716 2485559.353345 0.000000
603721.486482 2485558.974036 0.000000
603716.469248 2485558.594727 0.000000
603711.452014 2485558.215418 0.000000
603706.434780 2485557.836109 0.000000
603701.417546 2485557.456799 0.000000
603696.400312 2485557.077490 0.000000
603691.383078 2485556.698181 0.000000
603686.365844 2485556.318872 0.000000
603681.348610 2485555.939563 0.000000
603676.331377 2485555.560254 0.000000
603671.314143 2485555.180945 0.000000
603666.296909 2485554.801636 0.000000
603661.279675 2485554.422327 0.000000
603656.262441 2485554.043018 0.000000
603651.245207 2485553.663709 0.000000
603646.227973 2485553.284400 0.000000
603641.210739 2485552.905091 0.000000
603636.193505 2485552.525782 0.000000
603631.176271 2485552.146473 0.000000
603626.159037 2485551.767164 0.000000
603621.141803 2485551.387855 0.000000
603616.124569 2485551.008546 0.000000
603611.107335 2485550.629237 0.000000
603606.090101 2485550.249927 0.000000
603601.072867 2485549.870618 0.000000
603596.055633 2485549.491309 0.000000
603591.038399 2485549.112000 0.000000
603586.021165 2485548.732691 0.000000
603580.960567 2485548.550874 0.000000
603575.899968 2485548.369057 0.000000
603570.839370 2485548.187240 0.000000
603565.778771 2485548.005423 0.000000
603560.718172 2485547.823605 0.000000
603555.657574 2485547.641788 0.000000
603550.596975 2485547.459971 0.000000
603545.536377 2485547.278154 0.000000
603540.475778 2485547.096337 0.000000
603535.415180 2485546.914519 0.000000
603530.354581 2485546.732702 0.000000
603525.293983 2485546.550885 0.000000
603520.233384 2485546.369068 0.000000
603515.172785 2485546.187251 0.000000
603510.112187 2485546.005434 0.000000
603505.051588 2485545.823616 0.000000
603499.990990 2485545.641799 0.000000
603494.930391 2485545.459982 0.000000
603489.869793 2485545.278165 0.000000
603484.809194 2485545.096348 0.000000
603479.748596 2485544.914530 0.000000
603474.687997 2485544.732713 0.000000
603469.627399 2485544.550896 0.000000
603464.566800 2485544.369079 0.000000
603459.506201 2485544.187262 0.000000
603454.445603 2485544.005445 0.000000
603449.385004 2485543.823627 0.000000
603444.324406 2485543.641810 0.000000
603439.263807 2485543.459993 0.000000
603434.203209 2485543.278176 0.000000
603429.142610 2485543.096359 0.000000
603424.082012 2485542.914541 0.000000
603419.021413 2485542.732724 0.000000
603414.021420 2485542.837988 0.000000
603409.021428 2485542.943252 0.000000
603404.021435 2485543.048515 0.000000
603399.021443 2485543.153779 0.000000
603394.021450 2485543.259043 0.000000
603389.021458 2485543.364307 0.000000
603384.021465 2485543.469570 0.000000
603379.021473 2485543.574834 0.000000
603374.021480 2485543.680098 0.000000
603369.021488 2485543.785361 0.000000
603364.021495 2485543.890625 0.000000
603359.021503 2485543.995889 0.000000
603354.021510 2485544.101153 0.000000
603349.021517 2485544.206416 0.000000
603344.021525 2485544.311680 0.000000
603339.021532 2485544.416944 0.000000
603334.021540 2485544.522207 0.000000
603329.021547 2485544.627471 0.000000
603324.021555 2485544.732735 0.000000
603318.971562 2485545.132735 0.000000
603313.921570 2485545.532735 0.000000
603308.871578 2485545.932735 0.000000
603303.821585 2485546.332735 0.000000
603298.771593 2485546.732735 0.000000
603293.721600 2485547.132736 0.000000
603288.671608 2485547.532736 0.000000
603283.621615 2485547.932736 0.000000
603278.571623 2485548.332736 0.000000
603273.521631 2485548.732736 0.000000
603268.471638 2485549.132736 0.000000
603263.421646 2485549.532736 0.000000
603258.371653 2485549.932736 0.000000
603253.321661 2485550.332737 0.000000
603248.271668 2485550.732737 0.000000
603243.221676 2485551.132737 0.000000
603238.171684 2485551.532737 0.000000
603233.121691 2485551.932737 0.000000
603228.071699 2485552.332737 0.000000
603223.021706 2485552.732737 0.000000
603218.021714 2485553.524404 0.000000
603213.021721 2485554.316070 0.000000
603208.021729 2485555.107736 0.000000
603203.021737 2485555.899402 0.000000
603198.021744 2485556.691068 0.000000
603193.021752 2485557.482735 0.000000
603188.021759 2485558.274401 0.000000
603183.021767 2485559.066067 0.000000
603178.021774 2485559.857733 0.000000
603173.021782 2485560.649399 0.000000
603168.021789 2485561.441066 0.000000
603163.021797 2485562.232732 0.000000
603158.021805 2485563.024398 0.000000
603153.021812 2485563.816064 0.000000
603148.021820 2485564.607730 0.000000
603143.021827 2485565.399396 0.000000
603138.021835 2485566.191063 0.000000
603133.021842 2485566.982729 0.000000
603128.021850 2485567.774395 0.000000
603123.021858 2485568.566061 0.000000
603118.021865 2485569.357727 0.000000
603113.021873 2485570.149394 0.000000
603108.021880 2485570.941060 0.000000
603103.021888 2485571.732726 0.000000
603098.112804 2485572.869089 0.000000
603093.203721 2485574.005451 0.000000
603088.294637 2485575.141814 0.000000
603083.385554 2485576.278177 0.000000
603078.476471 2485577.414539 0.000000
603073.567387 2485578.550902 0.000000
603068.658304 2485579.687265 0.000000
603063.749220 2485580.823627 0.000000
603058.840137 2485581.959990 0.000000
603053.931053 2485583.096352 0.000000
603049.021970 2485584.232715 0.000000
603044.112887 2485585.369078 0.000000
603039.203803 2485586.505440 0.000000
603034.294720 2485587.641803 0.000000
603029.385636 2485588.778166 0.000000
603024.476553 2485589.914528 0.000000
603019.567469 2485591.050891 0.000000
603014.658386 2485592.187254 0.000000
603009.749302 2485593.323616 0.000000
603004.840219 2485594.459979 0.000000
602999.931136 2485595.596341 0.000000
602995.022052 2485596.732704 0.000000
602990.250631 2485598.304131 0.000000
602985.479210 2485599.875558 0.000000
602980.707788 2485601.446985 0.000000
602975.936367 2485603.018412 0.000000
602971.164946 2485604.589839 0.000000
602966.393525 2485606.161265 0.000000
602961.622103 2485607.732692 0.000000
602956.850682 2485609.304119 0.000000
602952.079261 2485610.875546 0.000000
602947.307840 2485612.446973 0.000000
602942.536419 2485614.018400 0.000000
602937.764997 2485615.589827 0.000000
602932.993576 2485617.161254 0.000000
602928.222155 2485618.732681 0.000000
602923.450734 2485620.304108 0.000000
602918.679312 2485621.875534 0.000000
602913.907891 2485623.446961 0.000000
602909.136470 2485625.018388 0.000000
602904.365049 2485626.589815 0.000000
602899.593627 2485628.161242 0.000000
602894.822206 2485629.732669 0.000000
602890.050785 2485631.304096 0.000000
602885.279364 2485632.875523 0.000000
602880.507942 2485634.446950 0.000000
602875.736521 2485636.018377 0.000000
602870.965100 2485637.589803 0.000000
602866.193679 2485639.161230 0.000000
602861.422257 2485640.732657 0.000000
602856.650836 2485642.304084 0.000000
602851.879415 2485643.875511 0.000000
602847.107994 2485645.446938 0.000000
602842.336572 2485647.018365 0.000000
602837.565151 2485648.589792 0.000000
602832.793730 2485650.161219 0.000000
602828.022309 2485651.732646 0.000000
602823.436950 2485653.659473 0.000000
602818.851591 2485655.586300 0.000000
602814.266232 2485657.513127 0.000000
602809.680874 2485659.439954 0.000000
602805.095515 2485661.366781 0.000000
602800.510156 2485663.293608 0.000000
602795.924797 2485665.220435 0.000000
602791.339439 2485667.147262 0.000000
602786.754080 2485669.074089 0.000000
602782.168721 2485671.000916 0.000000
602777.583362 2485672.927743 0.000000
602772.998004 2485674.854570 0.000000
602768.412645 2485676.781397 0.000000
602763.827286 2485678.708224 0.000000
602759.241927 2485680.635051 0.000000
602754.656569 2485682.561878 0.000000
602750.071210 2485684.488705 0.000000
602745.485851 2485686.415532 0.000000
602740.900492 2485688.342359 0.000000
602736.315134 2485690.269186 0.000000
602731.729775 2485692.196013 0.000000
602727.144416 2485694.122840 0.000000
602722.559057 2485696.049667 0.000000
602717.973699 2485697.976494 0.000000
602713.388340 2485699.903321 0.000000
602708.802981 2485701.830148 0.000000
602704.217622 2485703.756975 0.000000
602699.632264 2485705.683802 0.000000
602695.046905 2485707.610630 0.000000
602690.461546 2485709.537457 0.000000
602685.876187 2485711.464284 0.000000
602681.290829 2485713.391111 0.000000
602676.705470 2485715.317938 0.000000
602672.120111 2485717.244765 0.000000
602667.534752 2485719.171592 0.000000
602662.949394 2485721.098419 0.000000
602658.364035 2485723.025246 0.000000
602653.778676 2485724.952073 0.000000
602649.193317 2485726.878900 0.000000
602644.607959 2485728.805727 0.000000
602640.022600 2485730.732554 0.000000
602635.285765 2485732.495710 0.000000
602630.548930 2485734.258866 0.000000
602625.812096 2485736.022022 0.000000
602621.075261 2485737.785178 0.000000
602616.338426 2485739.548334 0.000000
602611.601591 2485741.311490 0.000000
602606.864756 2485743.074645 0.000000
602602.127922 2485744.837801 0.000000
602597.391087 2485746.600957 0.000000
602592.654252 2485748.364113 0.000000
602587.917417 2485750.127269 0.000000
602583.180582 2485751.890425 0.000000
602578.443748 2485753.653581 0.000000
602573.706913 2485755.416737 0.000000
602568.970078 2485757.179893 0.000000
602564.233243 2485758.943049 0.000000
602559.496408 2485760.706205 0.000000
602554.759574 2485762.469361 0.000000
602550.022739 2485764.232517 0.000000
602545.285904 2485765.995672 0.000000
602540.549069 2485767.758828 0.000000
602535.812234 2485769.521984 0.000000
602531.075400 2485771.285140 0.000000
602526.338565 2485773.048296 0.000000
602521.601730 2485774.811452 0.000000
602516.864895 2485776.574608 0.000000
602512.128060 2485778.337764 0.000000
602507.391225 2485780.100920 0.000000
602502.654391 2485781.864076 0.000000
602497.917556 2485783.627232 0.000000
602493.180721 2485785.390388 0.000000
602488.443886 2485787.153544 0.000000
602483.707051 2485788.916700 0.000000
602478.970217 2485790.679855 0.000000
602474.233382 2485792.443011 0.000000
602469.496547 2485794.206167 0.000000
602464.759712 2485795.969323 0.000000
602460.022877 2485797.732479 0.000000
602455.235006 2485799.308235 0.000000
602450.447135 2485800.883991 0.000000
602445.659263 2485802.459747 0.000000
602440.871392 2485804.035503 0.000000
602436.083520 2485805.611259 0.000000
602431.295649 2485807.187015 0.000000
602426.507777 2485808.762770 0.000000
602421.719906 2485810.338526 0.000000
602416.932035 2485811.914282 0.000000
602412.144163 2485813.490038 0.000000
602407.356292 2485815.065794 0.000000
602402.568420 2485816.641550 0.000000
602397.780549 2485818.217306 0.000000
602392.992677 2485819.793062 0.000000
602388.204806 2485821.368818 0.000000
602383.416935 2485822.944574 0.000000
602378.629063 2485824.520329 0.000000
602373.841192 2485826.096085 0.000000
602369.053320 2485827.671841 0.000000
602364.265449 2485829.247597 0.000000
602359.477577 2485830.823353 0.000000
602354.689706 2485832.399109 0.000000
602349.901834 2485833.974865 0.000000
602345.113963 2485835.550621 0.000000
602340.326092 2485837.126377 0.000000
602335.538220 2485838.702132 0.000000
602330.750349 2485840.277888 0.000000
602325.962477 2485841.853644 0.000000
602321.174606 2485843.429400 0.000000
602316.386734 2485845.005156 0.000000
602311.598863 2485846.580912 0.000000
602306.810992 2485848.156668 0.000000
602302.023120 2485849.732424 0.000000
602297.129511 2485851.030295 0.000000
602292.235901 2485852.328166 0.000000
602287.342291 2485853.626037 0.000000
602282.448682 2485854.923908 0.000000
602277.555072 2485856.221779 0.000000
602272.661463 2485857.519650 0.000000
602267.767853 2485858.817521 0.000000
602262.874244 2485860.115392 0.000000
602257.980634 2485861.413264 0.000000
602253.087025 2485862.711135 0.000000
602248.193415 2485864.009006 0.000000
602243.299806 2485865.306877 0.000000
602238.406196 2485866.604748 0.000000
602233.512586 2485867.902619 0.000000
602228.618977 2485869.200490 0.000000
602223.725367 2485870.498361 0.000000
602218.831758 2485871.796232 0.000000
602213.938148 2485873.094103 0.000000
602209.044539 2485874.391974 0.000000
602204.150929 2485875.689846 0.000000
602199.257320 2485876.987717 0.000000
602194.363710 2485878.285588 0.000000
602189.470100 2485879.583459 0.000000
602184.576491 2485880.881330 0.000000
602179.682881 2485882.179201 0.000000
602174.789272 2485883.477072 0.000000
602169.895662 2485884.774943 0.000000
602165.002053 2485886.072814 0.000000
602160.108443 2485887.370685 0.000000
602155.214834 2485888.668556 0.000000
602150.321224 2485889.966428 0.000000
602145.427614 2485891.264299 0.000000
602140.534005 2485892.562170 0.000000
602135.640395 2485893.860041 0.000000
602130.746786 2485895.157912 0.000000
602125.853176 2485896.455783 0.000000
602120.959567 2485897.753654 0.000000
602116.065957 2485899.051525 0.000000
602111.172348 2485900.349396 0.000000
602106.278738 2485901.647267 0.000000
602101.385129 2485902.945138 0.000000
602096.491519 2485904.243010 0.000000
602091.597909 2485905.540881 0.000000
602086.704300 2485906.838752 0.000000
602081.810690 2485908.136623 0.000000
602076.917081 2485909.434494 0.000000
602072.023471 2485910.732365 0.000000
602067.121518 2485911.712756 0.000000
602062.219565 2485912.693148 0.000000
602057.317611 2485913.673539 0.000000
602052.415658 2485914.653931 0.000000
602047.513704 2485915.634322 0.000000
602042.611751 2485916.614713 0.000000
602037.709798 2485917.595105 0.000000
602032.807844 2485918.575496 0.000000
602027.905891 2485919.555887 0.000000
602023.003938 2485920.536279 0.000000
602018.101984 2485921.516670 0.000000
602013.200031 2485922.497062 0.000000
602008.298078 2485923.477453 0.000000
602003.396124 2485924.457844 0.000000
601998.494171 2485925.438236 0.000000
601993.592218 2485926.418627 0.000000
601988.690264 2485927.399018 0.000000
601983.788311 2485928.379410 0.000000
601978.886358 2485929.359801 0.000000
601973.984404 2485930.340193 0.000000
601969.082451 2485931.320584 0.000000
601964.180498 2485932.300975 0.000000
601959.278544 2485933.281367 0.000000
601954.376591 2485934.261758 0.000000
601949.474638 2485935.242150 0.000000
601944.572684 2485936.222541 0.000000
601939.670731 2485937.202932 0.000000
601934.768777 2485938.183324 0.000000
601929.866824 2485939.163715 0.000000
601924.964871 2485940.144106 0.000000
601920.062917 2485941.124498 0.000000
601915.160964 2485942.104889 0.000000
601910.259011 2485943.085281 0.000000
601905.357057 2485944.065672 0.000000
601900.455104 2485945.046063 0.000000
601895.553151 2485946.026455 0.000000
601890.651197 2485947.006846 0.000000
601885.749244 2485947.987237 0.000000
601880.847291 2485948.967629 0.000000
601875.945337 2485949.948020 0.000000
601871.043384 2485950.928412 0.000000
601866.141431 2485951.908803 0.000000
601861.239477 2485952.889194 0.000000
601856.337524 2485953.869586 0.000000
601851.435571 2485954.849977 0.000000
601846.533617 2485955.830369 0.000000
601841.631664 2485956.810760 0.000000
601836.729711 2485957.791151 0.000000
601831.827757 2485958.771543 0.000000
601826.925804 2485959.751934 0.000000
601822.023851 2485960.732325 0.000000
601817.085714 2485961.515830 0.000000
601812.147577 2485962.299335 0.000000
601807.209440 2485963.082839 0.000000
601802.271303 2485963.866344 0.000000
601797.333166 2485964.649849 0.000000
601792.395029 2485965.433353 0.000000
601787.456892 2485966.216858 0.000000
601782.518756 2485967.000363 0.000000
601777.580619 2485967.783868 0.000000
601772.642482 2485968.567372 0.000000
601767.704345 2485969.350877 0.000000
601762.766208 2485970.134382 0.000000
601757.828071 2485970.917886 0.000000
601752.889934 2485971.701391 0.000000
601747.951797 2485972.484896 0.000000
601743.013661 2485973.268400 0.000000
601738.075524 2485974.051905 0.000000
601733.137387 2485974.835410 0.000000
601728.199250 2485975.618914 0.000000
601723.261113 2485976.402419 0.000000
601718.322976 2485977.185924 0.000000
601713.384839 2485977.969428 0.000000
601708.446703 2485978.752933 0.000000
601703.508566 2485979.536438 0.000000
601698.570429 2485980.319942 0.000000
601693.632292 2485981.103447 0.000000
601688.694155 2485981.886952 0.000000
601683.756018 2485982.670456 0.000000
601678.817881 2485983.453961 0.000000
601673.879744 2485984.237466 0.000000
601668.941608 2485985.020970 0.000000
601664.003471 2485985.804475 0.000000
601659.065334 2485986.587980 0.000000
601654.127197 2485987.371484 0.000000
601649.189060 2485988.154989 0.000000
601644.250923 2485988.938494 0.000000
601639.312786 2485989.721998 0.000000
601634.374650 2485990.505503 0.000000
601629.436513 2485991.289008 0.000000
601624.498376 2485992.072512 0.000000
601619.560239 2485992.856017 0.000000
601614.622102 2485993.639522 0.000000
601609.683965 2485994.423026 0.000000
601604.745828 2485995.206531 0.000000
601599.807691 2485995.990036 0.000000
601594.869555 2485996.773541 0.000000
601589.931418 2485997.557045 0.000000
601584.993281 2485998.340550 0.000000
601580.055144 2485999.124055 0.000000
601575.117007 2485999.907559 0.000000
601570.178870 2486000.691064 0.000000
601565.240733 2486001.474569 0.000000
601560.302596 2486002.258073 0.000000
601555.364460 2486003.041578 0.000000
601550.426323 2486003.825083 0.000000
601545.488186 2486004.608587 0.000000
601540.550049 2486005.392092 0.000000
601535.611912 2486006.175597 0.000000
601530.673775 2486006.959101 0.000000
601525.735638 2486007.742606 0.000000
601520.797502 2486008.526111 0.000000
601515.859365 2486009.309615 0.000000
601510.921228 2486010.093120 0.000000
601505.983091 2486010.876625 0.000000
601501.044954 2486011.660129 0.000000
601496.106817 2486012.443634 0.000000
601491.168680 2486013.227139 0.000000
601486.230543 2486014.010643 0.000000
601481.292407 2486014.794148 0.000000
601476.354270 2486015.577653 0.000000
601471.416133 2486016.361157 0.000000
601466.477996 2486017.144662 0.000000
601461.539859 2486017.928167 0.000000
601456.601722 2486018.711671 0.000000
601451.663585 2486019.495176 0.000000
601446.725449 2486020.278681 0.000000
601441.787312 2486021.062185 0.000000
601436.849175 2486021.845690 0.000000
601431.911038 2486022.629195 0.000000
601426.972901 2486023.412699 0.000000
601422.034764 2486024.196204 0.000000
601417.096627 2486024.979709 0.000000
601412.158490 2486025.763213 0.000000
601407.220354 2486026.546718 0.000000
601402.282217 2486027.330223 0.000000
601397.344080 2486028.113728 0.000000
601392.405943 2486028.897232 0.000000
601387.467806 2486029.680737 0.000000
601382.529669 2486030.464242 0.000000
601377.591532 2486031.247746 0.000000
601372.653396 2486032.031251 0.000000
601367.715259 2486032.814756 0.000000
601362.777122 2486033.598260 0.000000
601357.838985 2486034.381765 0.000000
601352.900848 2486035.165270 0.000000
601347.962711 2486035.948774 0.000000
601343.024574 2486036.732279 0.000000
601338.086437 2486037.515784 0.000000
601333.148301 2486038.299288 0.000000
601328.210164 2486039.082793 0.000000
601323.272027 2486039.866298 0.000000
601318.333890 2486040.649802 0.000000
601313.395753 2486041.433307 0.000000
601308.457616 2486042.216812 0.000000
601303.519479 2486043.000316 0.000000
601298.581342 2486043.783821 0.000000
601293.643206 2486044.567326 0.000000
601288.705069 2486045.350830 0.000000
601283.766932 2486046.134335 0.000000
601278.828795 2486046.917840 0.000000
601273.890658 2486047.701344 0.000000
601268.952521 2486048.484849 0.000000
601264.014384 2486049.268354 0.000000
601259.076248 2486050.051858 0.000000
601254.138111 2486050.835363 0.000000
601249.199974 2486051.618868 0.000000
601244.261837 2486052.402372 0.000000
601239.323700 2486053.185877 0.000000
601234.385563 2486053.969382 0.000000
601229.447426 2486054.752886 0.000000
601224.509289 2486055.536391 0.000000
601219.571153 2486056.319896 0.000000
601214.633016 2486057.103401 0.000000
601209.694879 2486057.886905 0.000000
601204.756742 2486058.670410 0.000000
601199.818605 2486059.453915 0.000000
601194.880468 2486060.237419 0.000000
601189.942331 2486061.020924 0.000000
601185.004195 2486061.804429 0.000000
601180.066058 2486062.587933 0.000000
601175.127921 2486063.371438 0.000000
601170.189784 2486064.154943 0.000000
601165.251647 2486064.938447 0.000000
601160.313510 2486065.721952 0.000000
601155.375373 2486066.505457 0.000000
601150.437236 2486067.288961 0.000000
601145.499100 2486068.072466 0.000000
601140.560963 2486068.855971 0.000000
601135.622826 2486069.639475 0.000000
601130.684689 2486070.422980 0.000000
601125.746552 2486071.206485 0.000000
601120.808415 2486071.989989 0.000000
601115.870278 2486072.773494 0.000000
601110.932142 2486073.556999 0.000000
601105.994005 2486074.340503 0.000000
601101.055868 2486075.124008 0.000000
601096.117731 2486075.907513 0.000000
601091.179594 2486076.691017 0.000000
601086.241457 2486077.474522 0.000000
601081.303320 2486078.258027 0.000000
601076.365183 2486079.041531 0.000000
601071.427047 2486079.825036 0.000000
601066.488910 2486080.608541 0.000000
601061.550773 2486081.392045 0.000000
601056.612636 2486082.175550 0.000000
601051.674499 2486082.959055 0.000000
601046.736362 2486083.742559 0.000000
601041.798225 2486084.526064 0.000000
601036.860088 2486085.309569 0.000000
601031.921952 2486086.093074 0.000000
601026.983815 2486086.876578 0.000000
601022.045678 2486087.660083 0.000000
601017.107541 2486088.443588 0.000000
601012.169404 2486089.227092 0.000000
601007.231267 2486090.010597 0.000000
601002.293130 2486090.794102 0.000000
600997.354994 2486091.577606 0.000000
600992.416857 2486092.361111 0.000000
600987.478720 2486093.144616 0.000000
600982.540583 2486093.928120 0.000000
600977.602446 2486094.711625 0.000000
600972.664309 2486095.495130 0.000000
600967.726172 2486096.278634 0.000000
600962.788035 2486097.062139 0.000000
600957.849899 2486097.845644 0.000000
600952.911762 2486098.629148 0.000000
600947.973625 2486099.412653 0.000000
600943.035488 2486100.196158 0.000000
600938.097351 2486100.979662 0.000000
600933.159214 2486101.763167 0.000000
600928.221077 2486102.546672 0.000000
600923.282941 2486103.330176 0.000000
600918.344804 2486104.113681 0.000000
600913.406667 2486104.897186 0.000000
600908.468530 2486105.680690 0.000000
600903.530393 2486106.464195 0.000000
600898.592256 2486107.247700 0.000000
600893.654119 2486108.031204 0.000000
600888.715982 2486108.814709 0.000000
600883.777846 2486109.598214 0.000000
600878.839709 2486110.381718 0.000000
600873.901572 2486111.165223 0.000000
600868.963435 2486111.948728 0.000000
600864.025298 2486112.732232 0.000000
600859.014195 2486113.254455 0.000000
600854.003091 2486113.776677 0.000000
600848.991987 2486114.298899 0.000000
600843.980884 2486114.821121 0.000000
600838.969780 2486115.343343 0.000000
600833.958677 2486115.865565 0.000000
600828.947573 2486116.387787 0.000000
600823.936469 2486116.910010 0.000000
600818.925366 2486117.432232 0.000000
600813.914262 2486117.954454 0.000000
600808.903159 2486118.476676 0.000000
600803.892055 2486118.998898 0.000000
600798.880952 2486119.521120 0.000000
600793.869848 2486120.043342 0.000000
600788.858744 2486120.565565 0.000000
600783.847641 2486121.087787 0.000000
600778.836537 2486121.610009 0.000000
600773.825434 2486122.132231 0.000000
600768.814330 2486122.654453 0.000000
600763.803227 2486123.176675 0.000000
600758.792123 2486123.698897 0.000000
600753.781019 2486124.221120 0.000000
600748.769916 2486124.743342 0.000000
600743.758812 2486125.265564 0.000000
600738.747709 2486125.787786 0.000000
600733.736605 2486126.310008 0.000000
600728.725501 2486126.832230 0.000000
600723.714398 2486127.354452 0.000000
600718.703294 2486127.876675 0.000000
600713.692191 2486128.398897 0.000000
600708.681087 2486128.921119 0.000000
600703.669984 2486129.443341 0.000000
600698.658880 2486129.965563 0.000000
600693.647776 2486130.487785 0.000000
600688.636673 2486131.010007 0.000000
600683.625569 2486131.532229 0.000000
600678.614466 2486132.054452 0.000000
600673.603362 2486132.576674 0.000000
600668.592259 2486133.098896 0.000000
600663.581155 2486133.621118 0.000000
600658.570051 2486134.143340 0.000000
600653.558948 2486134.665562 0.000000
600648.547844 2486135.187784 0.000000
600643.536741 2486135.710007 0.000000
600638.525637 2486136.232229 0.000000
600633.514534 2486136.754451 0.000000
600628.503430 2486137.276673 0.000000
600623.492326 2486137.798895 0.000000
600618.481223 2486138.321117 0.000000
600613.470119 2486138.843339 0.000000
600608.459016 2486139.365562 0.000000
600603.447912 2486139.887784 0.000000
600598.436808 2486140.410006 0.000000
600593.425705 2486140.932228 0.000000
600588.414601 2486141.454450 0.000000
600583.403498 2486141.976672 0.000000
600578.392394 2486142.498894 0.000000
600573.381291 2486143.021117 0.000000
600568.370187 2486143.543339 0.000000
600563.359083 2486144.065561 0.000000
600558.347980 2486144.587783 0.000000
600553.336876 2486145.110005 0.000000
600548.325773 2486145.632227 0.000000
600543.314669 2486146.154449 0.000000
600538.303566 2486146.676672 0.000000
600533.292462 2486147.198894 0.000000
600528.281358 2486147.721116 0.000000
600523.270255 2486148.243338 0.000000
600518.259151 2486148.765560 0.000000
600513.248048 2486149.287782 0.000000
600508.236944 2486149.810004 0.000000
600503.225840 2486150.332227 0.000000
600498.214737 2486150.854449 0.000000
600493.203633 2486151.376671 0.000000
600488.192530 2486151.898893 0.000000
600483.181426 2486152.421115 0.000000
600478.170323 2486152.943337 0.000000
600473.159219 2486153.465559 0.000000
600468.148115 2486153.987782 0.000000
600463.137012 2486154.510004 0.000000
600458.125908 2486155.032226 0.000000
600453.114805 2486155.554448 0.000000
600448.103701 2486156.076670 0.000000
600443.092598 2486156.598892 0.000000
600438.081494 2486157.121114 0.000000
600433.070390 2486157.643336 0.000000
600428.059287 2486158.165559 0.000000
600423.048183 2486158.687781 0.000000
600418.037080 2486159.210003 0.000000
600413.025976 2486159.732225 0.000000
600408.048206 2486160.443336 0.000000
600403.070436 2486161.154447 0.000000
600398.092665 2486161.865557 0.000000
600393.114895 2486162.576668 0.000000
600388.137125 2486163.287779 0.000000
600383.159354 2486163.998889 0.000000
600378.181584 2486164.710000 0.000000
600373.203814 2486165.421111 0.000000
600368.226044 2486166.132222 0.000000
600363.248273 2486166.843332 0.000000
600358.270503 2486167.554443 0.000000
600353.292733 2486168.265554 0.000000
600348.314963 2486168.976665 0.000000
600343.337192 2486169.687775 0.000000
600338.359422 2486170.398886 0.000000
600333.381652 2486171.109997 0.000000
600328.403881 2486171.821108 0.000000
600323.426111 2486172.532218 0.000000
600318.448341 2486173.243329 0.000000
600313.470571 2486173.954440 0.000000
600308.492800 2486174.665551 0.000000
600303.515030 2486175.376661 0.000000
600298.537260 2486176.087772 0.000000
600293.559490 2486176.798883 0.000000
600288.581719 2486177.509994 0.000000
600283.603949 2486178.221104 0.000000
600278.626179 2486178.932215 0.000000
600273.648409 2486179.643326 0.000000
600268.670638 2486180.354436 0.000000
600263.692868 2486181.065547 0.000000
600258.715098 2486181.776658 0.000000
600253.737327 2486182.487769 0.000000
600248.759557 2486183.198879 0.000000
600243.781787 2486183.909990 0.000000
600238.804017 2486184.621101 0.000000
600233.826246 2486185.332212 0.000000
600228.848476 2486186.043322 0.000000
600223.870706 2486186.754433 0.000000
600218.892936 2486187.465544 0.000000
600213.915165 2486188.176655 0.000000
600208.937395 2486188.887765 0.000000
600203.959625 2486189.598876 0.000000
600198.981855 2486190.309987 0.000000
600194.004084 2486191.021098 0.000000
600189.026314 2486191.732208 0.000000
