FFASCI 0 1 "LINES" 0 1e+10
FFATTR 0 1
->1
612945.007909 2489860.724842 0.000000
612940.040526 2489861.268320 0.000000
612935.073142 2489861.811798 0.000000
612930.105758 2489862.355277 0.000000
612925.138374 2489862.898755 0.000000
612920.170990 2489863.442233 0.000000
612915.203606 2489863.985711 0.000000
612910.236222 2489864.529190 0.000000
612905.268839 2489865.072668 0.000000
612900.301455 2489865.616146 0.000000
612895.334071 2489866.159624 0.000000
612890.366687 2489866.703102 0.000000
612885.399303 2489867.246581 0.000000
612880.431919 2489867.790059 0.000000
612875.464535 2489868.333537 0.000000
612870.497152 2489868.877015 0.000000
612865.529768 2489869.420494 0.000000
612860.562384 2489869.963972 0.000000
612855.595000 2489870.507450 0.000000
612850.627616 2489871.050928 0.000000
612845.660232 2489871.594407 0.000000
612840.692848 2489872.137885 0.000000
612835.725465 2489872.681363 0.000000
612830.758081 2489873.224841 0.000000
612825.790697 2489873.768319 0.000000
612820.823313 2489874.311798 0.000000
612815.855929 2489874.855276 0.000000
612810.888545 2489875.398754 0.000000
612805.921161 2489875.942232 0.000000
612800.953778 2489876.485711 0.000000
612795.986394 2489877.029189 0.000000
612791.019010 2489877.572667 0.000000
612786.051626 2489878.116145 0.000000
612781.084242 2489878.659623 0.000000
612776.116858 2489879.203102 0.000000
612771.149474 2489879.746580 0.000000
612766.182091 2489880.290058 0.000000
612761.214707 2489880.833536 0.000000
612756.247323 2489881.377015 0.000000
612751.279939 2489881.920493 0.000000
612746.312555 2489882.463971 0.000000
612741.345171 2489883.007449 0.000000
612736.377787 2489883.550927 0.000000
612731.410404 2489884.094406 0.000000
612726.443020 2489884.637884 0.000000
612721.475636 2489885.181362 0.000000
612716.508252 2489885.724840 0.000000
612711.540868 2489886.268319 0.000000
612706.573484 2489886.811797 0.000000
612701.606100 2489887.355275 0.000000
612696.638717 2489887.898753 0.000000
612691.671333 2489888.442231 0.000000
612686.703949 2489888.985710 0.000000
612681.736565 2489889.529188 0.000000
612676.769181 2489890.072666 0.000000
612671.801797 2489890.616144 0.000000
612666.834413 2489891.159623 0.000000
612661.867030 2489891.703101 0.000000
612656.899646 2489892.246579 0.000000
612651.932262 2489892.790057 0.000000
612646.964878 2489893.333536 0.000000
612641.997494 2489893.877014 0.000000
612637.030110 2489894.420492 0.000000
612632.062726 2489894.963970 0.000000
612627.095343 2489895.507448 0.000000
612622.127959 2489896.050927 0.000000
612617.160575 2489896.594405 0.000000
612612.193191 2489897.137883 0.000000
612607.225807 2489897.681361 0.000000
612602.258423 2489898.224840 0.000000
612597.291039 2489898.768318 0.000000
612592.323656 2489899.311796 0.000000
612587.356272 2489899.855274 0.000000
612582.388888 2489900.398752 0.000000
612577.421504 2489900.942231 0.000000
612572.454120 2489901.485709 0.000000
612567.486736 2489902.029187 0.000000
612562.519352 2489902.572665 0.000000
612557.551969 2489903.116144 0.000000
612552.584585 2489903.659622 0.000000
612547.617201 2489904.203100 0.000000
612542.649817 2489904.746578 0.000000
612537.682433 2489905.290056 0.000000
612532.715049 2489905.833535 0.000000
612527.747665 2489906.377013 0.000000
612522.780282 2489906.920491 0.000000
612517.812898 2489907.463969 0.000000
612512.845514 2489908.007448 0.000000
612507.878130 2489908.550926 0.000000
612502.910746 2489909.094404 0.000000
612497.943362 2489909.637882 0.000000
612492.975978 2489910.181360 0.000000
612488.008595 2489910.724839 0.000000
612483.008602 2489911.065265 0.000000
612478.008609 2489911.405690 0.000000
612473.008617 2489911.746116 0.000000
612468.008624 2489912.086542 0.000000
612463.008632 2489912.426968 0.000000
612458.008639 2489912.767394 0.000000
612453.008647 2489913.107819 0.000000
612448.008654 2489913.448245 0.000000
612443.008662 2489913.788671 0.000000
612438.008669 2489914.129097 0.000000
612433.008677 2489914.469523 0.000000
612428.008684 2489914.809948 0.000000
612423.008692 2489915.150374 0.000000
612418.008699 2489915.490800 0.000000
612413.008706 2489915.831226 0.000000
612408.008714 2489916.171652 0.000000
612403.008721 2489916.512077 0.000000
612398.008729 2489916.852503 0.000000
612393.008736 2489917.192929 0.000000
612388.008744 2489917.533355 0.000000
612383.008751 2489917.873781 0.000000
612378.008759 2489918.214206 0.000000
612373.008766 2489918.554632 0.000000
612368.008774 2489918.895058 0.000000
612363.008781 2489919.235484 0.000000
612358.008789 2489919.575910 0.000000
612353.008796 2489919.916335 0.000000
612348.008803 2489920.256761 0.000000
612343.008811 2489920.597187 0.000000
612338.008818 2489920.937613 0.000000
612333.008826 2489921.278039 0.000000
612328.008833 2489921.618464 0.000000
612323.008841 2489921.958890 0.000000
612318.008848 2489922.299316 0.000000
612313.008856 2489922.639742 0.000000
612308.008863 2489922.980168 0.000000
612303.008871 2489923.320593 0.000000
612298.008878 2489923.661019 0.000000
612293.008886 2489924.001445 0.000000
612288.008893 2489924.341871 0.000000
612283.008901 2489924.682297 0.000000
612278.008908 2489925.022722 0.000000
612273.008915 2489925.363148 0.000000
612268.008923 2489925.703574 0.000000
612263.008930 2489926.044000 0.000000
612258.008938 2489926.384426 0.000000
612253.008945 2489926.724851 0.000000
612247.991711 2489926.880024 0.000000
612242.974477 2489927.035197 0.000000
612237.957244 2489927.190370 0.000000
612232.940010 2489927.345543 0.000000
612227.922776 2489927.500716 0.000000
612222.905542 2489927.655889 0.000000
612217.888308 2489927.811062 0.000000
612212.871074 2489927.966235 0.000000
612207.853840 2489928.121408 0.000000
612202.836606 2489928.276581 0.000000
612197.819372 2489928.431754 0.000000
612192.802138 2489928.586927 0.000000
612187.784904 2489928.742100 0.000000
612182.767670 2489928.897273 0.000000
612177.750436 2489929.052446 0.000000
612172.733203 2489929.207619 0.000000
612167.715969 2489929.362792 0.000000
612162.698735 2489929.517965 0.000000
612157.681501 2489929.673138 0.000000
612152.664267 2489929.828311 0.000000
612147.647033 2489929.983484 0.000000
612142.629799 2489930.138656 0.000000
612137.612565 2489930.293829 0.000000
612132.595331 2489930.449002 0.000000
612127.578097 2489930.604175 0.000000
612122.560863 2489930.759348 0.000000
612117.543629 2489930.914521 0.000000
612112.526396 2489931.069694 0.000000
612107.509162 2489931.224867 0.000000
612102.491928 2489931.380040 0.000000
612097.474694 2489931.535213 0.000000
612092.457460 2489931.690386 0.000000
612087.440226 2489931.845559 0.000000
612082.422992 2489932.000732 0.000000
612077.405758 2489932.155905 0.000000
612072.388524 2489932.311078 0.000000
612067.371290 2489932.466251 0.000000
612062.354056 2489932.621424 0.000000
612057.336822 2489932.776597 0.000000
612052.319588 2489932.931770 0.000000
612047.302355 2489933.086943 0.000000
612042.285121 2489933.242116 0.000000
612037.267887 2489933.397289 0.000000
612032.250653 2489933.552462 0.000000
612027.233419 2489933.707635 0.000000
612022.216185 2489933.862808 0.000000
612017.198951 2489934.017980 0.000000
612012.181717 2489934.173153 0.000000
612007.164483 2489934.328326 0.000000
612002.147249 2489934.483499 0.000000
611997.130015 2489934.638672 0.000000
611992.112781 2489934.793845 0.000000
611987.095548 2489934.949018 0.000000
611982.078314 2489935.104191 0.000000
611977.061080 2489935.259364 0.000000
611972.043846 2489935.414537 0.000000
611967.026612 2489935.569710 0.000000
611962.009378 2489935.724883 0.000000
611957.024770 2489936.201806 0.000000
611952.040162 2489936.678729 0.000000
611947.055554 2489937.155652 0.000000
611942.070946 2489937.632576 0.000000
611937.086338 2489938.109499 0.000000
611932.101730 2489938.586422 0.000000
611927.117122 2489939.063345 0.000000
611922.132515 2489939.540268 0.000000
611917.147907 2489940.017191 0.000000
611912.163299 2489940.494114 0.000000
611907.178691 2489940.971038 0.000000
611902.194083 2489941.447961 0.000000
611897.209475 2489941.924884 0.000000
611892.224867 2489942.401807 0.000000
611887.240259 2489942.878730 0.000000
611882.255651 2489943.355653 0.000000
611877.271043 2489943.832576 0.000000
611872.286435 2489944.309500 0.000000
611867.301827 2489944.786423 0.000000
611862.317219 2489945.263346 0.000000
611857.332612 2489945.740269 0.000000
611852.348004 2489946.217192 0.000000
611847.363396 2489946.694115 0.000000
611842.378788 2489947.171038 0.000000
611837.394180 2489947.647961 0.000000
611832.409572 2489948.124885 0.000000
611827.424964 2489948.601808 0.000000
611822.440356 2489949.078731 0.000000
611817.455748 2489949.555654 0.000000
611812.471140 2489950.032577 0.000000
611807.486532 2489950.509500 0.000000
611802.501924 2489950.986423 0.000000
611797.517316 2489951.463347 0.000000
611792.532709 2489951.940270 0.000000
611787.548101 2489952.417193 0.000000
611782.563493 2489952.894116 0.000000
611777.578885 2489953.371039 0.000000
611772.594277 2489953.847962 0.000000
611767.609669 2489954.324885 0.000000
611762.625061 2489954.801809 0.000000
611757.640453 2489955.278732 0.000000
611752.655845 2489955.755655 0.000000
611747.671237 2489956.232578 0.000000
611742.686629 2489956.709501 0.000000
611737.702021 2489957.186424 0.000000
611732.717413 2489957.663347 0.000000
611727.732806 2489958.140270 0.000000
611722.748198 2489958.617194 0.000000
611717.763590 2489959.094117 0.000000
611712.778982 2489959.571040 0.000000
611707.794374 2489960.047963 0.000000
611702.809766 2489960.524886 0.000000
611697.825158 2489961.001809 0.000000
611692.840550 2489961.478732 0.000000
611687.855942 2489961.955656 0.000000
611682.871334 2489962.432579 0.000000
611677.886726 2489962.909502 0.000000
611672.902118 2489963.386425 0.000000
611667.917510 2489963.863348 0.000000
611662.932903 2489964.340271 0.000000
611657.948295 2489964.817194 0.000000
611652.963687 2489965.294118 0.000000
611647.979079 2489965.771041 0.000000
611642.994471 2489966.247964 0.000000
611638.009863 2489966.724887 0.000000
611633.046907 2489967.373035 0.000000
611628.083952 2489968.021183 0.000000
611623.120996 2489968.669331 0.000000
611618.158041 2489969.317479 0.000000
611613.195085 2489969.965627 0.000000
611608.232130 2489970.613775 0.000000
611603.269174 2489971.261923 0.000000
611598.306219 2489971.910071 0.000000
611593.343263 2489972.558218 0.000000
611588.380308 2489973.206366 0.000000
611583.417352 2489973.854514 0.000000
611578.454397 2489974.502662 0.000000
611573.491441 2489975.150810 0.000000
611568.528486 2489975.798958 0.000000
611563.565530 2489976.447106 0.000000
611558.602575 2489977.095254 0.000000
611553.639619 2489977.743402 0.000000
611548.676664 2489978.391550 0.000000
611543.713708 2489979.039698 0.000000
611538.750753 2489979.687846 0.000000
611533.787797 2489980.335994 0.000000
611528.824842 2489980.984142 0.000000
611523.861886 2489981.632290 0.000000
611518.898931 2489982.280438 0.000000
611513.935975 2489982.928586 0.000000
611508.973020 2489983.576734 0.000000
611504.010064 2489984.224881 0.000000
611499.047109 2489984.873029 0.000000
611494.084153 2489985.521177 0.000000
611489.121198 2489986.169325 0.000000
611484.158242 2489986.817473 0.000000
611479.195287 2489987.465621 0.000000
611474.232331 2489988.113769 0.000000
611469.269376 2489988.761917 0.000000
611464.306420 2489989.410065 0.000000
611459.343465 2489990.058213 0.000000
611454.380509 2489990.706361 0.000000
611449.417554 2489991.354509 0.000000
611444.454598 2489992.002657 0.000000
611439.491643 2489992.650805 0.000000
611434.528687 2489993.298953 0.000000
611429.565732 2489993.947101 0.000000
611424.602776 2489994.595249 0.000000
611419.639821 2489995.243397 0.000000
611414.676865 2489995.891545 0.000000
611409.713910 2489996.539692 0.000000
611404.750954 2489997.187840 0.000000
611399.787999 2489997.835988 0.000000
611394.825043 2489998.484136 0.000000
611389.862088 2489999.132284 0.000000
611384.899132 2489999.780432 0.000000
611379.936176 2490000.428580 0.000000
611374.973221 2490001.076728 0.000000
611370.010265 2490001.724876 0.000000
611365.094780 2490002.626284 0.000000
611360.179294 2490003.527692 0.000000
611355.263809 2490004.429100 0.000000
611350.348323 2490005.330508 0.000000
611345.432838 2490006.231915 0.000000
611340.517352 2490007.133323 0.000000
611335.601867 2490008.034731 0.000000
611330.686381 2490008.936139 0.000000
611325.770896 2490009.837547 0.000000
611320.855410 2490010.738955 0.000000
611315.939925 2490011.640363 0.000000
611311.024439 2490012.541770 0.000000
611306.108954 2490013.443178 0.000000
611301.193468 2490014.344586 0.000000
611296.277982 2490015.245994 0.000000
611291.362497 2490016.147402 0.000000
611286.447011 2490017.048810 0.000000
611281.531526 2490017.950218 0.000000
611276.616040 2490018.851625 0.000000
611271.700555 2490019.753033 0.000000
611266.785069 2490020.654441 0.000000
611261.869584 2490021.555849 0.000000
611256.954098 2490022.457257 0.000000
611252.038613 2490023.358665 0.000000
611247.123127 2490024.260073 0.000000
611242.207642 2490025.161480 0.000000
611237.292156 2490026.062888 0.000000
611232.376671 2490026.964296 0.000000
611227.461185 2490027.865704 0.000000
611222.545699 2490028.767112 0.000000
611217.630214 2490029.668520 0.000000
611212.714728 2490030.569928 0.000000
611207.799243 2490031.471336 0.000000
611202.883757 2490032.372743 0.000000
611197.968272 2490033.274151 0.000000
611193.052786 2490034.175559 0.000000
611188.137301 2490035.076967 0.000000
611183.221815 2490035.978375 0.000000
611178.306330 2490036.879783 0.000000
611173.390844 2490037.781191 0.000000
611168.475359 2490038.682598 0.000000
611163.559873 2490039.584006 0.000000
611158.644387 2490040.485414 0.000000
611153.728902 2490041.386822 0.000000
611148.813416 2490042.288230 0.000000
611143.897931 2490043.189638 0.000000
611138.982445 2490044.091046 0.000000
611134.066960 2490044.992453 0.000000
611129.151474 2490045.893861 0.000000
611124.235989 2490046.795269 0.000000
611119.320503 2490047.696677 0.000000
611114.405018 2490048.598085 0.000000
611109.489532 2490049.499493 0.000000
611104.574047 2490050.400901 0.000000
611099.658561 2490051.302308 0.000000
611094.743076 2490052.203716 0.000000
611089.827590 2490053.105124 0.000000
611084.912104 2490054.006532 0.000000
611079.996619 2490054.907940 0.000000
611075.081133 2490055.809348 0.000000
611070.165648 2490056.710756 0.000000
611065.250162 2490057.612164 0.000000
611060.334677 2490058.513571 0.000000
611055.419191 2490059.414979 0.000000
611050.503706 2490060.316387 0.000000
611045.588220 2490061.217795 0.000000
611040.672735 2490062.119203 0.000000
611035.757249 2490063.020611 0.000000
611030.841764 2490063.922019 0.000000
611025.926278 2490064.823426 0.000000
611021.010793 2490065.724834 0.000000
611016.052467 2490066.474834 0.000000
611011.094141 2490067.224834 0.000000
611006.135815 2490067.974833 0.000000
611001.177489 2490068.724833 0.000000
610996.219163 2490069.474833 0.000000
610991.260837 2490070.224832 0.000000
610986.302511 2490070.974832 0.000000
610981.344186 2490071.724831 0.000000
610976.385860 2490072.474831 0.000000
610971.427534 2490073.224831 0.000000
610966.469208 2490073.974830 0.000000
610961.510882 2490074.724830 0.000000
610956.552556 2490075.474830 0.000000
610951.594230 2490076.224829 0.000000
610946.635904 2490076.974829 0.000000
610941.677579 2490077.724829 0.000000
610936.719253 2490078.474828 0.000000
610931.760927 2490079.224828 0.000000
610926.802601 2490079.974828 0.000000
610921.844275 2490080.724827 0.000000
610916.885949 2490081.474827 0.000000
610911.927623 2490082.224826 0.000000
610906.969298 2490082.974826 0.000000
610902.010972 2490083.724826 0.000000
610897.039524 2490084.258824 0.000000
610892.068076 2490084.792823 0.000000
610887.096629 2490085.326821 0.000000
610882.125181 2490085.860820 0.000000
610877.153733 2490086.394818 0.000000
610872.182286 2490086.928817 0.000000
610867.210838 2490087.462815 0.000000
610862.239390 2490087.996814 0.000000
610857.267943 2490088.530812 0.000000
610852.296495 2490089.064811 0.000000
610847.325047 2490089.598809 0.000000
610842.353600 2490090.132808 0.000000
610837.382152 2490090.666806 0.000000
610832.410704 2490091.200805 0.000000
610827.439257 2490091.734803 0.000000
610822.467809 2490092.268802 0.000000
610817.496362 2490092.802800 0.000000
610812.524914 2490093.336799 0.000000
610807.553466 2490093.870797 0.000000
610802.582019 2490094.404796 0.000000
610797.610571 2490094.938794 0.000000
610792.639123 2490095.472793 0.000000
610787.667676 2490096.006791 0.000000
610782.696228 2490096.540790 0.000000
610777.724780 2490097.074788 0.000000
610772.753333 2490097.608787 0.000000
610767.781885 2490098.142785 0.000000
610762.810437 2490098.676784 0.000000
610757.838990 2490099.210782 0.000000
610752.867542 2490099.744781 0.000000
610747.896094 2490100.278779 0.000000
610742.924647 2490100.812778 0.000000
610737.953199 2490101.346776 0.000000
610732.981751 2490101.880775 0.000000
610728.010304 2490102.414773 0.000000
610723.038856 2490102.948772 0.000000
610718.067408 2490103.482770 0.000000
610713.095961 2490104.016769 0.000000
610708.124513 2490104.550767 0.000000
610703.153065 2490105.084766 0.000000
610698.181618 2490105.618764 0.000000
610693.210170 2490106.152763 0.000000
610688.238723 2490106.686761 0.000000
610683.267275 2490107.220760 0.000000
610678.295827 2490107.754758 0.000000
610673.324380 2490108.288757 0.000000
610668.352932 2490108.822755 0.000000
610663.381484 2490109.356754 0.000000
610658.410037 2490109.890752 0.000000
610653.438589 2490110.424751 0.000000
610648.467141 2490110.958749 0.000000
610643.495694 2490111.492748 0.000000
610638.524246 2490112.026746 0.000000
610633.552798 2490112.560745 0.000000
610628.581351 2490113.094743 0.000000
610623.609903 2490113.628742 0.000000
610618.638455 2490114.162740 0.000000
610613.667008 2490114.696739 0.000000
610608.695560 2490115.230737 0.000000
610603.724112 2490115.764736 0.000000
610598.752665 2490116.298734 0.000000
610593.781217 2490116.832733 0.000000
610588.809769 2490117.366731 0.000000
610583.838322 2490117.900730 0.000000
610578.866874 2490118.434728 0.000000
610573.895426 2490118.968727 0.000000
610568.923979 2490119.502725 0.000000
610563.952531 2490120.036724 0.000000
610558.981084 2490120.570722 0.000000
610554.009636 2490121.104721 0.000000
610549.038188 2490121.638719 0.000000
610544.066741 2490122.172718 0.000000
610539.095293 2490122.706716 0.000000
610534.123845 2490123.240715 0.000000
610529.152398 2490123.774713 0.000000
610524.180950 2490124.308712 0.000000
610519.209502 2490124.842710 0.000000
610514.238055 2490125.376709 0.000000
610509.266607 2490125.910707 0.000000
610504.295159 2490126.444706 0.000000
610499.323712 2490126.978704 0.000000
610494.352264 2490127.512703 0.000000
610489.380816 2490128.046701 0.000000
610484.409369 2490128.580700 0.000000
610479.437921 2490129.114698 0.000000
610474.466473 2490129.648697 0.000000
610469.495026 2490130.182695 0.000000
610464.523578 2490130.716694 0.000000
610459.552130 2490131.250692 0.000000
610454.580683 2490131.784691 0.000000
610449.609235 2490132.318689 0.000000
610444.637787 2490132.852688 0.000000
610439.666340 2490133.386686 0.000000
610434.694892 2490133.920685 0.000000
610429.723445 2490134.454683 0.000000
610424.751997 2490134.988682 0.000000
610419.780549 2490135.522680 0.000000
610414.809102 2490136.056679 0.000000
610409.837654 2490136.590677 0.000000
610404.866206 2490137.124676 0.000000
610399.894759 2490137.658674 0.000000
610394.923311 2490138.192673 0.000000
610389.951863 2490138.726671 0.000000
610384.980416 2490139.260670 0.000000
610380.008968 2490139.794668 0.000000
610375.037520 2490140.328667 0.000000
610370.066073 2490140.862665 0.000000
610365.094625 2490141.396664 0.000000
610360.123177 2490141.930662 0.000000
610355.151730 2490142.464661 0.000000
610350.180282 2490142.998659 0.000000
610345.208834 2490143.532658 0.000000
610340.237387 2490144.066656 0.000000
610335.265939 2490144.600655 0.000000
610330.294491 2490145.134653 0.000000
610325.323044 2490145.668652 0.000000
610320.351596 2490146.202650 0.000000
610315.380148 2490146.736649 0.000000
610310.408701 2490147.270647 0.000000
610305.437253 2490147.804646 0.000000
610300.465805 2490148.338644 0.000000
610295.494358 2490148.872643 0.000000
610290.522910 2490149.406641 0.000000
610285.551463 2490149.940640 0.000000
610280.580015 2490150.474638 0.000000
610275.608567 2490151.008637 0.000000
610270.637120 2490151.542635 0.000000
610265.665672 2490152.076634 0.000000
610260.694224 2490152.610632 0.000000
610255.722777 2490153.144631 0.000000
610250.751329 2490153.678629 0.000000
610245.779881 2490154.212628 0.000000
610240.808434 2490154.746626 0.000000
610235.836986 2490155.280625 0.000000
610230.865538 2490155.814623 0.000000
610225.894091 2490156.348622 0.000000
610220.922643 2490156.882620 0.000000
610215.951195 2490157.416619 0.000000
610210.979748 2490157.950617 0.000000
610206.008300 2490158.484616 0.000000
610201.036852 2490159.018614 0.000000
610196.065405 2490159.552613 0.000000
610191.093957 2490160.086611 0.000000
610186.122509 2490160.620610 0.000000
610181.151062 2490161.154608 0.000000
610176.179614 2490161.688607 0.000000
610171.208166 2490162.222605 0.000000
610166.236719 2490162.756604 0.000000
610161.265271 2490163.290602 0.000000
610156.293824 2490163.824601 0.000000
610151.322376 2490164.358599 0.000000
610146.350928 2490164.892598 0.000000
610141.379481 2490165.426596 0.000000
610136.408033 2490165.960595 0.000000
610131.436585 2490166.494593 0.000000
610126.465138 2490167.028592 0.000000
610121.493690 2490167.562590 0.000000
610116.522242 2490168.096589 0.000000
610111.550795 2490168.630587 0.000000
610106.579347 2490169.164586 0.000000
610101.607899 2490169.698584 0.000000
610096.636452 2490170.232583 0.000000
610091.665004 2490170.766581 0.000000
610086.693556 2490171.300580 0.000000
610081.722109 2490171.834578 0.000000
610076.750661 2490172.368577 0.000000
610071.779213 2490172.902575 0.000000
610066.807766 2490173.436574 0.000000
610061.836318 2490173.970572 0.000000
610056.864870 2490174.504571 0.000000
610051.893423 2490175.038569 0.000000
610046.921975 2490175.572568 0.000000
610041.950527 2490176.106566 0.000000
610036.979080 2490176.640565 0.000000
610032.007632 2490177.174563 0.000000
610027.036185 2490177.708562 0.000000
610022.064737 2490178.242560 0.000000
610017.093289 2490178.776559 0.000000
610012.121842 2490179.310557 0.000000
610007.150394 2490179.844556 0.000000
610002.178946 2490180.378554 0.000000
609997.207499 2490180.912553 0.000000
609992.236051 2490181.446551 0.000000
609987.264603 2490181.980550 0.000000
609982.293156 2490182.514548 0.000000
609977.321708 2490183.048547 0.000000
609972.350260 2490183.582545 0.000000
609967.378813 2490184.116544 0.000000
609962.407365 2490184.650542 0.000000
609957.435917 2490185.184541 0.000000
609952.464470 2490185.718539 0.000000
609947.493022 2490186.252538 0.000000
609942.521574 2490186.786536 0.000000
609937.550127 2490187.320535 0.000000
609932.578679 2490187.854533 0.000000
609927.607231 2490188.388532 0.000000
609922.635784 2490188.922530 0.000000
609917.664336 2490189.456529 0.000000
609912.692888 2490189.990527 0.000000
609907.721441 2490190.524526 0.000000
609902.749993 2490191.058524 0.000000
609897.778546 2490191.592523 0.000000
609892.807098 2490192.126521 0.000000
609887.835650 2490192.660520 0.000000
609882.864203 2490193.194518 0.000000
609877.892755 2490193.728517 0.000000
609872.921307 2490194.262515 0.000000
609867.949860 2490194.796514 0.000000
609862.978412 2490195.330512 0.000000
609858.006964 2490195.864511 0.000000
609853.035517 2490196.398509 0.000000
609848.064069 2490196.932508 0.000000
609843.092621 2490197.466506 0.000000
609838.121174 2490198.000505 0.000000
609833.149726 2490198.534503 0.000000
609828.178278 2490199.068502 0.000000
609823.206831 2490199.602500 0.000000
609818.235383 2490200.136499 0.000000
609813.263935 2490200.670497 0.000000
609808.292488 2490201.204496 0.000000
609803.321040 2490201.738494 0.000000
609798.349592 2490202.272493 0.000000
609793.378145 2490202.806491 0.000000
609788.406697 2490203.340490 0.000000
609783.435249 2490203.874488 0.000000
609778.463802 2490204.408487 0.000000
609773.492354 2490204.942485 0.000000
609768.520907 2490205.476484 0.000000
609763.549459 2490206.010482 0.000000
609758.578011 2490206.544481 0.000000
609753.606564 2490207.078479 0.000000
609748.635116 2490207.612478 0.000000
609743.663668 2490208.146476 0.000000
609738.692221 2490208.680475 0.000000
609733.720773 2490209.214473 0.000000
609728.749325 2490209.748472 0.000000
609723.777878 2490210.282470 0.000000
609718.806430 2490210.816469 0.000000
609713.834982 2490211.350467 0.000000
609708.863535 2490211.884466 0.000000
609703.892087 2490212.418464 0.000000
609698.920639 2490212.952463 0.000000
609693.949192 2490213.486461 0.000000
609688.977744 2490214.020460 0.000000
609684.006296 2490214.554458 0.000000
609679.034849 2490215.088457 0.000000
609674.063401 2490215.622455 0.000000
609669.091953 2490216.156454 0.000000
609664.120506 2490216.690452 0.000000
609659.149058 2490217.224451 0.000000
609654.177610 2490217.758449 0.000000
609649.206163 2490218.292448 0.000000
609644.234715 2490218.826446 0.000000
609639.263268 2490219.360445 0.000000
609634.291820 2490219.894443 0.000000
609629.320372 2490220.428442 0.000000
609624.348925 2490220.962440 0.000000
609619.377477 2490221.496439 0.000000
609614.406029 2490222.030437 0.000000
609609.434582 2490222.564436 0.000000
609604.463134 2490223.098434 0.000000
609599.491686 2490223.632433 0.000000
609594.520239 2490224.166431 0.000000
609589.548791 2490224.700430 0.000000
609584.577343 2490225.234428 0.000000
609579.605896 2490225.768427 0.000000
609574.634448 2490226.302425 0.000000
609569.663000 2490226.836424 0.000000
609564.691553 2490227.370422 0.000000
609559.720105 2490227.904421 0.000000
609554.748657 2490228.438419 0.000000
609549.777210 2490228.972418 0.000000
609544.805762 2490229.506416 0.000000
609539.834314 2490230.040415 0.000000
609534.862867 2490230.574413 0.000000
609529.891419 2490231.108412 0.000000
609524.919971 2490231.642410 0.000000
609519.948524 2490232.176409 0.000000
609514.977076 2490232.710407 0.000000
609510.005628 2490233.244406 0.000000
609505.034181 2490233.778404 0.000000
609500.062733 2490234.312403 0.000000
609495.091286 2490234.846401 0.000000
609490.119838 2490235.380400 0.000000
609485.148390 2490235.914398 0.000000
609480.176943 2490236.448397 0.000000
609475.205495 2490236.982395 0.000000
609470.234047 2490237.516394 0.000000
609465.262600 2490238.050392 0.000000
609460.291152 2490238.584391 0.000000
609455.319704 2490239.118389 0.000000
609450.348257 2490239.652388 0.000000
609445.376809 2490240.186386 0.000000
609440.405361 2490240.720385 0.000000
609435.433914 2490241.254383 0.000000
609430.462466 2490241.788382 0.000000
609425.491018 2490242.322380 0.000000
609420.519571 2490242.856379 0.000000
609415.548123 2490243.390377 0.000000
609410.576675 2490243.924376 0.000000
609405.605228 2490244.458374 0.000000
609400.633780 2490244.992373 0.000000
609395.662332 2490245.526371 0.000000
609390.690885 2490246.060370 0.000000
609385.719437 2490246.594368 0.000000
609380.747989 2490247.128367 0.000000
609375.776542 2490247.662365 0.000000
609370.805094 2490248.196364 0.000000
609365.833647 2490248.730362 0.000000
609360.862199 2490249.264361 0.000000
609355.890751 2490249.798359 0.000000
609350.919304 2490250.332358 0.000000
609345.947856 2490250.866356 0.000000
609340.976408 2490251.400355 0.000000
609336.004961 2490251.934353 0.000000
609331.033513 2490252.468352 0.000000
609326.062065 2490253.002350 0.000000
609321.090618 2490253.536349 0.000000
609316.119170 2490254.070347 0.000000
609311.147722 2490254.604346 0.000000
609306.176275 2490255.138344 0.000000
609301.204827 2490255.672343 0.000000
609296.233379 2490256.206341 0.000000
609291.261932 2490256.740340 0.000000
609286.290484 2490257.274338 0.000000
609281.319036 2490257.808337 0.000000
609276.347589 2490258.342335 0.000000
609271.376141 2490258.876334 0.000000
609266.404693 2490259.410332 0.000000
609261.433246 2490259.944331 0.000000
609256.461798 2490260.478329 0.000000
609251.490350 2490261.012328 0.000000
609246.518903 2490261.546326 0.000000
609241.547455 2490262.080325 0.000000
609236.576008 2490262.614323 0.000000
609231.604560 2490263.148322 0.000000
609226.633112 2490263.682320 0.000000
609221.661665 2490264.216319 0.000000
609216.690217 2490264.750317 0.000000
609211.718769 2490265.284316 0.000000
609206.747322 2490265.818314 0.000000
609201.775874 2490266.352313 0.000000
609196.804426 2490266.886311 0.000000
609191.832979 2490267.420310 0.000000
609186.861531 2490267.954308 0.000000
609181.890083 2490268.488307 0.000000
609176.918636 2490269.022305 0.000000
609171.947188 2490269.556304 0.000000
609166.975740 2490270.090302 0.000000
609162.004293 2490270.624301 0.000000
609157.032845 2490271.158299 0.000000
609152.061397 2490271.692298 0.000000
609147.089950 2490272.226296 0.000000
609142.118502 2490272.760295 0.000000
609137.147054 2490273.294293 0.000000
609132.175607 2490273.828292 0.000000
609127.204159 2490274.362290 0.000000
609122.232711 2490274.896289 0.000000
609117.261264 2490275.430287 0.000000
609112.289816 2490275.964286 0.000000
609107.318369 2490276.498284 0.000000
609102.346921 2490277.032283 0.000000
609097.375473 2490277.566281 0.000000
609092.404026 2490278.100280 0.000000
609087.432578 2490278.634278 0.000000
609082.461130 2490279.168277 0.000000
609077.489683 2490279.702275 0.000000
609072.518235 2490280.236274 0.000000
609067.546787 2490280.770272 0.000000
609062.575340 2490281.304271 0.000000
609057.603892 2490281.838269 0.000000
609052.632444 2490282.372268 0.000000
609047.660997 2490282.906266 0.000000
609042.689549 2490283.440265 0.000000
609037.718101 2490283.974263 0.000000
609032.746654 2490284.508262 0.000000
609027.775206 2490285.042260 0.000000
609022.803758 2490285.576259 0.000000
609017.832311 2490286.110257 0.000000
609012.860863 2490286.644256 0.000000
609007.889415 2490287.178254 0.000000
609002.917968 2490287.712253 0.000000
608997.946520 2490288.246251 0.000000
608992.975072 2490288.780250 0.000000
608988.003625 2490289.314248 0.000000
608983.032177 2490289.848247 0.000000
608978.060730 2490290.382245 0.000000
608973.089282 2490290.916244 0.000000
608968.117834 2490291.450242 0.000000
608963.146387 2490291.984241 0.000000
608958.174939 2490292.518239 0.000000
608953.203491 2490293.052238 0.000000
608948.232044 2490293.586236 0.000000
608943.260596 2490294.120235 0.000000
608938.289148 2490294.654233 0.000000
608933.317701 2490295.188232 0.000000
608928.346253 2490295.722230 0.000000
608923.374805 2490296.256229 0.000000
608918.403358 2490296.790227 0.000000
608913.431910 2490297.324226 0.000000
608908.460462 2490297.858224 0.000000
608903.489015 2490298.392223 0.000000
608898.517567 2490298.926221 0.000000
608893.546119 2490299.460220 0.000000
608888.574672 2490299.994218 0.000000
608883.603224 2490300.528217 0.000000
608878.631776 2490301.062215 0.000000
608873.660329 2490301.596214 0.000000
608868.688881 2490302.130212 0.000000
608863.717433 2490302.664211 0.000000
608858.745986 2490303.198209 0.000000
608853.774538 2490303.732208 0.000000
608848.803091 2490304.266206 0.000000
608843.831643 2490304.800205 0.000000
608838.860195 2490305.334203 0.000000
608833.888748 2490305.868202 0.000000
608828.917300 2490306.402200 0.000000
608823.945852 2490306.936199 0.000000
608818.974405 2490307.470197 0.000000
608814.002957 2490308.004196 0.000000
608809.031509 2490308.538194 0.000000
608804.060062 2490309.072193 0.000000
608799.088614 2490309.606191 0.000000
608794.117166 2490310.140190 0.000000
608789.145719 2490310.674188 0.000000
608784.174271 2490311.208187 0.000000
608779.202823 2490311.742185 0.000000
608774.231376 2490312.276184 0.000000
608769.259928 2490312.810182 0.000000
608764.288480 2490313.344181 0.000000
608759.317033 2490313.878179 0.000000
608754.345585 2490314.412178 0.000000
608749.374137 2490314.946176 0.000000
608744.402690 2490315.480175 0.000000
608739.431242 2490316.014173 0.000000
608734.459794 2490316.548172 0.000000
608729.488347 2490317.082170 0.000000
608724.516899 2490317.616169 0.000000
608719.545452 2490318.150167 0.000000
608714.574004 2490318.684166 0.000000
608709.602556 2490319.218164 0.000000
608704.631109 2490319.752163 0.000000
608699.659661 2490320.286161 0.000000
608694.688213 2490320.820160 0.000000
608689.716766 2490321.354158 0.000000
608684.745318 2490321.888157 0.000000
608679.773870 2490322.422155 0.000000
608674.802423 2490322.956154 0.000000
608669.830975 2490323.490152 0.000000
608664.859527 2490324.024151 0.000000
608659.888080 2490324.558149 0.000000
608654.916632 2490325.092148 0.000000
608649.945184 2490325.626146 0.000000
608644.973737 2490326.160145 0.000000
608640.002289 2490326.694143 0.000000
608635.030841 2490327.228142 0.000000
608630.059394 2490327.762140 0.000000
608625.087946 2490328.296139 0.000000
608620.116498 2490328.830137 0.000000
608615.145051 2490329.364136 0.000000
608610.173603 2490329.898134 0.000000
608605.202155 2490330.432133 0.000000
608600.230708 2490330.966131 0.000000
608595.259260 2490331.500130 0.000000
608590.287812 2490332.034128 0.000000
608585.316365 2490332.568127 0.000000
608580.344917 2490333.102125 0.000000
608575.373470 2490333.636124 0.000000
608570.402022 2490334.170122 0.000000
608565.430574 2490334.704121 0.000000
608560.459127 2490335.238119 0.000000
608555.487679 2490335.772118 0.000000
608550.516231 2490336.306116 0.000000
608545.544784 2490336.840115 0.000000
608540.573336 2490337.374113 0.000000
608535.601888 2490337.908112 0.000000
608530.630441 2490338.442110 0.000000
608525.658993 2490338.976109 0.000000
608520.687545 2490339.510107 0.000000
608515.716098 2490340.044106 0.000000
608510.744650 2490340.578104 0.000000
608505.773202 2490341.112103 0.000000
608500.801755 2490341.646101 0.000000
608495.830307 2490342.180100 0.000000
608490.858859 2490342.714098 0.000000
608485.887412 2490343.248097 0.000000
608480.915964 2490343.782095 0.000000
608475.944516 2490344.316094 0.000000
608470.973069 2490344.850092 0.000000
608466.001621 2490345.384091 0.000000
608461.030173 2490345.918089 0.000000
608456.058726 2490346.452088 0.000000
608451.087278 2490346.986086 0.000000
608446.115831 2490347.520085 0.000000
608441.144383 2490348.054083 0.000000
608436.172935 2490348.588082 0.000000
608431.201488 2490349.122080 0.000000
608426.230040 2490349.656079 0.000000
608421.258592 2490350.190077 0.000000
608416.287145 2490350.724076 0.000000
608411.315697 2490351.258074 0.000000
608406.344249 2490351.792073 0.000000
608401.372802 2490352.326071 0.000000
608396.401354 2490352.860070 0.000000
608391.429906 2490353.394068 0.000000
608386.458459 2490353.928067 0.000000
608381.487011 2490354.462065 0.000000
608376.515563 2490354.996064 0.000000
608371.544116 2490355.530062 0.000000
608366.572668 2490356.064061 0.000000
608361.601220 2490356.598059 0.000000
608356.629773 2490357.132058 0.000000
608351.658325 2490357.666056 0.000000
608346.686877 2490358.200055 0.000000
608341.715430 2490358.734053 0.000000
608336.743982 2490359.268052 0.000000
608331.772534 2490359.802050 0.000000
608326.801087 2490360.336049 0.000000
608321.829639 2490360.870047 0.000000
608316.858192 2490361.404046 0.000000
608311.886744 2490361.938044 0.000000
608306.915296 2490362.472043 0.000000
608301.943849 2490363.006041 0.000000
608296.972401 2490363.540040 0.000000
608292.000953 2490364.074038 0.000000
608287.029506 2490364.608037 0.000000
608282.058058 2490365.142035 0.000000
608277.086610 2490365.676034 0.000000
608272.115163 2490366.210032 0.000000
608267.143715 2490366.744031 0.000000
608262.172267 2490367.278029 0.000000
608257.200820 2490367.812028 0.000000
608252.229372 2490368.346026 0.000000
608247.257924 2490368.880025 0.000000
608242.286477 2490369.414023 0.000000
608237.315029 2490369.948022 0.000000
608232.343581 2490370.482020 0.000000
608227.372134 2490371.016019 0.000000
608222.400686 2490371.550017 0.000000
608217.429238 2490372.084016 0.000000
608212.457791 2490372.618014 0.000000
608207.486343 2490373.152013 0.000000
608202.514895 2490373.686011 0.000000
608197.543448 2490374.220010 0.000000
608192.572000 2490374.754008 0.000000
608187.600553 2490375.288007 0.000000
608182.629105 2490375.822005 0.000000
608177.657657 2490376.356004 0.000000
608172.686210 2490376.890002 0.000000
608167.714762 2490377.424001 0.000000
608162.743314 2490377.957999 0.000000
608157.771867 2490378.491998 0.000000
608152.800419 2490379.025996 0.000000
608147.828971 2490379.559995 0.000000
608142.857524 2490380.093993 0.000000
608137.886076 2490380.627992 0.000000
608132.914628 2490381.161990 0.000000
608127.943181 2490381.695989 0.000000
608122.971733 2490382.229987 0.000000
608118.000285 2490382.763986 0.000000
608113.028838 2490383.297984 0.000000
608108.057390 2490383.831983 0.000000
608103.085942 2490384.365981 0.000000
608098.114495 2490384.899980 0.000000
608093.143047 2490385.433978 0.000000
608088.171599 2490385.967977 0.000000
608083.200152 2490386.501975 0.000000
608078.228704 2490387.035974 0.000000
608073.257256 2490387.569972 0.000000
608068.285809 2490388.103971 0.000000
608063.314361 2490388.637969 0.000000
608058.342914 2490389.171968 0.000000
608053.371466 2490389.705966 0.000000
608048.400018 2490390.239965 0.000000
608043.428571 2490390.773963 0.000000
608038.457123 2490391.307962 0.000000
608033.485675 2490391.841960 0.000000
608028.514228 2490392.375959 0.000000
608023.542780 2490392.909957 0.000000
608018.571332 2490393.443956 0.000000
608013.599885 2490393.977954 0.000000
608008.628437 2490394.511953 0.000000
608003.656989 2490395.045951 0.000000
607998.685542 2490395.579950 0.000000
607993.714094 2490396.113948 0.000000
607988.742646 2490396.647947 0.000000
607983.771199 2490397.181945 0.000000
607978.799751 2490397.715944 0.000000
607973.828303 2490398.249942 0.000000
607968.856856 2490398.783941 0.000000
607963.885408 2490399.317939 0.000000
607958.913960 2490399.851938 0.000000
607953.942513 2490400.385936 0.000000
607948.971065 2490400.919935 0.000000
607943.999617 2490401.453933 0.000000
607939.028170 2490401.987932 0.000000
607934.056722 2490402.521930 0.000000
607929.085275 2490403.055929 0.000000
607924.113827 2490403.589927 0.000000
607919.142379 2490404.123926 0.000000
607914.170932 2490404.657924 0.000000
607909.199484 2490405.191923 0.000000
607904.228036 2490405.725921 0.000000
607899.256589 2490406.259920 0.000000
607894.285141 2490406.793918 0.000000
607889.313693 2490407.327917 0.000000
607884.342246 2490407.861915 0.000000
607879.370798 2490408.395914 0.000000
607874.399350 2490408.929912 0.000000
607869.427903 2490409.463911 0.000000
607864.456455 2490409.997909 0.000000
607859.485007 2490410.531908 0.000000
607854.513560 2490411.065906 0.000000
607849.542112 2490411.599905 0.000000
607844.570664 2490412.133903 0.000000
607839.599217 2490412.667902 0.000000
607834.627769 2490413.201900 0.000000
607829.656321 2490413.735899 0.000000
607824.684874 2490414.269897 0.000000
607819.713426 2490414.803896 0.000000
607814.741978 2490415.337894 0.000000
607809.770531 2490415.871893 0.000000
607804.799083 2490416.405891 0.000000
607799.827635 2490416.939890 0.000000
607794.856188 2490417.473888 0.000000
607789.884740 2490418.007887 0.000000
607784.913293 2490418.541885 0.000000
607779.941845 2490419.075884 0.000000
607774.970397 2490419.609882 0.000000
607769.998950 2490420.143881 0.000000
607765.027502 2490420.677879 0.000000
607760.056054 2490421.211878 0.000000
607755.084607 2490421.745876 0.000000
607750.113159 2490422.279875 0.000000
607745.141711 2490422.813873 0.000000
607740.170264 2490423.347872 0.000000
607735.198816 2490423.881870 0.000000
607730.227368 2490424.415869 0.000000
607725.255921 2490424.949867 0.000000
607720.284473 2490425.483866 0.000000
607715.313025 2490426.017864 0.000000
607710.341578 2490426.551863 0.000000
607705.370130 2490427.085861 0.000000
607700.398682 2490427.619860 0.000000
607695.427235 2490428.153858 0.000000
607690.455787 2490428.687857 0.000000
607685.484339 2490429.221855 0.000000
607680.512892 2490429.755854 0.000000
607675.541444 2490430.289852 0.000000
607670.569996 2490430.823851 0.000000
607665.598549 2490431.357849 0.000000
607660.627101 2490431.891848 0.000000
607655.655654 2490432.425846 0.000000
607650.684206 2490432.959845 0.000000
607645.712758 2490433.493843 0.000000
607640.741311 2490434.027842 0.000000
607635.769863 2490434.561840 0.000000
607630.798415 2490435.095839 0.000000
607625.826968 2490435.629837 0.000000
607620.855520 2490436.163836 0.000000
607615.884072 2490436.697834 0.000000
607610.912625 2490437.231833 0.000000
607605.941177 2490437.765831 0.000000
607600.969729 2490438.299830 0.000000
607595.998282 2490438.833828 0.000000
607591.026834 2490439.367827 0.000000
607586.055386 2490439.901825 0.000000
607581.083939 2490440.435824 0.000000
607576.112491 2490440.969822 0.000000
607571.141043 2490441.503821 0.000000
607566.169596 2490442.037819 0.000000
607561.198148 2490442.571818 0.000000
607556.226700 2490443.105816 0.000000
607551.255253 2490443.639815 0.000000
607546.283805 2490444.173813 0.000000
607541.312357 2490444.707811 0.000000
607536.340910 2490445.241810 0.000000
607531.369462 2490445.775808 0.000000
607526.398015 2490446.309807 0.000000
607521.426567 2490446.843805 0.000000
607516.455119 2490447.377804 0.000000
607511.483672 2490447.911802 0.000000
607506.512224 2490448.445801 0.000000
607501.540776 2490448.979799 0.000000
607496.569329 2490449.513798 0.000000
607491.597881 2490450.047796 0.000000
607486.626433 2490450.581795 0.000000
607481.654986 2490451.115793 0.000000
607476.683538 2490451.649792 0.000000
607471.712090 2490452.183790 0.000000
607466.740643 2490452.717789 0.000000
607461.769195 2490453.251787 0.000000
607456.797747 2490453.785786 0.000000
607451.826300 2490454.319784 0.000000
607446.854852 2490454.853783 0.000000
607441.883404 2490455.387781 0.000000
607436.911957 2490455.921780 0.000000
607431.940509 2490456.455778 0.000000
607426.969061 2490456.989777 0.000000
607421.997614 2490457.523775 0.000000
607417.026166 2490458.057774 0.000000
607412.054718 2490458.591772 0.000000
607407.083271 2490459.125771 0.000000
607402.111823 2490459.659769 0.000000
607397.140376 2490460.193768 0.000000
607392.168928 2490460.727766 0.000000
607387.197480 2490461.261765 0.000000
607382.226033 2490461.795763 0.000000
607377.254585 2490462.329762 0.000000
607372.283137 2490462.863760 0.000000
607367.311690 2490463.397759 0.000000
607362.340242 2490463.931757 0.000000
607357.368794 2490464.465756 0.000000
607352.397347 2490464.999754 0.000000
607347.425899 2490465.533753 0.000000
607342.454451 2490466.067751 0.000000
607337.483004 2490466.601750 0.000000
607332.511556 2490467.135748 0.000000
607327.540108 2490467.669747 0.000000
607322.568661 2490468.203745 0.000000
607317.597213 2490468.737744 0.000000
607312.625765 2490469.271742 0.000000
607307.654318 2490469.805741 0.000000
607302.682870 2490470.339739 0.000000
607297.711422 2490470.873738 0.000000
607292.739975 2490471.407736 0.000000
607287.768527 2490471.941735 0.000000
607282.797079 2490472.475733 0.000000
607277.825632 2490473.009732 0.000000
607272.854184 2490473.543730 0.000000
607267.882737 2490474.077729 0.000000
607262.911289 2490474.611727 0.000000
607257.939841 2490475.145726 0.000000
607252.968394 2490475.679724 0.000000
607247.996946 2490476.213723 0.000000
607243.025498 2490476.747721 0.000000
607238.054051 2490477.281720 0.000000
607233.082603 2490477.815718 0.000000
607228.111155 2490478.349717 0.000000
607223.139708 2490478.883715 0.000000
607218.168260 2490479.417714 0.000000
607213.196812 2490479.951712 0.000000
607208.225365 2490480.485711 0.000000
607203.253917 2490481.019709 0.000000
607198.282469 2490481.553708 0.000000
607193.311022 2490482.087706 0.000000
607188.339574 2490482.621705 0.000000
607183.368126 2490483.155703 0.000000
607178.396679 2490483.689702 0.000000
607173.425231 2490484.223700 0.000000
607168.453783 2490484.757699 0.000000
607163.482336 2490485.291697 0.000000
607158.510888 2490485.825696 0.000000
607153.539440 2490486.359694 0.000000
607148.567993 2490486.893693 0.000000
607143.596545 2490487.427691 0.000000
607138.625098 2490487.961690 0.000000
607133.653650 2490488.495688 0.000000
607128.682202 2490489.029687 0.000000
607123.710755 2490489.563685 0.000000
607118.739307 2490490.097684 0.000000
607113.767859 2490490.631682 0.000000
607108.796412 2490491.165681 0.000000
607103.824964 2490491.699679 0.000000
607098.853516 2490492.233678 0.000000
607093.882069 2490492.767676 0.000000
607088.910621 2490493.301675 0.000000
607083.939173 2490493.835673 0.000000
607078.967726 2490494.369672 0.000000
607073.996278 2490494.903670 0.000000
607069.024830 2490495.437669 0.000000
607064.053383 2490495.971667 0.000000
607059.081935 2490496.505666 0.000000
607054.110487 2490497.039664 0.000000
607049.139040 2490497.573663 0.000000
607044.167592 2490498.107661 0.000000
607039.196144 2490498.641660 0.000000
607034.224697 2490499.175658 0.000000
607029.253249 2490499.709657 0.000000
607024.281801 2490500.243655 0.000000
607019.310354 2490500.777654 0.000000
607014.338906 2490501.311652 0.000000
607009.367459 2490501.845651 0.000000
607004.396011 2490502.379649 0.000000
606999.424563 2490502.913648 0.000000
606994.453116 2490503.447646 0.000000
606989.481668 2490503.981645 0.000000
606984.510220 2490504.515643 0.000000
606979.538773 2490505.049642 0.000000
606974.567325 2490505.583640 0.000000
606969.595877 2490506.117639 0.000000
606964.624430 2490506.651637 0.000000
606959.652982 2490507.185636 0.000000
606954.681534 2490507.719634 0.000000
606949.710087 2490508.253633 0.000000
606944.738639 2490508.787631 0.000000
606939.767191 2490509.321630 0.000000
606934.795744 2490509.855628 0.000000
606929.824296 2490510.389627 0.000000
606924.852848 2490510.923625 0.000000
606919.881401 2490511.457624 0.000000
606914.909953 2490511.991622 0.000000
606909.938505 2490512.525621 0.000000
606904.967058 2490513.059619 0.000000
606899.995610 2490513.593618 0.000000
606895.024162 2490514.127616 0.000000
606890.052715 2490514.661615 0.000000
606885.081267 2490515.195613 0.000000
606880.109819 2490515.729612 0.000000
606875.138372 2490516.263610 0.000000
606870.166924 2490516.797609 0.000000
606865.195477 2490517.331607 0.000000
606860.224029 2490517.865606 0.000000
606855.252581 2490518.399604 0.000000
606850.281134 2490518.933603 0.000000
606845.309686 2490519.467601 0.000000
606840.338238 2490520.001600 0.000000
606835.366791 2490520.535598 0.000000
606830.395343 2490521.069597 0.000000
606825.423895 2490521.603595 0.000000
606820.452448 2490522.137594 0.000000
606815.481000 2490522.671592 0.000000
606810.509552 2490523.205591 0.000000
606805.538105 2490523.739589 0.000000
606800.566657 2490524.273588 0.000000
606795.595209 2490524.807586 0.000000
606790.623762 2490525.341585 0.000000
606785.652314 2490525.875583 0.000000
606780.680866 2490526.409582 0.000000
606775.709419 2490526.943580 0.000000
606770.737971 2490527.477579 0.000000
606765.766523 2490528.011577 0.000000
606760.795076 2490528.545576 0.000000
606755.823628 2490529.079574 0.000000
606750.852180 2490529.613573 0.000000
606745.880733 2490530.147571 0.000000
606740.909285 2490530.681570 0.000000
606735.937838 2490531.215568 0.000000
606730.966390 2490531.749567 0.000000
606725.994942 2490532.283565 0.000000
606721.023495 2490532.817564 0.000000
606716.052047 2490533.351562 0.000000
606711.080599 2490533.885561 0.000000
606706.109152 2490534.419559 0.000000
606701.137704 2490534.953558 0.000000
606696.166256 2490535.487556 0.000000
606691.194809 2490536.021555 0.000000
606686.223361 2490536.555553 0.000000
606681.251913 2490537.089552 0.000000
606676.280466 2490537.623550 0.000000
606671.309018 2490538.157549 0.000000
606666.337570 2490538.691547 0.000000
606661.366123 2490539.225546 0.000000
606656.394675 2490539.759544 0.000000
606651.423227 2490540.293543 0.000000
606646.451780 2490540.827541 0.000000
606641.480332 2490541.361540 0.000000
606636.508884 2490541.895538 0.000000
606631.537437 2490542.429537 0.000000
606626.565989 2490542.963535 0.000000
606621.594541 2490543.497534 0.000000
606616.623094 2490544.031532 0.000000
606611.651646 2490544.565531 0.000000
606606.680199 2490545.099529 0.000000
606601.708751 2490545.633528 0.000000
606596.737303 2490546.167526 0.000000
606591.765856 2490546.701525 0.000000
606586.794408 2490547.235523 0.000000
606581.822960 2490547.769522 0.000000
606576.851513 2490548.303520 0.000000
606571.880065 2490548.837519 0.000000
606566.908617 2490549.371517 0.000000
606561.937170 2490549.905516 0.000000
606556.965722 2490550.439514 0.000000
606551.994274 2490550.973513 0.000000
606547.022827 2490551.507511 0.000000
606542.051379 2490552.041510 0.000000
606537.079931 2490552.575508 0.000000
606532.108484 2490553.109507 0.000000
606527.137036 2490553.643505 0.000000
606522.165588 2490554.177504 0.000000
606517.194141 2490554.711502 0.000000
606512.222693 2490555.245501 0.000000
606507.251245 2490555.779499 0.000000
606502.279798 2490556.313498 0.000000
606497.308350 2490556.847496 0.000000
606492.336902 2490557.381495 0.000000
606487.365455 2490557.915493 0.000000
606482.394007 2490558.449492 0.000000
606477.422560 2490558.983490 0.000000
606472.451112 2490559.517489 0.000000
606467.479664 2490560.051487 0.000000
606462.508217 2490560.585486 0.000000
606457.536769 2490561.119484 0.000000
606452.565321 2490561.653483 0.000000
606447.593874 2490562.187481 0.000000
606442.622426 2490562.721480 0.000000
606437.650978 2490563.255478 0.000000
606432.679531 2490563.789477 0.000000
606427.708083 2490564.323475 0.000000
606422.736635 2490564.857474 0.000000
606417.765188 2490565.391472 0.000000
606412.793740 2490565.925471 0.000000
606407.822292 2490566.459469 0.000000
606402.850845 2490566.993468 0.000000
606397.879397 2490567.527466 0.000000
606392.907949 2490568.061465 0.000000
606387.936502 2490568.595463 0.000000
606382.965054 2490569.129462 0.000000
606377.993606 2490569.663460 0.000000
606373.022159 2490570.197459 0.000000
606368.050711 2490570.731457 0.000000
606363.079263 2490571.265456 0.000000
606358.107816 2490571.799454 0.000000
606353.136368 2490572.333453 0.000000
606348.164921 2490572.867451 0.000000
606343.193473 2490573.401450 0.000000
606338.222025 2490573.935448 0.000000
606333.250578 2490574.469447 0.000000
606328.279130 2490575.003445 0.000000
606323.307682 2490575.537444 0.000000
606318.336235 2490576.071442 0.000000
606313.364787 2490576.605441 0.000000
606308.393339 2490577.139439 0.000000
606303.421892 2490577.673438 0.000000
606298.450444 2490578.207436 0.000000
606293.478996 2490578.741435 0.000000
606288.507549 2490579.275433 0.000000
606283.536101 2490579.809432 0.000000
606278.564653 2490580.343430 0.000000
606273.593206 2490580.877429 0.000000
606268.621758 2490581.411427 0.000000
606263.650310 2490581.945426 0.000000
606258.678863 2490582.479424 0.000000
606253.707415 2490583.013423 0.000000
606248.735967 2490583.547421 0.000000
606243.764520 2490584.081420 0.000000
606238.793072 2490584.615418 0.000000
606233.821624 2490585.149417 0.000000
606228.850177 2490585.683415 0.000000
606223.878729 2490586.217414 0.000000
606218.907282 2490586.751412 0.000000
606213.935834 2490587.285411 0.000000
606208.964386 2490587.819409 0.000000
606203.992939 2490588.353408 0.000000
606199.021491 2490588.887406 0.000000
606194.050043 2490589.421405 0.000000
606189.078596 2490589.955403 0.000000
606184.107148 2490590.489402 0.000000
606179.135700 2490591.023400 0.000000
606174.164253 2490591.557399 0.000000
606169.192805 2490592.091397 0.000000
606164.221357 2490592.625396 0.000000
606159.249910 2490593.159394 0.000000
606154.278462 2490593.693393 0.000000
606149.307014 2490594.227391 0.000000
606144.335567 2490594.761390 0.000000
606139.364119 2490595.295388 0.000000
606134.392671 2490595.829387 0.000000
606129.421224 2490596.363385 0.000000
606124.449776 2490596.897384 0.000000
606119.478328 2490597.431382 0.000000
606114.506881 2490597.965381 0.000000
606109.535433 2490598.499379 0.000000
606104.563985 2490599.033378 0.000000
606099.592538 2490599.567376 0.000000
606094.621090 2490600.101375 0.000000
606089.649643 2490600.635373 0.000000
606084.678195 2490601.169372 0.000000
606079.706747 2490601.703370 0.000000
606074.735300 2490602.237369 0.000000
606069.763852 2490602.771367 0.000000
606064.792404 2490603.305366 0.000000
606059.820957 2490603.839364 0.000000
606054.849509 2490604.373363 0.000000
606049.878061 2490604.907361 0.000000
606044.906614 2490605.441360 0.000000
606039.935166 2490605.975358 0.000000
606034.963718 2490606.509357 0.000000
606029.992271 2490607.043355 0.000000
606025.020823 2490607.577354 0.000000
606020.049375 2490608.111352 0.000000
606015.077928 2490608.645351 0.000000
606010.106480 2490609.179349 0.000000
606005.135032 2490609.713348 0.000000
606000.163585 2490610.247346 0.000000
605995.192137 2490610.781345 0.000000
605990.220689 2490611.315343 0.000000
605985.249242 2490611.849342 0.000000
605980.277794 2490612.383340 0.000000
605975.306346 2490612.917339 0.000000
605970.334899 2490613.451337 0.000000
605965.363451 2490613.985336 0.000000
605960.392003 2490614.519334 0.000000
605955.420556 2490615.053333 0.000000
605950.449108 2490615.587331 0.000000
605945.477661 2490616.121330 0.000000
605940.506213 2490616.655328 0.000000
605935.534765 2490617.189327 0.000000
605930.563318 2490617.723325 0.000000
605925.591870 2490618.257324 0.000000
605920.620422 2490618.791322 0.000000
605915.648975 2490619.325321 0.000000
605910.677527 2490619.859319 0.000000
605905.706079 2490620.393318 0.000000
605900.734632 2490620.927316 0.000000
605895.763184 2490621.461315 0.000000
605890.791736 2490621.995313 0.000000
605885.820289 2490622.529312 0.000000
605880.848841 2490623.063310 0.000000
605875.877393 2490623.597309 0.000000
605870.905946 2490624.131307 0.000000
605865.934498 2490624.665306 0.000000
605860.963050 2490625.199304 0.000000
605855.991603 2490625.733303 0.000000
605851.020155 2490626.267301 0.000000
605846.048707 2490626.801300 0.000000
605841.077260 2490627.335298 0.000000
605836.105812 2490627.869297 0.000000
605831.134364 2490628.403295 0.000000
605826.162917 2490628.937294 0.000000
605821.191469 2490629.471292 0.000000
605816.220022 2490630.005291 0.000000
605811.248574 2490630.539289 0.000000
605806.277126 2490631.073288 0.000000
605801.305679 2490631.607286 0.000000
605796.334231 2490632.141285 0.000000
605791.362783 2490632.675283 0.000000
605786.391336 2490633.209282 0.000000
605781.419888 2490633.743280 0.000000
605776.448440 2490634.277279 0.000000
605771.476993 2490634.811277 0.000000
605766.505545 2490635.345276 0.000000
605761.534097 2490635.879274 0.000000
605756.562650 2490636.413273 0.000000
605751.591202 2490636.947271 0.000000
605746.619754 2490637.481270 0.000000
605741.648307 2490638.015268 0.000000
605736.676859 2490638.549267 0.000000
605731.705411 2490639.083265 0.000000
605726.733964 2490639.617264 0.000000
605721.762516 2490640.151262 0.000000
605716.791068 2490640.685261 0.000000
605711.819621 2490641.219259 0.000000
605706.848173 2490641.753258 0.000000
605701.876725 2490642.287256 0.000000
605696.905278 2490642.821255 0.000000
605691.933830 2490643.355253 0.000000
605686.962383 2490643.889252 0.000000
605681.990935 2490644.423250 0.000000
605677.019487 2490644.957249 0.000000
605672.048040 2490645.491247 0.000000
605667.076592 2490646.025246 0.000000
605662.105144 2490646.559244 0.000000
605657.133697 2490647.093243 0.000000
605652.162249 2490647.627241 0.000000
605647.190801 2490648.161240 0.000000
605642.219354 2490648.695238 0.000000
605637.247906 2490649.229237 0.000000
605632.276458 2490649.763235 0.000000
605627.305011 2490650.297234 0.000000
605622.333563 2490650.831232 0.000000
605617.362115 2490651.365231 0.000000
605612.390668 2490651.899229 0.000000
605607.419220 2490652.433228 0.000000
605602.447772 2490652.967226 0.000000
605597.476325 2490653.501225 0.000000
605592.504877 2490654.035223 0.000000
605587.533429 2490654.569222 0.000000
605582.561982 2490655.103220 0.000000
605577.590534 2490655.637219 0.000000
605572.619086 2490656.171217 0.000000
605567.647639 2490656.705216 0.000000
605562.676191 2490657.239214 0.000000
605557.704744 2490657.773213 0.000000
605552.733296 2490658.307211 0.000000
605547.761848 2490658.841210 0.000000
605542.790401 2490659.375208 0.000000
605537.818953 2490659.909207 0.000000
605532.847505 2490660.443205 0.000000
605527.876058 2490660.977204 0.000000
605522.904610 2490661.511202 0.000000
605517.933162 2490662.045201 0.000000
605512.961715 2490662.579199 0.000000
605507.990267 2490663.113198 0.000000
605503.018819 2490663.647196 0.000000
605498.047372 2490664.181195 0.000000
605493.075924 2490664.715193 0.000000
605488.104476 2490665.249192 0.000000
605483.133029 2490665.783190 0.000000
605478.161581 2490666.317189 0.000000
605473.190133 2490666.851187 0.000000
605468.218686 2490667.385186 0.000000
605463.247238 2490667.919184 0.000000
605458.275790 2490668.453183 0.000000
605453.304343 2490668.987181 0.000000
605448.332895 2490669.521180 0.000000
605443.361447 2490670.055178 0.000000
605438.390000 2490670.589177 0.000000
605433.418552 2490671.123175 0.000000
605428.447105 2490671.657174 0.000000
605423.475657 2490672.191172 0.000000
605418.504209 2490672.725171 0.000000
605413.532762 2490673.259169 0.000000
605408.561314 2490673.793168 0.000000
605403.589866 2490674.327166 0.000000
605398.618419 2490674.861165 0.000000
605393.646971 2490675.395163 0.000000
605388.675523 2490675.929162 0.000000
605383.704076 2490676.463160 0.000000
605378.732628 2490676.997159 0.000000
605373.761180 2490677.531157 0.000000
605368.789733 2490678.065156 0.000000
605363.818285 2490678.599154 0.000000
605358.846837 2490679.133153 0.000000
605353.875390 2490679.667151 0.000000
605348.903942 2490680.201150 0.000000
605343.932494 2490680.735148 0.000000
605338.961047 2490681.269147 0.000000
605333.989599 2490681.803145 0.000000
605329.018151 2490682.337144 0.000000
605324.046704 2490682.871142 0.000000
605319.075256 2490683.405141 0.000000
605314.103808 2490683.939139 0.000000
605309.132361 2490684.473138 0.000000
605304.160913 2490685.007136 0.000000
605299.189466 2490685.541135 0.000000
605294.218018 2490686.075133 0.000000
605289.246570 2490686.609132 0.000000
605284.275123 2490687.143130 0.000000
605279.303675 2490687.677129 0.000000
605274.332227 2490688.211127 0.000000
605269.360780 2490688.745126 0.000000
605264.389332 2490689.279124 0.000000
605259.417884 2490689.813123 0.000000
605254.446437 2490690.347121 0.000000
605249.474989 2490690.881120 0.000000
605244.503541 2490691.415118 0.000000
605239.532094 2490691.949117 0.000000
605234.560646 2490692.483115 0.000000
605229.589198 2490693.017114 0.000000
605224.617751 2490693.551112 0.000000
605219.646303 2490694.085111 0.000000
605214.674855 2490694.619109 0.000000
605209.703408 2490695.153108 0.000000
605204.731960 2490695.687106 0.000000
605199.760512 2490696.221105 0.000000
605194.789065 2490696.755103 0.000000
605189.817617 2490697.289102 0.000000
605184.846169 2490697.823100 0.000000
605179.874722 2490698.357099 0.000000
605174.903274 2490698.891097 0.000000
605169.931826 2490699.425096 0.000000
605164.960379 2490699.959094 0.000000
605159.988931 2490700.493093 0.000000
605155.017484 2490701.027091 0.000000
605150.046036 2490701.561090 0.000000
605145.074588 2490702.095088 0.000000
605140.103141 2490702.629087 0.000000
605135.131693 2490703.163085 0.000000
605130.160245 2490703.697084 0.000000
605125.188798 2490704.231082 0.000000
605120.217350 2490704.765081 0.000000
605115.245902 2490705.299079 0.000000
605110.274455 2490705.833078 0.000000
605105.303007 2490706.367076 0.000000
605100.331559 2490706.901075 0.000000
605095.360112 2490707.435073 0.000000
605090.388664 2490707.969072 0.000000
605085.417216 2490708.503070 0.000000
605080.445769 2490709.037069 0.000000
605075.474321 2490709.571067 0.000000
605070.502873 2490710.105066 0.000000
605065.531426 2490710.639064 0.000000
605060.559978 2490711.173063 0.000000
605055.588530 2490711.707061 0.000000
605050.617083 2490712.241060 0.000000
605045.645635 2490712.775058 0.000000
605040.674187 2490713.309057 0.000000
605035.702740 2490713.843055 0.000000
605030.731292 2490714.377054 0.000000
605025.759845 2490714.911052 0.000000
605020.788397 2490715.445051 0.000000
605015.816949 2490715.979049 0.000000
605010.845502 2490716.513048 0.000000
605005.874054 2490717.047046 0.000000
605000.902606 2490717.581045 0.000000
604995.931159 2490718.115043 0.000000
604990.959711 2490718.649042 0.000000
604985.988263 2490719.183040 0.000000
604981.016816 2490719.717039 0.000000
604976.045368 2490720.251037 0.000000
604971.073920 2490720.785036 0.000000
604966.102473 2490721.319034 0.000000
604961.131025 2490721.853033 0.000000
604956.159577 2490722.387031 0.000000
604951.188130 2490722.921030 0.000000
604946.216682 2490723.455028 0.000000
604941.245234 2490723.989027 0.000000
604936.273787 2490724.523025 0.000000
604931.302339 2490725.057024 0.000000
604926.330891 2490725.591022 0.000000
604921.359444 2490726.125021 0.000000
604916.387996 2490726.659019 0.000000
604911.416548 2490727.193018 0.000000
604906.445101 2490727.727016 0.000000
604901.473653 2490728.261015 0.000000
604896.502206 2490728.795013 0.000000
604891.530758 2490729.329012 0.000000
604886.559310 2490729.863010 0.000000
604881.587863 2490730.397009 0.000000
604876.616415 2490730.931007 0.000000
604871.644967 2490731.465006 0.000000
604866.673520 2490731.999004 0.000000
604861.702072 2490732.533003 0.000000
604856.730624 2490733.067001 0.000000
604851.759177 2490733.601000 0.000000
604846.787729 2490734.134998 0.000000
604841.816281 2490734.668997 0.000000
604836.844834 2490735.202995 0.000000
604831.873386 2490735.736994 0.000000
604826.901938 2490736.270992 0.000000
604821.930491 2490736.804991 0.000000
604816.959043 2490737.338989 0.000000
604811.987595 2490737.872988 0.000000
604807.016148 2490738.406986 0.000000
604802.044700 2490738.940985 0.000000
604797.073252 2490739.474983 0.000000
604792.101805 2490740.008982 0.000000
604787.130357 2490740.542980 0.000000
604782.158909 2490741.076979 0.000000
604777.187462 2490741.610977 0.000000
604772.216014 2490742.144976 0.000000
604767.244567 2490742.678974 0.000000
604762.273119 2490743.212973 0.000000
604757.301671 2490743.746971 0.000000
604752.330224 2490744.280970 0.000000
604747.358776 2490744.814968 0.000000
604742.387328 2490745.348967 0.000000
604737.415881 2490745.882965 0.000000
604732.444433 2490746.416964 0.000000
604727.472985 2490746.950962 0.000000
604722.501538 2490747.484961 0.000000
604717.530090 2490748.018959 0.000000
604712.558642 2490748.552958 0.000000
604707.587195 2490749.086956 0.000000
604702.615747 2490749.620955 0.000000
604697.644299 2490750.154953 0.000000
604692.672852 2490750.688952 0.000000
604687.701404 2490751.222950 0.000000
604682.729956 2490751.756949 0.000000
604677.758509 2490752.290947 0.000000
604672.787061 2490752.824946 0.000000
604667.815613 2490753.358944 0.000000
604662.844166 2490753.892943 0.000000
604657.872718 2490754.426941 0.000000
604652.901270 2490754.960940 0.000000
604647.929823 2490755.494938 0.000000
604642.958375 2490756.028937 0.000000
604637.986928 2490756.562935 0.000000
604633.015480 2490757.096934 0.000000
604628.044032 2490757.630932 0.000000
604623.072585 2490758.164931 0.000000
604618.101137 2490758.698929 0.000000
604613.129689 2490759.232928 0.000000
604608.158242 2490759.766926 0.000000
604603.186794 2490760.300925 0.000000
604598.215346 2490760.834923 0.000000
604593.243899 2490761.368922 0.000000
604588.272451 2490761.902920 0.000000
604583.301003 2490762.436919 0.000000
604578.329556 2490762.970917 0.000000
604573.358108 2490763.504916 0.000000
604568.386660 2490764.038914 0.000000
604563.415213 2490764.572913 0.000000
604558.443765 2490765.106911 0.000000
604553.472317 2490765.640910 0.000000
604548.500870 2490766.174908 0.000000
604543.529422 2490766.708907 0.000000
604538.557974 2490767.242905 0.000000
604533.586527 2490767.776904 0.000000
604528.615079 2490768.310902 0.000000
604523.643631 2490768.844901 0.000000
604518.672184 2490769.378899 0.000000
604513.700736 2490769.912898 0.000000
604508.729289 2490770.446896 0.000000
604503.757841 2490770.980895 0.000000
604498.786393 2490771.514893 0.000000
604493.814946 2490772.048892 0.000000
604488.843498 2490772.582890 0.000000
604483.872050 2490773.116889 0.000000
604478.900603 2490773.650887 0.000000
604473.929155 2490774.184886 0.000000
604468.957707 2490774.718884 0.000000
604463.986260 2490775.252883 0.000000
604459.014812 2490775.786881 0.000000
604454.043364 2490776.320880 0.000000
604449.071917 2490776.854878 0.000000
604444.100469 2490777.388877 0.000000
604439.129021 2490777.922875 0.000000
604434.157574 2490778.456874 0.000000
604429.186126 2490778.990872 0.000000
604424.214678 2490779.524871 0.000000
604419.243231 2490780.058869 0.000000
604414.271783 2490780.592868 0.000000
604409.300335 2490781.126866 0.000000
604404.328888 2490781.660865 0.000000
604399.357440 2490782.194863 0.000000
604394.385992 2490782.728862 0.000000
604389.414545 2490783.262860 0.000000
604384.443097 2490783.796859 0.000000
604379.471650 2490784.330857 0.000000
604374.500202 2490784.864856 0.000000
604369.528754 2490785.398854 0.000000
604364.557307 2490785.932853 0.000000
604359.585859 2490786.466851 0.000000
604354.614411 2490787.000850 0.000000
604349.642964 2490787.534848 0.000000
604344.671516 2490788.068847 0.000000
604339.700068 2490788.602845 0.000000
604334.728621 2490789.136844 0.000000
604329.757173 2490789.670842 0.000000
604324.785725 2490790.204841 0.000000
604319.814278 2490790.738839 0.000000
604314.842830 2490791.272838 0.000000
604309.871382 2490791.806836 0.000000
604304.899935 2490792.340835 0.000000
604299.928487 2490792.874833 0.000000
604294.957039 2490793.408832 0.000000
604289.985592 2490793.942830 0.000000
604285.014144 2490794.476829 0.000000
604280.042696 2490795.010827 0.000000
604275.071249 2490795.544826 0.000000
604270.099801 2490796.078824 0.000000
604265.128353 2490796.612823 0.000000
604260.156906 2490797.146821 0.000000
604255.185458 2490797.680820 0.000000
604250.214010 2490798.214818 0.000000
604245.242563 2490798.748817 0.000000
604240.271115 2490799.282815 0.000000
604235.299668 2490799.816814 0.000000
604230.328220 2490800.350812 0.000000
604225.356772 2490800.884811 0.000000
604220.385325 2490801.418809 0.000000
604215.413877 2490801.952808 0.000000
604210.442429 2490802.486806 0.000000
604205.470982 2490803.020805 0.000000
604200.499534 2490803.554803 0.000000
604195.528086 2490804.088802 0.000000
604190.556639 2490804.622800 0.000000
604185.585191 2490805.156799 0.000000
604180.613743 2490805.690797 0.000000
604175.642296 2490806.224796 0.000000
604170.670848 2490806.758794 0.000000
604165.699400 2490807.292793 0.000000
604160.727953 2490807.826791 0.000000
604155.756505 2490808.360790 0.000000
604150.785057 2490808.894788 0.000000
604145.813610 2490809.428787 0.000000
604140.842162 2490809.962785 0.000000
604135.870714 2490810.496784 0.000000
604130.899267 2490811.030782 0.000000
604125.927819 2490811.564781 0.000000
604120.956371 2490812.098779 0.000000
604115.984924 2490812.632778 0.000000
604111.013476 2490813.166776 0.000000
604106.042029 2490813.700775 0.000000
604101.070581 2490814.234773 0.000000
604096.099133 2490814.768772 0.000000
604091.127686 2490815.302770 0.000000
604086.156238 2490815.836769 0.000000
604081.184790 2490816.370767 0.000000
604076.213343 2490816.904766 0.000000
604071.241895 2490817.438764 0.000000
604066.270447 2490817.972763 0.000000
604061.299000 2490818.506761 0.000000
604056.327552 2490819.040760 0.000000
604051.356104 2490819.574758 0.000000
604046.384657 2490820.108757 0.000000
604041.413209 2490820.642755 0.000000
604036.441761 2490821.176754 0.000000
604031.470314 2490821.710752 0.000000
604026.498866 2490822.244751 0.000000
604021.527418 2490822.778749 0.000000
604016.555971 2490823.312748 0.000000
604011.584523 2490823.846746 0.000000
604006.613075 2490824.380745 0.000000
604001.641628 2490824.914743 0.000000
603996.670180 2490825.448742 0.000000
603991.698732 2490825.982740 0.000000
603986.727285 2490826.516739 0.000000
603981.755837 2490827.050737 0.000000
603976.784390 2490827.584736 0.000000
603971.812942 2490828.118734 0.000000
603966.841494 2490828.652733 0.000000
603961.870047 2490829.186731 0.000000
603956.898599 2490829.720730 0.000000
603951.927151 2490830.254728 0.000000
603946.955704 2490830.788727 0.000000
603941.984256 2490831.322725 0.000000
603937.012808 2490831.856724 0.000000
603932.041361 2490832.390722 0.000000
603927.069913 2490832.924721 0.000000
603922.098465 2490833.458719 0.000000
603917.127018 2490833.992718 0.000000
603912.155570 2490834.526716 0.000000
603907.184122 2490835.060715 0.000000
603902.212675 2490835.594713 0.000000
603897.241227 2490836.128712 0.000000
603892.269779 2490836.662710 0.000000
603887.298332 2490837.196709 0.000000
603882.326884 2490837.730707 0.000000
603877.355436 2490838.264706 0.000000
603872.383989 2490838.798704 0.000000
603867.412541 2490839.332703 0.000000
603862.441093 2490839.866701 0.000000
603857.469646 2490840.400700 0.000000
603852.498198 2490840.934698 0.000000
603847.526751 2490841.468697 0.000000
603842.555303 2490842.002695 0.000000
603837.583855 2490842.536694 0.000000
603832.612408 2490843.070692 0.000000
603827.640960 2490843.604691 0.000000
603822.669512 2490844.138689 0.000000
603817.698065 2490844.672688 0.000000
603812.726617 2490845.206686 0.000000
603807.755169 2490845.740685 0.000000
603802.783722 2490846.274683 0.000000
603797.812274 2490846.808682 0.000000
603792.840826 2490847.342680 0.000000
603787.869379 2490847.876679 0.000000
603782.897931 2490848.410677 0.000000
603777.926483 2490848.944676 0.000000
603772.955036 2490849.478674 0.000000
603767.983588 2490850.012673 0.000000
603763.012140 2490850.546671 0.000000
603758.040693 2490851.080670 0.000000
603753.069245 2490851.614668 0.000000
603748.097797 2490852.148667 0.000000
603743.126350 2490852.682665 0.000000
603738.154902 2490853.216664 0.000000
603733.183454 2490853.750662 0.000000
603728.212007 2490854.284661 0.000000
603723.240559 2490854.818659 0.000000
603718.269112 2490855.352658 0.000000
603713.297664 2490855.886656 0.000000
603708.326216 2490856.420655 0.000000
603703.354769 2490856.954653 0.000000
603698.383321 2490857.488652 0.000000
603693.411873 2490858.022650 0.000000
603688.440426 2490858.556649 0.000000
603683.468978 2490859.090647 0.000000
603678.497530 2490859.624646 0.000000
603673.526083 2490860.158644 0.000000
603668.554635 2490860.692643 0.000000
603663.583187 2490861.226641 0.000000
603658.611740 2490861.760640 0.000000
603653.640292 2490862.294638 0.000000
603648.668844 2490862.828637 0.000000
603643.697397 2490863.362635 0.000000
603638.725949 2490863.896634 0.000000
603633.754501 2490864.430632 0.000000
603628.783054 2490864.964631 0.000000
603623.811606 2490865.498629 0.000000
603618.840158 2490866.032628 0.000000
603613.868711 2490866.566626 0.000000
603608.897263 2490867.100625 0.000000
603603.925815 2490867.634623 0.000000
603598.954368 2490868.168622 0.000000
603593.982920 2490868.702620 0.000000
603589.011473 2490869.236619 0.000000
603584.040025 2490869.770617 0.000000
603579.068577 2490870.304616 0.000000
603574.097130 2490870.838614 0.000000
603569.125682 2490871.372613 0.000000
603564.154234 2490871.906611 0.000000
603559.182787 2490872.440610 0.000000
603554.211339 2490872.974608 0.000000
603549.239891 2490873.508607 0.000000
603544.268444 2490874.042605 0.000000
603539.296996 2490874.576604 0.000000
603534.325548 2490875.110602 0.000000
603529.354101 2490875.644601 0.000000
603524.382653 2490876.178599 0.000000
603519.411205 2490876.712598 0.000000
603514.439758 2490877.246596 0.000000
603509.468310 2490877.780595 0.000000
603504.496862 2490878.314593 0.000000
603499.525415 2490878.848592 0.000000
603494.553967 2490879.382590 0.000000
603489.582519 2490879.916589 0.000000
603484.611072 2490880.450587 0.000000
603479.639624 2490880.984586 0.000000
603474.668176 2490881.518584 0.000000
603469.696729 2490882.052583 0.000000
603464.725281 2490882.586581 0.000000
603459.753834 2490883.120580 0.000000
603454.782386 2490883.654578 0.000000
603449.810938 2490884.188577 0.000000
603444.839491 2490884.722575 0.000000
603439.868043 2490885.256574 0.000000
603434.896595 2490885.790572 0.000000
603429.925148 2490886.324571 0.000000
603424.953700 2490886.858569 0.000000
603419.982252 2490887.392568 0.000000
603415.010805 2490887.926566 0.000000
603410.039357 2490888.460565 0.000000
603405.067909 2490888.994563 0.000000
603400.096462 2490889.528562 0.000000
603395.125014 2490890.062560 0.000000
603390.153566 2490890.596559 0.000000
603385.182119 2490891.130557 0.000000
603380.210671 2490891.664556 0.000000
603375.239223 2490892.198554 0.000000
603370.267776 2490892.732553 0.000000
603365.296328 2490893.266551 0.000000
603360.324880 2490893.800550 0.000000
603355.353433 2490894.334548 0.000000
603350.381985 2490894.868547 0.000000
603345.410537 2490895.402545 0.000000
603340.439090 2490895.936544 0.000000
603335.467642 2490896.470542 0.000000
603330.496194 2490897.004541 0.000000
603325.524747 2490897.538539 0.000000
603320.553299 2490898.072538 0.000000
603315.581852 2490898.606536 0.000000
603310.610404 2490899.140535 0.000000
603305.638956 2490899.674533 0.000000
603300.667509 2490900.208532 0.000000
603295.696061 2490900.742530 0.000000
603290.724613 2490901.276529 0.000000
603285.753166 2490901.810527 0.000000
603280.781718 2490902.344526 0.000000
603275.810270 2490902.878524 0.000000
603270.838823 2490903.412523 0.000000
603265.867375 2490903.946521 0.000000
603260.895927 2490904.480520 0.000000
603255.924480 2490905.014518 0.000000
603250.953032 2490905.548517 0.000000
603245.981584 2490906.082515 0.000000
603241.010137 2490906.616514 0.000000
603236.038689 2490907.150512 0.000000
603231.067241 2490907.684511 0.000000
603226.095794 2490908.218509 0.000000
603221.124346 2490908.752508 0.000000
603216.152898 2490909.286506 0.000000
603211.181451 2490909.820505 0.000000
603206.210003 2490910.354503 0.000000
603201.238555 2490910.888502 0.000000
603196.267108 2490911.422500 0.000000
603191.295660 2490911.956499 0.000000
603186.324213 2490912.490497 0.000000
603181.352765 2490913.024496 0.000000
603176.381317 2490913.558494 0.000000
603171.409870 2490914.092493 0.000000
603166.438422 2490914.626491 0.000000
603161.466974 2490915.160490 0.000000
603156.495527 2490915.694488 0.000000
603151.524079 2490916.228487 0.000000
603146.552631 2490916.762485 0.000000
603141.581184 2490917.296484 0.000000
603136.609736 2490917.830482 0.000000
603131.638288 2490918.364481 0.000000
603126.666841 2490918.898479 0.000000
603121.695393 2490919.432478 0.000000
603116.723945 2490919.966476 0.000000
603111.752498 2490920.500475 0.000000
603106.781050 2490921.034473 0.000000
603101.809602 2490921.568472 0.000000
603096.838155 2490922.102470 0.000000
603091.866707 2490922.636469 0.000000
603086.895259 2490923.170467 0.000000
603081.923812 2490923.704466 0.000000
603076.952364 2490924.238464 0.000000
603071.980916 2490924.772463 0.000000
603067.009469 2490925.306461 0.000000
603062.038021 2490925.840460 0.000000
603057.066574 2490926.374458 0.000000
603052.095126 2490926.908457 0.000000
603047.123678 2490927.442455 0.000000
603042.152231 2490927.976454 0.000000
603037.180783 2490928.510452 0.000000
603032.209335 2490929.044451 0.000000
603027.237888 2490929.578449 0.000000
603022.266440 2490930.112448 0.000000
603017.294992 2490930.646446 0.000000
603012.323545 2490931.180445 0.000000
603007.352097 2490931.714443 0.000000
603002.380649 2490932.248442 0.000000
602997.409202 2490932.782440 0.000000
602992.437754 2490933.316439 0.000000
602987.466306 2490933.850437 0.000000
602982.494859 2490934.384436 0.000000
602977.523411 2490934.918434 0.000000
602972.551963 2490935.452433 0.000000
602967.580516 2490935.986431 0.000000
602962.609068 2490936.520430 0.000000
602957.637620 2490937.054428 0.000000
602952.666173 2490937.588427 0.000000
602947.694725 2490938.122425 0.000000
602942.723277 2490938.656424 0.000000
602937.751830 2490939.190422 0.000000
602932.780382 2490939.724421 0.000000
602927.808935 2490940.258419 0.000000
602922.837487 2490940.792418 0.000000
602917.866039 2490941.326416 0.000000
602912.894592 2490941.860415 0.000000
602907.923144 2490942.394413 0.000000
602902.951696 2490942.928412 0.000000
602897.980249 2490943.462410 0.000000
602893.008801 2490943.996409 0.000000
602888.037353 2490944.530407 0.000000
602883.065906 2490945.064406 0.000000
602878.094458 2490945.598404 0.000000
602873.123010 2490946.132403 0.000000
602868.151563 2490946.666401 0.000000
602863.180115 2490947.200400 0.000000
602858.208667 2490947.734398 0.000000
602853.237220 2490948.268397 0.000000
602848.265772 2490948.802395 0.000000
602843.294324 2490949.336394 0.000000
602838.322877 2490949.870392 0.000000
602833.351429 2490950.404391 0.000000
602828.379981 2490950.938389 0.000000
602823.408534 2490951.472388 0.000000
602818.437086 2490952.006386 0.000000
602813.465638 2490952.540385 0.000000
602808.494191 2490953.074383 0.000000
602803.522743 2490953.608382 0.000000
602798.551296 2490954.142380 0.000000
602793.579848 2490954.676379 0.000000
602788.608400 2490955.210377 0.000000
602783.636953 2490955.744376 0.000000
602778.665505 2490956.278374 0.000000
602773.694057 2490956.812373 0.000000
602768.722610 2490957.346371 0.000000
602763.751162 2490957.880370 0.000000
602758.779714 2490958.414368 0.000000
602753.808267 2490958.948367 0.000000
602748.836819 2490959.482365 0.000000
602743.865371 2490960.016364 0.000000
602738.893924 2490960.550362 0.000000
602733.922476 2490961.084361 0.000000
602728.951028 2490961.618359 0.000000
602723.979581 2490962.152358 0.000000
602719.008133 2490962.686356 0.000000
602714.036685 2490963.220355 0.000000
602709.065238 2490963.754353 0.000000
602704.093790 2490964.288352 0.000000
602699.122342 2490964.822350 0.000000
602694.150895 2490965.356349 0.000000
602689.179447 2490965.890347 0.000000
602684.207999 2490966.424346 0.000000
602679.236552 2490966.958344 0.000000
602674.265104 2490967.492343 0.000000
602669.293657 2490968.026341 0.000000
602664.322209 2490968.560340 0.000000
602659.350761 2490969.094338 0.000000
602654.379314 2490969.628337 0.000000
602649.407866 2490970.162335 0.000000
602644.436418 2490970.696334 0.000000
602639.464971 2490971.230332 0.000000
602634.493523 2490971.764331 0.000000
602629.522075 2490972.298329 0.000000
602624.550628 2490972.832328 0.000000
602619.579180 2490973.366326 0.000000
602614.607732 2490973.900325 0.000000
602609.636285 2490974.434323 0.000000
602604.664837 2490974.968322 0.000000
602599.693389 2490975.502320 0.000000
602594.721942 2490976.036319 0.000000
602589.750494 2490976.570317 0.000000
602584.779046 2490977.104316 0.000000
602579.807599 2490977.638314 0.000000
602574.836151 2490978.172313 0.000000
602569.864703 2490978.706311 0.000000
602564.893256 2490979.240310 0.000000
602559.921808 2490979.774308 0.000000
602554.950360 2490980.308307 0.000000
602549.978913 2490980.842305 0.000000
602545.007465 2490981.376304 0.000000
602540.036017 2490981.910302 0.000000
602535.064570 2490982.444301 0.000000
602530.093122 2490982.978299 0.000000
602525.121675 2490983.512298 0.000000
602520.150227 2490984.046296 0.000000
602515.178779 2490984.580295 0.000000
602510.207332 2490985.114293 0.000000
602505.235884 2490985.648292 0.000000
602500.264436 2490986.182290 0.000000
602495.292989 2490986.716289 0.000000
602490.321541 2490987.250287 0.000000
602485.350093 2490987.784286 0.000000
602480.378646 2490988.318284 0.000000
602475.407198 2490988.852283 0.000000
602470.435750 2490989.386281 0.000000
602465.464303 2490989.920280 0.000000
602460.492855 2490990.454278 0.000000
602455.521407 2490990.988277 0.000000
602450.549960 2490991.522275 0.000000
602445.578512 2490992.056274 0.000000
602440.607064 2490992.590272 0.000000
602435.635617 2490993.124271 0.000000
602430.664169 2490993.658269 0.000000
602425.692721 2490994.192268 0.000000
602420.721274 2490994.726266 0.000000
602415.749826 2490995.260265 0.000000
602410.778378 2490995.794263 0.000000
602405.806931 2490996.328262 0.000000
602400.835483 2490996.862260 0.000000
602395.864036 2490997.396259 0.000000
602390.892588 2490997.930257 0.000000
602385.921140 2490998.464256 0.000000
602380.949693 2490998.998254 0.000000
602375.978245 2490999.532253 0.000000
602371.006797 2491000.066251 0.000000
602366.035350 2491000.600250 0.000000
602361.063902 2491001.134248 0.000000
602356.092454 2491001.668247 0.000000
602351.121007 2491002.202245 0.000000
602346.149559 2491002.736244 0.000000
602341.178111 2491003.270242 0.000000
602336.206664 2491003.804241 0.000000
602331.235216 2491004.338239 0.000000
602326.263768 2491004.872238 0.000000
602321.292321 2491005.406236 0.000000
602316.320873 2491005.940235 0.000000
602311.349425 2491006.474233 0.000000
602306.377978 2491007.008232 0.000000
602301.406530 2491007.542230 0.000000
602296.435082 2491008.076229 0.000000
602291.463635 2491008.610227 0.000000
602286.492187 2491009.144226 0.000000
602281.520739 2491009.678224 0.000000
602276.549292 2491010.212223 0.000000
602271.577844 2491010.746221 0.000000
602266.606397 2491011.280220 0.000000
602261.634949 2491011.814218 0.000000
602256.663501 2491012.348217 0.000000
602251.692054 2491012.882215 0.000000
602246.720606 2491013.416214 0.000000
602241.749158 2491013.950212 0.000000
602236.777711 2491014.484211 0.000000
602231.806263 2491015.018209 0.000000
602226.834815 2491015.552208 0.000000
602221.863368 2491016.086206 0.000000
602216.891920 2491016.620205 0.000000
602211.920472 2491017.154203 0.000000
602206.949025 2491017.688202 0.000000
602201.977577 2491018.222200 0.000000
602197.006129 2491018.756199 0.000000
602192.034682 2491019.290197 0.000000
602187.063234 2491019.824196 0.000000
602182.091786 2491020.358194 0.000000
602177.120339 2491020.892193 0.000000
602172.148891 2491021.426191 0.000000
602167.177443 2491021.960190 0.000000
602162.205996 2491022.494188 0.000000
602157.234548 2491023.028187 0.000000
602152.263100 2491023.562185 0.000000
602147.291653 2491024.096184 0.000000
602142.320205 2491024.630182 0.000000
602137.348758 2491025.164181 0.000000
602132.377310 2491025.698179 0.000000
602127.405862 2491026.232178 0.000000
602122.434415 2491026.766176 0.000000
602117.462967 2491027.300175 0.000000
602112.491519 2491027.834173 0.000000
602107.520072 2491028.368172 0.000000
602102.548624 2491028.902170 0.000000
602097.577176 2491029.436169 0.000000
602092.605729 2491029.970167 0.000000
602087.634281 2491030.504166 0.000000
602082.662833 2491031.038164 0.000000
602077.691386 2491031.572163 0.000000
602072.719938 2491032.106161 0.000000
602067.748490 2491032.640160 0.000000
602062.777043 2491033.174158 0.000000
602057.805595 2491033.708157 0.000000
602052.834147 2491034.242155 0.000000
602047.862700 2491034.776154 0.000000
602042.891252 2491035.310152 0.000000
602037.919804 2491035.844151 0.000000
602032.948357 2491036.378149 0.000000
602027.976909 2491036.912148 0.000000
602023.005461 2491037.446146 0.000000
602018.034014 2491037.980145 0.000000
602013.062566 2491038.514143 0.000000
602008.091119 2491039.048142 0.000000
602003.119671 2491039.582140 0.000000
601998.148223 2491040.116139 0.000000
601993.176776 2491040.650137 0.000000
601988.205328 2491041.184136 0.000000
601983.233880 2491041.718134 0.000000
601978.262433 2491042.252133 0.000000
601973.290985 2491042.786131 0.000000
601968.319537 2491043.320130 0.000000
601963.348090 2491043.854128 0.000000
601958.376642 2491044.388127 0.000000
601953.405194 2491044.922125 0.000000
601948.433747 2491045.456124 0.000000
601943.462299 2491045.990122 0.000000
601938.490851 2491046.524121 0.000000
601933.519404 2491047.058119 0.000000
601928.547956 2491047.592118 0.000000
601923.576508 2491048.126116 0.000000
601918.605061 2491048.660115 0.000000
601913.633613 2491049.194113 0.000000
601908.662165 2491049.728112 0.000000
601903.690718 2491050.262110 0.000000
601898.719270 2491050.796109 0.000000
601893.747822 2491051.330107 0.000000
601888.776375 2491051.864106 0.000000
601883.804927 2491052.398104 0.000000
601878.833480 2491052.932103 0.000000
601873.862032 2491053.466101 0.000000
601868.890584 2491054.000100 0.000000
601863.919137 2491054.534098 0.000000
601858.947689 2491055.068097 0.000000
601853.976241 2491055.602095 0.000000
601849.004794 2491056.136094 0.000000
601844.033346 2491056.670092 0.000000
601839.061898 2491057.204091 0.000000
601834.090451 2491057.738089 0.000000
601829.119003 2491058.272088 0.000000
601824.147555 2491058.806086 0.000000
601819.176108 2491059.340085 0.000000
601814.204660 2491059.874083 0.000000
601809.233212 2491060.408082 0.000000
601804.261765 2491060.942080 0.000000
601799.290317 2491061.476079 0.000000
601794.318869 2491062.010077 0.000000
601789.347422 2491062.544076 0.000000
601784.375974 2491063.078074 0.000000
601779.404526 2491063.612073 0.000000
601774.433079 2491064.146071 0.000000
601769.461631 2491064.680070 0.000000
601764.490183 2491065.214068 0.000000
601759.518736 2491065.748067 0.000000
601754.547288 2491066.282065 0.000000
601749.575840 2491066.816064 0.000000
601744.604393 2491067.350062 0.000000
601739.632945 2491067.884061 0.000000
601734.661498 2491068.418059 0.000000
601729.690050 2491068.952058 0.000000
601724.718602 2491069.486056 0.000000
601719.747155 2491070.020055 0.000000
601714.775707 2491070.554053 0.000000
601709.804259 2491071.088052 0.000000
601704.832812 2491071.622050 0.000000
601699.861364 2491072.156049 0.000000
601694.889916 2491072.690047 0.000000
601689.918469 2491073.224046 0.000000
601684.947021 2491073.758044 0.000000
601679.975573 2491074.292043 0.000000
601675.004126 2491074.826041 0.000000
601670.032678 2491075.360040 0.000000
601665.061230 2491075.894038 0.000000
601660.089783 2491076.428037 0.000000
601655.118335 2491076.962035 0.000000
601650.146887 2491077.496034 0.000000
601645.175440 2491078.030032 0.000000
601640.203992 2491078.564031 0.000000
601635.232544 2491079.098029 0.000000
601630.261097 2491079.632028 0.000000
601625.289649 2491080.166026 0.000000
601620.318201 2491080.700025 0.000000
601615.346754 2491081.234023 0.000000
601610.375306 2491081.768022 0.000000
601605.403859 2491082.302020 0.000000
601600.432411 2491082.836019 0.000000
601595.460963 2491083.370017 0.000000
601590.489516 2491083.904016 0.000000
601585.518068 2491084.438014 0.000000
601580.546620 2491084.972013 0.000000
601575.575173 2491085.506011 0.000000
601570.603725 2491086.040010 0.000000
601565.632277 2491086.574008 0.000000
601560.660830 2491087.108007 0.000000
601555.689382 2491087.642005 0.000000
601550.717934 2491088.176004 0.000000
601545.746487 2491088.710002 0.000000
601540.775039 2491089.244001 0.000000
601535.803591 2491089.777999 0.000000
601530.832144 2491090.311998 0.000000
601525.860696 2491090.845996 0.000000
601520.889248 2491091.379995 0.000000
601515.917801 2491091.913993 0.000000
601510.946353 2491092.447992 0.000000
601505.974905 2491092.981990 0.000000
601501.003458 2491093.515989 0.000000
601496.032010 2491094.049987 0.000000
601491.060562 2491094.583986 0.000000
601486.089115 2491095.117984 0.000000
601481.117667 2491095.651983 0.000000
601476.146220 2491096.185981 0.000000
601471.174772 2491096.719980 0.000000
601466.203324 2491097.253978 0.000000
601461.231877 2491097.787977 0.000000
601456.260429 2491098.321975 0.000000
601451.288981 2491098.855974 0.000000
601446.317534 2491099.389972 0.000000
601441.346086 2491099.923971 0.000000
601436.374638 2491100.457969 0.000000
601431.403191 2491100.991968 0.000000
601426.431743 2491101.525966 0.000000
601421.460295 2491102.059965 0.000000
601416.488848 2491102.593963 0.000000
601411.517400 2491103.127962 0.000000
601406.545952 2491103.661960 0.000000
601401.574505 2491104.195959 0.000000
601396.603057 2491104.729957 0.000000
601391.631609 2491105.263956 0.000000
601386.660162 2491105.797954 0.000000
601381.688714 2491106.331953 0.000000
601376.717266 2491106.865951 0.000000
601371.745819 2491107.399950 0.000000
601366.774371 2491107.933948 0.000000
601361.802923 2491108.467947 0.000000
601356.831476 2491109.001945 0.000000
601351.860028 2491109.535944 0.000000
601346.888581 2491110.069942 0.000000
601341.917133 2491110.603941 0.000000
601336.945685 2491111.137939 0.000000
601331.974238 2491111.671938 0.000000
601327.002790 2491112.205936 0.000000
601322.031342 2491112.739935 0.000000
601317.059895 2491113.273933 0.000000
601312.088447 2491113.807932 0.000000
601307.116999 2491114.341930 0.000000
601302.145552 2491114.875929 0.000000
601297.174104 2491115.409927 0.000000
601292.202656 2491115.943926 0.000000
601287.231209 2491116.477924 0.000000
601282.259761 2491117.011923 0.000000
601277.288313 2491117.545921 0.000000
601272.316866 2491118.079920 0.000000
601267.345418 2491118.613918 0.000000
601262.373970 2491119.147917 0.000000
601257.402523 2491119.681915 0.000000
601252.431075 2491120.215914 0.000000
601247.459627 2491120.749912 0.000000
601242.488180 2491121.283911 0.000000
601237.516732 2491121.817909 0.000000
601232.545284 2491122.351908 0.000000
601227.573837 2491122.885906 0.000000
601222.602389 2491123.419905 0.000000
601217.630942 2491123.953903 0.000000
601212.659494 2491124.487902 0.000000
601207.688046 2491125.021900 0.000000
601202.716599 2491125.555899 0.000000
601197.745151 2491126.089897 0.000000
601192.773703 2491126.623896 0.000000
601187.802256 2491127.157894 0.000000
601182.830808 2491127.691893 0.000000
601177.859360 2491128.225891 0.000000
601172.887913 2491128.759890 0.000000
601167.916465 2491129.293888 0.000000
601162.945017 2491129.827887 0.000000
601157.973570 2491130.361885 0.000000
601153.002122 2491130.895884 0.000000
601148.030674 2491131.429882 0.000000
601143.059227 2491131.963881 0.000000
601138.087779 2491132.497879 0.000000
601133.116331 2491133.031878 0.000000
601128.144884 2491133.565876 0.000000
601123.173436 2491134.099875 0.000000
601118.201988 2491134.633873 0.000000
601113.230541 2491135.167872 0.000000
601108.259093 2491135.701870 0.000000
601103.287645 2491136.235869 0.000000
601098.316198 2491136.769867 0.000000
601093.344750 2491137.303866 0.000000
601088.373303 2491137.837864 0.000000
601083.401855 2491138.371863 0.000000
601078.430407 2491138.905861 0.000000
601073.458960 2491139.439860 0.000000
601068.487512 2491139.973858 0.000000
601063.516064 2491140.507857 0.000000
601058.544617 2491141.041855 0.000000
601053.573169 2491141.575854 0.000000
601048.601721 2491142.109852 0.000000
601043.630274 2491142.643851 0.000000
601038.658826 2491143.177849 0.000000
601033.687378 2491143.711848 0.000000
601028.715931 2491144.245846 0.000000
601023.744483 2491144.779845 0.000000
601018.773035 2491145.313843 0.000000
601013.801588 2491145.847842 0.000000
601008.830140 2491146.381840 0.000000
601003.858692 2491146.915839 0.000000
600998.887245 2491147.449837 0.000000
600993.915797 2491147.983836 0.000000
600988.944349 2491148.517834 0.000000
600983.972902 2491149.051833 0.000000
600979.001454 2491149.585831 0.000000
600974.030006 2491150.119830 0.000000
600969.058559 2491150.653828 0.000000
600964.087111 2491151.187827 0.000000
600959.115664 2491151.721825 0.000000
600954.144216 2491152.255824 0.000000
600949.172768 2491152.789822 0.000000
600944.201321 2491153.323821 0.000000
600939.229873 2491153.857819 0.000000
600934.258425 2491154.391818 0.000000
600929.286978 2491154.925816 0.000000
600924.315530 2491155.459815 0.000000
600919.344082 2491155.993813 0.000000
600914.372635 2491156.527812 0.000000
600909.401187 2491157.061810 0.000000
600904.429739 2491157.595809 0.000000
600899.458292 2491158.129807 0.000000
600894.486844 2491158.663806 0.000000
600889.515396 2491159.197804 0.000000
600884.543949 2491159.731803 0.000000
600879.572501 2491160.265801 0.000000
600874.601053 2491160.799800 0.000000
600869.629606 2491161.333798 0.000000
600864.658158 2491161.867797 0.000000
600859.686710 2491162.401795 0.000000
600854.715263 2491162.935794 0.000000
600849.743815 2491163.469792 0.000000
600844.772367 2491164.003791 0.000000
600839.800920 2491164.537789 0.000000
600834.829472 2491165.071788 0.000000
600829.858024 2491165.605786 0.000000
600824.886577 2491166.139785 0.000000
600819.915129 2491166.673783 0.000000
600814.943682 2491167.207782 0.000000
600809.972234 2491167.741780 0.000000
600805.000786 2491168.275779 0.000000
600800.029339 2491168.809777 0.000000
600795.057891 2491169.343776 0.000000
600790.086443 2491169.877774 0.000000
600785.114996 2491170.411773 0.000000
600780.143548 2491170.945771 0.000000
600775.172100 2491171.479770 0.000000
600770.200653 2491172.013768 0.000000
600765.229205 2491172.547767 0.000000
600760.257757 2491173.081765 0.000000
600755.286310 2491173.615764 0.000000
600750.314862 2491174.149762 0.000000
600745.343414 2491174.683761 0.000000
600740.371967 2491175.217759 0.000000
600735.400519 2491175.751758 0.000000
600730.429071 2491176.285756 0.000000
600725.457624 2491176.819755 0.000000
600720.486176 2491177.353753 0.000000
600715.514728 2491177.887752 0.000000
600710.543281 2491178.421750 0.000000
600705.571833 2491178.955749 0.000000
600700.600385 2491179.489747 0.000000
600695.628938 2491180.023746 0.000000
600690.657490 2491180.557744 0.000000
600685.686043 2491181.091743 0.000000
600680.714595 2491181.625741 0.000000
600675.743147 2491182.159740 0.000000
600670.771700 2491182.693738 0.000000
600665.800252 2491183.227737 0.000000
600660.828804 2491183.761735 0.000000
600655.857357 2491184.295734 0.000000
600650.885909 2491184.829732 0.000000
600645.914461 2491185.363731 0.000000
600640.943014 2491185.897729 0.000000
600635.971566 2491186.431728 0.000000
600631.000118 2491186.965726 0.000000
600626.028671 2491187.499725 0.000000
600621.057223 2491188.033723 0.000000
600616.085775 2491188.567722 0.000000
600611.114328 2491189.101720 0.000000
600606.142880 2491189.635719 0.000000
600601.171432 2491190.169717 0.000000
600596.199985 2491190.703716 0.000000
600591.228537 2491191.237714 0.000000
600586.257089 2491191.771713 0.000000
600581.285642 2491192.305711 0.000000
600576.314194 2491192.839710 0.000000
600571.342746 2491193.373708 0.000000
600566.371299 2491193.907707 0.000000
600561.399851 2491194.441705 0.000000
600556.428404 2491194.975704 0.000000
600551.456956 2491195.509702 0.000000
600546.485508 2491196.043701 0.000000
600541.514061 2491196.577699 0.000000
600536.542613 2491197.111698 0.000000
600531.571165 2491197.645696 0.000000
600526.599718 2491198.179695 0.000000
600521.628270 2491198.713693 0.000000
600516.656822 2491199.247692 0.000000
600511.685375 2491199.781690 0.000000
600506.713927 2491200.315689 0.000000
600501.742479 2491200.849687 0.000000
600496.771032 2491201.383686 0.000000
600491.799584 2491201.917684 0.000000
600486.828136 2491202.451683 0.000000
600481.856689 2491202.985681 0.000000
600476.885241 2491203.519680 0.000000
600471.913793 2491204.053678 0.000000
600466.942346 2491204.587677 0.000000
600461.970898 2491205.121675 0.000000
600456.999450 2491205.655674 0.000000
600452.028003 2491206.189672 0.000000
600447.056555 2491206.723671 0.000000
600442.085107 2491207.257669 0.000000
600437.113660 2491207.791668 0.000000
600432.142212 2491208.325666 0.000000
600427.170765 2491208.859665 0.000000
600422.199317 2491209.393663 0.000000
600417.227869 2491209.927662 0.000000
600412.256422 2491210.461660 0.000000
600407.284974 2491210.995659 0.000000
600402.313526 2491211.529657 0.000000
600397.342079 2491212.063656 0.000000
600392.370631 2491212.597654 0.000000
600387.399183 2491213.131653 0.000000
600382.427736 2491213.665651 0.000000
600377.456288 2491214.199650 0.000000
600372.484840 2491214.733648 0.000000
600367.513393 2491215.267647 0.000000
600362.541945 2491215.801645 0.000000
600357.570497 2491216.335644 0.000000
600352.599050 2491216.869642 0.000000
600347.627602 2491217.403641 0.000000
600342.656154 2491217.937639 0.000000
600337.684707 2491218.471638 0.000000
600332.713259 2491219.005636 0.000000
600327.741811 2491219.539635 0.000000
600322.770364 2491220.073633 0.000000
600317.798916 2491220.607632 0.000000
600312.827468 2491221.141630 0.000000
600307.856021 2491221.675629 0.000000
600302.884573 2491222.209627 0.000000
600297.913126 2491222.743626 0.000000
600292.941678 2491223.277624 0.000000
600287.970230 2491223.811623 0.000000
600282.998783 2491224.345621 0.000000
600278.027335 2491224.879620 0.000000
600273.055887 2491225.413618 0.000000
600268.084440 2491225.947617 0.000000
600263.112992 2491226.481615 0.000000
600258.141544 2491227.015614 0.000000
600253.170097 2491227.549612 0.000000
600248.198649 2491228.083611 0.000000
600243.227201 2491228.617609 0.000000
600238.255754 2491229.151608 0.000000
600233.284306 2491229.685606 0.000000
600228.312858 2491230.219605 0.000000
600223.341411 2491230.753603 0.000000
600218.369963 2491231.287602 0.000000
600213.398515 2491231.821600 0.000000
600208.427068 2491232.355599 0.000000
600203.455620 2491232.889597 0.000000
600198.484172 2491233.423596 0.000000
600193.512725 2491233.957594 0.000000
600188.541277 2491234.491593 0.000000
600183.569829 2491235.025591 0.000000
600178.598382 2491235.559590 0.000000
600173.626934 2491236.093588 0.000000
600168.655487 2491236.627587 0.000000
600163.684039 2491237.161585 0.000000
600158.712591 2491237.695584 0.000000
600153.741144 2491238.229582 0.000000
600148.769696 2491238.763581 0.000000
600143.798248 2491239.297579 0.000000
600138.826801 2491239.831578 0.000000
600133.855353 2491240.365576 0.000000
600128.883905 2491240.899575 0.000000
600123.912458 2491241.433573 0.000000
600118.941010 2491241.967572 0.000000
600113.969562 2491242.501570 0.000000
600108.998115 2491243.035569 0.000000
600104.026667 2491243.569567 0.000000
600099.055219 2491244.103566 0.000000
600094.083772 2491244.637564 0.000000
600089.112324 2491245.171563 0.000000
600084.140876 2491245.705561 0.000000
600079.169429 2491246.239560 0.000000
600074.197981 2491246.773558 0.000000
600069.226533 2491247.307557 0.000000
600064.255086 2491247.841555 0.000000
600059.283638 2491248.375554 0.000000
600054.312190 2491248.909552 0.000000
600049.340743 2491249.443551 0.000000
600044.369295 2491249.977549 0.000000
600039.397847 2491250.511548 0.000000
600034.426400 2491251.045546 0.000000
600029.454952 2491251.579545 0.000000
600024.483505 2491252.113543 0.000000
600019.512057 2491252.647542 0.000000
600014.540609 2491253.181540 0.000000
600009.569162 2491253.715539 0.000000
600004.597714 2491254.249537 0.000000
599999.626266 2491254.783536 0.000000
599994.654819 2491255.317534 0.000000
599989.683371 2491255.851533 0.000000
599984.711923 2491256.385531 0.000000
599979.740476 2491256.919530 0.000000
599974.769028 2491257.453528 0.000000
599969.797580 2491257.987527 0.000000
599964.826133 2491258.521525 0.000000
599959.854685 2491259.055524 0.000000
599954.883237 2491259.589522 0.000000
599949.911790 2491260.123521 0.000000
599944.940342 2491260.657519 0.000000
599939.968894 2491261.191518 0.000000
599934.997447 2491261.725516 0.000000
599930.025999 2491262.259515 0.000000
599925.054551 2491262.793513 0.000000
599920.083104 2491263.327512 0.000000
599915.111656 2491263.861510 0.000000
599910.140208 2491264.395509 0.000000
599905.168761 2491264.929507 0.000000
599900.197313 2491265.463506 0.000000
599895.225866 2491265.997504 0.000000
599890.254418 2491266.531503 0.000000
599885.282970 2491267.065501 0.000000
599880.311523 2491267.599500 0.000000
599875.340075 2491268.133498 0.000000
599870.368627 2491268.667497 0.000000
599865.397180 2491269.201495 0.000000
599860.425732 2491269.735494 0.000000
599855.454284 2491270.269492 0.000000
599850.482837 2491270.803491 0.000000
599845.511389 2491271.337489 0.000000
599840.539941 2491271.871488 0.000000
599835.568494 2491272.405486 0.000000
599830.597046 2491272.939485 0.000000
599825.625598 2491273.473483 0.000000
599820.654151 2491274.007482 0.000000
599815.682703 2491274.541480 0.000000
599810.711255 2491275.075479 0.000000
599805.739808 2491275.609477 0.000000
599800.768360 2491276.143476 0.000000
599795.796912 2491276.677474 0.000000
599790.825465 2491277.211472 0.000000
599785.854017 2491277.745471 0.000000
599780.882569 2491278.279469 0.000000
599775.911122 2491278.813468 0.000000
599770.939674 2491279.347466 0.000000
599765.968227 2491279.881465 0.000000
599760.996779 2491280.415463 0.000000
599756.025331 2491280.949462 0.000000
599751.053884 2491281.483460 0.000000
599746.082436 2491282.017459 0.000000
599741.110988 2491282.551457 0.000000
599736.139541 2491283.085456 0.000000
599731.168093 2491283.619454 0.000000
599726.196645 2491284.153453 0.000000
599721.225198 2491284.687451 0.000000
599716.253750 2491285.221450 0.000000
599711.282302 2491285.755448 0.000000
599706.310855 2491286.289447 0.000000
599701.339407 2491286.823445 0.000000
599696.367959 2491287.357444 0.000000
599691.396512 2491287.891442 0.000000
599686.425064 2491288.425441 0.000000
599681.453616 2491288.959439 0.000000
599676.482169 2491289.493438 0.000000
599671.510721 2491290.027436 0.000000
599666.539273 2491290.561435 0.000000
599661.567826 2491291.095433 0.000000
599656.596378 2491291.629432 0.000000
599651.624930 2491292.163430 0.000000
599646.653483 2491292.697429 0.000000
599641.682035 2491293.231427 0.000000
599636.710588 2491293.765426 0.000000
599631.739140 2491294.299424 0.000000
599626.767692 2491294.833423 0.000000
599621.796245 2491295.367421 0.000000
599616.824797 2491295.901420 0.000000
599611.853349 2491296.435418 0.000000
599606.881902 2491296.969417 0.000000
599601.910454 2491297.503415 0.000000
599596.939006 2491298.037414 0.000000
599591.967559 2491298.571412 0.000000
599586.996111 2491299.105411 0.000000
599582.024663 2491299.639409 0.000000
599577.053216 2491300.173408 0.000000
599572.081768 2491300.707406 0.000000
599567.110320 2491301.241405 0.000000
599562.138873 2491301.775403 0.000000
599557.167425 2491302.309402 0.000000
599552.195977 2491302.843400 0.000000
599547.224530 2491303.377399 0.000000
599542.253082 2491303.911397 0.000000
599537.281634 2491304.445396 0.000000
599532.310187 2491304.979394 0.000000
599527.338739 2491305.513393 0.000000
599522.367291 2491306.047391 0.000000
599517.395844 2491306.581390 0.000000
599512.424396 2491307.115388 0.000000
599507.452949 2491307.649387 0.000000
599502.481501 2491308.183385 0.000000
599497.510053 2491308.717384 0.000000
599492.538606 2491309.251382 0.000000
599487.567158 2491309.785381 0.000000
599482.595710 2491310.319379 0.000000
599477.624263 2491310.853378 0.000000
599472.652815 2491311.387376 0.000000
599467.681367 2491311.921375 0.000000
599462.709920 2491312.455373 0.000000
599457.738472 2491312.989372 0.000000
599452.767024 2491313.523370 0.000000
599447.795577 2491314.057369 0.000000
599442.824129 2491314.591367 0.000000
599437.852681 2491315.125366 0.000000
599432.881234 2491315.659364 0.000000
599427.909786 2491316.193363 0.000000
599422.938338 2491316.727361 0.000000
599417.966891 2491317.261360 0.000000
599412.995443 2491317.795358 0.000000
599408.023995 2491318.329357 0.000000
599403.052548 2491318.863355 0.000000
599398.081100 2491319.397354 0.000000
599393.109652 2491319.931352 0.000000
599388.138205 2491320.465351 0.000000
599383.166757 2491320.999349 0.000000
599378.195310 2491321.533348 0.000000
599373.223862 2491322.067346 0.000000
599368.252414 2491322.601345 0.000000
599363.280967 2491323.135343 0.000000
599358.309519 2491323.669342 0.000000
599353.338071 2491324.203340 0.000000
599348.366624 2491324.737339 0.000000
599343.395176 2491325.271337 0.000000
599338.423728 2491325.805336 0.000000
599333.452281 2491326.339334 0.000000
599328.480833 2491326.873333 0.000000
599323.509385 2491327.407331 0.000000
599318.537938 2491327.941330 0.000000
599313.566490 2491328.475328 0.000000
599308.595042 2491329.009327 0.000000
599303.623595 2491329.543325 0.000000
599298.652147 2491330.077324 0.000000
599293.680699 2491330.611322 0.000000
599288.709252 2491331.145321 0.000000
599283.737804 2491331.679319 0.000000
599278.766356 2491332.213318 0.000000
599273.794909 2491332.747316 0.000000
599268.823461 2491333.281315 0.000000
599263.852013 2491333.815313 0.000000
599258.880566 2491334.349312 0.000000
599253.909118 2491334.883310 0.000000
599248.937671 2491335.417309 0.000000
599243.966223 2491335.951307 0.000000
599238.994775 2491336.485306 0.000000
599234.023328 2491337.019304 0.000000
599229.051880 2491337.553303 0.000000
599224.080432 2491338.087301 0.000000
599219.108985 2491338.621300 0.000000
599214.137537 2491339.155298 0.000000
599209.166089 2491339.689297 0.000000
599204.194642 2491340.223295 0.000000
599199.223194 2491340.757294 0.000000
599194.251746 2491341.291292 0.000000
599189.280299 2491341.825291 0.000000
599184.308851 2491342.359289 0.000000
599179.337403 2491342.893288 0.000000
599174.365956 2491343.427286 0.000000
599169.394508 2491343.961285 0.000000
599164.423060 2491344.495283 0.000000
599159.451613 2491345.029282 0.000000
599154.480165 2491345.563280 0.000000
599149.508717 2491346.097279 0.000000
599144.537270 2491346.631277 0.000000
599139.565822 2491347.165276 0.000000
599134.594374 2491347.699274 0.000000
599129.622927 2491348.233273 0.000000
599124.651479 2491348.767271 0.000000
599119.680031 2491349.301270 0.000000
599114.708584 2491349.835268 0.000000
599109.737136 2491350.369267 0.000000
599104.765689 2491350.903265 0.000000
599099.794241 2491351.437264 0.000000
599094.822793 2491351.971262 0.000000
599089.851346 2491352.505261 0.000000
599084.879898 2491353.039259 0.000000
599079.908450 2491353.573258 0.000000
599074.937003 2491354.107256 0.000000
599069.965555 2491354.641255 0.000000
599064.994107 2491355.175253 0.000000
599060.022660 2491355.709252 0.000000
599055.051212 2491356.243250 0.000000
599050.079764 2491356.777249 0.000000
599045.108317 2491357.311247 0.000000
599040.136869 2491357.845246 0.000000
599035.165421 2491358.379244 0.000000
599030.193974 2491358.913243 0.000000
599025.222526 2491359.447241 0.000000
599020.251078 2491359.981240 0.000000
599015.279631 2491360.515238 0.000000
599010.308183 2491361.049237 0.000000
599005.336735 2491361.583235 0.000000
599000.365288 2491362.117234 0.000000
598995.393840 2491362.651232 0.000000
598990.422392 2491363.185231 0.000000
598985.450945 2491363.719229 0.000000
598980.479497 2491364.253228 0.000000
598975.508050 2491364.787226 0.000000
598970.536602 2491365.321225 0.000000
598965.565154 2491365.855223 0.000000
598960.593707 2491366.389222 0.000000
598955.622259 2491366.923220 0.000000
598950.650811 2491367.457219 0.000000
598945.679364 2491367.991217 0.000000
598940.707916 2491368.525216 0.000000
598935.736468 2491369.059214 0.000000
598930.765021 2491369.593213 0.000000
598925.793573 2491370.127211 0.000000
598920.822125 2491370.661210 0.000000
598915.850678 2491371.195208 0.000000
598910.879230 2491371.729207 0.000000
598905.907782 2491372.263205 0.000000
598900.936335 2491372.797204 0.000000
598895.964887 2491373.331202 0.000000
598890.993439 2491373.865201 0.000000
598886.021992 2491374.399199 0.000000
598881.050544 2491374.933198 0.000000
598876.079096 2491375.467196 0.000000
598871.107649 2491376.001195 0.000000
598866.136201 2491376.535193 0.000000
598861.164753 2491377.069192 0.000000
598856.193306 2491377.603190 0.000000
598851.221858 2491378.137189 0.000000
598846.250411 2491378.671187 0.000000
598841.278963 2491379.205186 0.000000
598836.307515 2491379.739184 0.000000
598831.336068 2491380.273183 0.000000
598826.364620 2491380.807181 0.000000
598821.393172 2491381.341180 0.000000
598816.421725 2491381.875178 0.000000
598811.450277 2491382.409177 0.000000
598806.478829 2491382.943175 0.000000
598801.507382 2491383.477174 0.000000
598796.535934 2491384.011172 0.000000
598791.564486 2491384.545171 0.000000
598786.593039 2491385.079169 0.000000
598781.621591 2491385.613168 0.000000
598776.650143 2491386.147166 0.000000
598771.678696 2491386.681165 0.000000
598766.707248 2491387.215163 0.000000
598761.735800 2491387.749162 0.000000
598756.764353 2491388.283160 0.000000
598751.792905 2491388.817159 0.000000
598746.821457 2491389.351157 0.000000
598741.850010 2491389.885156 0.000000
598736.878562 2491390.419154 0.000000
598731.907114 2491390.953153 0.000000
598726.935667 2491391.487151 0.000000
598721.964219 2491392.021150 0.000000
598716.992772 2491392.555148 0.000000
598712.021324 2491393.089147 0.000000
598707.049876 2491393.623145 0.000000
598702.078429 2491394.157144 0.000000
598697.106981 2491394.691142 0.000000
598692.135533 2491395.225141 0.000000
598687.164086 2491395.759139 0.000000
598682.192638 2491396.293138 0.000000
598677.221190 2491396.827136 0.000000
598672.249743 2491397.361135 0.000000
598667.278295 2491397.895133 0.000000
598662.306847 2491398.429132 0.000000
598657.335400 2491398.963130 0.000000
598652.363952 2491399.497129 0.000000
598647.392504 2491400.031127 0.000000
598642.421057 2491400.565126 0.000000
598637.449609 2491401.099124 0.000000
598632.478161 2491401.633123 0.000000
598627.506714 2491402.167121 0.000000
598622.535266 2491402.701120 0.000000
598617.563818 2491403.235118 0.000000
598612.592371 2491403.769117 0.000000
598607.620923 2491404.303115 0.000000
598602.649475 2491404.837114 0.000000
598597.678028 2491405.371112 0.000000
598592.706580 2491405.905111 0.000000
598587.735133 2491406.439109 0.000000
598582.763685 2491406.973108 0.000000
598577.792237 2491407.507106 0.000000
598572.820790 2491408.041105 0.000000
598567.849342 2491408.575103 0.000000
598562.877894 2491409.109102 0.000000
598557.906447 2491409.643100 0.000000
598552.934999 2491410.177099 0.000000
598547.963551 2491410.711097 0.000000
598542.992104 2491411.245096 0.000000
598538.020656 2491411.779094 0.000000
598533.049208 2491412.313093 0.000000
598528.077761 2491412.847091 0.000000
598523.106313 2491413.381090 0.000000
598518.134865 2491413.915088 0.000000
598513.163418 2491414.449087 0.000000
598508.191970 2491414.983085 0.000000
598503.220522 2491415.517084 0.000000
598498.249075 2491416.051082 0.000000
598493.277627 2491416.585081 0.000000
598488.306179 2491417.119079 0.000000
598483.334732 2491417.653078 0.000000
598478.363284 2491418.187076 0.000000
598473.391836 2491418.721075 0.000000
598468.420389 2491419.255073 0.000000
598463.448941 2491419.789072 0.000000
598458.477494 2491420.323070 0.000000
598453.506046 2491420.857069 0.000000
598448.534598 2491421.391067 0.000000
598443.563151 2491421.925066 0.000000
598438.591703 2491422.459064 0.000000
598433.620255 2491422.993063 0.000000
598428.648808 2491423.527061 0.000000
598423.677360 2491424.061060 0.000000
598418.705912 2491424.595058 0.000000
598413.734465 2491425.129057 0.000000
598408.763017 2491425.663055 0.000000
598403.791569 2491426.197054 0.000000
598398.820122 2491426.731052 0.000000
598393.848674 2491427.265051 0.000000
598388.877226 2491427.799049 0.000000
598383.905779 2491428.333048 0.000000
598378.934331 2491428.867046 0.000000
598373.962883 2491429.401045 0.000000
598368.991436 2491429.935043 0.000000
598364.019988 2491430.469042 0.000000
598359.048540 2491431.003040 0.000000
598354.077093 2491431.537039 0.000000
598349.105645 2491432.071037 0.000000
598344.134197 2491432.605036 0.000000
598339.162750 2491433.139034 0.000000
598334.191302 2491433.673033 0.000000
598329.219855 2491434.207031 0.000000
598324.248407 2491434.741030 0.000000
598319.276959 2491435.275028 0.000000
598314.305512 2491435.809027 0.000000
598309.334064 2491436.343025 0.000000
598304.362616 2491436.877024 0.000000
598299.391169 2491437.411022 0.000000
598294.419721 2491437.945021 0.000000
598289.448273 2491438.479019 0.000000
598284.476826 2491439.013018 0.000000
598279.505378 2491439.547016 0.000000
598274.533930 2491440.081015 0.000000
598269.562483 2491440.615013 0.000000
598264.591035 2491441.149012 0.000000
598259.619587 2491441.683010 0.000000
598254.648140 2491442.217009 0.000000
598249.676692 2491442.751007 0.000000
598244.705244 2491443.285006 0.000000
598239.733797 2491443.819004 0.000000
598234.762349 2491444.353003 0.000000
598229.790901 2491444.887001 0.000000
598224.819454 2491445.421000 0.000000
598219.848006 2491445.954998 0.000000
598214.876558 2491446.488997 0.000000
598209.905111 2491447.022995 0.000000
598204.933663 2491447.556994 0.000000
598199.962215 2491448.090992 0.000000
598194.990768 2491448.624991 0.000000
598190.019320 2491449.158989 0.000000
598185.047873 2491449.692988 0.000000
598180.076425 2491450.226986 0.000000
598175.104977 2491450.760985 0.000000
598170.133530 2491451.294983 0.000000
598165.162082 2491451.828982 0.000000
598160.190634 2491452.362980 0.000000
598155.219187 2491452.896979 0.000000
598150.247739 2491453.430977 0.000000
598145.276291 2491453.964976 0.000000
598140.304844 2491454.498974 0.000000
598135.333396 2491455.032973 0.000000
598130.361948 2491455.566971 0.000000
598125.390501 2491456.100970 0.000000
598120.419053 2491456.634968 0.000000
598115.447605 2491457.168967 0.000000
598110.476158 2491457.702965 0.000000
598105.504710 2491458.236964 0.000000
598100.533262 2491458.770962 0.000000
598095.561815 2491459.304961 0.000000
598090.590367 2491459.838959 0.000000
598085.618919 2491460.372958 0.000000
598080.647472 2491460.906956 0.000000
598075.676024 2491461.440955 0.000000
598070.704576 2491461.974953 0.000000
598065.733129 2491462.508952 0.000000
598060.761681 2491463.042950 0.000000
598055.790234 2491463.576949 0.000000
598050.818786 2491464.110947 0.000000
598045.847338 2491464.644946 0.000000
598040.875891 2491465.178944 0.000000
598035.904443 2491465.712943 0.000000
598030.932995 2491466.246941 0.000000
598025.961548 2491466.780940 0.000000
598020.990100 2491467.314938 0.000000
598016.018652 2491467.848937 0.000000
598011.047205 2491468.382935 0.000000
598006.075757 2491468.916934 0.000000
598001.104309 2491469.450932 0.000000
597996.132862 2491469.984931 0.000000
597991.161414 2491470.518929 0.000000
597986.189966 2491471.052928 0.000000
597981.218519 2491471.586926 0.000000
597976.247071 2491472.120925 0.000000
597971.275623 2491472.654923 0.000000
597966.304176 2491473.188922 0.000000
597961.332728 2491473.722920 0.000000
597956.361280 2491474.256919 0.000000
597951.389833 2491474.790917 0.000000
597946.418385 2491475.324916 0.000000
597941.446937 2491475.858914 0.000000
597936.475490 2491476.392913 0.000000
597931.504042 2491476.926911 0.000000
597926.532595 2491477.460910 0.000000
597921.561147 2491477.994908 0.000000
597916.589699 2491478.528907 0.000000
597911.618252 2491479.062905 0.000000
597906.646804 2491479.596904 0.000000
597901.675356 2491480.130902 0.000000
597896.703909 2491480.664901 0.000000
597891.732461 2491481.198899 0.000000
597886.761013 2491481.732898 0.000000
597881.789566 2491482.266896 0.000000
597876.818118 2491482.800895 0.000000
597871.846670 2491483.334893 0.000000
597866.875223 2491483.868892 0.000000
597861.903775 2491484.402890 0.000000
597856.932327 2491484.936889 0.000000
597851.960880 2491485.470887 0.000000
597846.989432 2491486.004886 0.000000
597842.017984 2491486.538884 0.000000
597837.046537 2491487.072883 0.000000
597832.075089 2491487.606881 0.000000
597827.103641 2491488.140880 0.000000
597822.132194 2491488.674878 0.000000
597817.160746 2491489.208877 0.000000
597812.189298 2491489.742875 0.000000
597807.217851 2491490.276874 0.000000
597802.246403 2491490.810872 0.000000
597797.274956 2491491.344871 0.000000
597792.303508 2491491.878869 0.000000
597787.332060 2491492.412868 0.000000
597782.360613 2491492.946866 0.000000
597777.389165 2491493.480865 0.000000
597772.417717 2491494.014863 0.000000
597767.446270 2491494.548862 0.000000
597762.474822 2491495.082860 0.000000
597757.503374 2491495.616859 0.000000
597752.531927 2491496.150857 0.000000
597747.560479 2491496.684856 0.000000
597742.589031 2491497.218854 0.000000
597737.617584 2491497.752853 0.000000
597732.646136 2491498.286851 0.000000
597727.674688 2491498.820850 0.000000
597722.703241 2491499.354848 0.000000
597717.731793 2491499.888847 0.000000
597712.760345 2491500.422845 0.000000
597707.788898 2491500.956844 0.000000
597702.817450 2491501.490842 0.000000
597697.846002 2491502.024841 0.000000
597692.874555 2491502.558839 0.000000
597687.903107 2491503.092838 0.000000
597682.931659 2491503.626836 0.000000
597677.960212 2491504.160835 0.000000
597672.988764 2491504.694833 0.000000
597668.017317 2491505.228832 0.000000
597663.045869 2491505.762830 0.000000
597658.074421 2491506.296829 0.000000
597653.102974 2491506.830827 0.000000
597648.131526 2491507.364826 0.000000
597643.160078 2491507.898824 0.000000
597638.188631 2491508.432823 0.000000
597633.217183 2491508.966821 0.000000
597628.245735 2491509.500820 0.000000
597623.274288 2491510.034818 0.000000
597618.302840 2491510.568817 0.000000
597613.331392 2491511.102815 0.000000
597608.359945 2491511.636814 0.000000
597603.388497 2491512.170812 0.000000
597598.417049 2491512.704811 0.000000
597593.445602 2491513.238809 0.000000
597588.474154 2491513.772808 0.000000
597583.502706 2491514.306806 0.000000
597578.531259 2491514.840805 0.000000
597573.559811 2491515.374803 0.000000
597568.588363 2491515.908802 0.000000
597563.616916 2491516.442800 0.000000
597558.645468 2491516.976799 0.000000
597553.674020 2491517.510797 0.000000
597548.702573 2491518.044796 0.000000
597543.731125 2491518.578794 0.000000
597538.759678 2491519.112793 0.000000
597533.788230 2491519.646791 0.000000
597528.816782 2491520.180790 0.000000
597523.845335 2491520.714788 0.000000
597518.873887 2491521.248787 0.000000
597513.902439 2491521.782785 0.000000
597508.930992 2491522.316784 0.000000
597503.959544 2491522.850782 0.000000
597498.988096 2491523.384781 0.000000
597494.016649 2491523.918779 0.000000
597489.045201 2491524.452778 0.000000
597484.073753 2491524.986776 0.000000
597479.102306 2491525.520775 0.000000
597474.130858 2491526.054773 0.000000
597469.159410 2491526.588772 0.000000
597464.187963 2491527.122770 0.000000
597459.216515 2491527.656769 0.000000
597454.245067 2491528.190767 0.000000
597449.273620 2491528.724766 0.000000
597444.302172 2491529.258764 0.000000
597439.330724 2491529.792763 0.000000
597434.359277 2491530.326761 0.000000
597429.387829 2491530.860760 0.000000
597424.416381 2491531.394758 0.000000
597419.444934 2491531.928757 0.000000
597414.473486 2491532.462755 0.000000
597409.502038 2491532.996754 0.000000
597404.530591 2491533.530752 0.000000
597399.559143 2491534.064751 0.000000
597394.587696 2491534.598749 0.000000
597389.616248 2491535.132748 0.000000
597384.644800 2491535.666746 0.000000
597379.673353 2491536.200745 0.000000
597374.701905 2491536.734743 0.000000
597369.730457 2491537.268742 0.000000
597364.759010 2491537.802740 0.000000
597359.787562 2491538.336739 0.000000
597354.816114 2491538.870737 0.000000
597349.844667 2491539.404736 0.000000
597344.873219 2491539.938734 0.000000
597339.901771 2491540.472733 0.000000
597334.930324 2491541.006731 0.000000
597329.958876 2491541.540730 0.000000
597324.987428 2491542.074728 0.000000
597320.015981 2491542.608727 0.000000
597315.044533 2491543.142725 0.000000
597310.073085 2491543.676724 0.000000
597305.101638 2491544.210722 0.000000
597300.130190 2491544.744721 0.000000
597295.158742 2491545.278719 0.000000
597290.187295 2491545.812718 0.000000
597285.215847 2491546.346716 0.000000
597280.244399 2491546.880715 0.000000
597275.272952 2491547.414713 0.000000
597270.301504 2491547.948712 0.000000
597265.330057 2491548.482710 0.000000
597260.358609 2491549.016709 0.000000
597255.387161 2491549.550707 0.000000
597250.415714 2491550.084706 0.000000
597245.444266 2491550.618704 0.000000
597240.472818 2491551.152703 0.000000
597235.501371 2491551.686701 0.000000
597230.529923 2491552.220700 0.000000
597225.558475 2491552.754698 0.000000
597220.587028 2491553.288697 0.000000
597215.615580 2491553.822695 0.000000
597210.644132 2491554.356694 0.000000
597205.672685 2491554.890692 0.000000
597200.701237 2491555.424691 0.000000
597195.729789 2491555.958689 0.000000
597190.758342 2491556.492688 0.000000
597185.786894 2491557.026686 0.000000
597180.815446 2491557.560685 0.000000
597175.843999 2491558.094683 0.000000
597170.872551 2491558.628682 0.000000
597165.901103 2491559.162680 0.000000
597160.929656 2491559.696679 0.000000
597155.958208 2491560.230677 0.000000
597150.986760 2491560.764676 0.000000
597146.015313 2491561.298674 0.000000
597141.043865 2491561.832673 0.000000
597136.072418 2491562.366671 0.000000
597131.100970 2491562.900670 0.000000
597126.129522 2491563.434668 0.000000
597121.158075 2491563.968667 0.000000
597116.186627 2491564.502665 0.000000
597111.215179 2491565.036664 0.000000
597106.243732 2491565.570662 0.000000
597101.272284 2491566.104661 0.000000
597096.300836 2491566.638659 0.000000
597091.329389 2491567.172658 0.000000
597086.357941 2491567.706656 0.000000
597081.386493 2491568.240655 0.000000
597076.415046 2491568.774653 0.000000
597071.443598 2491569.308652 0.000000
597066.472150 2491569.842650 0.000000
597061.500703 2491570.376649 0.000000
597056.529255 2491570.910647 0.000000
597051.557807 2491571.444646 0.000000
597046.586360 2491571.978644 0.000000
597041.614912 2491572.512643 0.000000
597036.643464 2491573.046641 0.000000
597031.672017 2491573.580640 0.000000
597026.700569 2491574.114638 0.000000
597021.729121 2491574.648637 0.000000
597016.757674 2491575.182635 0.000000
597011.786226 2491575.716634 0.000000
597006.814779 2491576.250632 0.000000
597001.843331 2491576.784631 0.000000
596996.871883 2491577.318629 0.000000
596991.900436 2491577.852628 0.000000
596986.928988 2491578.386626 0.000000
596981.957540 2491578.920625 0.000000
596976.986093 2491579.454623 0.000000
596972.014645 2491579.988622 0.000000
596967.043197 2491580.522620 0.000000
596962.071750 2491581.056619 0.000000
596957.100302 2491581.590617 0.000000
596952.128854 2491582.124616 0.000000
596947.157407 2491582.658614 0.000000
596942.185959 2491583.192613 0.000000
596937.214511 2491583.726611 0.000000
596932.243064 2491584.260610 0.000000
596927.271616 2491584.794608 0.000000
596922.300168 2491585.328607 0.000000
596917.328721 2491585.862605 0.000000
596912.357273 2491586.396604 0.000000
596907.385825 2491586.930602 0.000000
596902.414378 2491587.464601 0.000000
596897.442930 2491587.998599 0.000000
596892.471482 2491588.532598 0.000000
596887.500035 2491589.066596 0.000000
596882.528587 2491589.600595 0.000000
596877.557140 2491590.134593 0.000000
596872.585692 2491590.668592 0.000000
596867.614244 2491591.202590 0.000000
596862.642797 2491591.736589 0.000000
596857.671349 2491592.270587 0.000000
596852.699901 2491592.804586 0.000000
596847.728454 2491593.338584 0.000000
596842.757006 2491593.872583 0.000000
596837.785558 2491594.406581 0.000000
596832.814111 2491594.940580 0.000000
596827.842663 2491595.474578 0.000000
596822.871215 2491596.008577 0.000000
596817.899768 2491596.542575 0.000000
596812.928320 2491597.076574 0.000000
596807.956872 2491597.610572 0.000000
596802.985425 2491598.144571 0.000000
596798.013977 2491598.678569 0.000000
596793.042529 2491599.212568 0.000000
596788.071082 2491599.746566 0.000000
596783.099634 2491600.280565 0.000000
596778.128186 2491600.814563 0.000000
596773.156739 2491601.348562 0.000000
596768.185291 2491601.882560 0.000000
596763.213843 2491602.416559 0.000000
596758.242396 2491602.950557 0.000000
596753.270948 2491603.484556 0.000000
596748.299501 2491604.018554 0.000000
596743.328053 2491604.552553 0.000000
596738.356605 2491605.086551 0.000000
596733.385158 2491605.620550 0.000000
596728.413710 2491606.154548 0.000000
596723.442262 2491606.688547 0.000000
596718.470815 2491607.222545 0.000000
596713.499367 2491607.756544 0.000000
596708.527919 2491608.290542 0.000000
596703.556472 2491608.824541 0.000000
596698.585024 2491609.358539 0.000000
596693.613576 2491609.892538 0.000000
596688.642129 2491610.426536 0.000000
596683.670681 2491610.960535 0.000000
596678.699233 2491611.494533 0.000000
596673.727786 2491612.028532 0.000000
596668.756338 2491612.562530 0.000000
596663.784890 2491613.096529 0.000000
596658.813443 2491613.630527 0.000000
596653.841995 2491614.164526 0.000000
596648.870547 2491614.698524 0.000000
596643.899100 2491615.232523 0.000000
596638.927652 2491615.766521 0.000000
596633.956204 2491616.300520 0.000000
596628.984757 2491616.834518 0.000000
596624.013309 2491617.368517 0.000000
596619.041862 2491617.902515 0.000000
596614.070414 2491618.436514 0.000000
596609.098966 2491618.970512 0.000000
596604.127519 2491619.504511 0.000000
596599.156071 2491620.038509 0.000000
596594.184623 2491620.572508 0.000000
596589.213176 2491621.106506 0.000000
596584.241728 2491621.640505 0.000000
596579.270280 2491622.174503 0.000000
596574.298833 2491622.708502 0.000000
596569.327385 2491623.242500 0.000000
596564.355937 2491623.776499 0.000000
596559.384490 2491624.310497 0.000000
596554.413042 2491624.844496 0.000000
596549.441594 2491625.378494 0.000000
596544.470147 2491625.912493 0.000000
596539.498699 2491626.446491 0.000000
596534.527251 2491626.980490 0.000000
596529.555804 2491627.514488 0.000000
596524.584356 2491628.048487 0.000000
596519.612908 2491628.582485 0.000000
596514.641461 2491629.116484 0.000000
596509.670013 2491629.650482 0.000000
596504.698565 2491630.184481 0.000000
596499.727118 2491630.718479 0.000000
596494.755670 2491631.252478 0.000000
596489.784222 2491631.786476 0.000000
596484.812775 2491632.320475 0.000000
596479.841327 2491632.854473 0.000000
596474.869880 2491633.388472 0.000000
596469.898432 2491633.922470 0.000000
596464.926984 2491634.456469 0.000000
596459.955537 2491634.990467 0.000000
596454.984089 2491635.524466 0.000000
596450.012641 2491636.058464 0.000000
596445.041194 2491636.592463 0.000000
596440.069746 2491637.126461 0.000000
596435.098298 2491637.660460 0.000000
596430.126851 2491638.194458 0.000000
596425.155403 2491638.728457 0.000000
596420.183955 2491639.262455 0.000000
596415.212508 2491639.796454 0.000000
596410.241060 2491640.330452 0.000000
596405.269612 2491640.864451 0.000000
596400.298165 2491641.398449 0.000000
596395.326717 2491641.932448 0.000000
596390.355269 2491642.466446 0.000000
596385.383822 2491643.000445 0.000000
596380.412374 2491643.534443 0.000000
596375.440926 2491644.068442 0.000000
596370.469479 2491644.602440 0.000000
596365.498031 2491645.136439 0.000000
596360.526583 2491645.670437 0.000000
596355.555136 2491646.204436 0.000000
596350.583688 2491646.738434 0.000000
596345.612241 2491647.272433 0.000000
596340.640793 2491647.806431 0.000000
596335.669345 2491648.340430 0.000000
596330.697898 2491648.874428 0.000000
596325.726450 2491649.408427 0.000000
596320.755002 2491649.942425 0.000000
596315.783555 2491650.476424 0.000000
596310.812107 2491651.010422 0.000000
596305.840659 2491651.544421 0.000000
596300.869212 2491652.078419 0.000000
596295.897764 2491652.612418 0.000000
596290.926316 2491653.146416 0.000000
596285.954869 2491653.680415 0.000000
596280.983421 2491654.214413 0.000000
596276.011973 2491654.748412 0.000000
596271.040526 2491655.282410 0.000000
596266.069078 2491655.816409 0.000000
596261.097630 2491656.350407 0.000000
596256.126183 2491656.884406 0.000000
596251.154735 2491657.418404 0.000000
596246.183287 2491657.952403 0.000000
596241.211840 2491658.486401 0.000000
596236.240392 2491659.020400 0.000000
596231.268944 2491659.554398 0.000000
596226.297497 2491660.088397 0.000000
596221.326049 2491660.622395 0.000000
596216.354602 2491661.156394 0.000000
596211.383154 2491661.690392 0.000000
596206.411706 2491662.224391 0.000000
596201.440259 2491662.758389 0.000000
596196.468811 2491663.292388 0.000000
596191.497363 2491663.826386 0.000000
596186.525916 2491664.360385 0.000000
596181.554468 2491664.894383 0.000000
596176.583020 2491665.428382 0.000000
596171.611573 2491665.962380 0.000000
596166.640125 2491666.496379 0.000000
596161.668677 2491667.030377 0.000000
596156.697230 2491667.564376 0.000000
596151.725782 2491668.098374 0.000000
596146.754334 2491668.632373 0.000000
596141.782887 2491669.166371 0.000000
596136.811439 2491669.700370 0.000000
596131.839991 2491670.234368 0.000000
596126.868544 2491670.768367 0.000000
596121.897096 2491671.302365 0.000000
596116.925648 2491671.836364 0.000000
596111.954201 2491672.370362 0.000000
596106.982753 2491672.904361 0.000000
596102.011305 2491673.438359 0.000000
596097.039858 2491673.972358 0.000000
596092.068410 2491674.506356 0.000000
596087.096963 2491675.040355 0.000000
596082.125515 2491675.574353 0.000000
596077.154067 2491676.108352 0.000000
596072.182620 2491676.642350 0.000000
596067.211172 2491677.176349 0.000000
596062.239724 2491677.710347 0.000000
596057.268277 2491678.244346 0.000000
596052.296829 2491678.778344 0.000000
596047.325381 2491679.312343 0.000000
596042.353934 2491679.846341 0.000000
596037.382486 2491680.380340 0.000000
596032.411038 2491680.914338 0.000000
596027.439591 2491681.448337 0.000000
596022.468143 2491681.982335 0.000000
596017.496695 2491682.516334 0.000000
596012.525248 2491683.050332 0.000000
596007.553800 2491683.584331 0.000000
596002.582352 2491684.118329 0.000000
595997.610905 2491684.652328 0.000000
595992.639457 2491685.186326 0.000000
595987.668009 2491685.720325 0.000000
595982.696562 2491686.254323 0.000000
595977.725114 2491686.788322 0.000000
595972.753666 2491687.322320 0.000000
595967.782219 2491687.856319 0.000000
595962.810771 2491688.390317 0.000000
595957.839324 2491688.924316 0.000000
595952.867876 2491689.458314 0.000000
595947.896428 2491689.992313 0.000000
595942.924981 2491690.526311 0.000000
595937.953533 2491691.060310 0.000000
595932.982085 2491691.594308 0.000000
595928.010638 2491692.128307 0.000000
595923.039190 2491692.662305 0.000000
595918.067742 2491693.196304 0.000000
595913.096295 2491693.730302 0.000000
595908.124847 2491694.264301 0.000000
595903.153399 2491694.798299 0.000000
595898.181952 2491695.332298 0.000000
595893.210504 2491695.866296 0.000000
595888.239056 2491696.400295 0.000000
595883.267609 2491696.934293 0.000000
595878.296161 2491697.468292 0.000000
595873.324713 2491698.002290 0.000000
595868.353266 2491698.536289 0.000000
595863.381818 2491699.070287 0.000000
595858.410370 2491699.604286 0.000000
595853.438923 2491700.138284 0.000000
595848.467475 2491700.672283 0.000000
595843.496027 2491701.206281 0.000000
595838.524580 2491701.740280 0.000000
595833.553132 2491702.274278 0.000000
595828.581685 2491702.808277 0.000000
595823.610237 2491703.342275 0.000000
595818.638789 2491703.876274 0.000000
595813.667342 2491704.410272 0.000000
595808.695894 2491704.944271 0.000000
595803.724446 2491705.478269 0.000000
595798.752999 2491706.012268 0.000000
595793.781551 2491706.546266 0.000000
595788.810103 2491707.080265 0.000000
595783.838656 2491707.614263 0.000000
595778.867208 2491708.148262 0.000000
595773.895760 2491708.682260 0.000000
595768.924313 2491709.216259 0.000000
595763.952865 2491709.750257 0.000000
595758.981417 2491710.284256 0.000000
595754.009970 2491710.818254 0.000000
595749.038522 2491711.352253 0.000000
595744.067074 2491711.886251 0.000000
595739.095627 2491712.420250 0.000000
595734.124179 2491712.954248 0.000000
595729.152731 2491713.488247 0.000000
595724.181284 2491714.022245 0.000000
595719.209836 2491714.556244 0.000000
595714.238388 2491715.090242 0.000000
595709.266941 2491715.624241 0.000000
595704.295493 2491716.158239 0.000000
595699.324045 2491716.692238 0.000000
595694.352598 2491717.226236 0.000000
595689.381150 2491717.760235 0.000000
595684.409703 2491718.294233 0.000000
595679.438255 2491718.828232 0.000000
595674.466807 2491719.362230 0.000000
595669.495360 2491719.896229 0.000000
595664.523912 2491720.430227 0.000000
595659.552464 2491720.964226 0.000000
595654.581017 2491721.498224 0.000000
595649.609569 2491722.032223 0.000000
595644.638121 2491722.566221 0.000000
595639.666674 2491723.100220 0.000000
595634.695226 2491723.634218 0.000000
595629.723778 2491724.168217 0.000000
595624.752331 2491724.702215 0.000000
595619.780883 2491725.236214 0.000000
595614.809435 2491725.770212 0.000000
595609.837988 2491726.304211 0.000000
595604.866540 2491726.838209 0.000000
595599.895092 2491727.372208 0.000000
595594.923645 2491727.906206 0.000000
595589.952197 2491728.440205 0.000000
595584.980749 2491728.974203 0.000000
595580.009302 2491729.508202 0.000000
595575.037854 2491730.042200 0.000000
595570.066406 2491730.576199 0.000000
595565.094959 2491731.110197 0.000000
595560.123511 2491731.644196 0.000000
595555.152064 2491732.178194 0.000000
595550.180616 2491732.712193 0.000000
595545.209168 2491733.246191 0.000000
595540.237721 2491733.780190 0.000000
595535.266273 2491734.314188 0.000000
595530.294825 2491734.848187 0.000000
595525.323378 2491735.382185 0.000000
595520.351930 2491735.916184 0.000000
595515.380482 2491736.450182 0.000000
595510.409035 2491736.984181 0.000000
595505.437587 2491737.518179 0.000000
595500.466139 2491738.052178 0.000000
595495.494692 2491738.586176 0.000000
595490.523244 2491739.120175 0.000000
595485.551796 2491739.654173 0.000000
595480.580349 2491740.188172 0.000000
595475.608901 2491740.722170 0.000000
595470.637453 2491741.256169 0.000000
595465.666006 2491741.790167 0.000000
595460.694558 2491742.324166 0.000000
595455.723110 2491742.858164 0.000000
595450.751663 2491743.392163 0.000000
595445.780215 2491743.926161 0.000000
595440.808767 2491744.460160 0.000000
595435.837320 2491744.994158 0.000000
595430.865872 2491745.528157 0.000000
595425.894425 2491746.062155 0.000000
595420.922977 2491746.596154 0.000000
595415.951529 2491747.130152 0.000000
595410.980082 2491747.664151 0.000000
595406.008634 2491748.198149 0.000000
595401.037186 2491748.732148 0.000000
595396.065739 2491749.266146 0.000000
595391.094291 2491749.800145 0.000000
595386.122843 2491750.334143 0.000000
595381.151396 2491750.868142 0.000000
595376.179948 2491751.402140 0.000000
595371.208500 2491751.936139 0.000000
595366.237053 2491752.470137 0.000000
595361.265605 2491753.004136 0.000000
595356.294157 2491753.538134 0.000000
595351.322710 2491754.072133 0.000000
595346.351262 2491754.606131 0.000000
595341.379814 2491755.140130 0.000000
595336.408367 2491755.674128 0.000000
595331.436919 2491756.208127 0.000000
595326.465471 2491756.742125 0.000000
595321.494024 2491757.276124 0.000000
595316.522576 2491757.810122 0.000000
595311.551128 2491758.344121 0.000000
595306.579681 2491758.878119 0.000000
595301.608233 2491759.412118 0.000000
595296.636786 2491759.946116 0.000000
595291.665338 2491760.480115 0.000000
595286.693890 2491761.014113 0.000000
595281.722443 2491761.548112 0.000000
595276.750995 2491762.082110 0.000000
595271.779547 2491762.616109 0.000000
595266.808100 2491763.150107 0.000000
595261.836652 2491763.684106 0.000000
595256.865204 2491764.218104 0.000000
595251.893757 2491764.752103 0.000000
595246.922309 2491765.286101 0.000000
595241.950861 2491765.820100 0.000000
595236.979414 2491766.354098 0.000000
595232.007966 2491766.888097 0.000000
595227.036518 2491767.422095 0.000000
595222.065071 2491767.956094 0.000000
595217.093623 2491768.490092 0.000000
595212.122175 2491769.024091 0.000000
595207.150728 2491769.558089 0.000000
595202.179280 2491770.092088 0.000000
595197.207832 2491770.626086 0.000000
595192.236385 2491771.160085 0.000000
595187.264937 2491771.694083 0.000000
595182.293489 2491772.228082 0.000000
595177.322042 2491772.762080 0.000000
595172.350594 2491773.296079 0.000000
595167.379147 2491773.830077 0.000000
595162.407699 2491774.364076 0.000000
595157.436251 2491774.898074 0.000000
595152.464804 2491775.432073 0.000000
595147.493356 2491775.966071 0.000000
595142.521908 2491776.500070 0.000000
595137.550461 2491777.034068 0.000000
595132.579013 2491777.568067 0.000000
595127.607565 2491778.102065 0.000000
595122.636118 2491778.636064 0.000000
595117.664670 2491779.170062 0.000000
595112.693222 2491779.704061 0.000000
595107.721775 2491780.238059 0.000000
595102.750327 2491780.772058 0.000000
595097.778879 2491781.306056 0.000000
595092.807432 2491781.840055 0.000000
595087.835984 2491782.374053 0.000000
595082.864536 2491782.908052 0.000000
595077.893089 2491783.442050 0.000000
595072.921641 2491783.976049 0.000000
595067.950193 2491784.510047 0.000000
595062.978746 2491785.044046 0.000000
595058.007298 2491785.578044 0.000000
595053.035850 2491786.112043 0.000000
595048.064403 2491786.646041 0.000000
595043.092955 2491787.180040 0.000000
595038.121508 2491787.714038 0.000000
595033.150060 2491788.248037 0.000000
595028.178612 2491788.782035 0.000000
595023.207165 2491789.316034 0.000000
595018.235717 2491789.850032 0.000000
595013.264269 2491790.384031 0.000000
595008.292822 2491790.918029 0.000000
595003.321374 2491791.452028 0.000000
594998.349926 2491791.986026 0.000000
594993.378479 2491792.520025 0.000000
594988.407031 2491793.054023 0.000000
594983.435583 2491793.588022 0.000000
594978.464136 2491794.122020 0.000000
594973.492688 2491794.656019 0.000000
594968.521240 2491795.190017 0.000000
594963.549793 2491795.724016 0.000000
594958.578345 2491796.258014 0.000000
594953.606897 2491796.792013 0.000000
594948.635450 2491797.326011 0.000000
594943.664002 2491797.860010 0.000000
594938.692554 2491798.394008 0.000000
594933.721107 2491798.928007 0.000000
594928.749659 2491799.462005 0.000000
594923.778211 2491799.996004 0.000000
594918.806764 2491800.530002 0.000000
594913.835316 2491801.064001 0.000000
594908.863869 2491801.597999 0.000000
594903.892421 2491802.131998 0.000000
594898.920973 2491802.665996 0.000000
594893.949526 2491803.199995 0.000000
594888.978078 2491803.733993 0.000000
594884.006630 2491804.267992 0.000000
594879.035183 2491804.801990 0.000000
594874.063735 2491805.335989 0.000000
594869.092287 2491805.869987 0.000000
594864.120840 2491806.403986 0.000000
594859.149392 2491806.937984 0.000000
594854.177944 2491807.471983 0.000000
594849.206497 2491808.005981 0.000000
594844.235049 2491808.539980 0.000000
594839.263601 2491809.073978 0.000000
594834.292154 2491809.607977 0.000000
594829.320706 2491810.141975 0.000000
594824.349258 2491810.675974 0.000000
594819.377811 2491811.209972 0.000000
594814.406363 2491811.743971 0.000000
594809.434915 2491812.277969 0.000000
594804.463468 2491812.811968 0.000000
594799.492020 2491813.345966 0.000000
594794.520572 2491813.879965 0.000000
594789.549125 2491814.413963 0.000000
594784.577677 2491814.947962 0.000000
594779.606229 2491815.481960 0.000000
594774.634782 2491816.015959 0.000000
594769.663334 2491816.549957 0.000000
594764.691887 2491817.083956 0.000000
594759.720439 2491817.617954 0.000000
594754.748991 2491818.151953 0.000000
594749.777544 2491818.685951 0.000000
594744.806096 2491819.219950 0.000000
594739.834648 2491819.753948 0.000000
594734.863201 2491820.287947 0.000000
594729.891753 2491820.821945 0.000000
594724.920305 2491821.355944 0.000000
594719.948858 2491821.889942 0.000000
594714.977410 2491822.423941 0.000000
594710.005962 2491822.957939 0.000000
594705.034515 2491823.491938 0.000000
594700.063067 2491824.025936 0.000000
594695.091619 2491824.559935 0.000000
594690.120172 2491825.093933 0.000000
594685.148724 2491825.627932 0.000000
594680.177276 2491826.161930 0.000000
594675.205829 2491826.695929 0.000000
594670.234381 2491827.229927 0.000000
594665.262933 2491827.763926 0.000000
594660.291486 2491828.297924 0.000000
594655.320038 2491828.831923 0.000000
594650.348590 2491829.365921 0.000000
594645.377143 2491829.899920 0.000000
594640.405695 2491830.433918 0.000000
594635.434248 2491830.967917 0.000000
594630.462800 2491831.501915 0.000000
594625.491352 2491832.035914 0.000000
594620.519905 2491832.569912 0.000000
594615.548457 2491833.103911 0.000000
594610.577009 2491833.637909 0.000000
594605.605562 2491834.171908 0.000000
594600.634114 2491834.705906 0.000000
594595.662666 2491835.239905 0.000000
594590.691219 2491835.773903 0.000000
594585.719771 2491836.307902 0.000000
594580.748323 2491836.841900 0.000000
594575.776876 2491837.375899 0.000000
594570.805428 2491837.909897 0.000000
594565.833980 2491838.443896 0.000000
594560.862533 2491838.977894 0.000000
594555.891085 2491839.511893 0.000000
594550.919637 2491840.045891 0.000000
594545.948190 2491840.579890 0.000000
594540.976742 2491841.113888 0.000000
594536.005294 2491841.647887 0.000000
594531.033847 2491842.181885 0.000000
594526.062399 2491842.715884 0.000000
594521.090951 2491843.249882 0.000000
594516.119504 2491843.783881 0.000000
594511.148056 2491844.317879 0.000000
594506.176609 2491844.851878 0.000000
594501.205161 2491845.385876 0.000000
594496.233713 2491845.919875 0.000000
594491.262266 2491846.453873 0.000000
594486.290818 2491846.987872 0.000000
594481.319370 2491847.521870 0.000000
594476.347923 2491848.055869 0.000000
594471.376475 2491848.589867 0.000000
594466.405027 2491849.123866 0.000000
594461.433580 2491849.657864 0.000000
594456.462132 2491850.191863 0.000000
594451.490684 2491850.725861 0.000000
594446.519237 2491851.259860 0.000000
594441.547789 2491851.793858 0.000000
594436.576341 2491852.327857 0.000000
594431.604894 2491852.861855 0.000000
594426.633446 2491853.395854 0.000000
594421.661998 2491853.929852 0.000000
594416.690551 2491854.463851 0.000000
594411.719103 2491854.997849 0.000000
594406.747655 2491855.531848 0.000000
594401.776208 2491856.065846 0.000000
594396.804760 2491856.599845 0.000000
594391.833312 2491857.133843 0.000000
594386.861865 2491857.667842 0.000000
594381.890417 2491858.201840 0.000000
594376.918970 2491858.735839 0.000000
594371.947522 2491859.269837 0.000000
594366.976074 2491859.803836 0.000000
594362.004627 2491860.337834 0.000000
594357.033179 2491860.871833 0.000000
594352.061731 2491861.405831 0.000000
594347.090284 2491861.939830 0.000000
594342.118836 2491862.473828 0.000000
594337.147388 2491863.007827 0.000000
594332.175941 2491863.541825 0.000000
594327.204493 2491864.075824 0.000000
594322.233045 2491864.609822 0.000000
594317.261598 2491865.143821 0.000000
594312.290150 2491865.677819 0.000000
594307.318702 2491866.211818 0.000000
594302.347255 2491866.745816 0.000000
594297.375807 2491867.279815 0.000000
594292.404359 2491867.813813 0.000000
594287.432912 2491868.347812 0.000000
594282.461464 2491868.881810 0.000000
594277.490016 2491869.415809 0.000000
594272.518569 2491869.949807 0.000000
594267.547121 2491870.483806 0.000000
594262.575673 2491871.017804 0.000000
594257.604226 2491871.551803 0.000000
594252.632778 2491872.085801 0.000000
594247.661331 2491872.619800 0.000000
594242.689883 2491873.153798 0.000000
594237.718435 2491873.687797 0.000000
594232.746988 2491874.221795 0.000000
594227.775540 2491874.755794 0.000000
594222.804092 2491875.289792 0.000000
594217.832645 2491875.823791 0.000000
594212.861197 2491876.357789 0.000000
594207.889749 2491876.891788 0.000000
594202.918302 2491877.425786 0.000000
594197.946854 2491877.959785 0.000000
594192.975406 2491878.493783 0.000000
594188.003959 2491879.027782 0.000000
594183.032511 2491879.561780 0.000000
594178.061063 2491880.095779 0.000000
594173.089616 2491880.629777 0.000000
594168.118168 2491881.163776 0.000000
594163.146720 2491881.697774 0.000000
594158.175273 2491882.231773 0.000000
594153.203825 2491882.765771 0.000000
594148.232377 2491883.299770 0.000000
594143.260930 2491883.833768 0.000000
594138.289482 2491884.367767 0.000000
594133.318034 2491884.901765 0.000000
594128.346587 2491885.435764 0.000000
594123.375139 2491885.969762 0.000000
594118.403692 2491886.503761 0.000000
594113.432244 2491887.037759 0.000000
594108.460796 2491887.571758 0.000000
594103.489349 2491888.105756 0.000000
594098.517901 2491888.639755 0.000000
594093.546453 2491889.173753 0.000000
594088.575006 2491889.707752 0.000000
594083.603558 2491890.241750 0.000000
594078.632110 2491890.775749 0.000000
594073.660663 2491891.309747 0.000000
594068.689215 2491891.843746 0.000000
594063.717767 2491892.377744 0.000000
594058.746320 2491892.911743 0.000000
594053.774872 2491893.445741 0.000000
594048.803424 2491893.979740 0.000000
594043.831977 2491894.513738 0.000000
594038.860529 2491895.047737 0.000000
594033.889081 2491895.581735 0.000000
594028.917634 2491896.115734 0.000000
594023.946186 2491896.649732 0.000000
594018.974738 2491897.183731 0.000000
594014.003291 2491897.717729 0.000000
594009.031843 2491898.251728 0.000000
594004.060395 2491898.785726 0.000000
593999.088948 2491899.319725 0.000000
593994.117500 2491899.853723 0.000000
593989.146053 2491900.387722 0.000000
593984.174605 2491900.921720 0.000000
593979.203157 2491901.455719 0.000000
593974.231710 2491901.989717 0.000000
593969.260262 2491902.523716 0.000000
593964.288814 2491903.057714 0.000000
593959.317367 2491903.591713 0.000000
593954.345919 2491904.125711 0.000000
593949.374471 2491904.659710 0.000000
593944.403024 2491905.193708 0.000000
593939.431576 2491905.727707 0.000000
593934.460128 2491906.261705 0.000000
593929.488681 2491906.795704 0.000000
593924.517233 2491907.329702 0.000000
593919.545785 2491907.863701 0.000000
593914.574338 2491908.397699 0.000000
593909.602890 2491908.931698 0.000000
593904.631442 2491909.465696 0.000000
593899.659995 2491909.999695 0.000000
593894.688547 2491910.533693 0.000000
593889.717099 2491911.067692 0.000000
593884.745652 2491911.601690 0.000000
593879.774204 2491912.135689 0.000000
593874.802756 2491912.669687 0.000000
593869.831309 2491913.203686 0.000000
593864.859861 2491913.737684 0.000000
593859.888413 2491914.271683 0.000000
593854.916966 2491914.805681 0.000000
593849.945518 2491915.339680 0.000000
593844.974071 2491915.873678 0.000000
593840.002623 2491916.407677 0.000000
593835.031175 2491916.941675 0.000000
593830.059728 2491917.475674 0.000000
593825.088280 2491918.009672 0.000000
593820.116832 2491918.543671 0.000000
593815.145385 2491919.077669 0.000000
593810.173937 2491919.611668 0.000000
593805.202489 2491920.145666 0.000000
593800.231042 2491920.679665 0.000000
593795.259594 2491921.213663 0.000000
593790.288146 2491921.747662 0.000000
593785.316699 2491922.281660 0.000000
593780.345251 2491922.815659 0.000000
593775.373803 2491923.349657 0.000000
593770.402356 2491923.883656 0.000000
593765.430908 2491924.417654 0.000000
593760.459460 2491924.951653 0.000000
593755.488013 2491925.485651 0.000000
593750.516565 2491926.019650 0.000000
593745.545117 2491926.553648 0.000000
593740.573670 2491927.087647 0.000000
593735.602222 2491927.621645 0.000000
593730.630774 2491928.155644 0.000000
593725.659327 2491928.689642 0.000000
593720.687879 2491929.223641 0.000000
593715.716432 2491929.757639 0.000000
593710.744984 2491930.291638 0.000000
593705.773536 2491930.825636 0.000000
593700.802089 2491931.359635 0.000000
593695.830641 2491931.893633 0.000000
593690.859193 2491932.427632 0.000000
593685.887746 2491932.961630 0.000000
593680.916298 2491933.495629 0.000000
593675.944850 2491934.029627 0.000000
593670.973403 2491934.563626 0.000000
593666.001955 2491935.097624 0.000000
593661.030507 2491935.631623 0.000000
593656.059060 2491936.165621 0.000000
593651.087612 2491936.699620 0.000000
593646.116164 2491937.233618 0.000000
593641.144717 2491937.767617 0.000000
593636.173269 2491938.301615 0.000000
593631.201821 2491938.835614 0.000000
593626.230374 2491939.369612 0.000000
593621.258926 2491939.903611 0.000000
593616.287478 2491940.437609 0.000000
593611.316031 2491940.971608 0.000000
593606.344583 2491941.505606 0.000000
593601.373135 2491942.039605 0.000000
593596.401688 2491942.573603 0.000000
593591.430240 2491943.107602 0.000000
593586.458793 2491943.641600 0.000000
593581.487345 2491944.175599 0.000000
593576.515897 2491944.709597 0.000000
593571.544450 2491945.243596 0.000000
593566.573002 2491945.777594 0.000000
593561.601554 2491946.311593 0.000000
593556.630107 2491946.845591 0.000000
593551.658659 2491947.379590 0.000000
593546.687211 2491947.913588 0.000000
593541.715764 2491948.447587 0.000000
593536.744316 2491948.981585 0.000000
593531.772868 2491949.515584 0.000000
593526.801421 2491950.049582 0.000000
593521.829973 2491950.583581 0.000000
593516.858525 2491951.117579 0.000000
593511.887078 2491951.651578 0.000000
593506.915630 2491952.185576 0.000000
593501.944182 2491952.719575 0.000000
593496.972735 2491953.253573 0.000000
593492.001287 2491953.787572 0.000000
593487.029839 2491954.321570 0.000000
593482.058392 2491954.855569 0.000000
593477.086944 2491955.389567 0.000000
593472.115496 2491955.923566 0.000000
593467.144049 2491956.457564 0.000000
593462.172601 2491956.991563 0.000000
593457.201154 2491957.525561 0.000000
593452.229706 2491958.059560 0.000000
593447.258258 2491958.593558 0.000000
593442.286811 2491959.127557 0.000000
593437.315363 2491959.661555 0.000000
593432.343915 2491960.195554 0.000000
593427.372468 2491960.729552 0.000000
593422.401020 2491961.263551 0.000000
593417.429572 2491961.797549 0.000000
593412.458125 2491962.331548 0.000000
593407.486677 2491962.865546 0.000000
593402.515229 2491963.399545 0.000000
593397.543782 2491963.933543 0.000000
593392.572334 2491964.467542 0.000000
593387.600886 2491965.001540 0.000000
593382.629439 2491965.535539 0.000000
593377.657991 2491966.069537 0.000000
593372.686543 2491966.603536 0.000000
593367.715096 2491967.137534 0.000000
593362.743648 2491967.671533 0.000000
593357.772200 2491968.205531 0.000000
593352.800753 2491968.739530 0.000000
593347.829305 2491969.273528 0.000000
593342.857857 2491969.807527 0.000000
593337.886410 2491970.341525 0.000000
593332.914962 2491970.875524 0.000000
593327.943515 2491971.409522 0.000000
593322.972067 2491971.943521 0.000000
593318.000619 2491972.477519 0.000000
593313.029172 2491973.011518 0.000000
593308.057724 2491973.545516 0.000000
593303.086276 2491974.079515 0.000000
593298.114829 2491974.613513 0.000000
593293.143381 2491975.147512 0.000000
593288.171933 2491975.681510 0.000000
593283.200486 2491976.215509 0.000000
593278.229038 2491976.749507 0.000000
593273.257590 2491977.283506 0.000000
593268.286143 2491977.817504 0.000000
593263.314695 2491978.351503 0.000000
593258.343247 2491978.885501 0.000000
593253.371800 2491979.419500 0.000000
593248.400352 2491979.953498 0.000000
593243.428904 2491980.487497 0.000000
593238.457457 2491981.021495 0.000000
593233.486009 2491981.555494 0.000000
593228.514561 2491982.089492 0.000000
593223.543114 2491982.623491 0.000000
593218.571666 2491983.157489 0.000000
593213.600218 2491983.691488 0.000000
593208.628771 2491984.225486 0.000000
593203.657323 2491984.759485 0.000000
593198.685876 2491985.293483 0.000000
593193.714428 2491985.827482 0.000000
593188.742980 2491986.361480 0.000000
593183.771533 2491986.895479 0.000000
593178.800085 2491987.429477 0.000000
593173.828637 2491987.963476 0.000000
593168.857190 2491988.497474 0.000000
593163.885742 2491989.031473 0.000000
593158.914294 2491989.565471 0.000000
593153.942847 2491990.099470 0.000000
593148.971399 2491990.633468 0.000000
593143.999951 2491991.167467 0.000000
593139.028504 2491991.701465 0.000000
593134.057056 2491992.235464 0.000000
593129.085608 2491992.769462 0.000000
593124.114161 2491993.303461 0.000000
593119.142713 2491993.837459 0.000000
593114.171265 2491994.371458 0.000000
593109.199818 2491994.905456 0.000000
593104.228370 2491995.439455 0.000000
593099.256922 2491995.973453 0.000000
593094.285475 2491996.507452 0.000000
593089.314027 2491997.041450 0.000000
593084.342579 2491997.575449 0.000000
593079.371132 2491998.109447 0.000000
593074.399684 2491998.643446 0.000000
593069.428236 2491999.177444 0.000000
593064.456789 2491999.711443 0.000000
593059.485341 2492000.245441 0.000000
593054.513894 2492000.779440 0.000000
593049.542446 2492001.313438 0.000000
593044.570998 2492001.847437 0.000000
593039.599551 2492002.381435 0.000000
593034.628103 2492002.915434 0.000000
593029.656655 2492003.449432 0.000000
593024.685208 2492003.983431 0.000000
593019.713760 2492004.517429 0.000000
593014.742312 2492005.051428 0.000000
593009.770865 2492005.585426 0.000000
593004.799417 2492006.119425 0.000000
592999.827969 2492006.653423 0.000000
592994.856522 2492007.187422 0.000000
592989.885074 2492007.721420 0.000000
592984.913626 2492008.255419 0.000000
592979.942179 2492008.789417 0.000000
592974.970731 2492009.323416 0.000000
592969.999283 2492009.857414 0.000000
592965.027836 2492010.391413 0.000000
592960.056388 2492010.925411 0.000000
592955.084940 2492011.459410 0.000000
592950.113493 2492011.993408 0.000000
592945.142045 2492012.527407 0.000000
592940.170597 2492013.061405 0.000000
592935.199150 2492013.595404 0.000000
592930.227702 2492014.129402 0.000000
592925.256255 2492014.663401 0.000000
592920.284807 2492015.197399 0.000000
592915.313359 2492015.731398 0.000000
592910.341912 2492016.265396 0.000000
592905.370464 2492016.799395 0.000000
592900.399016 2492017.333393 0.000000
592895.427569 2492017.867392 0.000000
592890.456121 2492018.401390 0.000000
592885.484673 2492018.935389 0.000000
592880.513226 2492019.469387 0.000000
592875.541778 2492020.003386 0.000000
592870.570330 2492020.537384 0.000000
592865.598883 2492021.071383 0.000000
592860.627435 2492021.605381 0.000000
592855.655987 2492022.139380 0.000000
592850.684540 2492022.673378 0.000000
592845.713092 2492023.207377 0.000000
592840.741644 2492023.741375 0.000000
592835.770197 2492024.275374 0.000000
592830.798749 2492024.809372 0.000000
592825.827301 2492025.343371 0.000000
592820.855854 2492025.877369 0.000000
592815.884406 2492026.411368 0.000000
592810.912958 2492026.945366 0.000000
592805.941511 2492027.479365 0.000000
592800.970063 2492028.013363 0.000000
592795.998616 2492028.547362 0.000000
592791.027168 2492029.081360 0.000000
592786.055720 2492029.615359 0.000000
592781.084273 2492030.149357 0.000000
592776.112825 2492030.683356 0.000000
592771.141377 2492031.217354 0.000000
592766.169930 2492031.751353 0.000000
592761.198482 2492032.285351 0.000000
592756.227034 2492032.819350 0.000000
592751.255587 2492033.353348 0.000000
592746.284139 2492033.887347 0.000000
592741.312691 2492034.421345 0.000000
592736.341244 2492034.955344 0.000000
592731.369796 2492035.489342 0.000000
592726.398348 2492036.023341 0.000000
592721.426901 2492036.557339 0.000000
592716.455453 2492037.091338 0.000000
592711.484005 2492037.625336 0.000000
592706.512558 2492038.159335 0.000000
592701.541110 2492038.693333 0.000000
592696.569662 2492039.227332 0.000000
592691.598215 2492039.761330 0.000000
592686.626767 2492040.295329 0.000000
592681.655319 2492040.829327 0.000000
592676.683872 2492041.363326 0.000000
592671.712424 2492041.897324 0.000000
592666.740977 2492042.431323 0.000000
592661.769529 2492042.965321 0.000000
592656.798081 2492043.499320 0.000000
592651.826634 2492044.033318 0.000000
592646.855186 2492044.567317 0.000000
592641.883738 2492045.101315 0.000000
592636.912291 2492045.635314 0.000000
592631.940843 2492046.169312 0.000000
592626.969395 2492046.703311 0.000000
592621.997948 2492047.237309 0.000000
592617.026500 2492047.771308 0.000000
592612.055052 2492048.305306 0.000000
592607.083605 2492048.839305 0.000000
592602.112157 2492049.373303 0.000000
592597.140709 2492049.907302 0.000000
592592.169262 2492050.441300 0.000000
592587.197814 2492050.975299 0.000000
592582.226366 2492051.509297 0.000000
592577.254919 2492052.043296 0.000000
592572.283471 2492052.577294 0.000000
592567.312023 2492053.111293 0.000000
592562.340576 2492053.645291 0.000000
592557.369128 2492054.179290 0.000000
592552.397680 2492054.713288 0.000000
592547.426233 2492055.247287 0.000000
592542.454785 2492055.781285 0.000000
592537.483338 2492056.315284 0.000000
592532.511890 2492056.849282 0.000000
592527.540442 2492057.383281 0.000000
592522.568995 2492057.917279 0.000000
592517.597547 2492058.451278 0.000000
592512.626099 2492058.985276 0.000000
592507.654652 2492059.519275 0.000000
592502.683204 2492060.053273 0.000000
592497.711756 2492060.587272 0.000000
592492.740309 2492061.121270 0.000000
592487.768861 2492061.655269 0.000000
592482.797413 2492062.189267 0.000000
592477.825966 2492062.723266 0.000000
592472.854518 2492063.257264 0.000000
592467.883070 2492063.791263 0.000000
592462.911623 2492064.325261 0.000000
592457.940175 2492064.859260 0.000000
592452.968727 2492065.393258 0.000000
592447.997280 2492065.927257 0.000000
592443.025832 2492066.461255 0.000000
592438.054384 2492066.995254 0.000000
592433.082937 2492067.529252 0.000000
592428.111489 2492068.063251 0.000000
592423.140041 2492068.597249 0.000000
592418.168594 2492069.131248 0.000000
592413.197146 2492069.665246 0.000000
592408.225699 2492070.199245 0.000000
592403.254251 2492070.733243 0.000000
592398.282803 2492071.267242 0.000000
592393.311356 2492071.801240 0.000000
592388.339908 2492072.335239 0.000000
592383.368460 2492072.869237 0.000000
592378.397013 2492073.403236 0.000000
592373.425565 2492073.937234 0.000000
592368.454117 2492074.471233 0.000000
592363.482670 2492075.005231 0.000000
592358.511222 2492075.539230 0.000000
592353.539774 2492076.073228 0.000000
592348.568327 2492076.607227 0.000000
592343.596879 2492077.141225 0.000000
592338.625431 2492077.675224 0.000000
592333.653984 2492078.209222 0.000000
592328.682536 2492078.743221 0.000000
592323.711088 2492079.277219 0.000000
592318.739641 2492079.811218 0.000000
592313.768193 2492080.345216 0.000000
592308.796745 2492080.879215 0.000000
592303.825298 2492081.413213 0.000000
592298.853850 2492081.947212 0.000000
592293.882402 2492082.481210 0.000000
592288.910955 2492083.015209 0.000000
592283.939507 2492083.549207 0.000000
592278.968059 2492084.083206 0.000000
592273.996612 2492084.617204 0.000000
592269.025164 2492085.151203 0.000000
592264.053717 2492085.685201 0.000000
592259.082269 2492086.219200 0.000000
592254.110821 2492086.753198 0.000000
592249.139374 2492087.287197 0.000000
592244.167926 2492087.821195 0.000000
592239.196478 2492088.355194 0.000000
592234.225031 2492088.889192 0.000000
592229.253583 2492089.423191 0.000000
592224.282135 2492089.957189 0.000000
592219.310688 2492090.491188 0.000000
592214.339240 2492091.025186 0.000000
592209.367792 2492091.559185 0.000000
592204.396345 2492092.093183 0.000000
592199.424897 2492092.627182 0.000000
592194.453449 2492093.161180 0.000000
592189.482002 2492093.695179 0.000000
592184.510554 2492094.229177 0.000000
592179.539106 2492094.763176 0.000000
592174.567659 2492095.297174 0.000000
592169.596211 2492095.831173 0.000000
592164.624763 2492096.365171 0.000000
592159.653316 2492096.899170 0.000000
592154.681868 2492097.433168 0.000000
592149.710420 2492097.967167 0.000000
592144.738973 2492098.501165 0.000000
592139.767525 2492099.035164 0.000000
592134.796078 2492099.569162 0.000000
592129.824630 2492100.103161 0.000000
592124.853182 2492100.637159 0.000000
592119.881735 2492101.171158 0.000000
592114.910287 2492101.705156 0.000000
592109.938839 2492102.239155 0.000000
592104.967392 2492102.773153 0.000000
592099.995944 2492103.307152 0.000000
592095.024496 2492103.841150 0.000000
592090.053049 2492104.375149 0.000000
592085.081601 2492104.909147 0.000000
592080.110153 2492105.443146 0.000000
592075.138706 2492105.977144 0.000000
592070.167258 2492106.511143 0.000000
592065.195810 2492107.045141 0.000000
592060.224363 2492107.579140 0.000000
592055.252915 2492108.113138 0.000000
592050.281467 2492108.647137 0.000000
592045.310020 2492109.181135 0.000000
592040.338572 2492109.715133 0.000000
592035.367124 2492110.249132 0.000000
592030.395677 2492110.783130 0.000000
592025.424229 2492111.317129 0.000000
592020.452781 2492111.851127 0.000000
592015.481334 2492112.385126 0.000000
592010.509886 2492112.919124 0.000000
592005.538439 2492113.453123 0.000000
592000.566991 2492113.987121 0.000000
591995.595543 2492114.521120 0.000000
591990.624096 2492115.055118 0.000000
591985.652648 2492115.589117 0.000000
591980.681200 2492116.123115 0.000000
591975.709753 2492116.657114 0.000000
591970.738305 2492117.191112 0.000000
591965.766857 2492117.725111 0.000000
591960.795410 2492118.259109 0.000000
591955.823962 2492118.793108 0.000000
591950.852514 2492119.327106 0.000000
591945.881067 2492119.861105 0.000000
591940.909619 2492120.395103 0.000000
591935.938171 2492120.929102 0.000000
591930.966724 2492121.463100 0.000000
591925.995276 2492121.997099 0.000000
591921.023828 2492122.531097 0.000000
591916.052381 2492123.065096 0.000000
591911.080933 2492123.599094 0.000000
591906.109485 2492124.133093 0.000000
591901.138038 2492124.667091 0.000000
591896.166590 2492125.201090 0.000000
591891.195142 2492125.735088 0.000000
591886.223695 2492126.269087 0.000000
591881.252247 2492126.803085 0.000000
591876.280800 2492127.337084 0.000000
591871.309352 2492127.871082 0.000000
591866.337904 2492128.405081 0.000000
591861.366457 2492128.939079 0.000000
591856.395009 2492129.473078 0.000000
591851.423561 2492130.007076 0.000000
591846.452114 2492130.541075 0.000000
591841.480666 2492131.075073 0.000000
591836.509218 2492131.609072 0.000000
591831.537771 2492132.143070 0.000000
591826.566323 2492132.677069 0.000000
591821.594875 2492133.211067 0.000000
591816.623428 2492133.745066 0.000000
591811.651980 2492134.279064 0.000000
591806.680532 2492134.813063 0.000000
591801.709085 2492135.347061 0.000000
591796.737637 2492135.881060 0.000000
591791.766189 2492136.415058 0.000000
591786.794742 2492136.949057 0.000000
591781.823294 2492137.483055 0.000000
591776.851846 2492138.017054 0.000000
591771.880399 2492138.551052 0.000000
591766.908951 2492139.085051 0.000000
591761.937503 2492139.619049 0.000000
591756.966056 2492140.153048 0.000000
591751.994608 2492140.687046 0.000000
591747.023161 2492141.221045 0.000000
591742.051713 2492141.755043 0.000000
591737.080265 2492142.289042 0.000000
591732.108818 2492142.823040 0.000000
591727.137370 2492143.357039 0.000000
591722.165922 2492143.891037 0.000000
591717.194475 2492144.425036 0.000000
591712.223027 2492144.959034 0.000000
591707.251579 2492145.493033 0.000000
591702.280132 2492146.027031 0.000000
591697.308684 2492146.561030 0.000000
591692.337236 2492147.095028 0.000000
591687.365789 2492147.629027 0.000000
591682.394341 2492148.163025 0.000000
591677.422893 2492148.697024 0.000000
591672.451446 2492149.231022 0.000000
591667.479998 2492149.765021 0.000000
591662.508550 2492150.299019 0.000000
591657.537103 2492150.833018 0.000000
591652.565655 2492151.367016 0.000000
591647.594207 2492151.901015 0.000000
591642.622760 2492152.435013 0.000000
591637.651312 2492152.969012 0.000000
591632.679864 2492153.503010 0.000000
591627.708417 2492154.037009 0.000000
591622.736969 2492154.571007 0.000000
591617.765522 2492155.105006 0.000000
591612.794074 2492155.639004 0.000000
591607.822626 2492156.173003 0.000000
591602.851179 2492156.707001 0.000000
591597.879731 2492157.241000 0.000000
591592.908283 2492157.774998 0.000000
591587.936836 2492158.308997 0.000000
591582.965388 2492158.842995 0.000000
591577.993940 2492159.376994 0.000000
591573.022493 2492159.910992 0.000000
591568.051045 2492160.444991 0.000000
591563.079597 2492160.978989 0.000000
591558.108150 2492161.512988 0.000000
591553.136702 2492162.046986 0.000000
591548.165254 2492162.580985 0.000000
591543.193807 2492163.114983 0.000000
591538.222359 2492163.648982 0.000000
591533.250911 2492164.182980 0.000000
591528.279464 2492164.716979 0.000000
591523.308016 2492165.250977 0.000000
591518.336568 2492165.784976 0.000000
591513.365121 2492166.318974 0.000000
591508.393673 2492166.852973 0.000000
591503.422225 2492167.386971 0.000000
591498.450778 2492167.920970 0.000000
591493.479330 2492168.454968 0.000000
591488.507883 2492168.988967 0.000000
591483.536435 2492169.522965 0.000000
591478.564987 2492170.056964 0.000000
591473.593540 2492170.590962 0.000000
591468.622092 2492171.124961 0.000000
591463.650644 2492171.658959 0.000000
591458.679197 2492172.192958 0.000000
591453.707749 2492172.726956 0.000000
591448.736301 2492173.260955 0.000000
591443.764854 2492173.794953 0.000000
591438.793406 2492174.328952 0.000000
591433.821958 2492174.862950 0.000000
591428.850511 2492175.396949 0.000000
591423.879063 2492175.930947 0.000000
591418.907615 2492176.464946 0.000000
591413.936168 2492176.998944 0.000000
591408.964720 2492177.532943 0.000000
591403.993272 2492178.066941 0.000000
591399.021825 2492178.600940 0.000000
591394.050377 2492179.134938 0.000000
591389.078929 2492179.668937 0.000000
591384.107482 2492180.202935 0.000000
591379.136034 2492180.736934 0.000000
591374.164586 2492181.270932 0.000000
591369.193139 2492181.804931 0.000000
591364.221691 2492182.338929 0.000000
591359.250243 2492182.872928 0.000000
591354.278796 2492183.406926 0.000000
591349.307348 2492183.940925 0.000000
591344.335901 2492184.474923 0.000000
591339.364453 2492185.008922 0.000000
591334.393005 2492185.542920 0.000000
591329.421558 2492186.076919 0.000000
591324.450110 2492186.610917 0.000000
591319.478662 2492187.144916 0.000000
591314.507215 2492187.678914 0.000000
591309.535767 2492188.212913 0.000000
591304.564319 2492188.746911 0.000000
591299.592872 2492189.280910 0.000000
591294.621424 2492189.814908 0.000000
591289.649976 2492190.348907 0.000000
591284.678529 2492190.882905 0.000000
591279.707081 2492191.416904 0.000000
591274.735633 2492191.950902 0.000000
591269.764186 2492192.484901 0.000000
591264.792738 2492193.018899 0.000000
591259.821290 2492193.552898 0.000000
591254.849843 2492194.086896 0.000000
591249.878395 2492194.620895 0.000000
591244.906947 2492195.154893 0.000000
591239.935500 2492195.688892 0.000000
591234.964052 2492196.222890 0.000000
591229.992604 2492196.756889 0.000000
591225.021157 2492197.290887 0.000000
591220.049709 2492197.824886 0.000000
591215.078262 2492198.358884 0.000000
591210.106814 2492198.892883 0.000000
591205.135366 2492199.426881 0.000000
591200.163919 2492199.960880 0.000000
591195.192471 2492200.494878 0.000000
591190.221023 2492201.028877 0.000000
591185.249576 2492201.562875 0.000000
591180.278128 2492202.096874 0.000000
591175.306680 2492202.630872 0.000000
591170.335233 2492203.164871 0.000000
591165.363785 2492203.698869 0.000000
591160.392337 2492204.232868 0.000000
591155.420890 2492204.766866 0.000000
591150.449442 2492205.300865 0.000000
591145.477994 2492205.834863 0.000000
591140.506547 2492206.368862 0.000000
591135.535099 2492206.902860 0.000000
591130.563651 2492207.436859 0.000000
591125.592204 2492207.970857 0.000000
591120.620756 2492208.504856 0.000000
591115.649308 2492209.038854 0.000000
591110.677861 2492209.572853 0.000000
591105.706413 2492210.106851 0.000000
591100.734965 2492210.640850 0.000000
591095.763518 2492211.174848 0.000000
591090.792070 2492211.708847 0.000000
591085.820623 2492212.242845 0.000000
591080.849175 2492212.776844 0.000000
591075.877727 2492213.310842 0.000000
591070.906280 2492213.844841 0.000000
591065.934832 2492214.378839 0.000000
591060.963384 2492214.912838 0.000000
591055.991937 2492215.446836 0.000000
591051.020489 2492215.980835 0.000000
591046.049041 2492216.514833 0.000000
591041.077594 2492217.048832 0.000000
591036.106146 2492217.582830 0.000000
591031.134698 2492218.116829 0.000000
591026.163251 2492218.650827 0.000000
591021.191803 2492219.184826 0.000000
591016.220355 2492219.718824 0.000000
591011.248908 2492220.252823 0.000000
591006.277460 2492220.786821 0.000000
591001.306012 2492221.320820 0.000000
590996.334565 2492221.854818 0.000000
590991.363117 2492222.388817 0.000000
590986.391669 2492222.922815 0.000000
590981.420222 2492223.456814 0.000000
590976.448774 2492223.990812 0.000000
590971.477326 2492224.524811 0.000000
590966.505879 2492225.058809 0.000000
590961.534431 2492225.592808 0.000000
590956.562984 2492226.126806 0.000000
590951.591536 2492226.660805 0.000000
590946.620088 2492227.194803 0.000000
590941.648641 2492227.728802 0.000000
590936.677193 2492228.262800 0.000000
590931.705745 2492228.796799 0.000000
590926.734298 2492229.330797 0.000000
590921.762850 2492229.864796 0.000000
590916.791402 2492230.398794 0.000000
590911.819955 2492230.932793 0.000000
590906.848507 2492231.466791 0.000000
590901.877059 2492232.000790 0.000000
590896.905612 2492232.534788 0.000000
590891.934164 2492233.068787 0.000000
590886.962716 2492233.602785 0.000000
590881.991269 2492234.136784 0.000000
590877.019821 2492234.670782 0.000000
590872.048373 2492235.204781 0.000000
590867.076926 2492235.738779 0.000000
590862.105478 2492236.272778 0.000000
590857.134030 2492236.806776 0.000000
590852.162583 2492237.340775 0.000000
590847.191135 2492237.874773 0.000000
590842.219687 2492238.408772 0.000000
590837.248240 2492238.942770 0.000000
590832.276792 2492239.476769 0.000000
590827.305345 2492240.010767 0.000000
590822.333897 2492240.544766 0.000000
590817.362449 2492241.078764 0.000000
590812.391002 2492241.612763 0.000000
590807.419554 2492242.146761 0.000000
590802.448106 2492242.680760 0.000000
590797.476659 2492243.214758 0.000000
590792.505211 2492243.748757 0.000000
590787.533763 2492244.282755 0.000000
590782.562316 2492244.816754 0.000000
590777.590868 2492245.350752 0.000000
590772.619420 2492245.884751 0.000000
590767.647973 2492246.418749 0.000000
590762.676525 2492246.952748 0.000000
590757.705077 2492247.486746 0.000000
590752.733630 2492248.020745 0.000000
590747.762182 2492248.554743 0.000000
590742.790734 2492249.088742 0.000000
590737.819287 2492249.622740 0.000000
590732.847839 2492250.156739 0.000000
590727.876391 2492250.690737 0.000000
590722.904944 2492251.224736 0.000000
590717.933496 2492251.758734 0.000000
590712.962048 2492252.292733 0.000000
590707.990601 2492252.826731 0.000000
590703.019153 2492253.360730 0.000000
590698.047706 2492253.894728 0.000000
590693.076258 2492254.428727 0.000000
590688.104810 2492254.962725 0.000000
590683.133363 2492255.496724 0.000000
590678.161915 2492256.030722 0.000000
590673.190467 2492256.564721 0.000000
590668.219020 2492257.098719 0.000000
590663.247572 2492257.632718 0.000000
590658.276124 2492258.166716 0.000000
590653.304677 2492258.700715 0.000000
590648.333229 2492259.234713 0.000000
590643.361781 2492259.768712 0.000000
590638.390334 2492260.302710 0.000000
590633.418886 2492260.836709 0.000000
590628.447438 2492261.370707 0.000000
590623.475991 2492261.904706 0.000000
590618.504543 2492262.438704 0.000000
590613.533095 2492262.972703 0.000000
590608.561648 2492263.506701 0.000000
590603.590200 2492264.040700 0.000000
590598.618752 2492264.574698 0.000000
590593.647305 2492265.108697 0.000000
590588.675857 2492265.642695 0.000000
590583.704409 2492266.176694 0.000000
590578.732962 2492266.710692 0.000000
590573.761514 2492267.244691 0.000000
590568.790067 2492267.778689 0.000000
590563.818619 2492268.312688 0.000000
590558.847171 2492268.846686 0.000000
590553.875724 2492269.380685 0.000000
590548.904276 2492269.914683 0.000000
590543.932828 2492270.448682 0.000000
590538.961381 2492270.982680 0.000000
590533.989933 2492271.516679 0.000000
590529.018485 2492272.050677 0.000000
590524.047038 2492272.584676 0.000000
590519.075590 2492273.118674 0.000000
590514.104142 2492273.652673 0.000000
590509.132695 2492274.186671 0.000000
590504.161247 2492274.720670 0.000000
590499.189799 2492275.254668 0.000000
590494.218352 2492275.788667 0.000000
590489.246904 2492276.322665 0.000000
590484.275456 2492276.856664 0.000000
590479.304009 2492277.390662 0.000000
590474.332561 2492277.924661 0.000000
590469.361113 2492278.458659 0.000000
590464.389666 2492278.992658 0.000000
590459.418218 2492279.526656 0.000000
590454.446770 2492280.060655 0.000000
590449.475323 2492280.594653 0.000000
590444.503875 2492281.128652 0.000000
590439.532427 2492281.662650 0.000000
590434.560980 2492282.196649 0.000000
590429.589532 2492282.730647 0.000000
590424.618085 2492283.264646 0.000000
590419.646637 2492283.798644 0.000000
590414.675189 2492284.332643 0.000000
590409.703742 2492284.866641 0.000000
590404.732294 2492285.400640 0.000000
590399.760846 2492285.934638 0.000000
590394.789399 2492286.468637 0.000000
590389.817951 2492287.002635 0.000000
590384.846503 2492287.536634 0.000000
590379.875056 2492288.070632 0.000000
590374.903608 2492288.604631 0.000000
590369.932160 2492289.138629 0.000000
590364.960713 2492289.672628 0.000000
590359.989265 2492290.206626 0.000000
590355.017817 2492290.740625 0.000000
590350.046370 2492291.274623 0.000000
590345.074922 2492291.808622 0.000000
590340.103474 2492292.342620 0.000000
590335.132027 2492292.876619 0.000000
590330.160579 2492293.410617 0.000000
590325.189131 2492293.944616 0.000000
590320.217684 2492294.478614 0.000000
590315.246236 2492295.012613 0.000000
590310.274788 2492295.546611 0.000000
590305.303341 2492296.080610 0.000000
590300.331893 2492296.614608 0.000000
590295.360446 2492297.148607 0.000000
590290.388998 2492297.682605 0.000000
590285.417550 2492298.216604 0.000000
590280.446103 2492298.750602 0.000000
590275.474655 2492299.284601 0.000000
590270.503207 2492299.818599 0.000000
590265.531760 2492300.352598 0.000000
590260.560312 2492300.886596 0.000000
590255.588864 2492301.420595 0.000000
590250.617417 2492301.954593 0.000000
590245.645969 2492302.488592 0.000000
590240.674521 2492303.022590 0.000000
590235.703074 2492303.556589 0.000000
590230.731626 2492304.090587 0.000000
590225.760178 2492304.624586 0.000000
590220.788731 2492305.158584 0.000000
590215.817283 2492305.692583 0.000000
590210.845835 2492306.226581 0.000000
590205.874388 2492306.760580 0.000000
590200.902940 2492307.294578 0.000000
590195.931492 2492307.828577 0.000000
590190.960045 2492308.362575 0.000000
590185.988597 2492308.896574 0.000000
590181.017149 2492309.430572 0.000000
590176.045702 2492309.964571 0.000000
590171.074254 2492310.498569 0.000000
590166.102807 2492311.032568 0.000000
590161.131359 2492311.566566 0.000000
590156.159911 2492312.100565 0.000000
590151.188464 2492312.634563 0.000000
590146.217016 2492313.168562 0.000000
590141.245568 2492313.702560 0.000000
590136.274121 2492314.236559 0.000000
590131.302673 2492314.770557 0.000000
590126.331225 2492315.304556 0.000000
590121.359778 2492315.838554 0.000000
590116.388330 2492316.372553 0.000000
590111.416882 2492316.906551 0.000000
590106.445435 2492317.440550 0.000000
590101.473987 2492317.974548 0.000000
590096.502539 2492318.508547 0.000000
590091.531092 2492319.042545 0.000000
590086.559644 2492319.576544 0.000000
590081.588196 2492320.110542 0.000000
590076.616749 2492320.644541 0.000000
590071.645301 2492321.178539 0.000000
590066.673853 2492321.712538 0.000000
590061.702406 2492322.246536 0.000000
590056.730958 2492322.780535 0.000000
590051.759510 2492323.314533 0.000000
590046.788063 2492323.848532 0.000000
590041.816615 2492324.382530 0.000000
590036.845168 2492324.916529 0.000000
590031.873720 2492325.450527 0.000000
590026.902272 2492325.984526 0.000000
590021.930825 2492326.518524 0.000000
590016.959377 2492327.052523 0.000000
590011.987929 2492327.586521 0.000000
590007.016482 2492328.120520 0.000000
590002.045034 2492328.654518 0.000000
589997.073586 2492329.188517 0.000000
589992.102139 2492329.722515 0.000000
589987.130691 2492330.256514 0.000000
589982.159243 2492330.790512 0.000000
589977.187796 2492331.324511 0.000000
589972.216348 2492331.858509 0.000000
589967.244900 2492332.392508 0.000000
589962.273453 2492332.926506 0.000000
589957.302005 2492333.460505 0.000000
589952.330557 2492333.994503 0.000000
589947.359110 2492334.528502 0.000000
589942.387662 2492335.062500 0.000000
589937.416214 2492335.596499 0.000000
589932.444767 2492336.130497 0.000000
589927.473319 2492336.664496 0.000000
589922.501871 2492337.198494 0.000000
589917.530424 2492337.732493 0.000000
589912.558976 2492338.266491 0.000000
589907.587529 2492338.800490 0.000000
589902.616081 2492339.334488 0.000000
589897.644633 2492339.868487 0.000000
589892.673186 2492340.402485 0.000000
589887.701738 2492340.936484 0.000000
589882.730290 2492341.470482 0.000000
589877.758843 2492342.004481 0.000000
589872.787395 2492342.538479 0.000000
589867.815947 2492343.072478 0.000000
589862.844500 2492343.606476 0.000000
589857.873052 2492344.140475 0.000000
589852.901604 2492344.674473 0.000000
589847.930157 2492345.208472 0.000000
589842.958709 2492345.742470 0.000000
589837.987261 2492346.276469 0.000000
589833.015814 2492346.810467 0.000000
589828.044366 2492347.344466 0.000000
589823.072918 2492347.878464 0.000000
589818.101471 2492348.412463 0.000000
589813.130023 2492348.946461 0.000000
589808.158575 2492349.480460 0.000000
589803.187128 2492350.014458 0.000000
589798.215680 2492350.548457 0.000000
589793.244232 2492351.082455 0.000000
589788.272785 2492351.616454 0.000000
589783.301337 2492352.150452 0.000000
589778.329890 2492352.684451 0.000000
589773.358442 2492353.218449 0.000000
589768.386994 2492353.752448 0.000000
589763.415547 2492354.286446 0.000000
589758.444099 2492354.820445 0.000000
589753.472651 2492355.354443 0.000000
589748.501204 2492355.888442 0.000000
589743.529756 2492356.422440 0.000000
589738.558308 2492356.956439 0.000000
589733.586861 2492357.490437 0.000000
589728.615413 2492358.024436 0.000000
589723.643965 2492358.558434 0.000000
589718.672518 2492359.092433 0.000000
589713.701070 2492359.626431 0.000000
589708.729622 2492360.160430 0.000000
589703.758175 2492360.694428 0.000000
589698.786727 2492361.228427 0.000000
589693.815279 2492361.762425 0.000000
589688.843832 2492362.296424 0.000000
589683.872384 2492362.830422 0.000000
589678.900936 2492363.364421 0.000000
589673.929489 2492363.898419 0.000000
589668.958041 2492364.432418 0.000000
589663.986593 2492364.966416 0.000000
589659.015146 2492365.500415 0.000000
589654.043698 2492366.034413 0.000000
589649.072250 2492366.568412 0.000000
589644.100803 2492367.102410 0.000000
589639.129355 2492367.636409 0.000000
589634.157908 2492368.170407 0.000000
589629.186460 2492368.704406 0.000000
589624.215012 2492369.238404 0.000000
589619.243565 2492369.772403 0.000000
589614.272117 2492370.306401 0.000000
589609.300669 2492370.840400 0.000000
589604.329222 2492371.374398 0.000000
589599.357774 2492371.908397 0.000000
589594.386326 2492372.442395 0.000000
589589.414879 2492372.976394 0.000000
589584.443431 2492373.510392 0.000000
589579.471983 2492374.044391 0.000000
589574.500536 2492374.578389 0.000000
589569.529088 2492375.112388 0.000000
589564.557640 2492375.646386 0.000000
589559.586193 2492376.180385 0.000000
589554.614745 2492376.714383 0.000000
589549.643297 2492377.248382 0.000000
589544.671850 2492377.782380 0.000000
589539.700402 2492378.316379 0.000000
589534.728954 2492378.850377 0.000000
589529.757507 2492379.384376 0.000000
589524.786059 2492379.918374 0.000000
589519.814611 2492380.452373 0.000000
589514.843164 2492380.986371 0.000000
589509.871716 2492381.520370 0.000000
589504.900269 2492382.054368 0.000000
589499.928821 2492382.588367 0.000000
589494.957373 2492383.122365 0.000000
589489.985926 2492383.656364 0.000000
589485.014478 2492384.190362 0.000000
589480.043030 2492384.724361 0.000000
