FFASCI 0 1 "LINES" 0 1e+10
FFATTR 0 1
->1
613549.006542 2486859.729228 0.000000
613544.006549 2486859.614726 0.000000
613539.006557 2486859.500223 0.000000
613534.006564 2486859.385720 0.000000
613529.006572 2486859.271217 0.000000
613524.006579 2486859.156714 0.000000
613519.006586 2486859.042211 0.000000
613514.006594 2486858.927708 0.000000
613509.006601 2486858.813206 0.000000
613504.006609 2486858.698703 0.000000
613499.006616 2486858.584200 0.000000
613494.006624 2486858.469697 0.000000
613489.006631 2486858.355194 0.000000
613484.006638 2486858.240691 0.000000
613479.006646 2486858.126188 0.000000
613474.006653 2486858.011685 0.000000
613469.006661 2486857.897183 0.000000
613464.006668 2486857.782680 0.000000
613459.006675 2486857.668177 0.000000
613454.006683 2486857.553674 0.000000
613449.006690 2486857.439171 0.000000
613444.006698 2486857.324668 0.000000
613439.006705 2486857.210165 0.000000
613434.006712 2486857.095663 0.000000
613429.006720 2486856.981160 0.000000
613424.006727 2486856.866657 0.000000
613419.006735 2486856.752154 0.000000
613414.006742 2486856.637651 0.000000
613409.006750 2486856.523148 0.000000
613404.006757 2486856.408645 0.000000
613399.006764 2486856.294143 0.000000
613394.006772 2486856.179640 0.000000
613389.006779 2486856.065137 0.000000
613384.006787 2486855.950634 0.000000
613379.006794 2486855.836131 0.000000
613374.006801 2486855.721628 0.000000
613369.006809 2486855.607125 0.000000
613364.006816 2486855.492623 0.000000
613359.006824 2486855.378120 0.000000
613354.006831 2486855.263617 0.000000
613349.006838 2486855.149114 0.000000
613344.006846 2486855.034611 0.000000
613339.006853 2486854.920108 0.000000
613334.006861 2486854.805605 0.000000
613329.006868 2486854.691103 0.000000
613324.006876 2486854.576600 0.000000
613319.006883 2486854.462097 0.000000
613314.006890 2486854.347594 0.000000
613309.006898 2486854.233091 0.000000
613304.006905 2486854.118588 0.000000
613299.006913 2486854.004085 0.000000
613294.006920 2486853.889583 0.000000
613289.006927 2486853.775080 0.000000
613284.006935 2486853.660577 0.000000
613279.006942 2486853.546074 0.000000
613274.006950 2486853.431571 0.000000
613269.006957 2486853.317068 0.000000
613264.006965 2486853.202565 0.000000
613259.006972 2486853.088062 0.000000
613254.006979 2486852.973560 0.000000
613249.006987 2486852.859057 0.000000
613244.006994 2486852.744554 0.000000
613239.007002 2486852.630051 0.000000
613234.007009 2486852.515548 0.000000
613229.007016 2486852.401045 0.000000
613224.007024 2486852.286542 0.000000
613219.007031 2486852.172040 0.000000
613214.007039 2486852.057537 0.000000
613209.007046 2486851.943034 0.000000
613204.007053 2486851.828531 0.000000
613199.007061 2486851.714028 0.000000
613194.007068 2486851.599525 0.000000
613189.007076 2486851.485022 0.000000
613184.007083 2486851.370520 0.000000
613179.007091 2486851.256017 0.000000
613174.007098 2486851.141514 0.000000
613169.007105 2486851.027011 0.000000
613164.007113 2486850.912508 0.000000
613159.007120 2486850.798005 0.000000
613154.007128 2486850.683502 0.000000
613149.007135 2486850.569000 0.000000
613144.007142 2486850.454497 0.000000
613139.007150 2486850.339994 0.000000
613134.007157 2486850.225491 0.000000
613129.007165 2486850.110988 0.000000
613124.007172 2486849.996485 0.000000
613119.007179 2486849.881982 0.000000
613114.007187 2486849.767480 0.000000
613109.007194 2486849.652977 0.000000
613104.007202 2486849.538474 0.000000
613099.007209 2486849.423971 0.000000
613094.007217 2486849.309468 0.000000
613089.007224 2486849.194965 0.000000
613084.007231 2486849.080462 0.000000
613079.007239 2486848.965959 0.000000
613074.007246 2486848.851457 0.000000
613069.007254 2486848.736954 0.000000
613064.007261 2486848.622451 0.000000
613059.007268 2486848.507948 0.000000
613054.007276 2486848.393445 0.000000
613049.007283 2486848.278942 0.000000
613044.007291 2486848.164439 0.000000
613039.007298 2486848.049937 0.000000
613034.007305 2486847.935434 0.000000
613029.007313 2486847.820931 0.000000
613024.007320 2486847.706428 0.000000
613019.007328 2486847.591925 0.000000
613014.007335 2486847.477422 0.000000
613009.007343 2486847.362919 0.000000
613004.007350 2486847.248417 0.000000
612999.007357 2486847.133914 0.000000
612994.007365 2486847.019411 0.000000
612989.007372 2486846.904908 0.000000
612984.007380 2486846.790405 0.000000
612979.007387 2486846.675902 0.000000
612974.007394 2486846.561399 0.000000
612969.007402 2486846.446897 0.000000
612964.007409 2486846.332394 0.000000
612959.007417 2486846.217891 0.000000
612954.007424 2486846.103388 0.000000
612949.007431 2486845.988885 0.000000
612944.007439 2486845.874382 0.000000
612939.007446 2486845.759879 0.000000
612934.007454 2486845.645377 0.000000
612929.007461 2486845.530874 0.000000
612924.007469 2486845.416371 0.000000
612919.007476 2486845.301868 0.000000
612914.007483 2486845.187365 0.000000
612909.007491 2486845.072862 0.000000
612904.007498 2486844.958359 0.000000
612899.007506 2486844.843857 0.000000
612894.007513 2486844.729354 0.000000
612889.007520 2486844.998585 0.000000
612884.007528 2486845.267816 0.000000
612879.007535 2486845.537047 0.000000
612874.007543 2486845.806278 0.000000
612869.007550 2486846.075509 0.000000
612864.007558 2486846.344741 0.000000
612859.007565 2486846.613972 0.000000
612854.007573 2486846.883203 0.000000
612849.007580 2486847.152434 0.000000
612844.007588 2486847.421665 0.000000
612839.007595 2486847.690896 0.000000
612834.007603 2486847.960127 0.000000
612829.007610 2486848.229359 0.000000
612824.007618 2486848.498590 0.000000
612819.007625 2486848.767821 0.000000
612814.007633 2486849.037052 0.000000
612809.007640 2486849.306283 0.000000
612804.007648 2486849.575514 0.000000
612799.007655 2486849.844745 0.000000
612794.007662 2486850.113977 0.000000
612789.007670 2486850.383208 0.000000
612784.007677 2486850.652439 0.000000
612779.007685 2486850.921670 0.000000
612774.007692 2486851.190901 0.000000
612769.007700 2486851.460132 0.000000
612764.007707 2486851.729364 0.000000
612759.007715 2486852.300792 0.000000
612754.007722 2486852.872221 0.000000
612749.007730 2486853.443649 0.000000
612744.007737 2486854.015078 0.000000
612739.007745 2486854.586506 0.000000
612734.007752 2486855.157935 0.000000
612729.007760 2486855.729363 0.000000
612724.007767 2486856.300792 0.000000
612719.007775 2486856.872220 0.000000
612714.007783 2486857.443649 0.000000
612709.007790 2486858.015077 0.000000
612704.007798 2486858.586506 0.000000
612699.007805 2486859.157934 0.000000
612694.007813 2486859.729362 0.000000
612689.007820 2486860.300791 0.000000
612684.007828 2486860.872219 0.000000
612679.007835 2486861.443648 0.000000
612674.007843 2486862.015076 0.000000
612669.007850 2486862.586505 0.000000
612664.007858 2486863.157933 0.000000
612659.007865 2486863.729362 0.000000
612654.113136 2486864.703046 0.000000
612649.218406 2486865.676729 0.000000
612644.323677 2486866.650413 0.000000
612639.428948 2486867.624096 0.000000
612634.534218 2486868.597780 0.000000
612629.639489 2486869.571463 0.000000
612624.744759 2486870.545147 0.000000
612619.850030 2486871.518830 0.000000
612614.955300 2486872.492514 0.000000
612610.060571 2486873.466197 0.000000
612605.165842 2486874.439881 0.000000
612600.271112 2486875.413564 0.000000
612595.376383 2486876.387248 0.000000
612590.481653 2486877.360931 0.000000
612585.586924 2486878.334615 0.000000
612580.692195 2486879.308298 0.000000
612575.797465 2486880.281982 0.000000
612570.902736 2486881.255665 0.000000
612566.008006 2486882.229349 0.000000
612561.113277 2486883.203032 0.000000
612556.218548 2486884.176716 0.000000
612551.323818 2486885.150399 0.000000
612546.429089 2486886.124083 0.000000
612541.534359 2486887.097766 0.000000
612536.639630 2486888.071450 0.000000
612531.744900 2486889.045133 0.000000
612526.850171 2486890.018817 0.000000
612521.955442 2486890.992501 0.000000
612517.060712 2486891.966184 0.000000
612512.165983 2486892.939868 0.000000
612507.271253 2486893.913551 0.000000
612502.376524 2486894.887235 0.000000
612497.481795 2486895.860918 0.000000
612492.587065 2486896.834602 0.000000
612487.692336 2486897.808285 0.000000
612482.797606 2486898.781969 0.000000
612477.902877 2486899.755652 0.000000
612473.008147 2486900.729336 0.000000
612468.158155 2486902.079334 0.000000
612463.308162 2486903.429333 0.000000
612458.458170 2486904.779332 0.000000
612453.608177 2486906.129331 0.000000
612448.758185 2486907.479329 0.000000
612443.908192 2486908.829328 0.000000
612439.058199 2486910.179327 0.000000
612434.208207 2486911.529326 0.000000
612429.358214 2486912.879324 0.000000
612424.508222 2486914.229323 0.000000
612419.658229 2486915.579322 0.000000
612414.808236 2486916.929321 0.000000
612409.958244 2486918.279319 0.000000
612405.108251 2486919.629318 0.000000
612400.258259 2486920.979317 0.000000
612395.408266 2486922.329315 0.000000
612390.558274 2486923.679314 0.000000
612385.708281 2486925.029313 0.000000
612380.858288 2486926.379312 0.000000
612376.008296 2486927.729310 0.000000
612371.308303 2486929.429309 0.000000
612366.608310 2486931.129307 0.000000
612361.908318 2486932.829305 0.000000
612357.208325 2486934.529303 0.000000
612352.508332 2486936.229301 0.000000
612347.808339 2486937.929300 0.000000
612343.108347 2486939.629298 0.000000
612338.408354 2486941.329296 0.000000
612333.708361 2486943.029294 0.000000
612329.008368 2486944.729292 0.000000
612324.308376 2486946.429291 0.000000
612319.608383 2486948.129289 0.000000
612314.908390 2486949.829287 0.000000
612310.208397 2486951.529285 0.000000
612305.508405 2486953.229283 0.000000
612300.808412 2486954.929281 0.000000
612296.108419 2486956.629280 0.000000
612291.408426 2486958.329278 0.000000
612286.708434 2486960.029276 0.000000
612282.008441 2486961.729274 0.000000
612277.308448 2486963.429272 0.000000
612272.608455 2486965.129271 0.000000
612267.908463 2486966.829269 0.000000
612263.208470 2486968.529267 0.000000
612258.508477 2486970.229265 0.000000
612253.808484 2486971.929263 0.000000
612249.108492 2486973.629262 0.000000
612244.408499 2486975.329260 0.000000
612239.708506 2486977.029258 0.000000
612235.008513 2486978.729256 0.000000
612230.451558 2486980.779887 0.000000
612225.894603 2486982.830517 0.000000
612221.337648 2486984.881148 0.000000
612216.780694 2486986.931778 0.000000
612212.223739 2486988.982409 0.000000
612207.666784 2486991.033039 0.000000
612203.109829 2486993.083670 0.000000
612198.552874 2486995.134301 0.000000
612193.995919 2486997.184931 0.000000
612189.438964 2486999.235562 0.000000
612184.882009 2487001.286192 0.000000
612180.325054 2487003.336823 0.000000
612175.768099 2487005.387453 0.000000
612171.211144 2487007.438084 0.000000
612166.654189 2487009.488714 0.000000
612162.097234 2487011.539345 0.000000
612157.540279 2487013.589976 0.000000
612152.983324 2487015.640606 0.000000
612148.426370 2487017.691237 0.000000
612143.869415 2487019.741867 0.000000
612139.312460 2487021.792498 0.000000
612134.755505 2487023.843128 0.000000
612130.198550 2487025.893759 0.000000
612125.641595 2487027.944389 0.000000
612121.084640 2487029.995020 0.000000
612116.527685 2487032.045651 0.000000
612111.970730 2487034.096281 0.000000
612107.413775 2487036.146912 0.000000
612102.856820 2487038.197542 0.000000
612098.299865 2487040.248173 0.000000
612093.742910 2487042.298803 0.000000
612089.185955 2487044.349434 0.000000
612084.629000 2487046.400064 0.000000
612080.072046 2487048.450695 0.000000
612075.515091 2487050.501325 0.000000
612070.958136 2487052.551956 0.000000
612066.401181 2487054.602587 0.000000
612061.844226 2487056.653217 0.000000
612057.287271 2487058.703848 0.000000
612052.730316 2487060.754478 0.000000
612048.173361 2487062.805109 0.000000
612043.616406 2487064.855739 0.000000
612039.059451 2487066.906370 0.000000
612034.502496 2487068.957000 0.000000
612029.945541 2487071.007631 0.000000
612025.388586 2487073.058262 0.000000
612020.831631 2487075.108892 0.000000
612016.274676 2487077.159523 0.000000
612011.717721 2487079.210153 0.000000
612007.160767 2487081.260784 0.000000
612002.603812 2487083.311414 0.000000
611998.046857 2487085.362045 0.000000
611993.489902 2487087.412675 0.000000
611988.932947 2487089.463306 0.000000
611984.375992 2487091.513937 0.000000
611979.819037 2487093.564567 0.000000
611975.262082 2487095.615198 0.000000
611970.705127 2487097.665828 0.000000
611966.148172 2487099.716459 0.000000
611961.591217 2487101.767089 0.000000
611957.034262 2487103.817720 0.000000
611952.477307 2487105.868350 0.000000
611947.920352 2487107.918981 0.000000
611943.363397 2487109.969612 0.000000
611938.806443 2487112.020242 0.000000
611934.249488 2487114.070873 0.000000
611929.692533 2487116.121503 0.000000
611925.135578 2487118.172134 0.000000
611920.578623 2487120.222764 0.000000
611916.021668 2487122.273395 0.000000
611911.464713 2487124.324025 0.000000
611906.907758 2487126.374656 0.000000
611902.350803 2487128.425287 0.000000
611897.793848 2487130.475917 0.000000
611893.236893 2487132.526548 0.000000
611888.679938 2487134.577178 0.000000
611884.122983 2487136.627809 0.000000
611879.566028 2487138.678439 0.000000
611875.009073 2487140.729070 0.000000
611870.300747 2487142.479068 0.000000
611865.592421 2487144.229066 0.000000
611860.884095 2487145.979064 0.000000
611856.175769 2487147.729062 0.000000
611851.467443 2487149.479060 0.000000
611846.759117 2487151.229059 0.000000
611842.050791 2487152.979057 0.000000
611837.342465 2487154.729055 0.000000
611832.634139 2487156.479053 0.000000
611827.925813 2487158.229051 0.000000
611823.217487 2487159.979049 0.000000
611818.509161 2487161.729047 0.000000
611813.800835 2487163.479045 0.000000
611809.092509 2487165.229043 0.000000
611804.384182 2487166.979042 0.000000
611799.675856 2487168.729040 0.000000
611794.967530 2487170.479038 0.000000
611790.259204 2487172.229036 0.000000
611785.550878 2487173.979034 0.000000
611780.842552 2487175.729032 0.000000
611776.134226 2487177.479030 0.000000
611771.425900 2487179.229028 0.000000
611766.717574 2487180.979026 0.000000
611762.009248 2487182.729025 0.000000
611757.185726 2487184.023141 0.000000
611752.362204 2487185.317257 0.000000
611747.538682 2487186.611374 0.000000
611742.715160 2487187.905490 0.000000
611737.891638 2487189.199607 0.000000
611733.068116 2487190.493723 0.000000
611728.244594 2487191.787840 0.000000
611723.421071 2487193.081956 0.000000
611718.597549 2487194.376073 0.000000
611713.774027 2487195.670189 0.000000
611708.950505 2487196.964306 0.000000
611704.126983 2487198.258422 0.000000
611699.303461 2487199.552539 0.000000
611694.479939 2487200.846655 0.000000
611689.656417 2487202.140771 0.000000
611684.832895 2487203.434888 0.000000
611680.009373 2487204.729004 0.000000
611675.086304 2487205.613619 0.000000
611670.163234 2487206.498234 0.000000
611665.240165 2487207.382849 0.000000
611660.317095 2487208.267464 0.000000
611655.394026 2487209.152078 0.000000
611650.470956 2487210.036693 0.000000
611645.547887 2487210.921308 0.000000
611640.624817 2487211.805923 0.000000
611635.701748 2487212.690538 0.000000
611630.778678 2487213.575153 0.000000
611625.855609 2487214.459767 0.000000
611620.932539 2487215.344382 0.000000
611616.009470 2487216.228997 0.000000
611611.086400 2487217.113612 0.000000
611606.163331 2487217.998227 0.000000
611601.240262 2487218.882842 0.000000
611596.317192 2487219.767456 0.000000
611591.394123 2487220.652071 0.000000
611586.471053 2487221.536686 0.000000
611581.547984 2487222.421301 0.000000
611576.624914 2487223.305916 0.000000
611571.701845 2487224.190530 0.000000
611566.778775 2487225.075145 0.000000
611561.855706 2487225.959760 0.000000
611556.932636 2487226.844375 0.000000
611552.009567 2487227.728990 0.000000
611547.036601 2487228.323584 0.000000
611542.063636 2487228.918179 0.000000
611537.090670 2487229.512773 0.000000
611532.117705 2487230.107368 0.000000
611527.144739 2487230.701962 0.000000
611522.171774 2487231.296557 0.000000
611517.198808 2487231.891151 0.000000
611512.225843 2487232.485746 0.000000
611507.252877 2487233.080340 0.000000
611502.279912 2487233.674935 0.000000
611497.306946 2487234.269529 0.000000
611492.333981 2487234.864123 0.000000
611487.361015 2487235.458718 0.000000
611482.388050 2487236.053312 0.000000
611477.415084 2487236.647907 0.000000
611472.442119 2487237.242501 0.000000
611467.469153 2487237.837096 0.000000
611462.496188 2487238.431690 0.000000
611457.523222 2487239.026285 0.000000
611452.550257 2487239.620879 0.000000
611447.577292 2487240.215474 0.000000
611442.604326 2487240.810068 0.000000
611437.631361 2487241.404663 0.000000
611432.658395 2487241.999257 0.000000
611427.685430 2487242.593852 0.000000
611422.712464 2487243.188446 0.000000
611417.739499 2487243.783041 0.000000
611412.766533 2487244.377635 0.000000
611407.793568 2487244.972230 0.000000
611402.820602 2487245.566824 0.000000
611397.847637 2487246.161418 0.000000
611392.874671 2487246.756013 0.000000
611387.901706 2487247.350607 0.000000
611382.928740 2487247.945202 0.000000
611377.955775 2487248.539796 0.000000
611372.982809 2487249.134391 0.000000
611368.009844 2487249.728985 0.000000
611363.067702 2487250.497580 0.000000
611358.125561 2487251.266175 0.000000
611353.183420 2487252.034769 0.000000
611348.241278 2487252.803364 0.000000
611343.299137 2487253.571959 0.000000
611338.356996 2487254.340553 0.000000
611333.414855 2487255.109148 0.000000
611328.472713 2487255.877743 0.000000
611323.530572 2487256.646337 0.000000
611318.588431 2487257.414932 0.000000
611313.646289 2487258.183527 0.000000
611308.704148 2487258.952121 0.000000
611303.762007 2487259.720716 0.000000
611298.819865 2487260.489310 0.000000
611293.877724 2487261.257905 0.000000
611288.935583 2487262.026500 0.000000
611283.993442 2487262.795094 0.000000
611279.051300 2487263.563689 0.000000
611274.109159 2487264.332284 0.000000
611269.167018 2487265.100878 0.000000
611264.224876 2487265.869473 0.000000
611259.282735 2487266.638068 0.000000
611254.340594 2487267.406662 0.000000
611249.398452 2487268.175257 0.000000
611244.456311 2487268.943852 0.000000
611239.514170 2487269.712446 0.000000
611234.572029 2487270.481041 0.000000
611229.629887 2487271.249636 0.000000
611224.687746 2487272.018230 0.000000
611219.745605 2487272.786825 0.000000
611214.803463 2487273.555420 0.000000
611209.861322 2487274.324014 0.000000
611204.919181 2487275.092609 0.000000
611199.977039 2487275.861204 0.000000
611195.034898 2487276.629798 0.000000
611190.092757 2487277.398393 0.000000
611185.150616 2487278.166987 0.000000
611180.208474 2487278.935582 0.000000
611175.266333 2487279.704177 0.000000
611170.324192 2487280.472771 0.000000
611165.382050 2487281.241366 0.000000
611160.439909 2487282.009961 0.000000
611155.497768 2487282.778555 0.000000
611150.555626 2487283.547150 0.000000
611145.613485 2487284.315745 0.000000
611140.671344 2487285.084339 0.000000
611135.729203 2487285.852934 0.000000
611130.787061 2487286.621529 0.000000
611125.844920 2487287.390123 0.000000
611120.902779 2487288.158718 0.000000
611115.960637 2487288.927313 0.000000
611111.018496 2487289.695907 0.000000
611106.076355 2487290.464502 0.000000
611101.134213 2487291.233097 0.000000
611096.192072 2487292.001691 0.000000
611091.249931 2487292.770286 0.000000
611086.307790 2487293.538881 0.000000
611081.365648 2487294.307475 0.000000
611076.423507 2487295.076070 0.000000
611071.481366 2487295.844665 0.000000
611066.539224 2487296.613259 0.000000
611061.597083 2487297.381854 0.000000
611056.654942 2487298.150448 0.000000
611051.712800 2487298.919043 0.000000
611046.770659 2487299.687638 0.000000
611041.828518 2487300.456232 0.000000
611036.886377 2487301.224827 0.000000
611031.944235 2487301.993422 0.000000
611027.002094 2487302.762016 0.000000
611022.059953 2487303.530611 0.000000
611017.117811 2487304.299206 0.000000
611012.175670 2487305.067800 0.000000
611007.233529 2487305.836395 0.000000
611002.291388 2487306.604990 0.000000
610997.349246 2487307.373584 0.000000
610992.407105 2487308.142179 0.000000
610987.464964 2487308.910774 0.000000
610982.522822 2487309.679368 0.000000
610977.580681 2487310.447963 0.000000
610972.638540 2487311.216558 0.000000
610967.696398 2487311.985152 0.000000
610962.754257 2487312.753747 0.000000
610957.812116 2487313.522342 0.000000
610952.869975 2487314.290936 0.000000
610947.927833 2487315.059531 0.000000
610942.985692 2487315.828125 0.000000
610938.043551 2487316.596720 0.000000
610933.101409 2487317.365315 0.000000
610928.159268 2487318.133909 0.000000
610923.217127 2487318.902504 0.000000
610918.274985 2487319.671099 0.000000
610913.332844 2487320.439693 0.000000
610908.390703 2487321.208288 0.000000
610903.448562 2487321.976883 0.000000
610898.506420 2487322.745477 0.000000
610893.564279 2487323.514072 0.000000
610888.622138 2487324.282667 0.000000
610883.679996 2487325.051261 0.000000
610878.737855 2487325.819856 0.000000
610873.795714 2487326.588451 0.000000
610868.853572 2487327.357045 0.000000
610863.911431 2487328.125640 0.000000
610858.969290 2487328.894235 0.000000
610854.027149 2487329.662829 0.000000
610849.085007 2487330.431424 0.000000
610844.142866 2487331.200019 0.000000
610839.200725 2487331.968613 0.000000
610834.258583 2487332.737208 0.000000
610829.316442 2487333.505803 0.000000
610824.374301 2487334.274397 0.000000
610819.432159 2487335.042992 0.000000
610814.490018 2487335.811586 0.000000
610809.547877 2487336.580181 0.000000
610804.605736 2487337.348776 0.000000
610799.663594 2487338.117370 0.000000
610794.721453 2487338.885965 0.000000
610789.779312 2487339.654560 0.000000
610784.837170 2487340.423154 0.000000
610779.895029 2487341.191749 0.000000
610774.952888 2487341.960344 0.000000
610770.010746 2487342.728938 0.000000
610765.090754 2487343.768938 0.000000
610760.170761 2487344.808937 0.000000
610755.250769 2487345.848936 0.000000
610750.330776 2487346.888935 0.000000
610745.410784 2487347.928934 0.000000
610740.490791 2487348.968934 0.000000
610735.570799 2487350.008933 0.000000
610730.650806 2487351.048932 0.000000
610725.730814 2487352.088931 0.000000
610720.810821 2487353.128930 0.000000
610715.890829 2487354.168930 0.000000
610710.970836 2487355.208929 0.000000
610706.050844 2487356.248928 0.000000
610701.130851 2487357.288927 0.000000
610696.210858 2487358.328926 0.000000
610691.290866 2487359.368926 0.000000
610686.370873 2487360.408925 0.000000
610681.450881 2487361.448924 0.000000
610676.530888 2487362.488923 0.000000
610671.610896 2487363.528922 0.000000
610666.690903 2487364.568922 0.000000
610661.770911 2487365.608921 0.000000
610656.850918 2487366.648920 0.000000
610651.930926 2487367.688919 0.000000
610647.010933 2487368.728918 0.000000
610642.180432 2487370.050951 0.000000
610637.349931 2487371.372984 0.000000
610632.519430 2487372.695016 0.000000
610627.688929 2487374.017049 0.000000
610622.858428 2487375.339082 0.000000
610618.027927 2487376.661114 0.000000
610613.197426 2487377.983147 0.000000
610608.366924 2487379.305180 0.000000
610603.536423 2487380.627212 0.000000
610598.705922 2487381.949245 0.000000
610593.875421 2487383.271278 0.000000
610589.044920 2487384.593310 0.000000
610584.214419 2487385.915343 0.000000
610579.383918 2487387.237376 0.000000
610574.553417 2487388.559408 0.000000
610569.722916 2487389.881441 0.000000
610564.892415 2487391.203474 0.000000
610560.061913 2487392.525506 0.000000
610555.231412 2487393.847539 0.000000
610550.400911 2487395.169572 0.000000
610545.570410 2487396.491604 0.000000
610540.739909 2487397.813637 0.000000
610535.909408 2487399.135670 0.000000
610531.078907 2487400.457702 0.000000
610526.248406 2487401.779735 0.000000
610521.417905 2487403.101768 0.000000
610516.587404 2487404.423800 0.000000
610511.756903 2487405.745833 0.000000
610506.926401 2487407.067866 0.000000
610502.095900 2487408.389898 0.000000
610497.265399 2487409.711931 0.000000
610492.434898 2487411.033964 0.000000
610487.604397 2487412.355996 0.000000
610482.773896 2487413.678029 0.000000
610477.943395 2487415.000062 0.000000
610473.112894 2487416.322094 0.000000
610468.282393 2487417.644127 0.000000
610463.451892 2487418.966159 0.000000
610458.621390 2487420.288192 0.000000
610453.790889 2487421.610225 0.000000
610448.960388 2487422.932257 0.000000
610444.129887 2487424.254290 0.000000
610439.299386 2487425.576323 0.000000
610434.468885 2487426.898355 0.000000
610429.638384 2487428.220388 0.000000
610424.807883 2487429.542421 0.000000
610419.977382 2487430.864453 0.000000
610415.146881 2487432.186486 0.000000
610410.316380 2487433.508519 0.000000
610405.485878 2487434.830551 0.000000
610400.655377 2487436.152584 0.000000
610395.824876 2487437.474617 0.000000
610390.994375 2487438.796649 0.000000
610386.163874 2487440.118682 0.000000
610381.333373 2487441.440715 0.000000
610376.502872 2487442.762747 0.000000
610371.672371 2487444.084780 0.000000
610366.841870 2487445.406813 0.000000
610362.011369 2487446.728845 0.000000
610357.131376 2487447.648845 0.000000
610352.251383 2487448.568844 0.000000
610347.371391 2487449.488844 0.000000
610342.491398 2487450.408843 0.000000
610337.611406 2487451.328842 0.000000
610332.731413 2487452.248842 0.000000
610327.851420 2487453.168841 0.000000
610322.971428 2487454.088840 0.000000
610318.091435 2487455.008840 0.000000
610313.211442 2487455.928839 0.000000
610308.331450 2487456.848838 0.000000
610303.451457 2487457.768838 0.000000
610298.571465 2487458.688837 0.000000
610293.691472 2487459.608837 0.000000
610288.811479 2487460.528836 0.000000
610283.931487 2487461.448835 0.000000
610279.051494 2487462.368835 0.000000
610274.171502 2487463.288834 0.000000
610269.291509 2487464.208833 0.000000
610264.411516 2487465.128833 0.000000
610259.531524 2487466.048832 0.000000
610254.651531 2487466.968832 0.000000
610249.771539 2487467.888831 0.000000
610244.891546 2487468.808830 0.000000
610240.011553 2487469.728830 0.000000
610235.066762 2487470.480422 0.000000
610230.121972 2487471.232014 0.000000
610225.177181 2487471.983606 0.000000
610220.232390 2487472.735198 0.000000
610215.287599 2487473.486790 0.000000
610210.342808 2487474.238382 0.000000
610205.398017 2487474.989974 0.000000
610200.453227 2487475.741566 0.000000
610195.508436 2487476.493157 0.000000
610190.563645 2487477.244749 0.000000
610185.618854 2487477.996341 0.000000
610180.674063 2487478.747933 0.000000
610175.729272 2487479.499525 0.000000
610170.784482 2487480.251117 0.000000
610165.839691 2487481.002709 0.000000
610160.894900 2487481.754301 0.000000
610155.950109 2487482.505893 0.000000
610151.005318 2487483.257485 0.000000
610146.060527 2487484.009077 0.000000
610141.115736 2487484.760669 0.000000
610136.170946 2487485.512261 0.000000
610131.226155 2487486.263853 0.000000
610126.281364 2487487.015445 0.000000
610121.336573 2487487.767037 0.000000
610116.391782 2487488.518629 0.000000
610111.446991 2487489.270221 0.000000
610106.502201 2487490.021813 0.000000
610101.557410 2487490.773405 0.000000
610096.612619 2487491.524997 0.000000
610091.667828 2487492.276589 0.000000
610086.723037 2487493.028181 0.000000
610081.778246 2487493.779773 0.000000
610076.833456 2487494.531365 0.000000
610071.888665 2487495.282957 0.000000
610066.943874 2487496.034549 0.000000
610061.999083 2487496.786141 0.000000
610057.054292 2487497.537733 0.000000
610052.109501 2487498.289325 0.000000
610047.164710 2487499.040917 0.000000
610042.219920 2487499.792509 0.000000
610037.275129 2487500.544101 0.000000
610032.330338 2487501.295693 0.000000
610027.385547 2487502.047285 0.000000
610022.440756 2487502.798877 0.000000
610017.495965 2487503.550469 0.000000
610012.551175 2487504.302061 0.000000
610007.606384 2487505.053653 0.000000
610002.661593 2487505.805245 0.000000
609997.716802 2487506.556837 0.000000
609992.772011 2487507.308429 0.000000
609987.827220 2487508.060021 0.000000
609982.882430 2487508.811613 0.000000
609977.937639 2487509.563205 0.000000
609972.992848 2487510.314797 0.000000
609968.048057 2487511.066389 0.000000
609963.103266 2487511.817981 0.000000
609958.158475 2487512.569573 0.000000
609953.213684 2487513.321165 0.000000
609948.268894 2487514.072757 0.000000
609943.324103 2487514.824348 0.000000
609938.379312 2487515.575940 0.000000
609933.434521 2487516.327532 0.000000
609928.489730 2487517.079124 0.000000
609923.544939 2487517.830716 0.000000
609918.600149 2487518.582308 0.000000
609913.655358 2487519.333900 0.000000
609908.710567 2487520.085492 0.000000
609903.765776 2487520.837084 0.000000
609898.820985 2487521.588676 0.000000
609893.876194 2487522.340268 0.000000
609888.931404 2487523.091860 0.000000
609883.986613 2487523.843452 0.000000
609879.041822 2487524.595044 0.000000
609874.097031 2487525.346636 0.000000
609869.152240 2487526.098228 0.000000
609864.207449 2487526.849820 0.000000
609859.262658 2487527.601412 0.000000
609854.317868 2487528.353004 0.000000
609849.373077 2487529.104596 0.000000
609844.428286 2487529.856188 0.000000
609839.483495 2487530.607780 0.000000
609834.538704 2487531.359372 0.000000
609829.593913 2487532.110964 0.000000
609824.649123 2487532.862556 0.000000
609819.704332 2487533.614148 0.000000
609814.759541 2487534.365740 0.000000
609809.814750 2487535.117332 0.000000
609804.869959 2487535.868924 0.000000
609799.925168 2487536.620516 0.000000
609794.980378 2487537.372108 0.000000
609790.035587 2487538.123700 0.000000
609785.090796 2487538.875292 0.000000
609780.146005 2487539.626884 0.000000
609775.201214 2487540.378476 0.000000
609770.256423 2487541.130068 0.000000
609765.311632 2487541.881660 0.000000
609760.366842 2487542.633252 0.000000
609755.422051 2487543.384844 0.000000
609750.477260 2487544.136436 0.000000
609745.532469 2487544.888028 0.000000
609740.587678 2487545.639620 0.000000
609735.642887 2487546.391212 0.000000
609730.698097 2487547.142804 0.000000
609725.753306 2487547.894396 0.000000
609720.808515 2487548.645988 0.000000
609715.863724 2487549.397580 0.000000
609710.918933 2487550.149172 0.000000
609705.974142 2487550.900764 0.000000
609701.029352 2487551.652356 0.000000
609696.084561 2487552.403948 0.000000
609691.139770 2487553.155540 0.000000
609686.194979 2487553.907131 0.000000
609681.250188 2487554.658723 0.000000
609676.305397 2487555.410315 0.000000
609671.360606 2487556.161907 0.000000
609666.415816 2487556.913499 0.000000
609661.471025 2487557.665091 0.000000
609656.526234 2487558.416683 0.000000
609651.581443 2487559.168275 0.000000
609646.636652 2487559.919867 0.000000
609641.691861 2487560.671459 0.000000
609636.747071 2487561.423051 0.000000
609631.802280 2487562.174643 0.000000
609626.857489 2487562.926235 0.000000
609621.912698 2487563.677827 0.000000
609616.967907 2487564.429419 0.000000
609612.023116 2487565.181011 0.000000
609607.078326 2487565.932603 0.000000
609602.133535 2487566.684195 0.000000
609597.188744 2487567.435787 0.000000
609592.243953 2487568.187379 0.000000
609587.299162 2487568.938971 0.000000
609582.354371 2487569.690563 0.000000
609577.409580 2487570.442155 0.000000
609572.464790 2487571.193747 0.000000
609567.519999 2487571.945339 0.000000
609562.575208 2487572.696931 0.000000
609557.630417 2487573.448523 0.000000
609552.685626 2487574.200115 0.000000
609547.740835 2487574.951707 0.000000
609542.796045 2487575.703299 0.000000
609537.851254 2487576.454891 0.000000
609532.906463 2487577.206483 0.000000
609527.961672 2487577.958075 0.000000
609523.016881 2487578.709667 0.000000
609518.072090 2487579.461259 0.000000
609513.127300 2487580.212851 0.000000
609508.182509 2487580.964443 0.000000
609503.237718 2487581.716035 0.000000
609498.292927 2487582.467627 0.000000
609493.348136 2487583.219219 0.000000
609488.403345 2487583.970811 0.000000
609483.458554 2487584.722403 0.000000
609478.513764 2487585.473995 0.000000
609473.568973 2487586.225587 0.000000
609468.624182 2487586.977179 0.000000
609463.679391 2487587.728771 0.000000
609458.734600 2487588.480363 0.000000
609453.789809 2487589.231955 0.000000
609448.845019 2487589.983547 0.000000
609443.900228 2487590.735139 0.000000
609438.955437 2487591.486731 0.000000
609434.010646 2487592.238322 0.000000
609429.065855 2487592.989914 0.000000
609424.121064 2487593.741506 0.000000
609419.176274 2487594.493098 0.000000
609414.231483 2487595.244690 0.000000
609409.286692 2487595.996282 0.000000
609404.341901 2487596.747874 0.000000
609399.397110 2487597.499466 0.000000
609394.452319 2487598.251058 0.000000
609389.507528 2487599.002650 0.000000
609384.562738 2487599.754242 0.000000
609379.617947 2487600.505834 0.000000
609374.673156 2487601.257426 0.000000
609369.728365 2487602.009018 0.000000
609364.783574 2487602.760610 0.000000
609359.838783 2487603.512202 0.000000
609354.893993 2487604.263794 0.000000
609349.949202 2487605.015386 0.000000
609345.004411 2487605.766978 0.000000
609340.059620 2487606.518570 0.000000
609335.114829 2487607.270162 0.000000
609330.170038 2487608.021754 0.000000
609325.225248 2487608.773346 0.000000
609320.280457 2487609.524938 0.000000
609315.335666 2487610.276530 0.000000
609310.390875 2487611.028122 0.000000
609305.446084 2487611.779714 0.000000
609300.501293 2487612.531306 0.000000
609295.556502 2487613.282898 0.000000
609290.611712 2487614.034490 0.000000
609285.666921 2487614.786082 0.000000
609280.722130 2487615.537674 0.000000
609275.777339 2487616.289266 0.000000
609270.832548 2487617.040858 0.000000
609265.887757 2487617.792450 0.000000
609260.942967 2487618.544042 0.000000
609255.998176 2487619.295634 0.000000
609251.053385 2487620.047226 0.000000
609246.108594 2487620.798818 0.000000
609241.163803 2487621.550410 0.000000
609236.219012 2487622.302002 0.000000
609231.274222 2487623.053594 0.000000
609226.329431 2487623.805186 0.000000
609221.384640 2487624.556778 0.000000
609216.439849 2487625.308370 0.000000
609211.495058 2487626.059962 0.000000
609206.550267 2487626.811554 0.000000
609201.605476 2487627.563146 0.000000
609196.660686 2487628.314738 0.000000
609191.715895 2487629.066330 0.000000
609186.771104 2487629.817922 0.000000
609181.826313 2487630.569514 0.000000
609176.881522 2487631.321105 0.000000
609171.936731 2487632.072697 0.000000
609166.991941 2487632.824289 0.000000
609162.047150 2487633.575881 0.000000
609157.102359 2487634.327473 0.000000
609152.157568 2487635.079065 0.000000
609147.212777 2487635.830657 0.000000
609142.267986 2487636.582249 0.000000
609137.323196 2487637.333841 0.000000
609132.378405 2487638.085433 0.000000
609127.433614 2487638.837025 0.000000
609122.488823 2487639.588617 0.000000
609117.544032 2487640.340209 0.000000
609112.599241 2487641.091801 0.000000
609107.654450 2487641.843393 0.000000
609102.709660 2487642.594985 0.000000
609097.764869 2487643.346577 0.000000
609092.820078 2487644.098169 0.000000
609087.875287 2487644.849761 0.000000
609082.930496 2487645.601353 0.000000
609077.985705 2487646.352945 0.000000
609073.040915 2487647.104537 0.000000
609068.096124 2487647.856129 0.000000
609063.151333 2487648.607721 0.000000
609058.206542 2487649.359313 0.000000
609053.261751 2487650.110905 0.000000
609048.316960 2487650.862497 0.000000
609043.372170 2487651.614089 0.000000
609038.427379 2487652.365681 0.000000
609033.482588 2487653.117273 0.000000
609028.537797 2487653.868865 0.000000
609023.593006 2487654.620457 0.000000
609018.648215 2487655.372049 0.000000
609013.703424 2487656.123641 0.000000
609008.758634 2487656.875233 0.000000
609003.813843 2487657.626825 0.000000
608998.869052 2487658.378417 0.000000
608993.924261 2487659.130009 0.000000
608988.979470 2487659.881601 0.000000
608984.034679 2487660.633193 0.000000
608979.089889 2487661.384785 0.000000
608974.145098 2487662.136377 0.000000
608969.200307 2487662.887969 0.000000
608964.255516 2487663.639561 0.000000
608959.310725 2487664.391153 0.000000
608954.365934 2487665.142745 0.000000
608949.421144 2487665.894337 0.000000
608944.476353 2487666.645929 0.000000
608939.531562 2487667.397521 0.000000
608934.586771 2487668.149113 0.000000
608929.641980 2487668.900705 0.000000
608924.697189 2487669.652296 0.000000
608919.752398 2487670.403888 0.000000
608914.807608 2487671.155480 0.000000
608909.862817 2487671.907072 0.000000
608904.918026 2487672.658664 0.000000
608899.973235 2487673.410256 0.000000
608895.028444 2487674.161848 0.000000
608890.083653 2487674.913440 0.000000
608885.138863 2487675.665032 0.000000
608880.194072 2487676.416624 0.000000
608875.249281 2487677.168216 0.000000
608870.304490 2487677.919808 0.000000
608865.359699 2487678.671400 0.000000
608860.414908 2487679.422992 0.000000
608855.470118 2487680.174584 0.000000
608850.525327 2487680.926176 0.000000
608845.580536 2487681.677768 0.000000
608840.635745 2487682.429360 0.000000
608835.690954 2487683.180952 0.000000
608830.746163 2487683.932544 0.000000
608825.801372 2487684.684136 0.000000
608820.856582 2487685.435728 0.000000
608815.911791 2487686.187320 0.000000
608810.967000 2487686.938912 0.000000
608806.022209 2487687.690504 0.000000
608801.077418 2487688.442096 0.000000
608796.132627 2487689.193688 0.000000
608791.187837 2487689.945280 0.000000
608786.243046 2487690.696872 0.000000
608781.298255 2487691.448464 0.000000
608776.353464 2487692.200056 0.000000
608771.408673 2487692.951648 0.000000
608766.463882 2487693.703240 0.000000
608761.519092 2487694.454832 0.000000
608756.574301 2487695.206424 0.000000
608751.629510 2487695.958016 0.000000
608746.684719 2487696.709608 0.000000
608741.739928 2487697.461200 0.000000
608736.795137 2487698.212792 0.000000
608731.850346 2487698.964384 0.000000
608726.905556 2487699.715976 0.000000
608721.960765 2487700.467568 0.000000
608717.015974 2487701.219160 0.000000
608712.071183 2487701.970752 0.000000
608707.126392 2487702.722344 0.000000
608702.181601 2487703.473936 0.000000
608697.236811 2487704.225528 0.000000
608692.292020 2487704.977120 0.000000
608687.347229 2487705.728712 0.000000
608682.402438 2487706.480304 0.000000
608677.457647 2487707.231896 0.000000
608672.512856 2487707.983488 0.000000
608667.568066 2487708.735079 0.000000
608662.623275 2487709.486671 0.000000
608657.678484 2487710.238263 0.000000
608652.733693 2487710.989855 0.000000
608647.788902 2487711.741447 0.000000
608642.844111 2487712.493039 0.000000
608637.899320 2487713.244631 0.000000
608632.954530 2487713.996223 0.000000
608628.009739 2487714.747815 0.000000
608623.064948 2487715.499407 0.000000
608618.120157 2487716.250999 0.000000
608613.175366 2487717.002591 0.000000
608608.230575 2487717.754183 0.000000
608603.285785 2487718.505775 0.000000
608598.340994 2487719.257367 0.000000
608593.396203 2487720.008959 0.000000
608588.451412 2487720.760551 0.000000
608583.506621 2487721.512143 0.000000
608578.561830 2487722.263735 0.000000
608573.617040 2487723.015327 0.000000
608568.672249 2487723.766919 0.000000
608563.727458 2487724.518511 0.000000
608558.782667 2487725.270103 0.000000
608553.837876 2487726.021695 0.000000
608548.893085 2487726.773287 0.000000
608543.948294 2487727.524879 0.000000
608539.003504 2487728.276471 0.000000
608534.058713 2487729.028063 0.000000
608529.113922 2487729.779655 0.000000
608524.169131 2487730.531247 0.000000
608519.224340 2487731.282839 0.000000
608514.279549 2487732.034431 0.000000
608509.334759 2487732.786023 0.000000
608504.389968 2487733.537615 0.000000
608499.445177 2487734.289207 0.000000
608494.500386 2487735.040799 0.000000
608489.555595 2487735.792391 0.000000
608484.610804 2487736.543983 0.000000
608479.666014 2487737.295575 0.000000
608474.721223 2487738.047167 0.000000
608469.776432 2487738.798759 0.000000
608464.831641 2487739.550351 0.000000
608459.886850 2487740.301943 0.000000
608454.942059 2487741.053535 0.000000
608449.997268 2487741.805127 0.000000
608445.052478 2487742.556719 0.000000
608440.107687 2487743.308311 0.000000
608435.162896 2487744.059903 0.000000
608430.218105 2487744.811495 0.000000
608425.273314 2487745.563087 0.000000
608420.328523 2487746.314679 0.000000
608415.383733 2487747.066270 0.000000
608410.438942 2487747.817862 0.000000
608405.494151 2487748.569454 0.000000
608400.549360 2487749.321046 0.000000
608395.604569 2487750.072638 0.000000
608390.659778 2487750.824230 0.000000
608385.714988 2487751.575822 0.000000
608380.770197 2487752.327414 0.000000
608375.825406 2487753.079006 0.000000
608370.880615 2487753.830598 0.000000
608365.935824 2487754.582190 0.000000
608360.991033 2487755.333782 0.000000
608356.046242 2487756.085374 0.000000
608351.101452 2487756.836966 0.000000
608346.156661 2487757.588558 0.000000
608341.211870 2487758.340150 0.000000
608336.267079 2487759.091742 0.000000
608331.322288 2487759.843334 0.000000
608326.377497 2487760.594926 0.000000
608321.432707 2487761.346518 0.000000
608316.487916 2487762.098110 0.000000
608311.543125 2487762.849702 0.000000
608306.598334 2487763.601294 0.000000
608301.653543 2487764.352886 0.000000
608296.708752 2487765.104478 0.000000
608291.763962 2487765.856070 0.000000
608286.819171 2487766.607662 0.000000
608281.874380 2487767.359254 0.000000
608276.929589 2487768.110846 0.000000
608271.984798 2487768.862438 0.000000
608267.040007 2487769.614030 0.000000
608262.095216 2487770.365622 0.000000
608257.150426 2487771.117214 0.000000
608252.205635 2487771.868806 0.000000
608247.260844 2487772.620398 0.000000
608242.316053 2487773.371990 0.000000
608237.371262 2487774.123582 0.000000
608232.426471 2487774.875174 0.000000
608227.481681 2487775.626766 0.000000
608222.536890 2487776.378358 0.000000
608217.592099 2487777.129950 0.000000
608212.647308 2487777.881542 0.000000
608207.702517 2487778.633134 0.000000
608202.757726 2487779.384726 0.000000
608197.812936 2487780.136318 0.000000
608192.868145 2487780.887910 0.000000
608187.923354 2487781.639502 0.000000
608182.978563 2487782.391094 0.000000
608178.033772 2487783.142686 0.000000
608173.088981 2487783.894278 0.000000
608168.144190 2487784.645870 0.000000
608163.199400 2487785.397462 0.000000
608158.254609 2487786.149053 0.000000
608153.309818 2487786.900645 0.000000
608148.365027 2487787.652237 0.000000
608143.420236 2487788.403829 0.000000
608138.475445 2487789.155421 0.000000
608133.530655 2487789.907013 0.000000
608128.585864 2487790.658605 0.000000
608123.641073 2487791.410197 0.000000
608118.696282 2487792.161789 0.000000
608113.751491 2487792.913381 0.000000
608108.806700 2487793.664973 0.000000
608103.861910 2487794.416565 0.000000
608098.917119 2487795.168157 0.000000
608093.972328 2487795.919749 0.000000
608089.027537 2487796.671341 0.000000
608084.082746 2487797.422933 0.000000
608079.137955 2487798.174525 0.000000
608074.193164 2487798.926117 0.000000
608069.248374 2487799.677709 0.000000
608064.303583 2487800.429301 0.000000
608059.358792 2487801.180893 0.000000
608054.414001 2487801.932485 0.000000
608049.469210 2487802.684077 0.000000
608044.524419 2487803.435669 0.000000
608039.579629 2487804.187261 0.000000
608034.634838 2487804.938853 0.000000
608029.690047 2487805.690445 0.000000
608024.745256 2487806.442037 0.000000
608019.800465 2487807.193629 0.000000
608014.855674 2487807.945221 0.000000
608009.910884 2487808.696813 0.000000
608004.966093 2487809.448405 0.000000
608000.021302 2487810.199997 0.000000
607995.076511 2487810.951589 0.000000
607990.131720 2487811.703181 0.000000
607985.186929 2487812.454773 0.000000
607980.242138 2487813.206365 0.000000
607975.297348 2487813.957957 0.000000
607970.352557 2487814.709549 0.000000
607965.407766 2487815.461141 0.000000
607960.462975 2487816.212733 0.000000
607955.518184 2487816.964325 0.000000
607950.573393 2487817.715917 0.000000
607945.628603 2487818.467509 0.000000
607940.683812 2487819.219101 0.000000
607935.739021 2487819.970693 0.000000
607930.794230 2487820.722285 0.000000
607925.849439 2487821.473877 0.000000
607920.904648 2487822.225469 0.000000
607915.959858 2487822.977061 0.000000
607911.015067 2487823.728653 0.000000
607906.073327 2487824.489170 0.000000
607901.131586 2487825.249687 0.000000
607896.189846 2487826.010205 0.000000
607891.248106 2487826.770722 0.000000
607886.306366 2487827.531239 0.000000
607881.364626 2487828.291757 0.000000
607876.422886 2487829.052274 0.000000
607871.481146 2487829.812792 0.000000
607866.539406 2487830.573309 0.000000
607861.597665 2487831.333826 0.000000
607856.655925 2487832.094344 0.000000
607851.714185 2487832.854861 0.000000
607846.772445 2487833.615379 0.000000
607841.830705 2487834.375896 0.000000
607836.888965 2487835.136413 0.000000
607831.947225 2487835.896931 0.000000
607827.005485 2487836.657448 0.000000
607822.063745 2487837.417966 0.000000
607817.122004 2487838.178483 0.000000
607812.180264 2487838.939000 0.000000
607807.238524 2487839.699518 0.000000
607802.296784 2487840.460035 0.000000
607797.355044 2487841.220553 0.000000
607792.413304 2487841.981070 0.000000
607787.471564 2487842.741587 0.000000
607782.529824 2487843.502105 0.000000
607777.588083 2487844.262622 0.000000
607772.646343 2487845.023139 0.000000
607767.704603 2487845.783657 0.000000
607762.762863 2487846.544174 0.000000
607757.821123 2487847.304692 0.000000
607752.879383 2487848.065209 0.000000
607747.937643 2487848.825726 0.000000
607742.995903 2487849.586244 0.000000
607738.054162 2487850.346761 0.000000
607733.112422 2487851.107279 0.000000
607728.170682 2487851.867796 0.000000
607723.228942 2487852.628313 0.000000
607718.287202 2487853.388831 0.000000
607713.345462 2487854.149348 0.000000
607708.403722 2487854.909866 0.000000
607703.461982 2487855.670383 0.000000
607698.520242 2487856.430900 0.000000
607693.578501 2487857.191418 0.000000
607688.636761 2487857.951935 0.000000
607683.695021 2487858.712453 0.000000
607678.753281 2487859.472970 0.000000
607673.811541 2487860.233487 0.000000
607668.869801 2487860.994005 0.000000
607663.928061 2487861.754522 0.000000
607658.986321 2487862.515039 0.000000
607654.044580 2487863.275557 0.000000
607649.102840 2487864.036074 0.000000
607644.161100 2487864.796592 0.000000
607639.219360 2487865.557109 0.000000
607634.277620 2487866.317626 0.000000
607629.335880 2487867.078144 0.000000
607624.394140 2487867.838661 0.000000
607619.452400 2487868.599179 0.000000
607614.510659 2487869.359696 0.000000
607609.568919 2487870.120213 0.000000
607604.627179 2487870.880731 0.000000
607599.685439 2487871.641248 0.000000
607594.743699 2487872.401766 0.000000
607589.801959 2487873.162283 0.000000
607584.860219 2487873.922800 0.000000
607579.918479 2487874.683318 0.000000
607574.976738 2487875.443835 0.000000
607570.034998 2487876.204352 0.000000
607565.093258 2487876.964870 0.000000
607560.151518 2487877.725387 0.000000
607555.209778 2487878.485905 0.000000
607550.268038 2487879.246422 0.000000
607545.326298 2487880.006939 0.000000
607540.384558 2487880.767457 0.000000
607535.442818 2487881.527974 0.000000
607530.501077 2487882.288492 0.000000
607525.559337 2487883.049009 0.000000
607520.617597 2487883.809526 0.000000
607515.675857 2487884.570044 0.000000
607510.734117 2487885.330561 0.000000
607505.792377 2487886.091079 0.000000
607500.850637 2487886.851596 0.000000
607495.908897 2487887.612113 0.000000
607490.967156 2487888.372631 0.000000
607486.025416 2487889.133148 0.000000
607481.083676 2487889.893666 0.000000
607476.141936 2487890.654183 0.000000
607471.200196 2487891.414700 0.000000
607466.258456 2487892.175218 0.000000
607461.316716 2487892.935735 0.000000
607456.374976 2487893.696252 0.000000
607451.433235 2487894.456770 0.000000
607446.491495 2487895.217287 0.000000
607441.549755 2487895.977805 0.000000
607436.608015 2487896.738322 0.000000
607431.666275 2487897.498839 0.000000
607426.724535 2487898.259357 0.000000
607421.782795 2487899.019874 0.000000
607416.841055 2487899.780392 0.000000
607411.899315 2487900.540909 0.000000
607406.957574 2487901.301426 0.000000
607402.015834 2487902.061944 0.000000
607397.074094 2487902.822461 0.000000
607392.132354 2487903.582979 0.000000
607387.190614 2487904.343496 0.000000
607382.248874 2487905.104013 0.000000
607377.307134 2487905.864531 0.000000
607372.365394 2487906.625048 0.000000
607367.423653 2487907.385566 0.000000
607362.481913 2487908.146083 0.000000
607357.540173 2487908.906600 0.000000
607352.598433 2487909.667118 0.000000
607347.656693 2487910.427635 0.000000
607342.714953 2487911.188152 0.000000
607337.773213 2487911.948670 0.000000
607332.831473 2487912.709187 0.000000
607327.889732 2487913.469705 0.000000
607322.947992 2487914.230222 0.000000
607318.006252 2487914.990739 0.000000
607313.064512 2487915.751257 0.000000
607308.122772 2487916.511774 0.000000
607303.181032 2487917.272292 0.000000
607298.239292 2487918.032809 0.000000
607293.297552 2487918.793326 0.000000
607288.355811 2487919.553844 0.000000
607283.414071 2487920.314361 0.000000
607278.472331 2487921.074879 0.000000
607273.530591 2487921.835396 0.000000
607268.588851 2487922.595913 0.000000
607263.647111 2487923.356431 0.000000
607258.705371 2487924.116948 0.000000
607253.763631 2487924.877466 0.000000
607248.821891 2487925.637983 0.000000
607243.880150 2487926.398500 0.000000
607238.938410 2487927.159018 0.000000
607233.996670 2487927.919535 0.000000
607229.054930 2487928.680052 0.000000
607224.113190 2487929.440570 0.000000
607219.171450 2487930.201087 0.000000
607214.229710 2487930.961605 0.000000
607209.287970 2487931.722122 0.000000
607204.346229 2487932.482639 0.000000
607199.404489 2487933.243157 0.000000
607194.462749 2487934.003674 0.000000
607189.521009 2487934.764192 0.000000
607184.579269 2487935.524709 0.000000
607179.637529 2487936.285226 0.000000
607174.695789 2487937.045744 0.000000
607169.754049 2487937.806261 0.000000
607164.812308 2487938.566779 0.000000
607159.870568 2487939.327296 0.000000
607154.928828 2487940.087813 0.000000
607149.987088 2487940.848331 0.000000
607145.045348 2487941.608848 0.000000
607140.103608 2487942.369366 0.000000
607135.161868 2487943.129883 0.000000
607130.220128 2487943.890400 0.000000
607125.278388 2487944.650918 0.000000
607120.336647 2487945.411435 0.000000
607115.394907 2487946.171952 0.000000
607110.453167 2487946.932470 0.000000
607105.511427 2487947.692987 0.000000
607100.569687 2487948.453505 0.000000
607095.627947 2487949.214022 0.000000
607090.686207 2487949.974539 0.000000
607085.744467 2487950.735057 0.000000
607080.802726 2487951.495574 0.000000
607075.860986 2487952.256092 0.000000
607070.919246 2487953.016609 0.000000
607065.977506 2487953.777126 0.000000
607061.035766 2487954.537644 0.000000
607056.094026 2487955.298161 0.000000
607051.152286 2487956.058679 0.000000
607046.210546 2487956.819196 0.000000
607041.268805 2487957.579713 0.000000
607036.327065 2487958.340231 0.000000
607031.385325 2487959.100748 0.000000
607026.443585 2487959.861266 0.000000
607021.501845 2487960.621783 0.000000
607016.560105 2487961.382300 0.000000
607011.618365 2487962.142818 0.000000
607006.676625 2487962.903335 0.000000
607001.734884 2487963.663852 0.000000
606996.793144 2487964.424370 0.000000
606991.851404 2487965.184887 0.000000
606986.909664 2487965.945405 0.000000
606981.967924 2487966.705922 0.000000
606977.026184 2487967.466439 0.000000
606972.084444 2487968.226957 0.000000
606967.142704 2487968.987474 0.000000
606962.200964 2487969.747992 0.000000
606957.259223 2487970.508509 0.000000
606952.317483 2487971.269026 0.000000
606947.375743 2487972.029544 0.000000
606942.434003 2487972.790061 0.000000
606937.492263 2487973.550579 0.000000
606932.550523 2487974.311096 0.000000
606927.608783 2487975.071613 0.000000
606922.667043 2487975.832131 0.000000
606917.725302 2487976.592648 0.000000
606912.783562 2487977.353166 0.000000
606907.841822 2487978.113683 0.000000
606902.900082 2487978.874200 0.000000
606897.958342 2487979.634718 0.000000
606893.016602 2487980.395235 0.000000
606888.074862 2487981.155752 0.000000
606883.133122 2487981.916270 0.000000
606878.191381 2487982.676787 0.000000
606873.249641 2487983.437305 0.000000
606868.307901 2487984.197822 0.000000
606863.366161 2487984.958339 0.000000
606858.424421 2487985.718857 0.000000
606853.482681 2487986.479374 0.000000
606848.540941 2487987.239892 0.000000
606843.599201 2487988.000409 0.000000
606838.657461 2487988.760926 0.000000
606833.715720 2487989.521444 0.000000
606828.773980 2487990.281961 0.000000
606823.832240 2487991.042479 0.000000
606818.890500 2487991.802996 0.000000
606813.948760 2487992.563513 0.000000
606809.007020 2487993.324031 0.000000
606804.065280 2487994.084548 0.000000
606799.123540 2487994.845065 0.000000
606794.181799 2487995.605583 0.000000
606789.240059 2487996.366100 0.000000
606784.298319 2487997.126618 0.000000
606779.356579 2487997.887135 0.000000
606774.414839 2487998.647652 0.000000
606769.473099 2487999.408170 0.000000
606764.531359 2488000.168687 0.000000
606759.589619 2488000.929205 0.000000
606754.647878 2488001.689722 0.000000
606749.706138 2488002.450239 0.000000
606744.764398 2488003.210757 0.000000
606739.822658 2488003.971274 0.000000
606734.880918 2488004.731792 0.000000
606729.939178 2488005.492309 0.000000
606724.997438 2488006.252826 0.000000
606720.055698 2488007.013344 0.000000
606715.113958 2488007.773861 0.000000
606710.172217 2488008.534379 0.000000
606705.230477 2488009.294896 0.000000
606700.288737 2488010.055413 0.000000
606695.346997 2488010.815931 0.000000
606690.405257 2488011.576448 0.000000
606685.463517 2488012.336965 0.000000
606680.521777 2488013.097483 0.000000
606675.580037 2488013.858000 0.000000
606670.638296 2488014.618518 0.000000
606665.696556 2488015.379035 0.000000
606660.754816 2488016.139552 0.000000
606655.813076 2488016.900070 0.000000
606650.871336 2488017.660587 0.000000
606645.929596 2488018.421105 0.000000
606640.987856 2488019.181622 0.000000
606636.046116 2488019.942139 0.000000
606631.104375 2488020.702657 0.000000
606626.162635 2488021.463174 0.000000
606621.220895 2488022.223692 0.000000
606616.279155 2488022.984209 0.000000
606611.337415 2488023.744726 0.000000
606606.395675 2488024.505244 0.000000
606601.453935 2488025.265761 0.000000
606596.512195 2488026.026279 0.000000
606591.570454 2488026.786796 0.000000
606586.628714 2488027.547313 0.000000
606581.686974 2488028.307831 0.000000
606576.745234 2488029.068348 0.000000
606571.803494 2488029.828865 0.000000
606566.861754 2488030.589383 0.000000
606561.920014 2488031.349900 0.000000
606556.978274 2488032.110418 0.000000
606552.036534 2488032.870935 0.000000
606547.094793 2488033.631452 0.000000
606542.153053 2488034.391970 0.000000
606537.211313 2488035.152487 0.000000
606532.269573 2488035.913005 0.000000
606527.327833 2488036.673522 0.000000
606522.386093 2488037.434039 0.000000
606517.444353 2488038.194557 0.000000
606512.502613 2488038.955074 0.000000
606507.560872 2488039.715592 0.000000
606502.619132 2488040.476109 0.000000
606497.677392 2488041.236626 0.000000
606492.735652 2488041.997144 0.000000
606487.793912 2488042.757661 0.000000
606482.852172 2488043.518179 0.000000
606477.910432 2488044.278696 0.000000
606472.968692 2488045.039213 0.000000
606468.026951 2488045.799731 0.000000
606463.085211 2488046.560248 0.000000
606458.143471 2488047.320765 0.000000
606453.201731 2488048.081283 0.000000
606448.259991 2488048.841800 0.000000
606443.318251 2488049.602318 0.000000
606438.376511 2488050.362835 0.000000
606433.434771 2488051.123352 0.000000
606428.493031 2488051.883870 0.000000
606423.551290 2488052.644387 0.000000
606418.609550 2488053.404905 0.000000
606413.667810 2488054.165422 0.000000
606408.726070 2488054.925939 0.000000
606403.784330 2488055.686457 0.000000
606398.842590 2488056.446974 0.000000
606393.900850 2488057.207492 0.000000
606388.959110 2488057.968009 0.000000
606384.017369 2488058.728526 0.000000
606379.075629 2488059.489044 0.000000
606374.133889 2488060.249561 0.000000
606369.192149 2488061.010079 0.000000
606364.250409 2488061.770596 0.000000
606359.308669 2488062.531113 0.000000
606354.366929 2488063.291631 0.000000
606349.425189 2488064.052148 0.000000
606344.483448 2488064.812665 0.000000
606339.541708 2488065.573183 0.000000
606334.599968 2488066.333700 0.000000
606329.658228 2488067.094218 0.000000
606324.716488 2488067.854735 0.000000
606319.774748 2488068.615252 0.000000
606314.833008 2488069.375770 0.000000
606309.891268 2488070.136287 0.000000
606304.949527 2488070.896805 0.000000
606300.007787 2488071.657322 0.000000
606295.066047 2488072.417839 0.000000
606290.124307 2488073.178357 0.000000
606285.182567 2488073.938874 0.000000
606280.240827 2488074.699392 0.000000
606275.299087 2488075.459909 0.000000
606270.357347 2488076.220426 0.000000
606265.415607 2488076.980944 0.000000
606260.473866 2488077.741461 0.000000
606255.532126 2488078.501979 0.000000
606250.590386 2488079.262496 0.000000
606245.648646 2488080.023013 0.000000
606240.706906 2488080.783531 0.000000
606235.765166 2488081.544048 0.000000
606230.823426 2488082.304565 0.000000
606225.881686 2488083.065083 0.000000
606220.939945 2488083.825600 0.000000
606215.998205 2488084.586118 0.000000
606211.056465 2488085.346635 0.000000
606206.114725 2488086.107152 0.000000
606201.172985 2488086.867670 0.000000
606196.231245 2488087.628187 0.000000
606191.289505 2488088.388705 0.000000
606186.347765 2488089.149222 0.000000
606181.406024 2488089.909739 0.000000
606176.464284 2488090.670257 0.000000
606171.522544 2488091.430774 0.000000
606166.580804 2488092.191292 0.000000
606161.639064 2488092.951809 0.000000
606156.697324 2488093.712326 0.000000
606151.755584 2488094.472844 0.000000
606146.813844 2488095.233361 0.000000
606141.872104 2488095.993878 0.000000
606136.930363 2488096.754396 0.000000
606131.988623 2488097.514913 0.000000
606127.046883 2488098.275431 0.000000
606122.105143 2488099.035948 0.000000
606117.163403 2488099.796465 0.000000
606112.221663 2488100.556983 0.000000
606107.279923 2488101.317500 0.000000
606102.338183 2488102.078018 0.000000
606097.396442 2488102.838535 0.000000
606092.454702 2488103.599052 0.000000
606087.512962 2488104.359570 0.000000
606082.571222 2488105.120087 0.000000
606077.629482 2488105.880605 0.000000
606072.687742 2488106.641122 0.000000
606067.746002 2488107.401639 0.000000
606062.804262 2488108.162157 0.000000
606057.862521 2488108.922674 0.000000
606052.920781 2488109.683192 0.000000
606047.979041 2488110.443709 0.000000
606043.037301 2488111.204226 0.000000
606038.095561 2488111.964744 0.000000
606033.153821 2488112.725261 0.000000
606028.212081 2488113.485778 0.000000
606023.270341 2488114.246296 0.000000
606018.328600 2488115.006813 0.000000
606013.386860 2488115.767331 0.000000
606008.445120 2488116.527848 0.000000
606003.503380 2488117.288365 0.000000
605998.561640 2488118.048883 0.000000
605993.619900 2488118.809400 0.000000
605988.678160 2488119.569918 0.000000
605983.736420 2488120.330435 0.000000
605978.794680 2488121.090952 0.000000
605973.852939 2488121.851470 0.000000
605968.911199 2488122.611987 0.000000
605963.969459 2488123.372505 0.000000
605959.027719 2488124.133022 0.000000
605954.085979 2488124.893539 0.000000
605949.144239 2488125.654057 0.000000
605944.202499 2488126.414574 0.000000
605939.260759 2488127.175092 0.000000
605934.319018 2488127.935609 0.000000
605929.377278 2488128.696126 0.000000
605924.435538 2488129.456644 0.000000
605919.493798 2488130.217161 0.000000
605914.552058 2488130.977678 0.000000
605909.610318 2488131.738196 0.000000
605904.668578 2488132.498713 0.000000
605899.726838 2488133.259231 0.000000
605894.785097 2488134.019748 0.000000
605889.843357 2488134.780265 0.000000
605884.901617 2488135.540783 0.000000
605879.959877 2488136.301300 0.000000
605875.018137 2488137.061818 0.000000
605870.076397 2488137.822335 0.000000
605865.134657 2488138.582852 0.000000
605860.192917 2488139.343370 0.000000
605855.251177 2488140.103887 0.000000
605850.309436 2488140.864405 0.000000
605845.367696 2488141.624922 0.000000
605840.425956 2488142.385439 0.000000
605835.484216 2488143.145957 0.000000
605830.542476 2488143.906474 0.000000
605825.600736 2488144.666992 0.000000
605820.658996 2488145.427509 0.000000
605815.717256 2488146.188026 0.000000
605810.775515 2488146.948544 0.000000
605805.833775 2488147.709061 0.000000
605800.892035 2488148.469578 0.000000
605795.950295 2488149.230096 0.000000
605791.008555 2488149.990613 0.000000
605786.066815 2488150.751131 0.000000
605781.125075 2488151.511648 0.000000
605776.183335 2488152.272165 0.000000
605771.241594 2488153.032683 0.000000
605766.299854 2488153.793200 0.000000
605761.358114 2488154.553718 0.000000
605756.416374 2488155.314235 0.000000
605751.474634 2488156.074752 0.000000
605746.532894 2488156.835270 0.000000
605741.591154 2488157.595787 0.000000
605736.649414 2488158.356305 0.000000
605731.707673 2488159.116822 0.000000
605726.765933 2488159.877339 0.000000
605721.824193 2488160.637857 0.000000
605716.882453 2488161.398374 0.000000
605711.940713 2488162.158892 0.000000
605706.998973 2488162.919409 0.000000
605702.057233 2488163.679926 0.000000
605697.115493 2488164.440444 0.000000
605692.173753 2488165.200961 0.000000
605687.232012 2488165.961478 0.000000
605682.290272 2488166.721996 0.000000
605677.348532 2488167.482513 0.000000
605672.406792 2488168.243031 0.000000
605667.465052 2488169.003548 0.000000
605662.523312 2488169.764065 0.000000
605657.581572 2488170.524583 0.000000
605652.639832 2488171.285100 0.000000
605647.698091 2488172.045618 0.000000
605642.756351 2488172.806135 0.000000
605637.814611 2488173.566652 0.000000
605632.872871 2488174.327170 0.000000
605627.931131 2488175.087687 0.000000
605622.989391 2488175.848205 0.000000
605618.047651 2488176.608722 0.000000
605613.105911 2488177.369239 0.000000
605608.164170 2488178.129757 0.000000
605603.222430 2488178.890274 0.000000
605598.280690 2488179.650792 0.000000
605593.338950 2488180.411309 0.000000
605588.397210 2488181.171826 0.000000
605583.455470 2488181.932344 0.000000
605578.513730 2488182.692861 0.000000
605573.571990 2488183.453378 0.000000
605568.630250 2488184.213896 0.000000
605563.688509 2488184.974413 0.000000
605558.746769 2488185.734931 0.000000
605553.805029 2488186.495448 0.000000
605548.863289 2488187.255965 0.000000
605543.921549 2488188.016483 0.000000
605538.979809 2488188.777000 0.000000
605534.038069 2488189.537518 0.000000
605529.096329 2488190.298035 0.000000
605524.154588 2488191.058552 0.000000
605519.212848 2488191.819070 0.000000
605514.271108 2488192.579587 0.000000
605509.329368 2488193.340105 0.000000
605504.387628 2488194.100622 0.000000
605499.445888 2488194.861139 0.000000
605494.504148 2488195.621657 0.000000
605489.562408 2488196.382174 0.000000
605484.620667 2488197.142691 0.000000
605479.678927 2488197.903209 0.000000
605474.737187 2488198.663726 0.000000
605469.795447 2488199.424244 0.000000
605464.853707 2488200.184761 0.000000
605459.911967 2488200.945278 0.000000
605454.970227 2488201.705796 0.000000
605450.028487 2488202.466313 0.000000
605445.086746 2488203.226831 0.000000
605440.145006 2488203.987348 0.000000
605435.203266 2488204.747865 0.000000
605430.261526 2488205.508383 0.000000
605425.319786 2488206.268900 0.000000
605420.378046 2488207.029418 0.000000
605415.436306 2488207.789935 0.000000
605410.494566 2488208.550452 0.000000
605405.552826 2488209.310970 0.000000
605400.611085 2488210.071487 0.000000
605395.669345 2488210.832005 0.000000
605390.727605 2488211.592522 0.000000
605385.785865 2488212.353039 0.000000
605380.844125 2488213.113557 0.000000
605375.902385 2488213.874074 0.000000
605370.960645 2488214.634591 0.000000
605366.018905 2488215.395109 0.000000
605361.077164 2488216.155626 0.000000
605356.135424 2488216.916144 0.000000
605351.193684 2488217.676661 0.000000
605346.251944 2488218.437178 0.000000
605341.310204 2488219.197696 0.000000
605336.368464 2488219.958213 0.000000
605331.426724 2488220.718731 0.000000
605326.484984 2488221.479248 0.000000
605321.543243 2488222.239765 0.000000
605316.601503 2488223.000283 0.000000
605311.659763 2488223.760800 0.000000
605306.718023 2488224.521318 0.000000
605301.776283 2488225.281835 0.000000
605296.834543 2488226.042352 0.000000
605291.892803 2488226.802870 0.000000
605286.951063 2488227.563387 0.000000
605282.009323 2488228.323905 0.000000
605277.067582 2488229.084422 0.000000
605272.125842 2488229.844939 0.000000
605267.184102 2488230.605457 0.000000
605262.242362 2488231.365974 0.000000
605257.300622 2488232.126491 0.000000
605252.358882 2488232.887009 0.000000
605247.417142 2488233.647526 0.000000
605242.475402 2488234.408044 0.000000
605237.533661 2488235.168561 0.000000
605232.591921 2488235.929078 0.000000
605227.650181 2488236.689596 0.000000
605222.708441 2488237.450113 0.000000
605217.766701 2488238.210631 0.000000
605212.824961 2488238.971148 0.000000
605207.883221 2488239.731665 0.000000
605202.941481 2488240.492183 0.000000
605197.999740 2488241.252700 0.000000
605193.058000 2488242.013218 0.000000
605188.116260 2488242.773735 0.000000
605183.174520 2488243.534252 0.000000
605178.232780 2488244.294770 0.000000
605173.291040 2488245.055287 0.000000
605168.349300 2488245.815805 0.000000
605163.407560 2488246.576322 0.000000
605158.465820 2488247.336839 0.000000
605153.524079 2488248.097357 0.000000
605148.582339 2488248.857874 0.000000
605143.640599 2488249.618391 0.000000
605138.698859 2488250.378909 0.000000
605133.757119 2488251.139426 0.000000
605128.815379 2488251.899944 0.000000
605123.873639 2488252.660461 0.000000
605118.931899 2488253.420978 0.000000
605113.990158 2488254.181496 0.000000
605109.048418 2488254.942013 0.000000
605104.106678 2488255.702531 0.000000
605099.164938 2488256.463048 0.000000
605094.223198 2488257.223565 0.000000
605089.281458 2488257.984083 0.000000
605084.339718 2488258.744600 0.000000
605079.397978 2488259.505118 0.000000
605074.456237 2488260.265635 0.000000
605069.514497 2488261.026152 0.000000
605064.572757 2488261.786670 0.000000
605059.631017 2488262.547187 0.000000
605054.689277 2488263.307705 0.000000
605049.747537 2488264.068222 0.000000
605044.805797 2488264.828739 0.000000
605039.864057 2488265.589257 0.000000
605034.922316 2488266.349774 0.000000
605029.980576 2488267.110291 0.000000
605025.038836 2488267.870809 0.000000
605020.097096 2488268.631326 0.000000
605015.155356 2488269.391844 0.000000
605010.213616 2488270.152361 0.000000
605005.271876 2488270.912878 0.000000
605000.330136 2488271.673396 0.000000
604995.388396 2488272.433913 0.000000
604990.446655 2488273.194431 0.000000
604985.504915 2488273.954948 0.000000
604980.563175 2488274.715465 0.000000
604975.621435 2488275.475983 0.000000
604970.679695 2488276.236500 0.000000
604965.737955 2488276.997018 0.000000
604960.796215 2488277.757535 0.000000
604955.854475 2488278.518052 0.000000
604950.912734 2488279.278570 0.000000
604945.970994 2488280.039087 0.000000
604941.029254 2488280.799605 0.000000
604936.087514 2488281.560122 0.000000
604931.145774 2488282.320639 0.000000
604926.204034 2488283.081157 0.000000
604921.262294 2488283.841674 0.000000
604916.320554 2488284.602191 0.000000
604911.378813 2488285.362709 0.000000
604906.437073 2488286.123226 0.000000
604901.495333 2488286.883744 0.000000
604896.553593 2488287.644261 0.000000
604891.611853 2488288.404778 0.000000
604886.670113 2488289.165296 0.000000
604881.728373 2488289.925813 0.000000
604876.786633 2488290.686331 0.000000
604871.844893 2488291.446848 0.000000
604866.903152 2488292.207365 0.000000
604861.961412 2488292.967883 0.000000
604857.019672 2488293.728400 0.000000
604852.043489 2488294.252210 0.000000
604847.067306 2488294.776019 0.000000
604842.091123 2488295.299829 0.000000
604837.114940 2488295.823638 0.000000
604832.138757 2488296.347447 0.000000
604827.162574 2488296.871257 0.000000
604822.186391 2488297.395066 0.000000
604817.210208 2488297.918876 0.000000
604812.234025 2488298.442685 0.000000
604807.257842 2488298.966495 0.000000
604802.281659 2488299.490304 0.000000
604797.305476 2488300.014114 0.000000
604792.329293 2488300.537923 0.000000
604787.353110 2488301.061733 0.000000
604782.376927 2488301.585542 0.000000
604777.400744 2488302.109352 0.000000
604772.424561 2488302.633161 0.000000
604767.448378 2488303.156970 0.000000
604762.472195 2488303.680780 0.000000
604757.496012 2488304.204589 0.000000
604752.519829 2488304.728399 0.000000
604747.543646 2488305.252208 0.000000
604742.567463 2488305.776018 0.000000
604737.591280 2488306.299827 0.000000
604732.615097 2488306.823637 0.000000
604727.638914 2488307.347446 0.000000
604722.662731 2488307.871256 0.000000
604717.686548 2488308.395065 0.000000
604712.710365 2488308.918875 0.000000
604707.734182 2488309.442684 0.000000
604702.757999 2488309.966494 0.000000
604697.781816 2488310.490303 0.000000
604692.805633 2488311.014112 0.000000
604687.829450 2488311.537922 0.000000
604682.853267 2488312.061731 0.000000
604677.877084 2488312.585541 0.000000
604672.900901 2488313.109350 0.000000
604667.924718 2488313.633160 0.000000
604662.948535 2488314.156969 0.000000
604657.972352 2488314.680779 0.000000
604652.996169 2488315.204588 0.000000
604648.019986 2488315.728398 0.000000
604643.019993 2488315.970822 0.000000
604638.020001 2488316.213247 0.000000
604633.020008 2488316.455671 0.000000
604628.020016 2488316.698096 0.000000
604623.020023 2488316.940521 0.000000
604618.020031 2488317.182945 0.000000
604613.020038 2488317.425370 0.000000
604608.020045 2488317.667794 0.000000
604603.020053 2488317.910219 0.000000
604598.020060 2488318.152644 0.000000
604593.020068 2488318.395068 0.000000
604588.020075 2488318.637493 0.000000
604583.020083 2488318.879917 0.000000
604578.020090 2488319.122342 0.000000
604573.020098 2488319.364767 0.000000
604568.020105 2488319.607191 0.000000
604563.020113 2488319.849616 0.000000
604558.020120 2488320.092040 0.000000
604553.020127 2488320.334465 0.000000
604548.020135 2488320.576890 0.000000
604543.020142 2488320.819314 0.000000
604538.020150 2488321.061739 0.000000
604533.020157 2488321.304163 0.000000
604528.020165 2488321.546588 0.000000
604523.020172 2488321.789013 0.000000
604518.020180 2488322.031437 0.000000
604513.020187 2488322.273862 0.000000
604508.020195 2488322.516286 0.000000
604503.020202 2488322.758711 0.000000
604498.020210 2488323.001136 0.000000
604493.020217 2488323.243560 0.000000
604488.020224 2488323.485985 0.000000
604483.020232 2488323.728410 0.000000
604478.020239 2488323.970834 0.000000
604473.020247 2488324.213259 0.000000
604468.020254 2488324.455683 0.000000
604463.020262 2488324.698108 0.000000
604458.020269 2488324.940533 0.000000
604453.020277 2488325.182957 0.000000
604448.020284 2488325.425382 0.000000
604443.020292 2488325.667806 0.000000
604438.020299 2488325.910231 0.000000
604433.020307 2488326.152656 0.000000
604428.020314 2488326.395080 0.000000
604423.020321 2488326.637505 0.000000
604418.020329 2488326.879929 0.000000
604413.020336 2488327.122354 0.000000
604408.020344 2488327.364779 0.000000
604403.020351 2488327.607203 0.000000
604398.020359 2488327.849628 0.000000
604393.020366 2488328.092052 0.000000
604388.020374 2488328.334477 0.000000
604383.020381 2488328.576902 0.000000
604378.020389 2488328.819326 0.000000
604373.020396 2488329.061751 0.000000
604368.020404 2488329.304175 0.000000
604363.020411 2488329.546600 0.000000
604358.020418 2488329.789025 0.000000
604353.020426 2488330.031449 0.000000
604348.020433 2488330.273874 0.000000
604343.020441 2488330.516298 0.000000
604338.020448 2488330.758723 0.000000
604333.020456 2488331.001148 0.000000
604328.020463 2488331.243572 0.000000
604323.020471 2488331.485997 0.000000
604318.020478 2488331.728421 0.000000
604313.057523 2488332.283977 0.000000
604308.094567 2488332.839532 0.000000
604303.131612 2488333.395088 0.000000
604298.168656 2488333.950643 0.000000
604293.205701 2488334.506199 0.000000
604288.242745 2488335.061754 0.000000
604283.279790 2488335.617310 0.000000
604278.316834 2488336.172865 0.000000
604273.353879 2488336.728420 0.000000
604268.390923 2488337.283976 0.000000
604263.427968 2488337.839531 0.000000
604258.465012 2488338.395087 0.000000
604253.502057 2488338.950642 0.000000
604248.539101 2488339.506198 0.000000
604243.576145 2488340.061753 0.000000
604238.613190 2488340.617309 0.000000
604233.650234 2488341.172864 0.000000
604228.687279 2488341.728419 0.000000
604223.724323 2488342.283975 0.000000
604218.761368 2488342.839530 0.000000
604213.798412 2488343.395086 0.000000
604208.835457 2488343.950641 0.000000
604203.872501 2488344.506197 0.000000
604198.909546 2488345.061752 0.000000
604193.946590 2488345.617307 0.000000
604188.983635 2488346.172863 0.000000
604184.020679 2488346.728418 0.000000
604179.064165 2488347.521896 0.000000
604174.107651 2488348.315374 0.000000
604169.151137 2488349.108852 0.000000
604164.194622 2488349.902330 0.000000
604159.238108 2488350.695807 0.000000
604154.281594 2488351.489285 0.000000
604149.325079 2488352.282763 0.000000
604144.368565 2488353.076241 0.000000
604139.412051 2488353.869718 0.000000
604134.455537 2488354.663196 0.000000
604129.499022 2488355.456674 0.000000
604124.542508 2488356.250152 0.000000
604119.585994 2488357.043630 0.000000
604114.629480 2488357.837107 0.000000
604109.672965 2488358.630585 0.000000
604104.716451 2488359.424063 0.000000
604099.759937 2488360.217541 0.000000
604094.803423 2488361.011019 0.000000
604089.846908 2488361.804496 0.000000
604084.890394 2488362.597974 0.000000
604079.933880 2488363.391452 0.000000
604074.977366 2488364.184930 0.000000
604070.020851 2488364.978408 0.000000
604065.064337 2488365.771885 0.000000
604060.107823 2488366.565363 0.000000
604055.151308 2488367.358841 0.000000
604050.194794 2488368.152319 0.000000
604045.238280 2488368.945796 0.000000
604040.281766 2488369.739274 0.000000
604035.325251 2488370.532752 0.000000
604030.368737 2488371.326230 0.000000
604025.412223 2488372.119708 0.000000
604020.455709 2488372.913185 0.000000
604015.499194 2488373.706663 0.000000
604010.542680 2488374.500141 0.000000
604005.586166 2488375.293619 0.000000
604000.629652 2488376.087097 0.000000
603995.673137 2488376.880574 0.000000
603990.716623 2488377.674052 0.000000
603985.760109 2488378.467530 0.000000
603980.803595 2488379.261008 0.000000
603975.847080 2488380.054485 0.000000
603970.890566 2488380.847963 0.000000
603965.934052 2488381.641441 0.000000
603960.977537 2488382.434919 0.000000
603956.021023 2488383.228397 0.000000
603951.064509 2488384.021874 0.000000
603946.107995 2488384.815352 0.000000
603941.151480 2488385.608830 0.000000
603936.194966 2488386.402308 0.000000
603931.238452 2488387.195786 0.000000
603926.281938 2488387.989263 0.000000
603921.325423 2488388.782741 0.000000
603916.368909 2488389.576219 0.000000
603911.412395 2488390.369697 0.000000
603906.455881 2488391.163175 0.000000
603901.499366 2488391.956652 0.000000
603896.542852 2488392.750130 0.000000
603891.586338 2488393.543608 0.000000
603886.629824 2488394.337086 0.000000
603881.673309 2488395.130563 0.000000
603876.716795 2488395.924041 0.000000
603871.760281 2488396.717519 0.000000
603866.803766 2488397.510997 0.000000
603861.847252 2488398.304475 0.000000
603856.890738 2488399.097952 0.000000
603851.934224 2488399.891430 0.000000
603846.977709 2488400.684908 0.000000
603842.021195 2488401.478386 0.000000
603837.064681 2488402.271864 0.000000
603832.108167 2488403.065341 0.000000
603827.151652 2488403.858819 0.000000
603822.195138 2488404.652297 0.000000
603817.238624 2488405.445775 0.000000
603812.282110 2488406.239253 0.000000
603807.325595 2488407.032730 0.000000
603802.369081 2488407.826208 0.000000
603797.412567 2488408.619686 0.000000
603792.456053 2488409.413164 0.000000
603787.499538 2488410.206641 0.000000
603782.543024 2488411.000119 0.000000
603777.586510 2488411.793597 0.000000
603772.629995 2488412.587075 0.000000
603767.673481 2488413.380553 0.000000
603762.716967 2488414.174030 0.000000
603757.760453 2488414.967508 0.000000
603752.803938 2488415.760986 0.000000
603747.847424 2488416.554464 0.000000
603742.890910 2488417.347942 0.000000
603737.934396 2488418.141419 0.000000
603732.977881 2488418.934897 0.000000
603728.021367 2488419.728375 0.000000
603723.115125 2488420.790874 0.000000
603718.208882 2488421.853373 0.000000
603713.302639 2488422.915872 0.000000
603708.396397 2488423.978371 0.000000
603703.490154 2488425.040871 0.000000
603698.583912 2488426.103370 0.000000
603693.677669 2488427.165869 0.000000
603688.771427 2488428.228368 0.000000
603683.865184 2488429.290867 0.000000
603678.958941 2488430.353366 0.000000
603674.052699 2488431.415865 0.000000
603669.146456 2488432.478364 0.000000
603664.240214 2488433.540863 0.000000
603659.333971 2488434.603363 0.000000
603654.427729 2488435.665862 0.000000
603649.521486 2488436.728361 0.000000
603644.615244 2488437.790860 0.000000
603639.709001 2488438.853359 0.000000
603634.802758 2488439.915858 0.000000
603629.896516 2488440.978357 0.000000
603624.990273 2488442.040856 0.000000
603620.084031 2488443.103355 0.000000
603615.177788 2488444.165855 0.000000
603610.271546 2488445.228354 0.000000
603605.365303 2488446.290853 0.000000
603600.459061 2488447.353352 0.000000
603595.552818 2488448.415851 0.000000
603590.646575 2488449.478350 0.000000
603585.740333 2488450.540849 0.000000
603580.834090 2488451.603348 0.000000
603575.927848 2488452.665848 0.000000
603571.021605 2488453.728347 0.000000
603566.184878 2488455.034468 0.000000
603561.348150 2488456.340589 0.000000
603556.511423 2488457.646710 0.000000
603551.674696 2488458.952831 0.000000
603546.837969 2488460.258953 0.000000
603542.001241 2488461.565074 0.000000
603537.164514 2488462.871195 0.000000
603532.327787 2488464.177316 0.000000
603527.491059 2488465.483437 0.000000
603522.654332 2488466.789559 0.000000
603517.817605 2488468.095680 0.000000
603512.980877 2488469.401801 0.000000
603508.144150 2488470.707922 0.000000
603503.307423 2488472.014043 0.000000
603498.470695 2488473.320165 0.000000
603493.633968 2488474.626286 0.000000
603488.797241 2488475.932407 0.000000
603483.960513 2488477.238528 0.000000
603479.123786 2488478.544649 0.000000
603474.287059 2488479.850770 0.000000
603469.450331 2488481.156892 0.000000
603464.613604 2488482.463013 0.000000
603459.776877 2488483.769134 0.000000
603454.940149 2488485.075255 0.000000
603450.103422 2488486.381376 0.000000
603445.266695 2488487.687498 0.000000
603440.429967 2488488.993619 0.000000
603435.593240 2488490.299740 0.000000
603430.756513 2488491.605861 0.000000
603425.919785 2488492.911982 0.000000
603421.083058 2488494.218104 0.000000
603416.246331 2488495.524225 0.000000
603411.409603 2488496.830346 0.000000
603406.572876 2488498.136467 0.000000
603401.736149 2488499.442588 0.000000
603396.899421 2488500.748710 0.000000
603392.062694 2488502.054831 0.000000
603387.225967 2488503.360952 0.000000
603382.389240 2488504.667073 0.000000
603377.552512 2488505.973194 0.000000
603372.715785 2488507.279315 0.000000
603367.879058 2488508.585437 0.000000
603363.042330 2488509.891558 0.000000
603358.205603 2488511.197679 0.000000
603353.368876 2488512.503800 0.000000
603348.532148 2488513.809921 0.000000
603343.695421 2488515.116043 0.000000
603338.858694 2488516.422164 0.000000
603334.021966 2488517.728285 0.000000
603329.093402 2488518.704475 0.000000
603324.164838 2488519.680664 0.000000
603319.236274 2488520.656854 0.000000
603314.307710 2488521.633044 0.000000
603309.379146 2488522.609234 0.000000
603304.450582 2488523.585423 0.000000
603299.522018 2488524.561613 0.000000
603294.593455 2488525.537803 0.000000
603289.664891 2488526.513992 0.000000
603284.736327 2488527.490182 0.000000
603279.807763 2488528.466372 0.000000
603274.879199 2488529.442562 0.000000
603269.950635 2488530.418751 0.000000
603265.022071 2488531.394941 0.000000
603260.093507 2488532.371131 0.000000
603255.164943 2488533.347321 0.000000
603250.236379 2488534.323510 0.000000
603245.307815 2488535.299700 0.000000
603240.379251 2488536.275890 0.000000
603235.450687 2488537.252079 0.000000
603230.522123 2488538.228269 0.000000
603225.593559 2488539.204459 0.000000
603220.664995 2488540.180649 0.000000
603215.736431 2488541.156838 0.000000
603210.807867 2488542.133028 0.000000
603205.879303 2488543.109218 0.000000
603200.950739 2488544.085407 0.000000
603196.022175 2488545.061597 0.000000
603191.093611 2488546.037787 0.000000
603186.165047 2488547.013977 0.000000
603181.236483 2488547.990166 0.000000
603176.307919 2488548.966356 0.000000
603171.379355 2488549.942546 0.000000
603166.450791 2488550.918736 0.000000
603161.522227 2488551.894925 0.000000
603156.593663 2488552.871115 0.000000
603151.665099 2488553.847305 0.000000
603146.736535 2488554.823494 0.000000
603141.807971 2488555.799684 0.000000
603136.879407 2488556.775874 0.000000
603131.950844 2488557.752064 0.000000
603127.022280 2488558.728253 0.000000
603122.072566 2488559.476856 0.000000
603117.122853 2488560.225459 0.000000
603112.173140 2488560.974062 0.000000
603107.223427 2488561.722665 0.000000
603102.273713 2488562.471268 0.000000
603097.324000 2488563.219871 0.000000
603092.374287 2488563.968474 0.000000
603087.424574 2488564.717077 0.000000
603082.474861 2488565.465680 0.000000
603077.525147 2488566.214283 0.000000
603072.575434 2488566.962886 0.000000
603067.625721 2488567.711488 0.000000
603062.676008 2488568.460091 0.000000
603057.726295 2488569.208694 0.000000
603052.776581 2488569.957297 0.000000
603047.826868 2488570.705900 0.000000
603042.877155 2488571.454503 0.000000
603037.927442 2488572.203106 0.000000
603032.977728 2488572.951709 0.000000
603028.028015 2488573.700312 0.000000
603023.078302 2488574.448915 0.000000
603018.128589 2488575.197518 0.000000
603013.178876 2488575.946121 0.000000
603008.229162 2488576.694724 0.000000
603003.279449 2488577.443327 0.000000
602998.329736 2488578.191930 0.000000
602993.380023 2488578.940532 0.000000
602988.430310 2488579.689135 0.000000
602983.480596 2488580.437738 0.000000
602978.530883 2488581.186341 0.000000
602973.581170 2488581.934944 0.000000
602968.631457 2488582.683547 0.000000
602963.681743 2488583.432150 0.000000
602958.732030 2488584.180753 0.000000
602953.782317 2488584.929356 0.000000
602948.832604 2488585.677959 0.000000
602943.882891 2488586.426562 0.000000
602938.933177 2488587.175165 0.000000
602933.983464 2488587.923768 0.000000
602929.033751 2488588.672371 0.000000
602924.084038 2488589.420973 0.000000
602919.134325 2488590.169576 0.000000
602914.184611 2488590.918179 0.000000
602909.234898 2488591.666782 0.000000
602904.285185 2488592.415385 0.000000
602899.335472 2488593.163988 0.000000
602894.385758 2488593.912591 0.000000
602889.436045 2488594.661194 0.000000
602884.486332 2488595.409797 0.000000
602879.536619 2488596.158400 0.000000
602874.586906 2488596.907003 0.000000
602869.637192 2488597.655606 0.000000
602864.687479 2488598.404209 0.000000
602859.737766 2488599.152812 0.000000
602854.788053 2488599.901415 0.000000
602849.838340 2488600.650017 0.000000
602844.888626 2488601.398620 0.000000
602839.938913 2488602.147223 0.000000
602834.989200 2488602.895826 0.000000
602830.039487 2488603.644429 0.000000
602825.089773 2488604.393032 0.000000
602820.140060 2488605.141635 0.000000
602815.190347 2488605.890238 0.000000
602810.240634 2488606.638841 0.000000
602805.290921 2488607.387444 0.000000
602800.341207 2488608.136047 0.000000
602795.391494 2488608.884650 0.000000
602790.441781 2488609.633253 0.000000
602785.492068 2488610.381856 0.000000
602780.542355 2488611.130458 0.000000
602775.592641 2488611.879061 0.000000
602770.642928 2488612.627664 0.000000
602765.693215 2488613.376267 0.000000
602760.743502 2488614.124870 0.000000
602755.793788 2488614.873473 0.000000
602750.844075 2488615.622076 0.000000
602745.894362 2488616.370679 0.000000
602740.944649 2488617.119282 0.000000
602735.994936 2488617.867885 0.000000
602731.045222 2488618.616488 0.000000
602726.095509 2488619.365091 0.000000
602721.145796 2488620.113694 0.000000
602716.196083 2488620.862297 0.000000
602711.246369 2488621.610900 0.000000
602706.296656 2488622.359502 0.000000
602701.346943 2488623.108105 0.000000
602696.397230 2488623.856708 0.000000
602691.447517 2488624.605311 0.000000
602686.497803 2488625.353914 0.000000
602681.548090 2488626.102517 0.000000
602676.598377 2488626.851120 0.000000
602671.648664 2488627.599723 0.000000
602666.698951 2488628.348326 0.000000
602661.749237 2488629.096929 0.000000
602656.799524 2488629.845532 0.000000
602651.849811 2488630.594135 0.000000
602646.900098 2488631.342738 0.000000
602641.950384 2488632.091341 0.000000
602637.000671 2488632.839943 0.000000
602632.050958 2488633.588546 0.000000
602627.101245 2488634.337149 0.000000
602622.151532 2488635.085752 0.000000
602617.201818 2488635.834355 0.000000
602612.252105 2488636.582958 0.000000
602607.302392 2488637.331561 0.000000
602602.352679 2488638.080164 0.000000
602597.402966 2488638.828767 0.000000
602592.453252 2488639.577370 0.000000
602587.503539 2488640.325973 0.000000
602582.553826 2488641.074576 0.000000
602577.604113 2488641.823179 0.000000
602572.654399 2488642.571782 0.000000
602567.704686 2488643.320385 0.000000
602562.754973 2488644.068987 0.000000
602557.805260 2488644.817590 0.000000
602552.855547 2488645.566193 0.000000
602547.905833 2488646.314796 0.000000
602542.956120 2488647.063399 0.000000
602538.006407 2488647.812002 0.000000
602533.056694 2488648.560605 0.000000
602528.106981 2488649.309208 0.000000
602523.157267 2488650.057811 0.000000
602518.207554 2488650.806414 0.000000
602513.257841 2488651.555017 0.000000
602508.308128 2488652.303620 0.000000
602503.358414 2488653.052223 0.000000
602498.408701 2488653.800826 0.000000
602493.458988 2488654.549428 0.000000
602488.509275 2488655.298031 0.000000
602483.559562 2488656.046634 0.000000
602478.609848 2488656.795237 0.000000
602473.660135 2488657.543840 0.000000
602468.710422 2488658.292443 0.000000
602463.760709 2488659.041046 0.000000
602458.810996 2488659.789649 0.000000
602453.861282 2488660.538252 0.000000
602448.911569 2488661.286855 0.000000
602443.961856 2488662.035458 0.000000
602439.012143 2488662.784061 0.000000
602434.062429 2488663.532664 0.000000
602429.112716 2488664.281267 0.000000
602424.163003 2488665.029870 0.000000
602419.213290 2488665.778472 0.000000
602414.263577 2488666.527075 0.000000
602409.313863 2488667.275678 0.000000
602404.364150 2488668.024281 0.000000
602399.414437 2488668.772884 0.000000
602394.464724 2488669.521487 0.000000
602389.515011 2488670.270090 0.000000
602384.565297 2488671.018693 0.000000
602379.615584 2488671.767296 0.000000
602374.665871 2488672.515899 0.000000
602369.716158 2488673.264502 0.000000
602364.766444 2488674.013105 0.000000
602359.816731 2488674.761708 0.000000
602354.867018 2488675.510311 0.000000
602349.917305 2488676.258913 0.000000
602344.967592 2488677.007516 0.000000
602340.017878 2488677.756119 0.000000
602335.068165 2488678.504722 0.000000
602330.118452 2488679.253325 0.000000
602325.168739 2488680.001928 0.000000
602320.219026 2488680.750531 0.000000
602315.269312 2488681.499134 0.000000
602310.319599 2488682.247737 0.000000
602305.369886 2488682.996340 0.000000
602300.420173 2488683.744943 0.000000
602295.470459 2488684.493546 0.000000
602290.520746 2488685.242149 0.000000
602285.571033 2488685.990752 0.000000
602280.621320 2488686.739355 0.000000
602275.671607 2488687.487957 0.000000
602270.721893 2488688.236560 0.000000
602265.772180 2488688.985163 0.000000
602260.822467 2488689.733766 0.000000
602255.872754 2488690.482369 0.000000
602250.923041 2488691.230972 0.000000
602245.973327 2488691.979575 0.000000
602241.023614 2488692.728178 0.000000
602236.073901 2488693.476781 0.000000
602231.124188 2488694.225384 0.000000
602226.174474 2488694.973987 0.000000
602221.224761 2488695.722590 0.000000
602216.275048 2488696.471193 0.000000
602211.325335 2488697.219796 0.000000
602206.375622 2488697.968398 0.000000
602201.425908 2488698.717001 0.000000
602196.476195 2488699.465604 0.000000
602191.526482 2488700.214207 0.000000
602186.576769 2488700.962810 0.000000
602181.627055 2488701.711413 0.000000
602176.677342 2488702.460016 0.000000
602171.727629 2488703.208619 0.000000
602166.777916 2488703.957222 0.000000
602161.828203 2488704.705825 0.000000
602156.878489 2488705.454428 0.000000
602151.928776 2488706.203031 0.000000
602146.979063 2488706.951634 0.000000
602142.029350 2488707.700237 0.000000
602137.079637 2488708.448840 0.000000
602132.129923 2488709.197442 0.000000
602127.180210 2488709.946045 0.000000
602122.230497 2488710.694648 0.000000
602117.280784 2488711.443251 0.000000
602112.331070 2488712.191854 0.000000
602107.381357 2488712.940457 0.000000
602102.431644 2488713.689060 0.000000
602097.481931 2488714.437663 0.000000
602092.532218 2488715.186266 0.000000
602087.582504 2488715.934869 0.000000
602082.632791 2488716.683472 0.000000
602077.683078 2488717.432075 0.000000
602072.733365 2488718.180678 0.000000
602067.783652 2488718.929281 0.000000
602062.833938 2488719.677883 0.000000
602057.884225 2488720.426486 0.000000
602052.934512 2488721.175089 0.000000
602047.984799 2488721.923692 0.000000
602043.035085 2488722.672295 0.000000
602038.085372 2488723.420898 0.000000
602033.135659 2488724.169501 0.000000
602028.185946 2488724.918104 0.000000
602023.236233 2488725.666707 0.000000
602018.286519 2488726.415310 0.000000
602013.336806 2488727.163913 0.000000
602008.387093 2488727.912516 0.000000
602003.437380 2488728.661119 0.000000
601998.487667 2488729.409722 0.000000
601993.537953 2488730.158325 0.000000
601988.588240 2488730.906927 0.000000
601983.638527 2488731.655530 0.000000
601978.688814 2488732.404133 0.000000
601973.739100 2488733.152736 0.000000
601968.789387 2488733.901339 0.000000
601963.839674 2488734.649942 0.000000
601958.889961 2488735.398545 0.000000
601953.940248 2488736.147148 0.000000
601948.990534 2488736.895751 0.000000
601944.040821 2488737.644354 0.000000
601939.091108 2488738.392957 0.000000
601934.141395 2488739.141560 0.000000
601929.191682 2488739.890163 0.000000
601924.241968 2488740.638766 0.000000
601919.292255 2488741.387368 0.000000
601914.342542 2488742.135971 0.000000
601909.392829 2488742.884574 0.000000
601904.443115 2488743.633177 0.000000
601899.493402 2488744.381780 0.000000
601894.543689 2488745.130383 0.000000
601889.593976 2488745.878986 0.000000
601884.644263 2488746.627589 0.000000
601879.694549 2488747.376192 0.000000
601874.744836 2488748.124795 0.000000
601869.795123 2488748.873398 0.000000
601864.845410 2488749.622001 0.000000
601859.895697 2488750.370604 0.000000
601854.945983 2488751.119207 0.000000
601849.996270 2488751.867810 0.000000
601845.046557 2488752.616412 0.000000
601840.096844 2488753.365015 0.000000
601835.147130 2488754.113618 0.000000
601830.197417 2488754.862221 0.000000
601825.247704 2488755.610824 0.000000
601820.297991 2488756.359427 0.000000
601815.348278 2488757.108030 0.000000
601810.398564 2488757.856633 0.000000
601805.448851 2488758.605236 0.000000
601800.499138 2488759.353839 0.000000
601795.549425 2488760.102442 0.000000
601790.599712 2488760.851045 0.000000
601785.649998 2488761.599648 0.000000
601780.700285 2488762.348251 0.000000
601775.750572 2488763.096853 0.000000
601770.800859 2488763.845456 0.000000
601765.851145 2488764.594059 0.000000
601760.901432 2488765.342662 0.000000
601755.951719 2488766.091265 0.000000
601751.002006 2488766.839868 0.000000
601746.052293 2488767.588471 0.000000
601741.102579 2488768.337074 0.000000
601736.152866 2488769.085677 0.000000
601731.203153 2488769.834280 0.000000
601726.253440 2488770.582883 0.000000
601721.303727 2488771.331486 0.000000
601716.354013 2488772.080089 0.000000
601711.404300 2488772.828692 0.000000
601706.454587 2488773.577295 0.000000
601701.504874 2488774.325897 0.000000
601696.555160 2488775.074500 0.000000
601691.605447 2488775.823103 0.000000
601686.655734 2488776.571706 0.000000
601681.706021 2488777.320309 0.000000
601676.756308 2488778.068912 0.000000
601671.806594 2488778.817515 0.000000
601666.856881 2488779.566118 0.000000
601661.907168 2488780.314721 0.000000
601656.957455 2488781.063324 0.000000
601652.007741 2488781.811927 0.000000
601647.058028 2488782.560530 0.000000
601642.108315 2488783.309133 0.000000
601637.158602 2488784.057736 0.000000
601632.208889 2488784.806338 0.000000
601627.259175 2488785.554941 0.000000
601622.309462 2488786.303544 0.000000
601617.359749 2488787.052147 0.000000
601612.410036 2488787.800750 0.000000
601607.460323 2488788.549353 0.000000
601602.510609 2488789.297956 0.000000
601597.560896 2488790.046559 0.000000
601592.611183 2488790.795162 0.000000
601587.661470 2488791.543765 0.000000
601582.711756 2488792.292368 0.000000
601577.762043 2488793.040971 0.000000
601572.812330 2488793.789574 0.000000
601567.862617 2488794.538177 0.000000
601562.912904 2488795.286780 0.000000
601557.963190 2488796.035382 0.000000
601553.013477 2488796.783985 0.000000
601548.063764 2488797.532588 0.000000
601543.114051 2488798.281191 0.000000
601538.164338 2488799.029794 0.000000
601533.214624 2488799.778397 0.000000
601528.264911 2488800.527000 0.000000
601523.315198 2488801.275603 0.000000
601518.365485 2488802.024206 0.000000
601513.415771 2488802.772809 0.000000
601508.466058 2488803.521412 0.000000
601503.516345 2488804.270015 0.000000
601498.566632 2488805.018618 0.000000
601493.616919 2488805.767221 0.000000
601488.667205 2488806.515823 0.000000
601483.717492 2488807.264426 0.000000
601478.767779 2488808.013029 0.000000
601473.818066 2488808.761632 0.000000
601468.868353 2488809.510235 0.000000
601463.918639 2488810.258838 0.000000
601458.968926 2488811.007441 0.000000
601454.019213 2488811.756044 0.000000
601449.069500 2488812.504647 0.000000
601444.119786 2488813.253250 0.000000
601439.170073 2488814.001853 0.000000
601434.220360 2488814.750456 0.000000
601429.270647 2488815.499059 0.000000
601424.320934 2488816.247662 0.000000
601419.371220 2488816.996265 0.000000
601414.421507 2488817.744867 0.000000
601409.471794 2488818.493470 0.000000
601404.522081 2488819.242073 0.000000
601399.572368 2488819.990676 0.000000
601394.622654 2488820.739279 0.000000
601389.672941 2488821.487882 0.000000
601384.723228 2488822.236485 0.000000
601379.773515 2488822.985088 0.000000
601374.823801 2488823.733691 0.000000
601369.874088 2488824.482294 0.000000
601364.924375 2488825.230897 0.000000
601359.974662 2488825.979500 0.000000
601355.024949 2488826.728103 0.000000
601350.075235 2488827.476706 0.000000
601345.125522 2488828.225308 0.000000
601340.175809 2488828.973911 0.000000
601335.226096 2488829.722514 0.000000
601330.276383 2488830.471117 0.000000
601325.326669 2488831.219720 0.000000
601320.376956 2488831.968323 0.000000
601315.427243 2488832.716926 0.000000
601310.477530 2488833.465529 0.000000
601305.527816 2488834.214132 0.000000
601300.578103 2488834.962735 0.000000
601295.628390 2488835.711338 0.000000
601290.678677 2488836.459941 0.000000
601285.728964 2488837.208544 0.000000
601280.779250 2488837.957147 0.000000
601275.829537 2488838.705750 0.000000
601270.879824 2488839.454352 0.000000
601265.930111 2488840.202955 0.000000
601260.980398 2488840.951558 0.000000
601256.030684 2488841.700161 0.000000
601251.080971 2488842.448764 0.000000
601246.131258 2488843.197367 0.000000
601241.181545 2488843.945970 0.000000
601236.231831 2488844.694573 0.000000
601231.282118 2488845.443176 0.000000
601226.332405 2488846.191779 0.000000
601221.382692 2488846.940382 0.000000
601216.432979 2488847.688985 0.000000
601211.483265 2488848.437588 0.000000
601206.533552 2488849.186191 0.000000
601201.583839 2488849.934793 0.000000
601196.634126 2488850.683396 0.000000
601191.684413 2488851.431999 0.000000
601186.734699 2488852.180602 0.000000
601181.784986 2488852.929205 0.000000
601176.835273 2488853.677808 0.000000
601171.885560 2488854.426411 0.000000
601166.935846 2488855.175014 0.000000
601161.986133 2488855.923617 0.000000
601157.036420 2488856.672220 0.000000
601152.086707 2488857.420823 0.000000
601147.136994 2488858.169426 0.000000
601142.187280 2488858.918029 0.000000
601137.237567 2488859.666632 0.000000
601132.287854 2488860.415235 0.000000
601127.338141 2488861.163837 0.000000
601122.388427 2488861.912440 0.000000
601117.438714 2488862.661043 0.000000
601112.489001 2488863.409646 0.000000
601107.539288 2488864.158249 0.000000
601102.589575 2488864.906852 0.000000
601097.639861 2488865.655455 0.000000
601092.690148 2488866.404058 0.000000
601087.740435 2488867.152661 0.000000
601082.790722 2488867.901264 0.000000
601077.841009 2488868.649867 0.000000
601072.891295 2488869.398470 0.000000
601067.941582 2488870.147073 0.000000
601062.991869 2488870.895676 0.000000
601058.042156 2488871.644278 0.000000
601053.092442 2488872.392881 0.000000
601048.142729 2488873.141484 0.000000
601043.193016 2488873.890087 0.000000
601038.243303 2488874.638690 0.000000
601033.293590 2488875.387293 0.000000
601028.343876 2488876.135896 0.000000
601023.394163 2488876.884499 0.000000
601018.444450 2488877.633102 0.000000
601013.494737 2488878.381705 0.000000
601008.545024 2488879.130308 0.000000
601003.595310 2488879.878911 0.000000
600998.645597 2488880.627514 0.000000
600993.695884 2488881.376117 0.000000
600988.746171 2488882.124720 0.000000
600983.796457 2488882.873322 0.000000
600978.846744 2488883.621925 0.000000
600973.897031 2488884.370528 0.000000
600968.947318 2488885.119131 0.000000
600963.997605 2488885.867734 0.000000
600959.047891 2488886.616337 0.000000
600954.098178 2488887.364940 0.000000
600949.148465 2488888.113543 0.000000
600944.198752 2488888.862146 0.000000
600939.249039 2488889.610749 0.000000
600934.299325 2488890.359352 0.000000
600929.349612 2488891.107955 0.000000
600924.399899 2488891.856558 0.000000
600919.450186 2488892.605161 0.000000
600914.500472 2488893.353763 0.000000
600909.550759 2488894.102366 0.000000
600904.601046 2488894.850969 0.000000
600899.651333 2488895.599572 0.000000
600894.701620 2488896.348175 0.000000
600889.751906 2488897.096778 0.000000
600884.802193 2488897.845381 0.000000
600879.852480 2488898.593984 0.000000
600874.902767 2488899.342587 0.000000
600869.953054 2488900.091190 0.000000
600865.003340 2488900.839793 0.000000
600860.053627 2488901.588396 0.000000
600855.103914 2488902.336999 0.000000
600850.154201 2488903.085602 0.000000
600845.204487 2488903.834205 0.000000
600840.254774 2488904.582807 0.000000
600835.305061 2488905.331410 0.000000
600830.355348 2488906.080013 0.000000
600825.405635 2488906.828616 0.000000
600820.455921 2488907.577219 0.000000
600815.506208 2488908.325822 0.000000
600810.556495 2488909.074425 0.000000
600805.606782 2488909.823028 0.000000
600800.657069 2488910.571631 0.000000
600795.707355 2488911.320234 0.000000
600790.757642 2488912.068837 0.000000
600785.807929 2488912.817440 0.000000
600780.858216 2488913.566043 0.000000
600775.908502 2488914.314646 0.000000
600770.958789 2488915.063248 0.000000
600766.009076 2488915.811851 0.000000
600761.059363 2488916.560454 0.000000
600756.109650 2488917.309057 0.000000
600751.159936 2488918.057660 0.000000
600746.210223 2488918.806263 0.000000
600741.260510 2488919.554866 0.000000
600736.310797 2488920.303469 0.000000
600731.361084 2488921.052072 0.000000
600726.411370 2488921.800675 0.000000
600721.461657 2488922.549278 0.000000
600716.511944 2488923.297881 0.000000
600711.562231 2488924.046484 0.000000
600706.612517 2488924.795087 0.000000
600701.662804 2488925.543690 0.000000
600696.713091 2488926.292292 0.000000
600691.763378 2488927.040895 0.000000
600686.813665 2488927.789498 0.000000
600681.863951 2488928.538101 0.000000
600676.914238 2488929.286704 0.000000
600671.964525 2488930.035307 0.000000
600667.014812 2488930.783910 0.000000
600662.065099 2488931.532513 0.000000
600657.115385 2488932.281116 0.000000
600652.165672 2488933.029719 0.000000
600647.215959 2488933.778322 0.000000
600642.266246 2488934.526925 0.000000
600637.316532 2488935.275528 0.000000
600632.366819 2488936.024131 0.000000
600627.417106 2488936.772733 0.000000
600622.467393 2488937.521336 0.000000
600617.517680 2488938.269939 0.000000
600612.567966 2488939.018542 0.000000
600607.618253 2488939.767145 0.000000
600602.668540 2488940.515748 0.000000
600597.718827 2488941.264351 0.000000
600592.769113 2488942.012954 0.000000
600587.819400 2488942.761557 0.000000
600582.869687 2488943.510160 0.000000
600577.919974 2488944.258763 0.000000
600572.970261 2488945.007366 0.000000
600568.020547 2488945.755969 0.000000
600563.070834 2488946.504572 0.000000
600558.121121 2488947.253175 0.000000
600553.171408 2488948.001777 0.000000
600548.221695 2488948.750380 0.000000
600543.271981 2488949.498983 0.000000
600538.322268 2488950.247586 0.000000
600533.372555 2488950.996189 0.000000
600528.422842 2488951.744792 0.000000
600523.473128 2488952.493395 0.000000
600518.523415 2488953.241998 0.000000
600513.573702 2488953.990601 0.000000
600508.623989 2488954.739204 0.000000
600503.674276 2488955.487807 0.000000
600498.724562 2488956.236410 0.000000
600493.774849 2488956.985013 0.000000
600488.825136 2488957.733616 0.000000
600483.875423 2488958.482218 0.000000
600478.925710 2488959.230821 0.000000
600473.975996 2488959.979424 0.000000
600469.026283 2488960.728027 0.000000
600464.088791 2488961.696777 0.000000
600459.151298 2488962.665526 0.000000
600454.213806 2488963.634275 0.000000
600449.276313 2488964.603024 0.000000
600444.338820 2488965.571773 0.000000
600439.401328 2488966.540523 0.000000
600434.463835 2488967.509272 0.000000
600429.526343 2488968.478021 0.000000
600424.588850 2488969.446770 0.000000
600419.651358 2488970.415520 0.000000
600414.713865 2488971.384269 0.000000
600409.776373 2488972.353018 0.000000
600404.838880 2488973.321767 0.000000
600399.901388 2488974.290517 0.000000
600394.963895 2488975.259266 0.000000
600390.026403 2488976.228015 0.000000
600385.088910 2488977.196764 0.000000
600380.151418 2488978.165514 0.000000
600375.213925 2488979.134263 0.000000
600370.276432 2488980.103012 0.000000
600365.338940 2488981.071761 0.000000
600360.401447 2488982.040511 0.000000
600355.463955 2488983.009260 0.000000
600350.526462 2488983.978009 0.000000
600345.588970 2488984.946758 0.000000
600340.651477 2488985.915507 0.000000
600335.713985 2488986.884257 0.000000
600330.776492 2488987.853006 0.000000
600325.839000 2488988.821755 0.000000
600320.901507 2488989.790504 0.000000
600315.964015 2488990.759254 0.000000
600311.026522 2488991.728003 0.000000
600306.075310 2488992.471905 0.000000
600301.124098 2488993.215807 0.000000
600296.172886 2488993.959709 0.000000
600291.221674 2488994.703611 0.000000
600286.270462 2488995.447513 0.000000
600281.319250 2488996.191415 0.000000
600276.368038 2488996.935317 0.000000
600271.416826 2488997.679219 0.000000
600266.465614 2488998.423121 0.000000
600261.514401 2488999.167023 0.000000
600256.563189 2488999.910925 0.000000
600251.611977 2489000.654827 0.000000
600246.660765 2489001.398729 0.000000
600241.709553 2489002.142631 0.000000
600236.758341 2489002.886533 0.000000
600231.807129 2489003.630435 0.000000
600226.855917 2489004.374337 0.000000
600221.904705 2489005.118239 0.000000
600216.953493 2489005.862141 0.000000
600212.002281 2489006.606043 0.000000
600207.051069 2489007.349945 0.000000
600202.099857 2489008.093847 0.000000
600197.148645 2489008.837749 0.000000
600192.197433 2489009.581651 0.000000
600187.246221 2489010.325553 0.000000
600182.295009 2489011.069455 0.000000
600177.343796 2489011.813357 0.000000
600172.392584 2489012.557259 0.000000
600167.441372 2489013.301161 0.000000
600162.490160 2489014.045063 0.000000
600157.538948 2489014.788965 0.000000
600152.587736 2489015.532867 0.000000
600147.636524 2489016.276769 0.000000
600142.685312 2489017.020671 0.000000
600137.734100 2489017.764573 0.000000
600132.782888 2489018.508475 0.000000
600127.831676 2489019.252377 0.000000
600122.880464 2489019.996279 0.000000
600117.929252 2489020.740181 0.000000
600112.978040 2489021.484083 0.000000
600108.026828 2489022.227985 0.000000
600103.075616 2489022.971888 0.000000
600098.124404 2489023.715790 0.000000
600093.173191 2489024.459692 0.000000
600088.221979 2489025.203594 0.000000
600083.270767 2489025.947496 0.000000
600078.319555 2489026.691398 0.000000
600073.368343 2489027.435300 0.000000
600068.417131 2489028.179202 0.000000
600063.465919 2489028.923104 0.000000
600058.514707 2489029.667006 0.000000
600053.563495 2489030.410908 0.000000
600048.612283 2489031.154810 0.000000
600043.661071 2489031.898712 0.000000
600038.709859 2489032.642614 0.000000
600033.758647 2489033.386516 0.000000
600028.807435 2489034.130418 0.000000
600023.856223 2489034.874320 0.000000
600018.905011 2489035.618222 0.000000
600013.953799 2489036.362124 0.000000
600009.002587 2489037.106026 0.000000
600004.051374 2489037.849928 0.000000
599999.100162 2489038.593830 0.000000
599994.148950 2489039.337732 0.000000
599989.197738 2489040.081634 0.000000
599984.246526 2489040.825536 0.000000
599979.295314 2489041.569438 0.000000
599974.344102 2489042.313340 0.000000
599969.392890 2489043.057242 0.000000
599964.441678 2489043.801144 0.000000
599959.490466 2489044.545046 0.000000
599954.539254 2489045.288948 0.000000
599949.588042 2489046.032850 0.000000
599944.636830 2489046.776752 0.000000
599939.685618 2489047.520654 0.000000
599934.734406 2489048.264556 0.000000
599929.783194 2489049.008458 0.000000
599924.831982 2489049.752360 0.000000
599919.880769 2489050.496262 0.000000
599914.929557 2489051.240164 0.000000
599909.978345 2489051.984066 0.000000
599905.027133 2489052.727968 0.000000
