FFASCI 0 1 "LINES" 0 1e+10
FFATTR 0 1
->1
607862.013798 2478888.742070 0.000000
607857.078321 2478889.580779 0.000000
607852.142845 2478890.419489 0.000000
607847.207369 2478891.258198 0.000000
607842.271892 2478892.096907 0.000000
607837.336416 2478892.935616 0.000000
607832.400940 2478893.774325 0.000000
607827.465463 2478894.613034 0.000000
607822.529987 2478895.451743 0.000000
607817.594511 2478896.290453 0.000000
607812.659034 2478897.129162 0.000000
607807.723558 2478897.967871 0.000000
607802.788082 2478898.806580 0.000000
607797.852605 2478899.645289 0.000000
607792.917129 2478900.483998 0.000000
607787.981653 2478901.322708 0.000000
607783.046176 2478902.161417 0.000000
607778.110700 2478903.000126 0.000000
607773.175224 2478903.838835 0.000000
607768.239747 2478904.677544 0.000000
607763.304271 2478905.516253 0.000000
607758.368794 2478906.354962 0.000000
607753.433318 2478907.193672 0.000000
607748.497842 2478908.032381 0.000000
607743.562365 2478908.871090 0.000000
607738.626889 2478909.709799 0.000000
607733.691413 2478910.548508 0.000000
607728.755936 2478911.387217 0.000000
607723.820460 2478912.225927 0.000000
607718.884984 2478913.064636 0.000000
607713.949507 2478913.903345 0.000000
607709.014031 2478914.742054 0.000000
607704.064038 2478915.452054 0.000000
607699.114046 2478916.162053 0.000000
607694.164053 2478916.872053 0.000000
607689.214061 2478917.582053 0.000000
607684.264069 2478918.292052 0.000000
607679.314076 2478919.002052 0.000000
607674.364084 2478919.712052 0.000000
607669.414091 2478920.422051 0.000000
607664.464099 2478921.132051 0.000000
607659.514106 2478921.842051 0.000000
607654.564114 2478922.552050 0.000000
607649.614121 2478923.262050 0.000000
607644.664129 2478923.972050 0.000000
607639.714136 2478924.682049 0.000000
607634.764144 2478925.392049 0.000000
607629.814151 2478926.102049 0.000000
607624.864159 2478926.812048 0.000000
607619.914166 2478927.522048 0.000000
607614.964174 2478928.232048 0.000000
607610.014181 2478928.942047 0.000000
607605.064189 2478929.652047 0.000000
607600.114196 2478930.362047 0.000000
607595.164204 2478931.072047 0.000000
607590.214211 2478931.782046 0.000000
607585.264219 2478932.492046 0.000000
607580.314226 2478933.202046 0.000000
607575.364234 2478933.912045 0.000000
607570.414242 2478934.622045 0.000000
607565.464249 2478935.332045 0.000000
607560.514257 2478936.042044 0.000000
607555.564264 2478936.752044 0.000000
607550.614272 2478937.462044 0.000000
607545.664279 2478938.172043 0.000000
607540.714287 2478938.882043 0.000000
607535.764294 2478939.592043 0.000000
607530.814302 2478940.302042 0.000000
607525.864309 2478941.012042 0.000000
607520.914317 2478941.722042 0.000000
607515.964324 2478942.432041 0.000000
607511.014332 2478943.142041 0.000000
607506.064339 2478943.852041 0.000000
607501.114347 2478944.562040 0.000000
607496.164354 2478945.272040 0.000000
607491.214362 2478945.982040 0.000000
607486.264369 2478946.692039 0.000000
607481.314377 2478947.402039 0.000000
607476.364384 2478948.112039 0.000000
607471.414392 2478948.822038 0.000000
607466.464399 2478949.532038 0.000000
607461.514407 2478950.242038 0.000000
607456.564414 2478950.952037 0.000000
607451.614422 2478951.662037 0.000000
607446.664430 2478952.372037 0.000000
607441.714437 2478953.082036 0.000000
607436.764445 2478953.792036 0.000000
607431.814452 2478954.502036 0.000000
607426.864460 2478955.212035 0.000000
607421.914467 2478955.922035 0.000000
607416.964475 2478956.632035 0.000000
607412.014482 2478957.342034 0.000000
607407.064490 2478958.052034 0.000000
607402.114497 2478958.762034 0.000000
607397.164505 2478959.472033 0.000000
607392.214512 2478960.182033 0.000000
607387.264520 2478960.892033 0.000000
607382.314527 2478961.602032 0.000000
607377.364535 2478962.312032 0.000000
607372.414542 2478963.022032 0.000000
607367.464550 2478963.732031 0.000000
607362.514557 2478964.442031 0.000000
607357.564565 2478965.152031 0.000000
607352.614572 2478965.862030 0.000000
607347.664580 2478966.572030 0.000000
607342.714587 2478967.282030 0.000000
607337.764595 2478967.992029 0.000000
607332.814603 2478968.702029 0.000000
607327.864610 2478969.412029 0.000000
607322.914618 2478970.122028 0.000000
607317.964625 2478970.832028 0.000000
607313.014633 2478971.542028 0.000000
607308.064640 2478972.252027 0.000000
607303.114648 2478972.962027 0.000000
607298.164655 2478973.672027 0.000000
607293.214663 2478974.382027 0.000000
607288.264670 2478975.092026 0.000000
607283.314678 2478975.802026 0.000000
607278.364685 2478976.512026 0.000000
607273.414693 2478977.222025 0.000000
607268.464700 2478977.932025 0.000000
607263.514708 2478978.642025 0.000000
607258.564715 2478979.352024 0.000000
607253.614723 2478980.062024 0.000000
607248.664730 2478980.772024 0.000000
607243.714738 2478981.482023 0.000000
607238.764745 2478982.192023 0.000000
607233.814753 2478982.902023 0.000000
607228.864760 2478983.612022 0.000000
607223.914768 2478984.322022 0.000000
607218.964775 2478985.032022 0.000000
607214.014783 2478985.742021 0.000000
607209.061371 2478986.424804 0.000000
607204.107958 2478987.107587 0.000000
607199.154546 2478987.790369 0.000000
607194.201134 2478988.473152 0.000000
607189.247722 2478989.155935 0.000000
607184.294309 2478989.838717 0.000000
607179.340897 2478990.521500 0.000000
607174.387485 2478991.204283 0.000000
607169.434072 2478991.887066 0.000000
607164.480660 2478992.569848 0.000000
607159.527248 2478993.252631 0.000000
607154.573835 2478993.935414 0.000000
607149.620423 2478994.618196 0.000000
607144.667011 2478995.300979 0.000000
607139.713599 2478995.983762 0.000000
607134.760186 2478996.666544 0.000000
607129.806774 2478997.349327 0.000000
607124.853362 2478998.032110 0.000000
607119.899949 2478998.714893 0.000000
607114.946537 2478999.397675 0.000000
607109.993125 2479000.080458 0.000000
607105.039713 2479000.763241 0.000000
607100.086300 2479001.446023 0.000000
607095.132888 2479002.128806 0.000000
607090.179476 2479002.811589 0.000000
607085.226063 2479003.494372 0.000000
607080.272651 2479004.177154 0.000000
607075.319239 2479004.859937 0.000000
607070.365826 2479005.542720 0.000000
607065.412414 2479006.225502 0.000000
607060.459002 2479006.908285 0.000000
607055.505590 2479007.591068 0.000000
607050.552177 2479008.273850 0.000000
607045.598765 2479008.956633 0.000000
607040.645353 2479009.639416 0.000000
607035.691940 2479010.322199 0.000000
607030.738528 2479011.004981 0.000000
607025.785116 2479011.687764 0.000000
607020.831704 2479012.370547 0.000000
607015.878291 2479013.053329 0.000000
607010.924879 2479013.736112 0.000000
607005.971467 2479014.418895 0.000000
607001.018054 2479015.101677 0.000000
606996.064642 2479015.784460 0.000000
606991.111230 2479016.467243 0.000000
606986.157817 2479017.150026 0.000000
606981.204405 2479017.832808 0.000000
606976.250993 2479018.515591 0.000000
606971.297581 2479019.198374 0.000000
606966.344168 2479019.881156 0.000000
606961.390756 2479020.563939 0.000000
606956.437344 2479021.246722 0.000000
606951.483931 2479021.929504 0.000000
606946.530519 2479022.612287 0.000000
606941.577107 2479023.295070 0.000000
606936.623694 2479023.977853 0.000000
606931.670282 2479024.660635 0.000000
606926.716870 2479025.343418 0.000000
606921.763458 2479026.026201 0.000000
606916.810045 2479026.708983 0.000000
606911.856633 2479027.391766 0.000000
606906.903221 2479028.074549 0.000000
606901.949808 2479028.757331 0.000000
606896.996396 2479029.440114 0.000000
606892.042984 2479030.122897 0.000000
606887.089572 2479030.805680 0.000000
606882.136159 2479031.488462 0.000000
606877.182747 2479032.171245 0.000000
606872.229335 2479032.854028 0.000000
606867.275922 2479033.536810 0.000000
606862.322510 2479034.219593 0.000000
606857.369098 2479034.902376 0.000000
606852.415685 2479035.585159 0.000000
606847.462273 2479036.267941 0.000000
606842.508861 2479036.950724 0.000000
606837.555449 2479037.633507 0.000000
606832.602036 2479038.316289 0.000000
606827.648624 2479038.999072 0.000000
606822.695212 2479039.681855 0.000000
606817.741799 2479040.364637 0.000000
606812.788387 2479041.047420 0.000000
606807.834975 2479041.730203 0.000000
606802.881563 2479042.412986 0.000000
606797.928150 2479043.095768 0.000000
606792.974738 2479043.778551 0.000000
606788.021326 2479044.461334 0.000000
606783.067913 2479045.144116 0.000000
606778.114501 2479045.826899 0.000000
606773.161089 2479046.509682 0.000000
606768.207676 2479047.192464 0.000000
606763.254264 2479047.875247 0.000000
606758.300852 2479048.558030 0.000000
606753.347440 2479049.240813 0.000000
606748.394027 2479049.923595 0.000000
606743.440615 2479050.606378 0.000000
606738.487203 2479051.289161 0.000000
606733.533790 2479051.971943 0.000000
606728.580378 2479052.654726 0.000000
606723.626966 2479053.337509 0.000000
606718.673553 2479054.020291 0.000000
606713.720141 2479054.703074 0.000000
606708.766729 2479055.385857 0.000000
606703.813317 2479056.068640 0.000000
606698.859904 2479056.751422 0.000000
606693.906492 2479057.434205 0.000000
606688.953080 2479058.116988 0.000000
606683.999667 2479058.799770 0.000000
606679.046255 2479059.482553 0.000000
606674.092843 2479060.165336 0.000000
606669.139431 2479060.848118 0.000000
606664.186018 2479061.530901 0.000000
606659.232606 2479062.213684 0.000000
606654.279194 2479062.896467 0.000000
606649.325781 2479063.579249 0.000000
606644.372369 2479064.262032 0.000000
606639.418957 2479064.944815 0.000000
606634.465544 2479065.627597 0.000000
606629.512132 2479066.310380 0.000000
606624.558720 2479066.993163 0.000000
606619.605308 2479067.675945 0.000000
606614.651895 2479068.358728 0.000000
606609.698483 2479069.041511 0.000000
606604.745071 2479069.724294 0.000000
606599.791658 2479070.407076 0.000000
606594.838246 2479071.089859 0.000000
606589.884834 2479071.772642 0.000000
606584.931422 2479072.455424 0.000000
606579.978009 2479073.138207 0.000000
606575.024597 2479073.820990 0.000000
606570.071185 2479074.503773 0.000000
606565.117772 2479075.186555 0.000000
606560.164360 2479075.869338 0.000000
606555.210948 2479076.552121 0.000000
606550.257535 2479077.234903 0.000000
606545.304123 2479077.917686 0.000000
606540.350711 2479078.600469 0.000000
606535.397299 2479079.283251 0.000000
606530.443886 2479079.966034 0.000000
606525.490474 2479080.648817 0.000000
606520.537062 2479081.331600 0.000000
606515.583649 2479082.014382 0.000000
606510.630237 2479082.697165 0.000000
606505.676825 2479083.379948 0.000000
606500.723413 2479084.062730 0.000000
606495.770000 2479084.745513 0.000000
606490.816588 2479085.428296 0.000000
606485.863176 2479086.111078 0.000000
606480.909763 2479086.793861 0.000000
606475.956351 2479087.476644 0.000000
606471.002939 2479088.159427 0.000000
606466.049526 2479088.842209 0.000000
606461.096114 2479089.524992 0.000000
606456.142702 2479090.207775 0.000000
606451.189290 2479090.890557 0.000000
606446.235877 2479091.573340 0.000000
606441.282465 2479092.256123 0.000000
606436.329053 2479092.938905 0.000000
606431.375640 2479093.621688 0.000000
606426.422228 2479094.304471 0.000000
606421.468816 2479094.987254 0.000000
606416.515403 2479095.670036 0.000000
606411.561991 2479096.352819 0.000000
606406.608579 2479097.035602 0.000000
606401.655167 2479097.718384 0.000000
606396.701754 2479098.401167 0.000000
606391.748342 2479099.083950 0.000000
606386.794930 2479099.766732 0.000000
606381.841517 2479100.449515 0.000000
606376.888105 2479101.132298 0.000000
606371.934693 2479101.815081 0.000000
606366.981281 2479102.497863 0.000000
606362.027868 2479103.180646 0.000000
606357.074456 2479103.863429 0.000000
606352.121044 2479104.546211 0.000000
606347.167631 2479105.228994 0.000000
606342.214219 2479105.911777 0.000000
606337.260807 2479106.594559 0.000000
606332.307394 2479107.277342 0.000000
606327.353982 2479107.960125 0.000000
606322.400570 2479108.642908 0.000000
606317.447158 2479109.325690 0.000000
606312.493745 2479110.008473 0.000000
606307.540333 2479110.691256 0.000000
606302.586921 2479111.374038 0.000000
606297.633508 2479112.056821 0.000000
606292.680096 2479112.739604 0.000000
606287.726684 2479113.422387 0.000000
606282.773272 2479114.105169 0.000000
606277.819859 2479114.787952 0.000000
606272.866447 2479115.470735 0.000000
606267.913035 2479116.153517 0.000000
606262.959622 2479116.836300 0.000000
606258.006210 2479117.519083 0.000000
606253.052798 2479118.201865 0.000000
606248.099385 2479118.884648 0.000000
606243.145973 2479119.567431 0.000000
606238.192561 2479120.250214 0.000000
606233.239149 2479120.932996 0.000000
606228.285736 2479121.615779 0.000000
606223.332324 2479122.298562 0.000000
606218.378912 2479122.981344 0.000000
606213.425499 2479123.664127 0.000000
606208.472087 2479124.346910 0.000000
606203.518675 2479125.029692 0.000000
606198.565262 2479125.712475 0.000000
606193.611850 2479126.395258 0.000000
606188.658438 2479127.078041 0.000000
606183.705026 2479127.760823 0.000000
606178.751613 2479128.443606 0.000000
606173.798201 2479129.126389 0.000000
606168.844789 2479129.809171 0.000000
606163.891376 2479130.491954 0.000000
606158.937964 2479131.174737 0.000000
606153.984552 2479131.857519 0.000000
606149.031140 2479132.540302 0.000000
606144.077727 2479133.223085 0.000000
606139.124315 2479133.905868 0.000000
606134.170903 2479134.588650 0.000000
606129.217490 2479135.271433 0.000000
606124.264078 2479135.954216 0.000000
606119.310666 2479136.636998 0.000000
606114.357253 2479137.319781 0.000000
606109.403841 2479138.002564 0.000000
606104.450429 2479138.685346 0.000000
606099.497017 2479139.368129 0.000000
606094.543604 2479140.050912 0.000000
606089.590192 2479140.733695 0.000000
606084.636780 2479141.416477 0.000000
606079.683367 2479142.099260 0.000000
606074.729955 2479142.782043 0.000000
606069.776543 2479143.464825 0.000000
606064.823131 2479144.147608 0.000000
606059.869718 2479144.830391 0.000000
606054.916306 2479145.513174 0.000000
606049.962894 2479146.195956 0.000000
606045.009481 2479146.878739 0.000000
606040.056069 2479147.561522 0.000000
606035.102657 2479148.244304 0.000000
606030.149244 2479148.927087 0.000000
606025.195832 2479149.609870 0.000000
606020.242420 2479150.292652 0.000000
606015.289008 2479150.975435 0.000000
606010.335595 2479151.658218 0.000000
606005.382183 2479152.341001 0.000000
606000.428771 2479153.023783 0.000000
605995.475358 2479153.706566 0.000000
605990.521946 2479154.389349 0.000000
605985.568534 2479155.072131 0.000000
605980.615122 2479155.754914 0.000000
605975.661709 2479156.437697 0.000000
605970.708297 2479157.120479 0.000000
605965.754885 2479157.803262 0.000000
605960.801472 2479158.486045 0.000000
605955.848060 2479159.168828 0.000000
605950.894648 2479159.851610 0.000000
605945.941235 2479160.534393 0.000000
605940.987823 2479161.217176 0.000000
605936.034411 2479161.899958 0.000000
605931.080999 2479162.582741 0.000000
605926.127586 2479163.265524 0.000000
605921.174174 2479163.948306 0.000000
605916.220762 2479164.631089 0.000000
605911.267349 2479165.313872 0.000000
605906.313937 2479165.996655 0.000000
605901.360525 2479166.679437 0.000000
605896.407112 2479167.362220 0.000000
605891.453700 2479168.045003 0.000000
605886.500288 2479168.727785 0.000000
605881.546876 2479169.410568 0.000000
605876.593463 2479170.093351 0.000000
605871.640051 2479170.776133 0.000000
605866.686639 2479171.458916 0.000000
605861.733226 2479172.141699 0.000000
605856.779814 2479172.824482 0.000000
605851.826402 2479173.507264 0.000000
605846.872990 2479174.190047 0.000000
605841.919577 2479174.872830 0.000000
605836.966165 2479175.555612 0.000000
605832.012753 2479176.238395 0.000000
605827.059340 2479176.921178 0.000000
605822.105928 2479177.603960 0.000000
605817.152516 2479178.286743 0.000000
605812.199103 2479178.969526 0.000000
605807.245691 2479179.652309 0.000000
605802.292279 2479180.335091 0.000000
605797.338867 2479181.017874 0.000000
605792.385454 2479181.700657 0.000000
605787.432042 2479182.383439 0.000000
605782.478630 2479183.066222 0.000000
605777.525217 2479183.749005 0.000000
605772.571805 2479184.431788 0.000000
605767.618393 2479185.114570 0.000000
605762.664981 2479185.797353 0.000000
605757.711568 2479186.480136 0.000000
605752.758156 2479187.162918 0.000000
605747.804744 2479187.845701 0.000000
605742.851331 2479188.528484 0.000000
605737.897919 2479189.211266 0.000000
605732.944507 2479189.894049 0.000000
605727.991094 2479190.576832 0.000000
605723.037682 2479191.259615 0.000000
605718.084270 2479191.942397 0.000000
605713.130858 2479192.625180 0.000000
605708.177445 2479193.307963 0.000000
605703.224033 2479193.990745 0.000000
605698.270621 2479194.673528 0.000000
605693.317208 2479195.356311 0.000000
605688.363796 2479196.039093 0.000000
605683.410384 2479196.721876 0.000000
605678.456971 2479197.404659 0.000000
605673.503559 2479198.087442 0.000000
605668.550147 2479198.770224 0.000000
605663.596735 2479199.453007 0.000000
605658.643322 2479200.135790 0.000000
605653.689910 2479200.818572 0.000000
605648.736498 2479201.501355 0.000000
605643.783085 2479202.184138 0.000000
605638.829673 2479202.866920 0.000000
605633.876261 2479203.549703 0.000000
605628.922849 2479204.232486 0.000000
605623.969436 2479204.915269 0.000000
605619.016024 2479205.598051 0.000000
605614.062612 2479206.280834 0.000000
605609.109199 2479206.963617 0.000000
605604.155787 2479207.646399 0.000000
605599.202375 2479208.329182 0.000000
605594.248962 2479209.011965 0.000000
605589.295550 2479209.694747 0.000000
605584.342138 2479210.377530 0.000000
605579.388726 2479211.060313 0.000000
605574.435313 2479211.743096 0.000000
605569.481901 2479212.425878 0.000000
605564.528489 2479213.108661 0.000000
605559.575076 2479213.791444 0.000000
605554.621664 2479214.474226 0.000000
605549.668252 2479215.157009 0.000000
605544.714840 2479215.839792 0.000000
605539.761427 2479216.522574 0.000000
605534.808015 2479217.205357 0.000000
605529.854603 2479217.888140 0.000000
605524.901190 2479218.570923 0.000000
605519.947778 2479219.253705 0.000000
605514.994366 2479219.936488 0.000000
605510.040953 2479220.619271 0.000000
605505.087541 2479221.302053 0.000000
605500.134129 2479221.984836 0.000000
605495.180717 2479222.667619 0.000000
605490.227304 2479223.350402 0.000000
605485.273892 2479224.033184 0.000000
605480.320480 2479224.715967 0.000000
605475.367067 2479225.398750 0.000000
605470.413655 2479226.081532 0.000000
605465.460243 2479226.764315 0.000000
605460.506831 2479227.447098 0.000000
605455.553418 2479228.129880 0.000000
605450.600006 2479228.812663 0.000000
605445.646594 2479229.495446 0.000000
605440.693181 2479230.178229 0.000000
605435.739769 2479230.861011 0.000000
605430.786357 2479231.543794 0.000000
605425.832944 2479232.226577 0.000000
605420.879532 2479232.909359 0.000000
605415.926120 2479233.592142 0.000000
605410.972708 2479234.274925 0.000000
605406.019295 2479234.957707 0.000000
605401.065883 2479235.640490 0.000000
605396.112471 2479236.323273 0.000000
605391.159058 2479237.006056 0.000000
605386.205646 2479237.688838 0.000000
605381.252234 2479238.371621 0.000000
605376.298821 2479239.054404 0.000000
605371.345409 2479239.737186 0.000000
605366.391997 2479240.419969 0.000000
605361.438585 2479241.102752 0.000000
605356.485172 2479241.785534 0.000000
605351.531760 2479242.468317 0.000000
605346.578348 2479243.151100 0.000000
605341.624935 2479243.833883 0.000000
605336.671523 2479244.516665 0.000000
605331.718111 2479245.199448 0.000000
605326.764699 2479245.882231 0.000000
605321.811286 2479246.565013 0.000000
605316.857874 2479247.247796 0.000000
605311.904462 2479247.930579 0.000000
605306.951049 2479248.613361 0.000000
605301.997637 2479249.296144 0.000000
605297.044225 2479249.978927 0.000000
605292.090812 2479250.661710 0.000000
605287.137400 2479251.344492 0.000000
605282.183988 2479252.027275 0.000000
605277.230576 2479252.710058 0.000000
605272.277163 2479253.392840 0.000000
605267.323751 2479254.075623 0.000000
605262.370339 2479254.758406 0.000000
605257.416926 2479255.441188 0.000000
605252.463514 2479256.123971 0.000000
605247.510102 2479256.806754 0.000000
605242.556690 2479257.489537 0.000000
605237.603277 2479258.172319 0.000000
605232.649865 2479258.855102 0.000000
605227.696453 2479259.537885 0.000000
605222.743040 2479260.220667 0.000000
605217.789628 2479260.903450 0.000000
605212.836216 2479261.586233 0.000000
605207.882803 2479262.269016 0.000000
605202.929391 2479262.951798 0.000000
605197.975979 2479263.634581 0.000000
605193.022567 2479264.317364 0.000000
605188.069154 2479265.000146 0.000000
605183.115742 2479265.682929 0.000000
605178.162330 2479266.365712 0.000000
605173.208917 2479267.048494 0.000000
605168.255505 2479267.731277 0.000000
605163.302093 2479268.414060 0.000000
605158.348681 2479269.096843 0.000000
605153.395268 2479269.779625 0.000000
605148.441856 2479270.462408 0.000000
605143.488444 2479271.145191 0.000000
605138.535031 2479271.827973 0.000000
605133.581619 2479272.510756 0.000000
605128.628207 2479273.193539 0.000000
605123.674794 2479273.876321 0.000000
605118.721382 2479274.559104 0.000000
605113.767970 2479275.241887 0.000000
605108.814558 2479275.924670 0.000000
605103.861145 2479276.607452 0.000000
605098.907733 2479277.290235 0.000000
605093.954321 2479277.973018 0.000000
605089.000908 2479278.655800 0.000000
605084.047496 2479279.338583 0.000000
605079.094084 2479280.021366 0.000000
605074.140671 2479280.704148 0.000000
605069.187259 2479281.386931 0.000000
605064.233847 2479282.069714 0.000000
605059.280435 2479282.752497 0.000000
605054.327022 2479283.435279 0.000000
605049.373610 2479284.118062 0.000000
605044.420198 2479284.800845 0.000000
605039.466785 2479285.483627 0.000000
605034.513373 2479286.166410 0.000000
605029.559961 2479286.849193 0.000000
605024.606549 2479287.531975 0.000000
605019.653136 2479288.214758 0.000000
605014.699724 2479288.897541 0.000000
605009.746312 2479289.580324 0.000000
605004.792899 2479290.263106 0.000000
604999.839487 2479290.945889 0.000000
604994.886075 2479291.628672 0.000000
604989.932662 2479292.311454 0.000000
604984.979250 2479292.994237 0.000000
604980.025838 2479293.677020 0.000000
604975.072426 2479294.359803 0.000000
604970.119013 2479295.042585 0.000000
604965.165601 2479295.725368 0.000000
604960.212189 2479296.408151 0.000000
604955.258776 2479297.090933 0.000000
604950.305364 2479297.773716 0.000000
604945.351952 2479298.456499 0.000000
604940.398540 2479299.139281 0.000000
604935.445127 2479299.822064 0.000000
604930.491715 2479300.504847 0.000000
604925.538303 2479301.187630 0.000000
604920.584890 2479301.870412 0.000000
604915.631478 2479302.553195 0.000000
604910.678066 2479303.235978 0.000000
604905.724653 2479303.918760 0.000000
604900.771241 2479304.601543 0.000000
604895.817829 2479305.284326 0.000000
604890.864417 2479305.967108 0.000000
604885.911004 2479306.649891 0.000000
604880.957592 2479307.332674 0.000000
604876.004180 2479308.015457 0.000000
604871.050767 2479308.698239 0.000000
604866.097355 2479309.381022 0.000000
604861.143943 2479310.063805 0.000000
604856.190530 2479310.746587 0.000000
604851.237118 2479311.429370 0.000000
604846.283706 2479312.112153 0.000000
604841.330294 2479312.794935 0.000000
604836.376881 2479313.477718 0.000000
604831.423469 2479314.160501 0.000000
604826.470057 2479314.843284 0.000000
604821.516644 2479315.526066 0.000000
604816.563232 2479316.208849 0.000000
604811.609820 2479316.891632 0.000000
604806.656408 2479317.574414 0.000000
604801.702995 2479318.257197 0.000000
604796.749583 2479318.939980 0.000000
604791.796171 2479319.622762 0.000000
604786.842758 2479320.305545 0.000000
604781.889346 2479320.988328 0.000000
604776.935934 2479321.671111 0.000000
604771.982521 2479322.353893 0.000000
604767.029109 2479323.036676 0.000000
604762.075697 2479323.719459 0.000000
604757.122285 2479324.402241 0.000000
604752.168872 2479325.085024 0.000000
604747.215460 2479325.767807 0.000000
604742.262048 2479326.450589 0.000000
604737.308635 2479327.133372 0.000000
604732.355223 2479327.816155 0.000000
604727.401811 2479328.498938 0.000000
604722.448399 2479329.181720 0.000000
604717.494986 2479329.864503 0.000000
604712.541574 2479330.547286 0.000000
604707.588162 2479331.230068 0.000000
604702.634749 2479331.912851 0.000000
604697.681337 2479332.595634 0.000000
604692.727925 2479333.278417 0.000000
604687.774512 2479333.961199 0.000000
604682.821100 2479334.643982 0.000000
604677.867688 2479335.326765 0.000000
604672.914276 2479336.009547 0.000000
604667.960863 2479336.692330 0.000000
604663.007451 2479337.375113 0.000000
604658.054039 2479338.057895 0.000000
604653.100626 2479338.740678 0.000000
604648.147214 2479339.423461 0.000000
604643.193802 2479340.106244 0.000000
604638.240390 2479340.789026 0.000000
604633.286977 2479341.471809 0.000000
604628.333565 2479342.154592 0.000000
604623.380153 2479342.837374 0.000000
604618.426740 2479343.520157 0.000000
604613.473328 2479344.202940 0.000000
604608.519916 2479344.885722 0.000000
604603.566503 2479345.568505 0.000000
604598.613091 2479346.251288 0.000000
604593.659679 2479346.934071 0.000000
604588.706267 2479347.616853 0.000000
604583.752854 2479348.299636 0.000000
604578.799442 2479348.982419 0.000000
604573.846030 2479349.665201 0.000000
604568.892617 2479350.347984 0.000000
604563.939205 2479351.030767 0.000000
604558.985793 2479351.713549 0.000000
604554.032380 2479352.396332 0.000000
604549.078968 2479353.079115 0.000000
604544.125556 2479353.761898 0.000000
604539.172144 2479354.444680 0.000000
604534.218731 2479355.127463 0.000000
604529.265319 2479355.810246 0.000000
604524.311907 2479356.493028 0.000000
604519.358494 2479357.175811 0.000000
604514.405082 2479357.858594 0.000000
604509.451670 2479358.541376 0.000000
604504.498258 2479359.224159 0.000000
604499.544845 2479359.906942 0.000000
604494.591433 2479360.589725 0.000000
604489.638021 2479361.272507 0.000000
604484.684608 2479361.955290 0.000000
604479.731196 2479362.638073 0.000000
604474.777784 2479363.320855 0.000000
604469.824371 2479364.003638 0.000000
604464.870959 2479364.686421 0.000000
604459.917547 2479365.369203 0.000000
604454.964135 2479366.051986 0.000000
604450.010722 2479366.734769 0.000000
604445.057310 2479367.417552 0.000000
604440.103898 2479368.100334 0.000000
604435.150485 2479368.783117 0.000000
604430.197073 2479369.465900 0.000000
604425.243661 2479370.148682 0.000000
604420.290249 2479370.831465 0.000000
604415.336836 2479371.514248 0.000000
604410.383424 2479372.197031 0.000000
604405.430012 2479372.879813 0.000000
604400.476599 2479373.562596 0.000000
604395.523187 2479374.245379 0.000000
604390.569775 2479374.928161 0.000000
604385.616362 2479375.610944 0.000000
604380.662950 2479376.293727 0.000000
604375.709538 2479376.976509 0.000000
604370.756126 2479377.659292 0.000000
604365.802713 2479378.342075 0.000000
604360.849301 2479379.024858 0.000000
604355.895889 2479379.707640 0.000000
604350.942476 2479380.390423 0.000000
604345.989064 2479381.073206 0.000000
604341.035652 2479381.755988 0.000000
604336.082239 2479382.438771 0.000000
604331.128827 2479383.121554 0.000000
604326.175415 2479383.804336 0.000000
604321.222003 2479384.487119 0.000000
604316.268590 2479385.169902 0.000000
604311.315178 2479385.852685 0.000000
604306.361766 2479386.535467 0.000000
604301.408353 2479387.218250 0.000000
604296.454941 2479387.901033 0.000000
604291.501529 2479388.583815 0.000000
604286.548117 2479389.266598 0.000000
604281.594704 2479389.949381 0.000000
604276.641292 2479390.632163 0.000000
604271.687880 2479391.314946 0.000000
604266.734467 2479391.997729 0.000000
604261.781055 2479392.680512 0.000000
604256.827643 2479393.363294 0.000000
604251.874230 2479394.046077 0.000000
604246.920818 2479394.728860 0.000000
604241.967406 2479395.411642 0.000000
604237.013994 2479396.094425 0.000000
604232.060581 2479396.777208 0.000000
604227.107169 2479397.459990 0.000000
604222.153757 2479398.142773 0.000000
604217.200344 2479398.825556 0.000000
604212.246932 2479399.508339 0.000000
604207.293520 2479400.191121 0.000000
604202.340108 2479400.873904 0.000000
604197.386695 2479401.556687 0.000000
604192.433283 2479402.239469 0.000000
604187.479871 2479402.922252 0.000000
604182.526458 2479403.605035 0.000000
604177.573046 2479404.287817 0.000000
604172.619634 2479404.970600 0.000000
604167.666221 2479405.653383 0.000000
604162.712809 2479406.336166 0.000000
604157.759397 2479407.018948 0.000000
604152.805985 2479407.701731 0.000000
604147.852572 2479408.384514 0.000000
604142.899160 2479409.067296 0.000000
604137.945748 2479409.750079 0.000000
604132.992335 2479410.432862 0.000000
604128.038923 2479411.115645 0.000000
604123.085511 2479411.798427 0.000000
604118.132099 2479412.481210 0.000000
604113.178686 2479413.163993 0.000000
604108.225274 2479413.846775 0.000000
604103.271862 2479414.529558 0.000000
604098.318449 2479415.212341 0.000000
604093.365037 2479415.895123 0.000000
604088.411625 2479416.577906 0.000000
604083.458212 2479417.260689 0.000000
604078.504800 2479417.943472 0.000000
604073.551388 2479418.626254 0.000000
604068.597976 2479419.309037 0.000000
604063.644563 2479419.991820 0.000000
604058.691151 2479420.674602 0.000000
604053.737739 2479421.357385 0.000000
604048.784326 2479422.040168 0.000000
604043.830914 2479422.722950 0.000000
604038.877502 2479423.405733 0.000000
604033.924089 2479424.088516 0.000000
604028.970677 2479424.771299 0.000000
604024.017265 2479425.454081 0.000000
604019.063853 2479426.136864 0.000000
604014.110440 2479426.819647 0.000000
604009.157028 2479427.502429 0.000000
604004.203616 2479428.185212 0.000000
603999.250203 2479428.867995 0.000000
603994.296791 2479429.550777 0.000000
603989.343379 2479430.233560 0.000000
603984.389967 2479430.916343 0.000000
603979.436554 2479431.599126 0.000000
603974.483142 2479432.281908 0.000000
603969.529730 2479432.964691 0.000000
603964.576317 2479433.647474 0.000000
603959.622905 2479434.330256 0.000000
603954.669493 2479435.013039 0.000000
603949.716080 2479435.695822 0.000000
603944.762668 2479436.378604 0.000000
603939.809256 2479437.061387 0.000000
603934.855844 2479437.744170 0.000000
603929.902431 2479438.426953 0.000000
603924.949019 2479439.109735 0.000000
603919.995607 2479439.792518 0.000000
603915.042194 2479440.475301 0.000000
603910.088782 2479441.158083 0.000000
603905.135370 2479441.840866 0.000000
603900.181958 2479442.523649 0.000000
603895.228545 2479443.206432 0.000000
603890.275133 2479443.889214 0.000000
603885.321721 2479444.571997 0.000000
603880.368308 2479445.254780 0.000000
603875.414896 2479445.937562 0.000000
603870.461484 2479446.620345 0.000000
603865.508071 2479447.303128 0.000000
603860.554659 2479447.985910 0.000000
603855.601247 2479448.668693 0.000000
603850.647835 2479449.351476 0.000000
603845.694422 2479450.034259 0.000000
603840.741010 2479450.717041 0.000000
603835.787598 2479451.399824 0.000000
603830.834185 2479452.082607 0.000000
603825.880773 2479452.765389 0.000000
603820.927361 2479453.448172 0.000000
603815.973949 2479454.130955 0.000000
603811.020536 2479454.813737 0.000000
603806.067124 2479455.496520 0.000000
603801.113712 2479456.179303 0.000000
603796.160299 2479456.862086 0.000000
603791.206887 2479457.544868 0.000000
603786.253475 2479458.227651 0.000000
603781.300062 2479458.910434 0.000000
603776.346650 2479459.593216 0.000000
603771.393238 2479460.275999 0.000000
603766.439826 2479460.958782 0.000000
603761.486413 2479461.641564 0.000000
603756.533001 2479462.324347 0.000000
603751.579589 2479463.007130 0.000000
603746.626176 2479463.689913 0.000000
603741.672764 2479464.372695 0.000000
603736.719352 2479465.055478 0.000000
603731.765939 2479465.738261 0.000000
603726.812527 2479466.421043 0.000000
603721.859115 2479467.103826 0.000000
603716.905703 2479467.786609 0.000000
603711.952290 2479468.469391 0.000000
603706.998878 2479469.152174 0.000000
603702.045466 2479469.834957 0.000000
603697.092053 2479470.517740 0.000000
603692.138641 2479471.200522 0.000000
603687.185229 2479471.883305 0.000000
603682.231817 2479472.566088 0.000000
603677.278404 2479473.248870 0.000000
603672.324992 2479473.931653 0.000000
603667.371580 2479474.614436 0.000000
603662.418167 2479475.297218 0.000000
603657.464755 2479475.980001 0.000000
603652.511343 2479476.662784 0.000000
603647.557930 2479477.345567 0.000000
603642.604518 2479478.028349 0.000000
603637.651106 2479478.711132 0.000000
603632.697694 2479479.393915 0.000000
603627.744281 2479480.076697 0.000000
603622.790869 2479480.759480 0.000000
603617.837457 2479481.442263 0.000000
603612.884044 2479482.125046 0.000000
603607.930632 2479482.807828 0.000000
603602.977220 2479483.490611 0.000000
603598.023808 2479484.173394 0.000000
603593.070395 2479484.856176 0.000000
603588.116983 2479485.538959 0.000000
603583.163571 2479486.221742 0.000000
603578.210158 2479486.904524 0.000000
603573.256746 2479487.587307 0.000000
603568.303334 2479488.270090 0.000000
603563.349921 2479488.952873 0.000000
603558.396509 2479489.635655 0.000000
603553.443097 2479490.318438 0.000000
603548.489685 2479491.001221 0.000000
603543.536272 2479491.684003 0.000000
603538.582860 2479492.366786 0.000000
603533.629448 2479493.049569 0.000000
603528.676035 2479493.732351 0.000000
603523.722623 2479494.415134 0.000000
603518.769211 2479495.097917 0.000000
603513.815798 2479495.780700 0.000000
603508.862386 2479496.463482 0.000000
603503.908974 2479497.146265 0.000000
603498.955562 2479497.829048 0.000000
603494.002149 2479498.511830 0.000000
603489.048737 2479499.194613 0.000000
603484.095325 2479499.877396 0.000000
603479.141912 2479500.560178 0.000000
603474.188500 2479501.242961 0.000000
603469.235088 2479501.925744 0.000000
603464.281676 2479502.608527 0.000000
603459.328263 2479503.291309 0.000000
603454.374851 2479503.974092 0.000000
603449.421439 2479504.656875 0.000000
603444.468026 2479505.339657 0.000000
603439.514614 2479506.022440 0.000000
603434.561202 2479506.705223 0.000000
603429.607789 2479507.388005 0.000000
603424.654377 2479508.070788 0.000000
603419.700965 2479508.753571 0.000000
603414.747553 2479509.436354 0.000000
603409.794140 2479510.119136 0.000000
603404.840728 2479510.801919 0.000000
603399.887316 2479511.484702 0.000000
603394.933903 2479512.167484 0.000000
603389.980491 2479512.850267 0.000000
603385.027079 2479513.533050 0.000000
603380.073667 2479514.215832 0.000000
603375.120254 2479514.898615 0.000000
603370.166842 2479515.581398 0.000000
603365.213430 2479516.264181 0.000000
603360.260017 2479516.946963 0.000000
603355.306605 2479517.629746 0.000000
603350.353193 2479518.312529 0.000000
603345.399780 2479518.995311 0.000000
603340.446368 2479519.678094 0.000000
603335.492956 2479520.360877 0.000000
603330.539544 2479521.043660 0.000000
603325.586131 2479521.726442 0.000000
603320.632719 2479522.409225 0.000000
603315.679307 2479523.092008 0.000000
603310.725894 2479523.774790 0.000000
603305.772482 2479524.457573 0.000000
603300.819070 2479525.140356 0.000000
603295.865658 2479525.823138 0.000000
603290.912245 2479526.505921 0.000000
603285.958833 2479527.188704 0.000000
603281.005421 2479527.871487 0.000000
603276.052008 2479528.554269 0.000000
603271.098596 2479529.237052 0.000000
603266.145184 2479529.919835 0.000000
603261.191771 2479530.602617 0.000000
603256.238359 2479531.285400 0.000000
603251.284947 2479531.968183 0.000000
603246.331535 2479532.650965 0.000000
603241.378122 2479533.333748 0.000000
603236.424710 2479534.016531 0.000000
603231.471298 2479534.699314 0.000000
603226.517885 2479535.382096 0.000000
603221.564473 2479536.064879 0.000000
603216.611061 2479536.747662 0.000000
603211.657648 2479537.430444 0.000000
603206.704236 2479538.113227 0.000000
603201.750824 2479538.796010 0.000000
603196.797412 2479539.478792 0.000000
603191.843999 2479540.161575 0.000000
603186.890587 2479540.844358 0.000000
603181.937175 2479541.527141 0.000000
603176.983762 2479542.209923 0.000000
603172.030350 2479542.892706 0.000000
603167.076938 2479543.575489 0.000000
603162.123526 2479544.258271 0.000000
603157.170113 2479544.941054 0.000000
603152.216701 2479545.623837 0.000000
603147.263289 2479546.306619 0.000000
603142.309876 2479546.989402 0.000000
603137.356464 2479547.672185 0.000000
603132.403052 2479548.354968 0.000000
603127.449639 2479549.037750 0.000000
603122.496227 2479549.720533 0.000000
603117.542815 2479550.403316 0.000000
603112.589403 2479551.086098 0.000000
603107.635990 2479551.768881 0.000000
603102.682578 2479552.451664 0.000000
603097.729166 2479553.134446 0.000000
603092.775753 2479553.817229 0.000000
603087.822341 2479554.500012 0.000000
603082.868929 2479555.182795 0.000000
603077.915517 2479555.865577 0.000000
603072.962104 2479556.548360 0.000000
603068.008692 2479557.231143 0.000000
603063.055280 2479557.913925 0.000000
603058.101867 2479558.596708 0.000000
603053.148455 2479559.279491 0.000000
603048.195043 2479559.962274 0.000000
603043.241630 2479560.645056 0.000000
603038.288218 2479561.327839 0.000000
603033.334806 2479562.010622 0.000000
603028.381394 2479562.693404 0.000000
603023.427981 2479563.376187 0.000000
603018.474569 2479564.058970 0.000000
603013.521157 2479564.741752 0.000000
603008.567744 2479565.424535 0.000000
603003.614332 2479566.107318 0.000000
602998.660920 2479566.790101 0.000000
602993.707507 2479567.472883 0.000000
602988.754095 2479568.155666 0.000000
602983.800683 2479568.838449 0.000000
602978.847271 2479569.521231 0.000000
602973.893858 2479570.204014 0.000000
602968.940446 2479570.886797 0.000000
602963.987034 2479571.569579 0.000000
602959.033621 2479572.252362 0.000000
602954.080209 2479572.935145 0.000000
602949.126797 2479573.617928 0.000000
602944.173385 2479574.300710 0.000000
602939.219972 2479574.983493 0.000000
602934.266560 2479575.666276 0.000000
602929.313148 2479576.349058 0.000000
602924.359735 2479577.031841 0.000000
602919.406323 2479577.714624 0.000000
602914.452911 2479578.397406 0.000000
602909.499498 2479579.080189 0.000000
602904.546086 2479579.762972 0.000000
602899.592674 2479580.445755 0.000000
602894.639262 2479581.128537 0.000000
602889.685849 2479581.811320 0.000000
602884.732437 2479582.494103 0.000000
602879.779025 2479583.176885 0.000000
602874.825612 2479583.859668 0.000000
602869.872200 2479584.542451 0.000000
602864.918788 2479585.225233 0.000000
602859.965376 2479585.908016 0.000000
602855.011963 2479586.590799 0.000000
602850.058551 2479587.273582 0.000000
602845.105139 2479587.956364 0.000000
602840.151726 2479588.639147 0.000000
602835.198314 2479589.321930 0.000000
602830.244902 2479590.004712 0.000000
602825.291489 2479590.687495 0.000000
602820.338077 2479591.370278 0.000000
602815.384665 2479592.053061 0.000000
602810.431253 2479592.735843 0.000000
602805.477840 2479593.418626 0.000000
602800.524428 2479594.101409 0.000000
602795.571016 2479594.784191 0.000000
602790.617603 2479595.466974 0.000000
602785.664191 2479596.149757 0.000000
602780.710779 2479596.832539 0.000000
602775.757367 2479597.515322 0.000000
602770.803954 2479598.198105 0.000000
602765.850542 2479598.880888 0.000000
602760.897130 2479599.563670 0.000000
602755.943717 2479600.246453 0.000000
602750.990305 2479600.929236 0.000000
602746.036893 2479601.612018 0.000000
602741.083480 2479602.294801 0.000000
602736.130068 2479602.977584 0.000000
602731.176656 2479603.660366 0.000000
602726.223244 2479604.343149 0.000000
602721.269831 2479605.025932 0.000000
602716.316419 2479605.708715 0.000000
602711.363007 2479606.391497 0.000000
602706.409594 2479607.074280 0.000000
602701.456182 2479607.757063 0.000000
602696.502770 2479608.439845 0.000000
602691.549357 2479609.122628 0.000000
602686.595945 2479609.805411 0.000000
602681.642533 2479610.488193 0.000000
602676.689121 2479611.170976 0.000000
602671.735708 2479611.853759 0.000000
602666.782296 2479612.536542 0.000000
602661.828884 2479613.219324 0.000000
602656.875471 2479613.902107 0.000000
602651.922059 2479614.584890 0.000000
602646.968647 2479615.267672 0.000000
602642.015235 2479615.950455 0.000000
602637.061822 2479616.633238 0.000000
602632.108410 2479617.316020 0.000000
602627.154998 2479617.998803 0.000000
602622.201585 2479618.681586 0.000000
602617.248173 2479619.364369 0.000000
602612.294761 2479620.047151 0.000000
602607.341348 2479620.729934 0.000000
602602.387936 2479621.412717 0.000000
602597.434524 2479622.095499 0.000000
602592.481112 2479622.778282 0.000000
602587.527699 2479623.461065 0.000000
602582.574287 2479624.143847 0.000000
602577.620875 2479624.826630 0.000000
602572.667462 2479625.509413 0.000000
602567.714050 2479626.192196 0.000000
602562.760638 2479626.874978 0.000000
602557.807226 2479627.557761 0.000000
602552.853813 2479628.240544 0.000000
602547.900401 2479628.923326 0.000000
602542.946989 2479629.606109 0.000000
602537.993576 2479630.288892 0.000000
602533.040164 2479630.971675 0.000000
602528.086752 2479631.654457 0.000000
602523.133339 2479632.337240 0.000000
602518.179927 2479633.020023 0.000000
602513.226515 2479633.702805 0.000000
602508.273103 2479634.385588 0.000000
602503.319690 2479635.068371 0.000000
602498.366278 2479635.751153 0.000000
602493.412866 2479636.433936 0.000000
602488.459453 2479637.116719 0.000000
602483.506041 2479637.799502 0.000000
602478.552629 2479638.482284 0.000000
602473.599216 2479639.165067 0.000000
602468.645804 2479639.847850 0.000000
602463.692392 2479640.530632 0.000000
602458.738980 2479641.213415 0.000000
602453.785567 2479641.896198 0.000000
602448.832155 2479642.578980 0.000000
602443.878743 2479643.261763 0.000000
602438.925330 2479643.944546 0.000000
602433.971918 2479644.627329 0.000000
602429.018506 2479645.310111 0.000000
602424.065094 2479645.992894 0.000000
602419.111681 2479646.675677 0.000000
602414.158269 2479647.358459 0.000000
602409.204857 2479648.041242 0.000000
602404.251444 2479648.724025 0.000000
602399.298032 2479649.406807 0.000000
602394.344620 2479650.089590 0.000000
602389.391207 2479650.772373 0.000000
602384.437795 2479651.455156 0.000000
602379.484383 2479652.137938 0.000000
602374.530971 2479652.820721 0.000000
602369.577558 2479653.503504 0.000000
602364.624146 2479654.186286 0.000000
602359.670734 2479654.869069 0.000000
602354.717321 2479655.551852 0.000000
602349.763909 2479656.234634 0.000000
602344.810497 2479656.917417 0.000000
602339.857085 2479657.600200 0.000000
602334.903672 2479658.282983 0.000000
602329.950260 2479658.965765 0.000000
602324.996848 2479659.648548 0.000000
602320.043435 2479660.331331 0.000000
602315.090023 2479661.014113 0.000000
602310.136611 2479661.696896 0.000000
602305.183198 2479662.379679 0.000000
602300.229786 2479663.062461 0.000000
602295.276374 2479663.745244 0.000000
602290.322962 2479664.428027 0.000000
602285.369549 2479665.110810 0.000000
602280.416137 2479665.793592 0.000000
602275.462725 2479666.476375 0.000000
602270.509312 2479667.159158 0.000000
602265.555900 2479667.841940 0.000000
602260.602488 2479668.524723 0.000000
602255.649076 2479669.207506 0.000000
602250.695663 2479669.890289 0.000000
602245.742251 2479670.573071 0.000000
602240.788839 2479671.255854 0.000000
602235.835426 2479671.938637 0.000000
602230.882014 2479672.621419 0.000000
602225.928602 2479673.304202 0.000000
602220.975189 2479673.986985 0.000000
602216.021777 2479674.669767 0.000000
602211.068365 2479675.352550 0.000000
602206.114953 2479676.035333 0.000000
602201.161540 2479676.718116 0.000000
602196.208128 2479677.400898 0.000000
602191.254716 2479678.083681 0.000000
602186.301303 2479678.766464 0.000000
602181.347891 2479679.449246 0.000000
602176.394479 2479680.132029 0.000000
602171.441066 2479680.814812 0.000000
602166.487654 2479681.497594 0.000000
602161.534242 2479682.180377 0.000000
602156.580830 2479682.863160 0.000000
602151.627417 2479683.545943 0.000000
602146.674005 2479684.228725 0.000000
602141.720593 2479684.911508 0.000000
602136.767180 2479685.594291 0.000000
602131.813768 2479686.277073 0.000000
602126.860356 2479686.959856 0.000000
602121.906944 2479687.642639 0.000000
602116.953531 2479688.325421 0.000000
602112.000119 2479689.008204 0.000000
602107.046707 2479689.690987 0.000000
602102.093294 2479690.373770 0.000000
602097.139882 2479691.056552 0.000000
602092.186470 2479691.739335 0.000000
602087.233057 2479692.422118 0.000000
602082.279645 2479693.104900 0.000000
602077.326233 2479693.787683 0.000000
602072.372821 2479694.470466 0.000000
602067.419408 2479695.153248 0.000000
602062.465996 2479695.836031 0.000000
602057.512584 2479696.518814 0.000000
602052.559171 2479697.201597 0.000000
602047.605759 2479697.884379 0.000000
602042.652347 2479698.567162 0.000000
602037.698935 2479699.249945 0.000000
602032.745522 2479699.932727 0.000000
602027.792110 2479700.615510 0.000000
602022.838698 2479701.298293 0.000000
602017.885285 2479701.981075 0.000000
602012.931873 2479702.663858 0.000000
602007.978461 2479703.346641 0.000000
602003.025048 2479704.029424 0.000000
601998.071636 2479704.712206 0.000000
601993.118224 2479705.394989 0.000000
601988.164812 2479706.077772 0.000000
601983.211399 2479706.760554 0.000000
601978.257987 2479707.443337 0.000000
601973.304575 2479708.126120 0.000000
601968.351162 2479708.808903 0.000000
601963.397750 2479709.491685 0.000000
601958.444338 2479710.174468 0.000000
601953.490926 2479710.857251 0.000000
601948.537513 2479711.540033 0.000000
601943.584101 2479712.222816 0.000000
601938.630689 2479712.905599 0.000000
601933.677276 2479713.588381 0.000000
601928.723864 2479714.271164 0.000000
601923.770452 2479714.953947 0.000000
601918.817039 2479715.636730 0.000000
601913.863627 2479716.319512 0.000000
601908.910215 2479717.002295 0.000000
601903.956803 2479717.685078 0.000000
601899.003390 2479718.367860 0.000000
601894.049978 2479719.050643 0.000000
601889.096566 2479719.733426 0.000000
601884.143153 2479720.416208 0.000000
601879.189741 2479721.098991 0.000000
601874.236329 2479721.781774 0.000000
601869.282916 2479722.464557 0.000000
601864.329504 2479723.147339 0.000000
601859.376092 2479723.830122 0.000000
601854.422680 2479724.512905 0.000000
601849.469267 2479725.195687 0.000000
601844.515855 2479725.878470 0.000000
601839.562443 2479726.561253 0.000000
601834.609030 2479727.244035 0.000000
601829.655618 2479727.926818 0.000000
601824.702206 2479728.609601 0.000000
601819.748794 2479729.292384 0.000000
601814.795381 2479729.975166 0.000000
601809.841969 2479730.657949 0.000000
601804.888557 2479731.340732 0.000000
601799.935144 2479732.023514 0.000000
601794.981732 2479732.706297 0.000000
601790.028320 2479733.389080 0.000000
601785.074907 2479734.071862 0.000000
601780.121495 2479734.754645 0.000000
601775.168083 2479735.437428 0.000000
601770.214671 2479736.120211 0.000000
601765.261258 2479736.802993 0.000000
601760.307846 2479737.485776 0.000000
601755.354434 2479738.168559 0.000000
601750.401021 2479738.851341 0.000000
601745.447609 2479739.534124 0.000000
601740.494197 2479740.216907 0.000000
601735.540785 2479740.899690 0.000000
601730.587372 2479741.582472 0.000000
601725.633960 2479742.265255 0.000000
601720.680548 2479742.948038 0.000000
601715.727135 2479743.630820 0.000000
601710.773723 2479744.313603 0.000000
601705.820311 2479744.996386 0.000000
601700.866898 2479745.679168 0.000000
601695.913486 2479746.361951 0.000000
601690.960074 2479747.044734 0.000000
601686.006662 2479747.727517 0.000000
601681.053249 2479748.410299 0.000000
601676.099837 2479749.093082 0.000000
601671.146425 2479749.775865 0.000000
601666.193012 2479750.458647 0.000000
601661.239600 2479751.141430 0.000000
601656.286188 2479751.824213 0.000000
601651.332775 2479752.506995 0.000000
601646.379363 2479753.189778 0.000000
601641.425951 2479753.872561 0.000000
601636.472539 2479754.555344 0.000000
601631.519126 2479755.238126 0.000000
601626.565714 2479755.920909 0.000000
601621.612302 2479756.603692 0.000000
601616.658889 2479757.286474 0.000000
601611.705477 2479757.969257 0.000000
601606.752065 2479758.652040 0.000000
601601.798653 2479759.334822 0.000000
601596.845240 2479760.017605 0.000000
601591.891828 2479760.700388 0.000000
601586.938416 2479761.383171 0.000000
601581.985003 2479762.065953 0.000000
601577.031591 2479762.748736 0.000000
601572.078179 2479763.431519 0.000000
601567.124766 2479764.114301 0.000000
601562.171354 2479764.797084 0.000000
601557.217942 2479765.479867 0.000000
601552.264530 2479766.162649 0.000000
601547.311117 2479766.845432 0.000000
601542.357705 2479767.528215 0.000000
601537.404293 2479768.210998 0.000000
601532.450880 2479768.893780 0.000000
601527.497468 2479769.576563 0.000000
601522.544056 2479770.259346 0.000000
601517.590644 2479770.942128 0.000000
601512.637231 2479771.624911 0.000000
601507.683819 2479772.307694 0.000000
601502.730407 2479772.990476 0.000000
601497.776994 2479773.673259 0.000000
601492.823582 2479774.356042 0.000000
601487.870170 2479775.038825 0.000000
601482.916757 2479775.721607 0.000000
601477.963345 2479776.404390 0.000000
601473.009933 2479777.087173 0.000000
601468.056521 2479777.769955 0.000000
601463.103108 2479778.452738 0.000000
601458.149696 2479779.135521 0.000000
601453.196284 2479779.818304 0.000000
601448.242871 2479780.501086 0.000000
601443.289459 2479781.183869 0.000000
601438.336047 2479781.866652 0.000000
601433.382635 2479782.549434 0.000000
601428.429222 2479783.232217 0.000000
601423.475810 2479783.915000 0.000000
601418.522398 2479784.597782 0.000000
601413.568985 2479785.280565 0.000000
601408.615573 2479785.963348 0.000000
601403.662161 2479786.646131 0.000000
601398.708748 2479787.328913 0.000000
601393.755336 2479788.011696 0.000000
601388.801924 2479788.694479 0.000000
601383.848512 2479789.377261 0.000000
601378.895099 2479790.060044 0.000000
601373.941687 2479790.742827 0.000000
601368.988275 2479791.425609 0.000000
601364.034862 2479792.108392 0.000000
601359.081450 2479792.791175 0.000000
601354.128038 2479793.473958 0.000000
601349.174625 2479794.156740 0.000000
601344.221213 2479794.839523 0.000000
601339.267801 2479795.522306 0.000000
601334.314389 2479796.205088 0.000000
601329.360976 2479796.887871 0.000000
601324.407564 2479797.570654 0.000000
601319.454152 2479798.253436 0.000000
601314.500739 2479798.936219 0.000000
601309.547327 2479799.619002 0.000000
601304.593915 2479800.301785 0.000000
601299.640503 2479800.984567 0.000000
601294.687090 2479801.667350 0.000000
601289.733678 2479802.350133 0.000000
601284.780266 2479803.032915 0.000000
601279.826853 2479803.715698 0.000000
601274.873441 2479804.398481 0.000000
601269.920029 2479805.081263 0.000000
601264.966616 2479805.764046 0.000000
601260.013204 2479806.446829 0.000000
601255.059792 2479807.129612 0.000000
601250.106380 2479807.812394 0.000000
601245.152967 2479808.495177 0.000000
601240.199555 2479809.177960 0.000000
601235.246143 2479809.860742 0.000000
601230.292730 2479810.543525 0.000000
601225.339318 2479811.226308 0.000000
601220.385906 2479811.909090 0.000000
601215.432494 2479812.591873 0.000000
601210.479081 2479813.274656 0.000000
601205.525669 2479813.957439 0.000000
601200.572257 2479814.640221 0.000000
601195.618844 2479815.323004 0.000000
601190.665432 2479816.005787 0.000000
601185.712020 2479816.688569 0.000000
601180.758607 2479817.371352 0.000000
601175.805195 2479818.054135 0.000000
601170.851783 2479818.736918 0.000000
601165.898371 2479819.419700 0.000000
601160.944958 2479820.102483 0.000000
601155.991546 2479820.785266 0.000000
601151.038134 2479821.468048 0.000000
601146.084721 2479822.150831 0.000000
601141.131309 2479822.833614 0.000000
601136.177897 2479823.516396 0.000000
601131.224484 2479824.199179 0.000000
601126.271072 2479824.881962 0.000000
601121.317660 2479825.564745 0.000000
601116.364248 2479826.247527 0.000000
601111.410835 2479826.930310 0.000000
601106.457423 2479827.613093 0.000000
601101.504011 2479828.295875 0.000000
601096.550598 2479828.978658 0.000000
601091.597186 2479829.661441 0.000000
601086.643774 2479830.344223 0.000000
601081.690362 2479831.027006 0.000000
601076.736949 2479831.709789 0.000000
601071.783537 2479832.392572 0.000000
601066.830125 2479833.075354 0.000000
601061.876712 2479833.758137 0.000000
601056.923300 2479834.440920 0.000000
601051.969888 2479835.123702 0.000000
601047.016475 2479835.806485 0.000000
601042.063063 2479836.489268 0.000000
601037.109651 2479837.172050 0.000000
601032.156239 2479837.854833 0.000000
601027.202826 2479838.537616 0.000000
601022.249414 2479839.220399 0.000000
601017.296002 2479839.903181 0.000000
601012.342589 2479840.585964 0.000000
601007.389177 2479841.268747 0.000000
601002.435765 2479841.951529 0.000000
600997.482353 2479842.634312 0.000000
600992.528940 2479843.317095 0.000000
600987.575528 2479843.999877 0.000000
600982.622116 2479844.682660 0.000000
600977.668703 2479845.365443 0.000000
600972.715291 2479846.048226 0.000000
600967.761879 2479846.731008 0.000000
600962.808466 2479847.413791 0.000000
600957.855054 2479848.096574 0.000000
600952.901642 2479848.779356 0.000000
600947.948230 2479849.462139 0.000000
600942.994817 2479850.144922 0.000000
600938.041405 2479850.827704 0.000000
600933.087993 2479851.510487 0.000000
600928.134580 2479852.193270 0.000000
600923.181168 2479852.876053 0.000000
600918.227756 2479853.558835 0.000000
600913.274344 2479854.241618 0.000000
600908.320931 2479854.924401 0.000000
600903.367519 2479855.607183 0.000000
600898.414107 2479856.289966 0.000000
600893.460694 2479856.972749 0.000000
600888.507282 2479857.655532 0.000000
600883.553870 2479858.338314 0.000000
600878.600457 2479859.021097 0.000000
600873.647045 2479859.703880 0.000000
600868.693633 2479860.386662 0.000000
600863.740221 2479861.069445 0.000000
600858.786808 2479861.752228 0.000000
600853.833396 2479862.435010 0.000000
600848.879984 2479863.117793 0.000000
600843.926571 2479863.800576 0.000000
600838.973159 2479864.483359 0.000000
600834.019747 2479865.166141 0.000000
600829.066334 2479865.848924 0.000000
600824.112922 2479866.531707 0.000000
600819.159510 2479867.214489 0.000000
600814.206098 2479867.897272 0.000000
600809.252685 2479868.580055 0.000000
600804.299273 2479869.262837 0.000000
600799.345861 2479869.945620 0.000000
600794.392448 2479870.628403 0.000000
600789.439036 2479871.311186 0.000000
600784.485624 2479871.993968 0.000000
600779.532212 2479872.676751 0.000000
600774.578799 2479873.359534 0.000000
600769.625387 2479874.042316 0.000000
600764.671975 2479874.725099 0.000000
600759.718562 2479875.407882 0.000000
600754.765150 2479876.090664 0.000000
600749.811738 2479876.773447 0.000000
600744.858325 2479877.456230 0.000000
600739.904913 2479878.139013 0.000000
600734.951501 2479878.821795 0.000000
600729.998089 2479879.504578 0.000000
600725.044676 2479880.187361 0.000000
600720.091264 2479880.870143 0.000000
600715.137852 2479881.552926 0.000000
600710.184439 2479882.235709 0.000000
600705.231027 2479882.918491 0.000000
600700.277615 2479883.601274 0.000000
600695.324203 2479884.284057 0.000000
600690.370790 2479884.966840 0.000000
600685.417378 2479885.649622 0.000000
600680.463966 2479886.332405 0.000000
600675.510553 2479887.015188 0.000000
600670.557141 2479887.697970 0.000000
600665.603729 2479888.380753 0.000000
600660.650316 2479889.063536 0.000000
600655.696904 2479889.746319 0.000000
600650.743492 2479890.429101 0.000000
600645.790080 2479891.111884 0.000000
600640.836667 2479891.794667 0.000000
600635.883255 2479892.477449 0.000000
600630.929843 2479893.160232 0.000000
600625.976430 2479893.843015 0.000000
600621.023018 2479894.525797 0.000000
600616.069606 2479895.208580 0.000000
600611.116193 2479895.891363 0.000000
600606.162781 2479896.574146 0.000000
600601.209369 2479897.256928 0.000000
600596.255957 2479897.939711 0.000000
600591.302544 2479898.622494 0.000000
600586.349132 2479899.305276 0.000000
600581.395720 2479899.988059 0.000000
600576.442307 2479900.670842 0.000000
600571.488895 2479901.353624 0.000000
600566.535483 2479902.036407 0.000000
600561.582071 2479902.719190 0.000000
600556.628658 2479903.401973 0.000000
600551.675246 2479904.084755 0.000000
600546.721834 2479904.767538 0.000000
600541.768421 2479905.450321 0.000000
600536.815009 2479906.133103 0.000000
600531.861597 2479906.815886 0.000000
600526.908184 2479907.498669 0.000000
600521.954772 2479908.181451 0.000000
600517.001360 2479908.864234 0.000000
600512.047948 2479909.547017 0.000000
600507.094535 2479910.229800 0.000000
600502.141123 2479910.912582 0.000000
600497.187711 2479911.595365 0.000000
600492.234298 2479912.278148 0.000000
600487.280886 2479912.960930 0.000000
600482.327474 2479913.643713 0.000000
600477.374062 2479914.326496 0.000000
600472.420649 2479915.009278 0.000000
600467.467237 2479915.692061 0.000000
600462.513825 2479916.374844 0.000000
600457.560412 2479917.057627 0.000000
600452.607000 2479917.740409 0.000000
600447.653588 2479918.423192 0.000000
600442.700175 2479919.105975 0.000000
600437.746763 2479919.788757 0.000000
600432.793351 2479920.471540 0.000000
600427.839939 2479921.154323 0.000000
600422.886526 2479921.837105 0.000000
600417.933114 2479922.519888 0.000000
600412.979702 2479923.202671 0.000000
600408.026289 2479923.885454 0.000000
600403.072877 2479924.568236 0.000000
600398.119465 2479925.251019 0.000000
600393.166053 2479925.933802 0.000000
600388.212640 2479926.616584 0.000000
600383.259228 2479927.299367 0.000000
600378.305816 2479927.982150 0.000000
600373.352403 2479928.664933 0.000000
600368.398991 2479929.347715 0.000000
600363.445579 2479930.030498 0.000000
600358.492166 2479930.713281 0.000000
600353.538754 2479931.396063 0.000000
600348.585342 2479932.078846 0.000000
600343.631930 2479932.761629 0.000000
600338.678517 2479933.444411 0.000000
600333.725105 2479934.127194 0.000000
600328.771693 2479934.809977 0.000000
600323.818280 2479935.492760 0.000000
600318.864868 2479936.175542 0.000000
600313.911456 2479936.858325 0.000000
600308.958043 2479937.541108 0.000000
600304.004631 2479938.223890 0.000000
600299.051219 2479938.906673 0.000000
600294.097807 2479939.589456 0.000000
600289.144394 2479940.272238 0.000000
600284.190982 2479940.955021 0.000000
600279.237570 2479941.637804 0.000000
600274.284157 2479942.320587 0.000000
600269.330745 2479943.003369 0.000000
600264.377333 2479943.686152 0.000000
600259.423921 2479944.368935 0.000000
600254.470508 2479945.051717 0.000000
600249.517096 2479945.734500 0.000000
600244.563684 2479946.417283 0.000000
600239.610271 2479947.100065 0.000000
600234.656859 2479947.782848 0.000000
600229.703447 2479948.465631 0.000000
600224.750034 2479949.148414 0.000000
600219.796622 2479949.831196 0.000000
600214.843210 2479950.513979 0.000000
600209.889798 2479951.196762 0.000000
600204.936385 2479951.879544 0.000000
600199.982973 2479952.562327 0.000000
600195.029561 2479953.245110 0.000000
600190.076148 2479953.927892 0.000000
600185.122736 2479954.610675 0.000000
600180.169324 2479955.293458 0.000000
600175.215912 2479955.976241 0.000000
600170.262499 2479956.659023 0.000000
600165.309087 2479957.341806 0.000000
600160.355675 2479958.024589 0.000000
600155.402262 2479958.707371 0.000000
600150.448850 2479959.390154 0.000000
600145.495438 2479960.072937 0.000000
600140.542025 2479960.755719 0.000000
600135.588613 2479961.438502 0.000000
600130.635201 2479962.121285 0.000000
600125.681789 2479962.804068 0.000000
600120.728376 2479963.486850 0.000000
600115.774964 2479964.169633 0.000000
600110.821552 2479964.852416 0.000000
600105.868139 2479965.535198 0.000000
600100.914727 2479966.217981 0.000000
600095.961315 2479966.900764 0.000000
600091.007903 2479967.583547 0.000000
600086.054490 2479968.266329 0.000000
600081.101078 2479968.949112 0.000000
600076.147666 2479969.631895 0.000000
600071.194253 2479970.314677 0.000000
600066.240841 2479970.997460 0.000000
600061.287429 2479971.680243 0.000000
600056.334016 2479972.363025 0.000000
600051.380604 2479973.045808 0.000000
600046.427192 2479973.728591 0.000000
600041.473780 2479974.411374 0.000000
600036.520367 2479975.094156 0.000000
600031.566955 2479975.776939 0.000000
600026.613543 2479976.459722 0.000000
600021.660130 2479977.142504 0.000000
600016.706718 2479977.825287 0.000000
600011.753306 2479978.508070 0.000000
600006.799893 2479979.190852 0.000000
600001.846481 2479979.873635 0.000000
599996.893069 2479980.556418 0.000000
599991.939657 2479981.239201 0.000000
599986.986244 2479981.921983 0.000000
599982.032832 2479982.604766 0.000000
599977.079420 2479983.287549 0.000000
599972.126007 2479983.970331 0.000000
599967.172595 2479984.653114 0.000000
599962.219183 2479985.335897 0.000000
599957.265771 2479986.018679 0.000000
599952.312358 2479986.701462 0.000000
599947.358946 2479987.384245 0.000000
599942.405534 2479988.067028 0.000000
599937.452121 2479988.749810 0.000000
599932.498709 2479989.432593 0.000000
599927.545297 2479990.115376 0.000000
599922.591884 2479990.798158 0.000000
599917.638472 2479991.480941 0.000000
599912.685060 2479992.163724 0.000000
599907.731648 2479992.846506 0.000000
599902.778235 2479993.529289 0.000000
599897.824823 2479994.212072 0.000000
599892.871411 2479994.894855 0.000000
599887.917998 2479995.577637 0.000000
599882.964586 2479996.260420 0.000000
599878.011174 2479996.943203 0.000000
599873.057762 2479997.625985 0.000000
599868.104349 2479998.308768 0.000000
599863.150937 2479998.991551 0.000000
599858.197525 2479999.674334 0.000000
599853.244112 2480000.357116 0.000000
599848.290700 2480001.039899 0.000000
599843.337288 2480001.722682 0.000000
599838.383875 2480002.405464 0.000000
599833.430463 2480003.088247 0.000000
599828.477051 2480003.771030 0.000000
599823.523639 2480004.453812 0.000000
599818.570226 2480005.136595 0.000000
599813.616814 2480005.819378 0.000000
599808.663402 2480006.502161 0.000000
599803.709989 2480007.184943 0.000000
599798.756577 2480007.867726 0.000000
599793.803165 2480008.550509 0.000000
599788.849752 2480009.233291 0.000000
599783.896340 2480009.916074 0.000000
599778.942928 2480010.598857 0.000000
599773.989516 2480011.281639 0.000000
599769.036103 2480011.964422 0.000000
599764.082691 2480012.647205 0.000000
599759.129279 2480013.329988 0.000000
599754.175866 2480014.012770 0.000000
599749.222454 2480014.695553 0.000000
599744.269042 2480015.378336 0.000000
599739.315630 2480016.061118 0.000000
599734.362217 2480016.743901 0.000000
599729.408805 2480017.426684 0.000000
599724.455393 2480018.109466 0.000000
599719.501980 2480018.792249 0.000000
599714.548568 2480019.475032 0.000000
599709.595156 2480020.157815 0.000000
599704.641743 2480020.840597 0.000000
599699.688331 2480021.523380 0.000000
599694.734919 2480022.206163 0.000000
599689.781507 2480022.888945 0.000000
599684.828094 2480023.571728 0.000000
599679.874682 2480024.254511 0.000000
599674.921270 2480024.937293 0.000000
599669.967857 2480025.620076 0.000000
599665.014445 2480026.302859 0.000000
599660.061033 2480026.985642 0.000000
599655.107621 2480027.668424 0.000000
599650.154208 2480028.351207 0.000000
599645.200796 2480029.033990 0.000000
599640.247384 2480029.716772 0.000000
599635.293971 2480030.399555 0.000000
599630.340559 2480031.082338 0.000000
599625.387147 2480031.765120 0.000000
599620.433734 2480032.447903 0.000000
599615.480322 2480033.130686 0.000000
599610.526910 2480033.813469 0.000000
599605.573498 2480034.496251 0.000000
599600.620085 2480035.179034 0.000000
599595.666673 2480035.861817 0.000000
599590.713261 2480036.544599 0.000000
599585.759848 2480037.227382 0.000000
599580.806436 2480037.910165 0.000000
599575.853024 2480038.592948 0.000000
599570.899612 2480039.275730 0.000000
599565.946199 2480039.958513 0.000000
599560.992787 2480040.641296 0.000000
599556.039375 2480041.324078 0.000000
599551.085962 2480042.006861 0.000000
599546.132550 2480042.689644 0.000000
599541.179138 2480043.372426 0.000000
599536.225725 2480044.055209 0.000000
599531.272313 2480044.737992 0.000000
599526.318901 2480045.420775 0.000000
599521.365489 2480046.103557 0.000000
599516.412076 2480046.786340 0.000000
599511.458664 2480047.469123 0.000000
599506.505252 2480048.151905 0.000000
599501.551839 2480048.834688 0.000000
599496.598427 2480049.517471 0.000000
599491.645015 2480050.200253 0.000000
599486.691602 2480050.883036 0.000000
599481.738190 2480051.565819 0.000000
599476.784778 2480052.248602 0.000000
599471.831366 2480052.931384 0.000000
599466.877953 2480053.614167 0.000000
599461.924541 2480054.296950 0.000000
599456.971129 2480054.979732 0.000000
599452.017716 2480055.662515 0.000000
599447.064304 2480056.345298 0.000000
599442.110892 2480057.028080 0.000000
599437.157480 2480057.710863 0.000000
599432.204067 2480058.393646 0.000000
599427.250655 2480059.076429 0.000000
599422.297243 2480059.759211 0.000000
599417.343830 2480060.441994 0.000000
599412.390418 2480061.124777 0.000000
599407.437006 2480061.807559 0.000000
599402.483593 2480062.490342 0.000000
599397.530181 2480063.173125 0.000000
599392.576769 2480063.855907 0.000000
599387.623357 2480064.538690 0.000000
599382.669944 2480065.221473 0.000000
599377.716532 2480065.904256 0.000000
599372.763120 2480066.587038 0.000000
599367.809707 2480067.269821 0.000000
599362.856295 2480067.952604 0.000000
599357.902883 2480068.635386 0.000000
599352.949471 2480069.318169 0.000000
599347.996058 2480070.000952 0.000000
599343.042646 2480070.683734 0.000000
599338.089234 2480071.366517 0.000000
599333.135821 2480072.049300 0.000000
599328.182409 2480072.732083 0.000000
599323.228997 2480073.414865 0.000000
599318.275584 2480074.097648 0.000000
599313.322172 2480074.780431 0.000000
599308.368760 2480075.463213 0.000000
599303.415348 2480076.145996 0.000000
599298.461935 2480076.828779 0.000000
599293.508523 2480077.511562 0.000000
599288.555111 2480078.194344 0.000000
599283.601698 2480078.877127 0.000000
599278.648286 2480079.559910 0.000000
599273.694874 2480080.242692 0.000000
599268.741461 2480080.925475 0.000000
599263.788049 2480081.608258 0.000000
599258.834637 2480082.291040 0.000000
599253.881225 2480082.973823 0.000000
599248.927812 2480083.656606 0.000000
599243.974400 2480084.339389 0.000000
599239.020988 2480085.022171 0.000000
599234.067575 2480085.704954 0.000000
599229.114163 2480086.387737 0.000000
599224.160751 2480087.070519 0.000000
599219.207339 2480087.753302 0.000000
599214.253926 2480088.436085 0.000000
599209.300514 2480089.118867 0.000000
599204.347102 2480089.801650 0.000000
599199.393689 2480090.484433 0.000000
599194.440277 2480091.167216 0.000000
599189.486865 2480091.849998 0.000000
599184.533452 2480092.532781 0.000000
599179.580040 2480093.215564 0.000000
599174.626628 2480093.898346 0.000000
599169.673216 2480094.581129 0.000000
599164.719803 2480095.263912 0.000000
599159.766391 2480095.946694 0.000000
599154.812979 2480096.629477 0.000000
599149.859566 2480097.312260 0.000000
599144.906154 2480097.995043 0.000000
599139.952742 2480098.677825 0.000000
599134.999330 2480099.360608 0.000000
599130.045917 2480100.043391 0.000000
599125.092505 2480100.726173 0.000000
599120.139093 2480101.408956 0.000000
599115.185680 2480102.091739 0.000000
599110.232268 2480102.774521 0.000000
599105.278856 2480103.457304 0.000000
599100.325443 2480104.140087 0.000000
599095.372031 2480104.822870 0.000000
599090.418619 2480105.505652 0.000000
599085.465207 2480106.188435 0.000000
599080.511794 2480106.871218 0.000000
599075.558382 2480107.554000 0.000000
599070.604970 2480108.236783 0.000000
599065.651557 2480108.919566 0.000000
599060.698145 2480109.602348 0.000000
599055.744733 2480110.285131 0.000000
599050.791321 2480110.967914 0.000000
599045.837908 2480111.650697 0.000000
599040.884496 2480112.333479 0.000000
599035.931084 2480113.016262 0.000000
599030.977671 2480113.699045 0.000000
599026.024259 2480114.381827 0.000000
599021.070847 2480115.064610 0.000000
599016.117434 2480115.747393 0.000000
599011.164022 2480116.430176 0.000000
599006.210610 2480117.112958 0.000000
599001.257198 2480117.795741 0.000000
598996.303785 2480118.478524 0.000000
598991.350373 2480119.161306 0.000000
598986.396961 2480119.844089 0.000000
598981.443548 2480120.526872 0.000000
598976.490136 2480121.209654 0.000000
598971.536724 2480121.892437 0.000000
598966.583311 2480122.575220 0.000000
598961.629899 2480123.258003 0.000000
598956.676487 2480123.940785 0.000000
598951.723075 2480124.623568 0.000000
598946.769662 2480125.306351 0.000000
598941.816250 2480125.989133 0.000000
598936.862838 2480126.671916 0.000000
598931.909425 2480127.354699 0.000000
598926.956013 2480128.037481 0.000000
598922.002601 2480128.720264 0.000000
598917.049189 2480129.403047 0.000000
598912.095776 2480130.085830 0.000000
598907.142364 2480130.768612 0.000000
598902.188952 2480131.451395 0.000000
598897.235539 2480132.134178 0.000000
598892.282127 2480132.816960 0.000000
598887.328715 2480133.499743 0.000000
598882.375302 2480134.182526 0.000000
598877.421890 2480134.865308 0.000000
598872.468478 2480135.548091 0.000000
598867.515066 2480136.230874 0.000000
598862.561653 2480136.913657 0.000000
598857.608241 2480137.596439 0.000000
598852.654829 2480138.279222 0.000000
598847.701416 2480138.962005 0.000000
598842.748004 2480139.644787 0.000000
598837.794592 2480140.327570 0.000000
598832.841180 2480141.010353 0.000000
598827.887767 2480141.693135 0.000000
598822.934355 2480142.375918 0.000000
598817.980943 2480143.058701 0.000000
598813.027530 2480143.741484 0.000000
598808.073930 2480144.396122 0.000000
598803.120329 2480145.050761 0.000000
598798.166728 2480145.705400 0.000000
598793.213127 2480146.360039 0.000000
598788.259527 2480147.014678 0.000000
598783.305926 2480147.669317 0.000000
598778.352325 2480148.323956 0.000000
598773.398724 2480148.978595 0.000000
598768.445124 2480149.633233 0.000000
598763.491523 2480150.287872 0.000000
598758.537922 2480150.942511 0.000000
598753.584321 2480151.597150 0.000000
598748.630721 2480152.251789 0.000000
598743.677120 2480152.906428 0.000000
598738.723519 2480153.561067 0.000000
598733.769918 2480154.215705 0.000000
598728.816318 2480154.870344 0.000000
598723.862717 2480155.524983 0.000000
598718.909116 2480156.179622 0.000000
598713.955516 2480156.834261 0.000000
598709.001915 2480157.488900 0.000000
598704.048314 2480158.143539 0.000000
598699.094713 2480158.798178 0.000000
598694.141113 2480159.452816 0.000000
598689.187512 2480160.107455 0.000000
598684.233911 2480160.762094 0.000000
598679.280310 2480161.416733 0.000000
598674.326710 2480162.071372 0.000000
598669.373109 2480162.726011 0.000000
598664.419508 2480163.380650 0.000000
598659.465907 2480164.035289 0.000000
598654.512307 2480164.689927 0.000000
598649.558706 2480165.344566 0.000000
598644.605105 2480165.999205 0.000000
598639.651504 2480166.653844 0.000000
598634.697904 2480167.308483 0.000000
598629.744303 2480167.963122 0.000000
598624.790702 2480168.617761 0.000000
598619.837101 2480169.272399 0.000000
598614.883501 2480169.927038 0.000000
598609.929900 2480170.581677 0.000000
598604.976299 2480171.236316 0.000000
598600.022698 2480171.890955 0.000000
598595.069098 2480172.545594 0.000000
598590.115497 2480173.200233 0.000000
598585.161896 2480173.854872 0.000000
598580.208296 2480174.509510 0.000000
598575.254695 2480175.164149 0.000000
598570.301094 2480175.818788 0.000000
598565.347493 2480176.473427 0.000000
598560.393893 2480177.128066 0.000000
598555.440292 2480177.782705 0.000000
598550.486691 2480178.437344 0.000000
598545.533090 2480179.091982 0.000000
598540.579490 2480179.746621 0.000000
598535.625889 2480180.401260 0.000000
598530.672288 2480181.055899 0.000000
598525.718687 2480181.710538 0.000000
598520.765087 2480182.365177 0.000000
598515.811486 2480183.019816 0.000000
598510.857885 2480183.674455 0.000000
598505.904284 2480184.329093 0.000000
598500.950684 2480184.983732 0.000000
598495.997083 2480185.638371 0.000000
598491.043482 2480186.293010 0.000000
598486.089881 2480186.947649 0.000000
598481.136281 2480187.602288 0.000000
598476.182680 2480188.256927 0.000000
598471.229079 2480188.911565 0.000000
598466.275478 2480189.566204 0.000000
598461.321878 2480190.220843 0.000000
598456.368277 2480190.875482 0.000000
598451.414676 2480191.530121 0.000000
598446.461075 2480192.184760 0.000000
598441.507475 2480192.839399 0.000000
598436.553874 2480193.494038 0.000000
598431.600273 2480194.148676 0.000000
598426.646673 2480194.803315 0.000000
598421.693072 2480195.457954 0.000000
598416.739471 2480196.112593 0.000000
598411.785870 2480196.767232 0.000000
598406.832270 2480197.421871 0.000000
598401.878669 2480198.076510 0.000000
598396.925068 2480198.731149 0.000000
598391.971467 2480199.385787 0.000000
598387.017867 2480200.040426 0.000000
598382.064266 2480200.695065 0.000000
598377.110665 2480201.349704 0.000000
598372.157064 2480202.004343 0.000000
598367.203464 2480202.658982 0.000000
598362.249863 2480203.313621 0.000000
598357.296262 2480203.968259 0.000000
598352.342661 2480204.622898 0.000000
598347.389061 2480205.277537 0.000000
598342.435460 2480205.932176 0.000000
598337.481859 2480206.586815 0.000000
598332.528258 2480207.241454 0.000000
598327.574658 2480207.896093 0.000000
598322.621057 2480208.550732 0.000000
598317.667456 2480209.205370 0.000000
598312.713855 2480209.860009 0.000000
598307.760255 2480210.514648 0.000000
598302.806654 2480211.169287 0.000000
598297.853053 2480211.823926 0.000000
598292.899453 2480212.478565 0.000000
598287.945852 2480213.133204 0.000000
598282.992251 2480213.787842 0.000000
598278.038650 2480214.442481 0.000000
598273.085050 2480215.097120 0.000000
598268.131449 2480215.751759 0.000000
598263.177848 2480216.406398 0.000000
598258.224247 2480217.061037 0.000000
598253.270647 2480217.715676 0.000000
598248.317046 2480218.370315 0.000000
598243.363445 2480219.024953 0.000000
598238.409844 2480219.679592 0.000000
598233.456244 2480220.334231 0.000000
598228.502643 2480220.988870 0.000000
598223.549042 2480221.643509 0.000000
598218.595441 2480222.298148 0.000000
598213.641841 2480222.952787 0.000000
598208.688240 2480223.607426 0.000000
598203.734639 2480224.262064 0.000000
598198.781038 2480224.916703 0.000000
598193.827438 2480225.571342 0.000000
598188.873837 2480226.225981 0.000000
598183.920236 2480226.880620 0.000000
598178.966635 2480227.535259 0.000000
598174.013035 2480228.189898 0.000000
598169.059434 2480228.844536 0.000000
598164.105833 2480229.499175 0.000000
598159.152233 2480230.153814 0.000000
598154.198632 2480230.808453 0.000000
598149.245031 2480231.463092 0.000000
598144.291430 2480232.117731 0.000000
598139.337830 2480232.772370 0.000000
598134.384229 2480233.427009 0.000000
598129.430628 2480234.081647 0.000000
598124.477027 2480234.736286 0.000000
598119.523427 2480235.390925 0.000000
598114.569826 2480236.045564 0.000000
598109.616225 2480236.700203 0.000000
598104.662624 2480237.354842 0.000000
598099.709024 2480238.009481 0.000000
598094.755423 2480238.664119 0.000000
598089.801822 2480239.318758 0.000000
598084.848221 2480239.973397 0.000000
598079.894621 2480240.628036 0.000000
598074.941020 2480241.282675 0.000000
598069.987419 2480241.937314 0.000000
598065.033818 2480242.591953 0.000000
598060.080218 2480243.246592 0.000000
598055.126617 2480243.901230 0.000000
598050.173016 2480244.555869 0.000000
598045.219415 2480245.210508 0.000000
598040.265815 2480245.865147 0.000000
598035.312214 2480246.519786 0.000000
598030.358613 2480247.174425 0.000000
598025.405013 2480247.829064 0.000000
598020.451412 2480248.483703 0.000000
598015.497811 2480249.138341 0.000000
598010.544210 2480249.792980 0.000000
598005.590610 2480250.447619 0.000000
598000.637009 2480251.102258 0.000000
597995.683408 2480251.756897 0.000000
597990.729807 2480252.411536 0.000000
597985.776207 2480253.066175 0.000000
597980.822606 2480253.720813 0.000000
597975.869005 2480254.375452 0.000000
597970.915404 2480255.030091 0.000000
597965.961804 2480255.684730 0.000000
597961.008203 2480256.339369 0.000000
597956.054602 2480256.994008 0.000000
597951.101001 2480257.648647 0.000000
597946.147401 2480258.303286 0.000000
597941.193800 2480258.957924 0.000000
597936.240199 2480259.612563 0.000000
597931.286598 2480260.267202 0.000000
597926.332998 2480260.921841 0.000000
597921.379397 2480261.576480 0.000000
597916.425796 2480262.231119 0.000000
597911.472195 2480262.885758 0.000000
597906.518595 2480263.540396 0.000000
597901.564994 2480264.195035 0.000000
597896.611393 2480264.849674 0.000000
597891.657792 2480265.504313 0.000000
597886.704192 2480266.158952 0.000000
597881.750591 2480266.813591 0.000000
597876.796990 2480267.468230 0.000000
597871.843390 2480268.122869 0.000000
597866.889789 2480268.777507 0.000000
597861.936188 2480269.432146 0.000000
597856.982587 2480270.086785 0.000000
597852.028987 2480270.741424 0.000000
597847.081077 2480271.564340 0.000000
597842.133168 2480272.387256 0.000000
597837.185259 2480273.210172 0.000000
597832.237350 2480274.033088 0.000000
597827.289441 2480274.856005 0.000000
597822.341532 2480275.678921 0.000000
597817.393623 2480276.501837 0.000000
597812.445713 2480277.324753 0.000000
597807.497804 2480278.147669 0.000000
597802.549895 2480278.970585 0.000000
597797.601986 2480279.793501 0.000000
597792.654077 2480280.616417 0.000000
597787.706168 2480281.439333 0.000000
597782.758259 2480282.262249 0.000000
597777.810349 2480283.085166 0.000000
597772.862440 2480283.908082 0.000000
597767.914531 2480284.730998 0.000000
597762.966622 2480285.553914 0.000000
597758.018713 2480286.376830 0.000000
597753.070804 2480287.199746 0.000000
597748.122894 2480288.022662 0.000000
597743.174985 2480288.845578 0.000000
597738.227076 2480289.668494 0.000000
597733.279167 2480290.491410 0.000000
597728.331258 2480291.314327 0.000000
597723.383349 2480292.137243 0.000000
597718.435440 2480292.960159 0.000000
597713.487530 2480293.783075 0.000000
597708.539621 2480294.605991 0.000000
597703.591712 2480295.428907 0.000000
597698.643803 2480296.251823 0.000000
597693.695894 2480297.074739 0.000000
597688.747985 2480297.897655 0.000000
597683.800076 2480298.720571 0.000000
597678.852166 2480299.543488 0.000000
597673.904257 2480300.366404 0.000000
597668.956348 2480301.189320 0.000000
597664.008439 2480302.012236 0.000000
597659.060530 2480302.835152 0.000000
597654.112621 2480303.658068 0.000000
597649.164712 2480304.480984 0.000000
597644.216802 2480305.303900 0.000000
597639.268893 2480306.126816 0.000000
597634.320984 2480306.949732 0.000000
597629.373075 2480307.772649 0.000000
597624.425166 2480308.595565 0.000000
597619.477257 2480309.418481 0.000000
597614.529348 2480310.241397 0.000000
597609.581438 2480311.064313 0.000000
597604.633529 2480311.887229 0.000000
597599.685620 2480312.710145 0.000000
597594.737711 2480313.533061 0.000000
597589.789802 2480314.355977 0.000000
597584.841893 2480315.178893 0.000000
597579.893983 2480316.001810 0.000000
597574.946074 2480316.824726 0.000000
597569.998165 2480317.647642 0.000000
597565.050256 2480318.470558 0.000000
597560.102347 2480319.293474 0.000000
597555.154438 2480320.116390 0.000000
597550.206529 2480320.939306 0.000000
597545.258619 2480321.762222 0.000000
597540.310710 2480322.585138 0.000000
597535.362801 2480323.408054 0.000000
597530.414892 2480324.230971 0.000000
597525.466983 2480325.053887 0.000000
597520.519074 2480325.876803 0.000000
597515.571165 2480326.699719 0.000000
597510.623255 2480327.522635 0.000000
597505.675346 2480328.345551 0.000000
597500.727437 2480329.168467 0.000000
597495.779528 2480329.991383 0.000000
597490.831619 2480330.814299 0.000000
597485.883710 2480331.637215 0.000000
597480.935801 2480332.460132 0.000000
597475.987891 2480333.283048 0.000000
597471.039982 2480334.105964 0.000000
597466.092073 2480334.928880 0.000000
597461.144164 2480335.751796 0.000000
597456.196255 2480336.574712 0.000000
597451.248346 2480337.397628 0.000000
597446.300437 2480338.220544 0.000000
597441.352527 2480339.043460 0.000000
597436.404618 2480339.866376 0.000000
597431.456709 2480340.689293 0.000000
597426.508800 2480341.512209 0.000000
597421.560891 2480342.335125 0.000000
597416.612982 2480343.158041 0.000000
597411.665072 2480343.980957 0.000000
597406.717163 2480344.803873 0.000000
597401.769254 2480345.626789 0.000000
597396.821345 2480346.449705 0.000000
597391.873436 2480347.272621 0.000000
597386.925527 2480348.095537 0.000000
597381.977618 2480348.918454 0.000000
597377.029708 2480349.741370 0.000000
597372.129716 2480350.741369 0.000000
597367.229723 2480351.741368 0.000000
597362.329731 2480352.741367 0.000000
597357.429738 2480353.741366 0.000000
597352.529746 2480354.741365 0.000000
597347.629753 2480355.741365 0.000000
597342.729761 2480356.741364 0.000000
597337.829768 2480357.741363 0.000000
597332.929776 2480358.741362 0.000000
597328.029783 2480359.741361 0.000000
597323.129791 2480360.741360 0.000000
597318.229798 2480361.741360 0.000000
597313.329806 2480362.741359 0.000000
597308.429813 2480363.741358 0.000000
597303.529821 2480364.741357 0.000000
597298.629828 2480365.741356 0.000000
597293.729835 2480366.741355 0.000000
597288.829843 2480367.741354 0.000000
597283.929850 2480368.741354 0.000000
597279.029858 2480369.741353 0.000000
597274.129865 2480370.741352 0.000000
597269.229873 2480371.741351 0.000000
597264.329880 2480372.741350 0.000000
597259.429888 2480373.741349 0.000000
597254.529895 2480374.741349 0.000000
597249.629903 2480375.741348 0.000000
597244.729910 2480376.741347 0.000000
597239.829918 2480377.741346 0.000000
597234.929925 2480378.741345 0.000000
597230.029933 2480379.741344 0.000000
597225.129940 2480380.741344 0.000000
597220.229948 2480381.741343 0.000000
597215.329955 2480382.741342 0.000000
597210.429962 2480383.741341 0.000000
597205.529970 2480384.741340 0.000000
597200.629977 2480385.741339 0.000000
597195.729985 2480386.741338 0.000000
597190.829992 2480387.741338 0.000000
597185.930000 2480388.741337 0.000000
597181.030007 2480389.741336 0.000000
597176.130015 2480390.741335 0.000000
597171.230022 2480391.741334 0.000000
597166.330030 2480392.741333 0.000000
597161.430037 2480393.741333 0.000000
597156.530045 2480394.741332 0.000000
597151.630052 2480395.741331 0.000000
597146.730060 2480396.741330 0.000000
597141.830067 2480397.741329 0.000000
597136.930075 2480398.741328 0.000000
597132.030082 2480399.741328 0.000000
597127.130090 2480400.741327 0.000000
597122.230097 2480401.741326 0.000000
597117.330104 2480402.741325 0.000000
597112.430112 2480403.741324 0.000000
597107.530119 2480404.741323 0.000000
597102.630127 2480405.741322 0.000000
597097.730134 2480406.741322 0.000000
597092.830142 2480407.741321 0.000000
597087.930149 2480408.741320 0.000000
597083.030157 2480409.741319 0.000000
597078.091389 2480410.598461 0.000000
597073.152621 2480411.455604 0.000000
597068.213853 2480412.312746 0.000000
597063.275085 2480413.169888 0.000000
597058.336317 2480414.027030 0.000000
597053.397549 2480414.884173 0.000000
597048.458781 2480415.741315 0.000000
597043.520013 2480416.598457 0.000000
597038.581245 2480417.455599 0.000000
597033.642477 2480418.312741 0.000000
597028.703709 2480419.169884 0.000000
597023.764941 2480420.027026 0.000000
597018.826173 2480420.884168 0.000000
597013.887405 2480421.741310 0.000000
597008.948637 2480422.598453 0.000000
597004.009869 2480423.455595 0.000000
596999.071101 2480424.312737 0.000000
596994.132333 2480425.169879 0.000000
596989.193565 2480426.027022 0.000000
596984.254797 2480426.884164 0.000000
596979.316029 2480427.741306 0.000000
596974.377261 2480428.598448 0.000000
596969.438493 2480429.455590 0.000000
596964.499725 2480430.312733 0.000000
596959.560957 2480431.169875 0.000000
596954.622189 2480432.027017 0.000000
596949.683421 2480432.884159 0.000000
596944.744653 2480433.741302 0.000000
596939.805885 2480434.598444 0.000000
596934.867117 2480435.455586 0.000000
596929.928349 2480436.312728 0.000000
596924.989581 2480437.169871 0.000000
596920.050813 2480438.027013 0.000000
596915.112045 2480438.884155 0.000000
596910.173277 2480439.741297 0.000000
596905.234509 2480440.598440 0.000000
596900.295741 2480441.455582 0.000000
596895.356973 2480442.312724 0.000000
596890.418205 2480443.169866 0.000000
596885.479437 2480444.027008 0.000000
596880.540669 2480444.884151 0.000000
596875.601901 2480445.741293 0.000000
596870.663133 2480446.598435 0.000000
596865.724365 2480447.455577 0.000000
596860.785597 2480448.312720 0.000000
596855.846829 2480449.169862 0.000000
596850.908061 2480450.027004 0.000000
596845.969293 2480450.884146 0.000000
596841.030525 2480451.741289 0.000000
596836.042878 2480452.358572 0.000000
596831.055231 2480452.975856 0.000000
596826.067584 2480453.593140 0.000000
596821.079938 2480454.210423 0.000000
596816.092291 2480454.827707 0.000000
596811.104644 2480455.444991 0.000000
596806.116997 2480456.062274 0.000000
596801.129351 2480456.679558 0.000000
596796.141704 2480457.296842 0.000000
596791.154057 2480457.914125 0.000000
596786.166410 2480458.531409 0.000000
596781.178763 2480459.148693 0.000000
596776.191117 2480459.765977 0.000000
596771.203470 2480460.383260 0.000000
596766.215823 2480461.000544 0.000000
596761.228176 2480461.617828 0.000000
596756.240530 2480462.235111 0.000000
596751.252883 2480462.852395 0.000000
596746.265236 2480463.469679 0.000000
596741.277589 2480464.086962 0.000000
596736.289943 2480464.704246 0.000000
596731.302296 2480465.321530 0.000000
596726.314649 2480465.938814 0.000000
596721.327002 2480466.556097 0.000000
596716.339355 2480467.173381 0.000000
596711.351709 2480467.790665 0.000000
596706.364062 2480468.407948 0.000000
596701.376415 2480469.025232 0.000000
596696.388768 2480469.642516 0.000000
596691.401122 2480470.259799 0.000000
596686.413475 2480470.877083 0.000000
596681.425828 2480471.494367 0.000000
596676.438181 2480472.111650 0.000000
596671.450535 2480472.728934 0.000000
596666.462888 2480473.346218 0.000000
596661.475241 2480473.963502 0.000000
596656.487594 2480474.580785 0.000000
596651.499947 2480475.198069 0.000000
596646.512301 2480475.815353 0.000000
596641.524654 2480476.432636 0.000000
596636.537007 2480477.049920 0.000000
596631.549360 2480477.667204 0.000000
596626.561714 2480478.284487 0.000000
596621.574067 2480478.901771 0.000000
596616.586420 2480479.519055 0.000000
596611.598773 2480480.136338 0.000000
596606.611126 2480480.753622 0.000000
596601.623480 2480481.370906 0.000000
596596.635833 2480481.988190 0.000000
596591.648186 2480482.605473 0.000000
596586.660539 2480483.222757 0.000000
596581.672893 2480483.840041 0.000000
596576.685246 2480484.457324 0.000000
596571.697599 2480485.074608 0.000000
596566.709952 2480485.691892 0.000000
596561.722306 2480486.309175 0.000000
596556.734659 2480486.926459 0.000000
596551.747012 2480487.543743 0.000000
596546.759365 2480488.161026 0.000000
596541.771718 2480488.778310 0.000000
596536.784072 2480489.395594 0.000000
596531.796425 2480490.012878 0.000000
596526.808778 2480490.630161 0.000000
596521.821131 2480491.247445 0.000000
596516.833485 2480491.864729 0.000000
596511.845838 2480492.482012 0.000000
596506.858191 2480493.099296 0.000000
596501.870544 2480493.716580 0.000000
596496.882898 2480494.333863 0.000000
596491.895251 2480494.951147 0.000000
596486.907604 2480495.568431 0.000000
596481.919957 2480496.185714 0.000000
596476.932310 2480496.802998 0.000000
596471.944664 2480497.420282 0.000000
596466.957017 2480498.037566 0.000000
596461.969370 2480498.654849 0.000000
596456.981723 2480499.272133 0.000000
596451.994077 2480499.889417 0.000000
596447.006430 2480500.506700 0.000000
596442.018783 2480501.123984 0.000000
596437.031136 2480501.741268 0.000000
596432.059715 2480502.112696 0.000000
596427.088294 2480502.484125 0.000000
596422.116873 2480502.855554 0.000000
596417.145452 2480503.226982 0.000000
596412.174031 2480503.598411 0.000000
596407.202610 2480503.969840 0.000000
596402.231189 2480504.341268 0.000000
596397.259768 2480504.712697 0.000000
596392.288347 2480505.084126 0.000000
596387.316925 2480505.455554 0.000000
596382.345504 2480505.826983 0.000000
596377.374083 2480506.198412 0.000000
596372.402662 2480506.569841 0.000000
596367.431241 2480506.941269 0.000000
596362.459820 2480507.312698 0.000000
596357.488399 2480507.684127 0.000000
596352.516978 2480508.055555 0.000000
596347.545557 2480508.426984 0.000000
596342.574136 2480508.798413 0.000000
596337.602715 2480509.169841 0.000000
596332.631294 2480509.541270 0.000000
596327.659873 2480509.912699 0.000000
596322.688451 2480510.284127 0.000000
596317.717030 2480510.655556 0.000000
596312.745609 2480511.026985 0.000000
596307.774188 2480511.398413 0.000000
596302.802767 2480511.769842 0.000000
596297.831346 2480512.141271 0.000000
596292.859925 2480512.512699 0.000000
596287.888504 2480512.884128 0.000000
596282.917083 2480513.255557 0.000000
596277.945662 2480513.626985 0.000000
596272.974241 2480513.998414 0.000000
596268.002820 2480514.369843 0.000000
596263.031398 2480514.741271 0.000000
596258.038858 2480515.022941 0.000000
596253.046317 2480515.304610 0.000000
596248.053776 2480515.586280 0.000000
596243.061235 2480515.867949 0.000000
596238.068694 2480516.149618 0.000000
596233.076153 2480516.431288 0.000000
596228.083612 2480516.712957 0.000000
596223.091071 2480516.994627 0.000000
596218.098530 2480517.276296 0.000000
596213.105989 2480517.557965 0.000000
596208.113448 2480517.839635 0.000000
596203.120907 2480518.121304 0.000000
596198.128366 2480518.402973 0.000000
596193.135826 2480518.684643 0.000000
596188.143285 2480518.966312 0.000000
596183.150744 2480519.247982 0.000000
596178.158203 2480519.529651 0.000000
596173.165662 2480519.811320 0.000000
596168.173121 2480520.092990 0.000000
596163.180580 2480520.374659 0.000000
596158.188039 2480520.656329 0.000000
596153.195498 2480520.937998 0.000000
596148.202957 2480521.219667 0.000000
596143.210416 2480521.501337 0.000000
596138.217875 2480521.783006 0.000000
596133.225334 2480522.064675 0.000000
596128.232794 2480522.346345 0.000000
596123.240253 2480522.628014 0.000000
596118.247712 2480522.909684 0.000000
596113.255171 2480523.191353 0.000000
596108.262630 2480523.473022 0.000000
596103.270089 2480523.754692 0.000000
596098.277548 2480524.036361 0.000000
596093.285007 2480524.318031 0.000000
596088.292466 2480524.599700 0.000000
596083.299925 2480524.881369 0.000000
596078.307384 2480525.163039 0.000000
596073.314843 2480525.444708 0.000000
596068.322302 2480525.726377 0.000000
596063.329762 2480526.008047 0.000000
596058.337221 2480526.289716 0.000000
596053.344680 2480526.571386 0.000000
596048.352139 2480526.853055 0.000000
596043.359598 2480527.134724 0.000000
596038.367057 2480527.416394 0.000000
596033.374516 2480527.698063 0.000000
596028.381975 2480527.979733 0.000000
596023.389434 2480528.261402 0.000000
596018.396893 2480528.543071 0.000000
596013.404352 2480528.824741 0.000000
596008.411811 2480529.106410 0.000000
596003.419270 2480529.388079 0.000000
595998.426730 2480529.669749 0.000000
595993.434189 2480529.951418 0.000000
595988.441648 2480530.233088 0.000000
595983.449107 2480530.514757 0.000000
595978.456566 2480530.796426 0.000000
595973.464025 2480531.078096 0.000000
595968.471484 2480531.359765 0.000000
595963.478943 2480531.641435 0.000000
595958.486402 2480531.923104 0.000000
595953.493861 2480532.204773 0.000000
595948.501320 2480532.486443 0.000000
595943.508779 2480532.768112 0.000000
595938.516238 2480533.049781 0.000000
595933.523698 2480533.331451 0.000000
595928.531157 2480533.613120 0.000000
595923.538616 2480533.894790 0.000000
595918.546075 2480534.176459 0.000000
595913.553534 2480534.458128 0.000000
595908.560993 2480534.739798 0.000000
595903.568452 2480535.021467 0.000000
595898.575911 2480535.303137 0.000000
595893.583370 2480535.584806 0.000000
595888.590829 2480535.866475 0.000000
595883.598288 2480536.148145 0.000000
595878.605747 2480536.429814 0.000000
595873.613206 2480536.711483 0.000000
595868.620666 2480536.993153 0.000000
595863.628125 2480537.274822 0.000000
595858.635584 2480537.556492 0.000000
595853.643043 2480537.838161 0.000000
595848.650502 2480538.119830 0.000000
595843.657961 2480538.401500 0.000000
595838.665420 2480538.683169 0.000000
595833.672879 2480538.964839 0.000000
595828.680338 2480539.246508 0.000000
595823.687797 2480539.528177 0.000000
595818.695256 2480539.809847 0.000000
595813.702715 2480540.091516 0.000000
595808.710174 2480540.373185 0.000000
595803.717633 2480540.654855 0.000000
595798.725093 2480540.936524 0.000000
595793.732552 2480541.218194 0.000000
595788.740011 2480541.499863 0.000000
595783.747470 2480541.781532 0.000000
595778.754929 2480542.063202 0.000000
595773.762388 2480542.344871 0.000000
595768.769847 2480542.626541 0.000000
595763.777306 2480542.908210 0.000000
595758.784765 2480543.189879 0.000000
595753.792224 2480543.471549 0.000000
595748.799683 2480543.753218 0.000000
595743.807142 2480544.034887 0.000000
595738.814601 2480544.316557 0.000000
595733.822061 2480544.598226 0.000000
595728.829520 2480544.879896 0.000000
595723.836979 2480545.161565 0.000000
595718.844438 2480545.443234 0.000000
595713.851897 2480545.724904 0.000000
595708.859356 2480546.006573 0.000000
595703.866815 2480546.288243 0.000000
595698.874274 2480546.569912 0.000000
595693.881733 2480546.851581 0.000000
595688.889192 2480547.133251 0.000000
595683.896651 2480547.414920 0.000000
595678.904110 2480547.696589 0.000000
595673.911569 2480547.978259 0.000000
595668.919029 2480548.259928 0.000000
595663.926488 2480548.541598 0.000000
595658.933947 2480548.823267 0.000000
595653.941406 2480549.104936 0.000000
595648.948865 2480549.386606 0.000000
595643.956324 2480549.668275 0.000000
595638.963783 2480549.949945 0.000000
595633.971242 2480550.231614 0.000000
595628.978701 2480550.513283 0.000000
595623.986160 2480550.794953 0.000000
595618.993619 2480551.076622 0.000000
595614.001078 2480551.358291 0.000000
595609.008537 2480551.639961 0.000000
595604.015997 2480551.921630 0.000000
595599.023456 2480552.203300 0.000000
595594.030915 2480552.484969 0.000000
595589.038374 2480552.766638 0.000000
595584.045833 2480553.048308 0.000000
595579.053292 2480553.329977 0.000000
595574.060751 2480553.611647 0.000000
595569.068210 2480553.893316 0.000000
595564.075669 2480554.174985 0.000000
595559.083128 2480554.456655 0.000000
595554.090587 2480554.738324 0.000000
595549.098046 2480555.019993 0.000000
595544.105505 2480555.301663 0.000000
595539.112965 2480555.583332 0.000000
595534.120424 2480555.865002 0.000000
595529.127883 2480556.146671 0.000000
595524.135342 2480556.428340 0.000000
595519.142801 2480556.710010 0.000000
595514.150260 2480556.991679 0.000000
595509.157719 2480557.273349 0.000000
595504.165178 2480557.555018 0.000000
595499.172637 2480557.836687 0.000000
595494.180096 2480558.118357 0.000000
595489.187555 2480558.400026 0.000000
595484.195014 2480558.681695 0.000000
595479.202473 2480558.963365 0.000000
595474.209933 2480559.245034 0.000000
595469.217392 2480559.526704 0.000000
595464.224851 2480559.808373 0.000000
595459.232310 2480560.090042 0.000000
595454.239769 2480560.371712 0.000000
595449.247228 2480560.653381 0.000000
595444.254687 2480560.935051 0.000000
595439.262146 2480561.216720 0.000000
595434.269605 2480561.498389 0.000000
595429.277064 2480561.780059 0.000000
595424.284523 2480562.061728 0.000000
595419.291982 2480562.343397 0.000000
595414.299441 2480562.625067 0.000000
595409.306901 2480562.906736 0.000000
595404.314360 2480563.188406 0.000000
595399.321819 2480563.470075 0.000000
595394.329278 2480563.751744 0.000000
595389.336737 2480564.033414 0.000000
595384.344196 2480564.315083 0.000000
595379.351655 2480564.596753 0.000000
595374.359114 2480564.878422 0.000000
595369.366573 2480565.160091 0.000000
595364.374032 2480565.441761 0.000000
595359.381491 2480565.723430 0.000000
595354.388950 2480566.005099 0.000000
595349.396409 2480566.286769 0.000000
595344.403868 2480566.568438 0.000000
595339.411328 2480566.850108 0.000000
595334.418787 2480567.131777 0.000000
595329.426246 2480567.413446 0.000000
595324.433705 2480567.695116 0.000000
595319.441164 2480567.976785 0.000000
595314.448623 2480568.258455 0.000000
595309.456082 2480568.540124 0.000000
595304.463541 2480568.821793 0.000000
595299.471000 2480569.103463 0.000000
595294.478459 2480569.385132 0.000000
595289.485918 2480569.666801 0.000000
595284.493377 2480569.948471 0.000000
595279.500836 2480570.230140 0.000000
595274.508296 2480570.511810 0.000000
595269.515755 2480570.793479 0.000000
595264.523214 2480571.075148 0.000000
595259.530673 2480571.356818 0.000000
595254.538132 2480571.638487 0.000000
595249.545591 2480571.920157 0.000000
595244.553050 2480572.201826 0.000000
595239.560509 2480572.483495 0.000000
595234.567968 2480572.765165 0.000000
595229.575427 2480573.046834 0.000000
595224.582886 2480573.328503 0.000000
595219.590345 2480573.610173 0.000000
595214.597804 2480573.891842 0.000000
595209.605264 2480574.173512 0.000000
595204.612723 2480574.455181 0.000000
595199.620182 2480574.736850 0.000000
595194.627641 2480575.018520 0.000000
595189.635100 2480575.300189 0.000000
595184.642559 2480575.581859 0.000000
595179.650018 2480575.863528 0.000000
595174.657477 2480576.145197 0.000000
595169.664936 2480576.426867 0.000000
595164.672395 2480576.708536 0.000000
595159.679854 2480576.990205 0.000000
595154.687313 2480577.271875 0.000000
595149.694772 2480577.553544 0.000000
595144.702232 2480577.835214 0.000000
595139.709691 2480578.116883 0.000000
595134.717150 2480578.398552 0.000000
595129.724609 2480578.680222 0.000000
595124.732068 2480578.961891 0.000000
595119.739527 2480579.243561 0.000000
595114.746986 2480579.525230 0.000000
595109.754445 2480579.806899 0.000000
595104.761904 2480580.088569 0.000000
595099.769363 2480580.370238 0.000000
595094.776822 2480580.651907 0.000000
595089.784281 2480580.933577 0.000000
595084.791740 2480581.215246 0.000000
595079.799200 2480581.496916 0.000000
595074.806659 2480581.778585 0.000000
595069.814118 2480582.060254 0.000000
595064.821577 2480582.341924 0.000000
595059.829036 2480582.623593 0.000000
595054.836495 2480582.905262 0.000000
595049.843954 2480583.186932 0.000000
595044.851413 2480583.468601 0.000000
595039.858872 2480583.750271 0.000000
595034.866331 2480584.031940 0.000000
595029.873790 2480584.313609 0.000000
595024.881249 2480584.595279 0.000000
595019.888708 2480584.876948 0.000000
595014.896168 2480585.158618 0.000000
595009.903627 2480585.440287 0.000000
595004.911086 2480585.721956 0.000000
594999.918545 2480586.003626 0.000000
594994.926004 2480586.285295 0.000000
594989.933463 2480586.566964 0.000000
594984.940922 2480586.848634 0.000000
594979.948381 2480587.130303 0.000000
594974.955840 2480587.411973 0.000000
594969.963299 2480587.693642 0.000000
594964.970758 2480587.975311 0.000000
594959.978217 2480588.256981 0.000000
594954.985676 2480588.538650 0.000000
594949.993136 2480588.820320 0.000000
594945.000595 2480589.101989 0.000000
594940.008054 2480589.383658 0.000000
594935.015513 2480589.665328 0.000000
594930.022972 2480589.946997 0.000000
594925.030431 2480590.228666 0.000000
594920.037890 2480590.510336 0.000000
594915.045349 2480590.792005 0.000000
594910.052808 2480591.073675 0.000000
594905.060267 2480591.355344 0.000000
594900.067726 2480591.637013 0.000000
594895.075185 2480591.918683 0.000000
594890.082644 2480592.200352 0.000000
594885.090104 2480592.482022 0.000000
594880.097563 2480592.763691 0.000000
594875.105022 2480593.045360 0.000000
594870.112481 2480593.327030 0.000000
594865.119940 2480593.608699 0.000000
594860.127399 2480593.890368 0.000000
594855.134858 2480594.172038 0.000000
594850.142317 2480594.453707 0.000000
594845.149776 2480594.735377 0.000000
594840.157235 2480595.017046 0.000000
594835.164694 2480595.298715 0.000000
594830.172153 2480595.580385 0.000000
594825.179612 2480595.862054 0.000000
594820.187071 2480596.143724 0.000000
594815.194531 2480596.425393 0.000000
594810.201990 2480596.707062 0.000000
594805.209449 2480596.988732 0.000000
594800.216908 2480597.270401 0.000000
594795.224367 2480597.552070 0.000000
594790.231826 2480597.833740 0.000000
594785.239285 2480598.115409 0.000000
594780.246744 2480598.397079 0.000000
594775.254203 2480598.678748 0.000000
594770.261662 2480598.960417 0.000000
594765.269121 2480599.242087 0.000000
594760.276580 2480599.523756 0.000000
594755.284039 2480599.805426 0.000000
594750.291499 2480600.087095 0.000000
594745.298958 2480600.368764 0.000000
594740.306417 2480600.650434 0.000000
594735.313876 2480600.932103 0.000000
594730.321335 2480601.213772 0.000000
594725.328794 2480601.495442 0.000000
594720.336253 2480601.777111 0.000000
594715.343712 2480602.058781 0.000000
594710.351171 2480602.340450 0.000000
594705.358630 2480602.622119 0.000000
594700.366089 2480602.903789 0.000000
594695.373548 2480603.185458 0.000000
594690.381007 2480603.467128 0.000000
594685.388467 2480603.748797 0.000000
594680.395926 2480604.030466 0.000000
594675.403385 2480604.312136 0.000000
594670.410844 2480604.593805 0.000000
594665.418303 2480604.875474 0.000000
594660.425762 2480605.157144 0.000000
594655.433221 2480605.438813 0.000000
594650.440680 2480605.720483 0.000000
594645.448139 2480606.002152 0.000000
594640.455598 2480606.283821 0.000000
594635.463057 2480606.565491 0.000000
594630.470516 2480606.847160 0.000000
594625.477975 2480607.128830 0.000000
594620.485435 2480607.410499 0.000000
594615.492894 2480607.692168 0.000000
594610.500353 2480607.973838 0.000000
594605.507812 2480608.255507 0.000000
594600.515271 2480608.537176 0.000000
594595.522730 2480608.818846 0.000000
594590.530189 2480609.100515 0.000000
594585.537648 2480609.382185 0.000000
594580.545107 2480609.663854 0.000000
594575.552566 2480609.945523 0.000000
594570.560025 2480610.227193 0.000000
594565.567484 2480610.508862 0.000000
594560.574943 2480610.790532 0.000000
594555.582403 2480611.072201 0.000000
594550.589862 2480611.353870 0.000000
594545.597321 2480611.635540 0.000000
594540.604780 2480611.917209 0.000000
594535.612239 2480612.198878 0.000000
594530.619698 2480612.480548 0.000000
594525.627157 2480612.762217 0.000000
594520.634616 2480613.043887 0.000000
594515.642075 2480613.325556 0.000000
594510.649534 2480613.607225 0.000000
594505.656993 2480613.888895 0.000000
594500.664452 2480614.170564 0.000000
594495.671911 2480614.452234 0.000000
594490.679371 2480614.733903 0.000000
594485.686830 2480615.015572 0.000000
594480.694289 2480615.297242 0.000000
594475.701748 2480615.578911 0.000000
594470.709207 2480615.860580 0.000000
594465.716666 2480616.142250 0.000000
594460.724125 2480616.423919 0.000000
594455.731584 2480616.705589 0.000000
594450.739043 2480616.987258 0.000000
594445.746502 2480617.268927 0.000000
594440.753961 2480617.550597 0.000000
594435.761420 2480617.832266 0.000000
594430.768879 2480618.113936 0.000000
594425.776339 2480618.395605 0.000000
594420.783798 2480618.677274 0.000000
594415.791257 2480618.958944 0.000000
594410.798716 2480619.240613 0.000000
594405.806175 2480619.522282 0.000000
594400.813634 2480619.803952 0.000000
594395.821093 2480620.085621 0.000000
594390.828552 2480620.367291 0.000000
594385.836011 2480620.648960 0.000000
594380.843470 2480620.930629 0.000000
594375.850929 2480621.212299 0.000000
594370.858388 2480621.493968 0.000000
594365.865847 2480621.775638 0.000000
594360.873307 2480622.057307 0.000000
594355.880766 2480622.338976 0.000000
594350.888225 2480622.620646 0.000000
594345.895684 2480622.902315 0.000000
594340.903143 2480623.183984 0.000000
594335.910602 2480623.465654 0.000000
594330.918061 2480623.747323 0.000000
594325.925520 2480624.028993 0.000000
594320.932979 2480624.310662 0.000000
594315.940438 2480624.592331 0.000000
594310.947897 2480624.874001 0.000000
594305.955356 2480625.155670 0.000000
594300.962815 2480625.437340 0.000000
594295.970274 2480625.719009 0.000000
594290.977734 2480626.000678 0.000000
594285.985193 2480626.282348 0.000000
594280.992652 2480626.564017 0.000000
594276.000111 2480626.845686 0.000000
594271.007570 2480627.127356 0.000000
594266.015029 2480627.409025 0.000000
594261.022488 2480627.690695 0.000000
594256.029947 2480627.972364 0.000000
594251.037406 2480628.254033 0.000000
594246.044865 2480628.535703 0.000000
594241.052324 2480628.817372 0.000000
594236.059783 2480629.099042 0.000000
594231.067242 2480629.380711 0.000000
594226.074702 2480629.662380 0.000000
594221.082161 2480629.944050 0.000000
594216.089620 2480630.225719 0.000000
594211.097079 2480630.507388 0.000000
594206.104538 2480630.789058 0.000000
594201.111997 2480631.070727 0.000000
594196.119456 2480631.352397 0.000000
594191.126915 2480631.634066 0.000000
594186.134374 2480631.915735 0.000000
594181.141833 2480632.197405 0.000000
594176.149292 2480632.479074 0.000000
594171.156751 2480632.760744 0.000000
594166.164210 2480633.042413 0.000000
594161.171670 2480633.324082 0.000000
594156.179129 2480633.605752 0.000000
594151.186588 2480633.887421 0.000000
594146.194047 2480634.169090 0.000000
594141.201506 2480634.450760 0.000000
594136.208965 2480634.732429 0.000000
594131.216424 2480635.014099 0.000000
594126.223883 2480635.295768 0.000000
594121.231342 2480635.577437 0.000000
594116.238801 2480635.859107 0.000000
594111.246260 2480636.140776 0.000000
594106.253719 2480636.422446 0.000000
594101.261178 2480636.704115 0.000000
594096.268638 2480636.985784 0.000000
594091.276097 2480637.267454 0.000000
594086.283556 2480637.549123 0.000000
594081.291015 2480637.830792 0.000000
594076.298474 2480638.112462 0.000000
594071.305933 2480638.394131 0.000000
594066.313392 2480638.675801 0.000000
594061.320851 2480638.957470 0.000000
594056.328310 2480639.239139 0.000000
594051.335769 2480639.520809 0.000000
594046.343228 2480639.802478 0.000000
594041.350687 2480640.084148 0.000000
594036.358146 2480640.365817 0.000000
594031.365606 2480640.647486 0.000000
594026.373065 2480640.929156 0.000000
594021.380524 2480641.210825 0.000000
594016.387983 2480641.492494 0.000000
594011.395442 2480641.774164 0.000000
594006.402901 2480642.055833 0.000000
594001.410360 2480642.337503 0.000000
593996.417819 2480642.619172 0.000000
593991.425278 2480642.900841 0.000000
593986.432737 2480643.182511 0.000000
593981.440196 2480643.464180 0.000000
593976.447655 2480643.745850 0.000000
593971.455114 2480644.027519 0.000000
593966.462574 2480644.309188 0.000000
593961.470033 2480644.590858 0.000000
593956.477492 2480644.872527 0.000000
593951.484951 2480645.154196 0.000000
593946.492410 2480645.435866 0.000000
593941.499869 2480645.717535 0.000000
593936.507328 2480645.999205 0.000000
593931.514787 2480646.280874 0.000000
593926.522246 2480646.562543 0.000000
593921.529705 2480646.844213 0.000000
593916.537164 2480647.125882 0.000000
593911.544623 2480647.407552 0.000000
593906.552082 2480647.689221 0.000000
593901.559542 2480647.970890 0.000000
593896.567001 2480648.252560 0.000000
593891.574460 2480648.534229 0.000000
593886.581919 2480648.815898 0.000000
593881.589378 2480649.097568 0.000000
593876.596837 2480649.379237 0.000000
593871.604296 2480649.660907 0.000000
593866.611755 2480649.942576 0.000000
593861.619214 2480650.224245 0.000000
593856.626673 2480650.505915 0.000000
593851.634132 2480650.787584 0.000000
593846.641591 2480651.069254 0.000000
593841.649050 2480651.350923 0.000000
593836.656509 2480651.632592 0.000000
593831.663969 2480651.914262 0.000000
593826.671428 2480652.195931 0.000000
593821.678887 2480652.477600 0.000000
593816.686346 2480652.759270 0.000000
593811.693805 2480653.040939 0.000000
593806.701264 2480653.322609 0.000000
593801.708723 2480653.604278 0.000000
593796.716182 2480653.885947 0.000000
593791.723641 2480654.167617 0.000000
593786.731100 2480654.449286 0.000000
593781.738559 2480654.730956 0.000000
593776.746018 2480655.012625 0.000000
593771.753477 2480655.294294 0.000000
593766.760937 2480655.575964 0.000000
593761.768396 2480655.857633 0.000000
593756.775855 2480656.139302 0.000000
593751.783314 2480656.420972 0.000000
593746.790773 2480656.702641 0.000000
593741.798232 2480656.984311 0.000000
593736.805691 2480657.265980 0.000000
593731.813150 2480657.547649 0.000000
593726.820609 2480657.829319 0.000000
593721.828068 2480658.110988 0.000000
593716.835527 2480658.392658 0.000000
593711.842986 2480658.674327 0.000000
593706.850445 2480658.955996 0.000000
593701.857905 2480659.237666 0.000000
593696.865364 2480659.519335 0.000000
593691.872823 2480659.801004 0.000000
593686.880282 2480660.082674 0.000000
593681.887741 2480660.364343 0.000000
593676.895200 2480660.646013 0.000000
593671.902659 2480660.927682 0.000000
593666.910118 2480661.209351 0.000000
593661.917577 2480661.491021 0.000000
593656.925036 2480661.772690 0.000000
593651.932495 2480662.054360 0.000000
593646.939954 2480662.336029 0.000000
593641.947413 2480662.617698 0.000000
593636.954873 2480662.899368 0.000000
593631.962332 2480663.181037 0.000000
593626.969791 2480663.462706 0.000000
593621.977250 2480663.744376 0.000000
593616.984709 2480664.026045 0.000000
593611.992168 2480664.307715 0.000000
593606.999627 2480664.589384 0.000000
593602.007086 2480664.871053 0.000000
593597.014545 2480665.152723 0.000000
593592.022004 2480665.434392 0.000000
593587.029463 2480665.716062 0.000000
593582.036922 2480665.997731 0.000000
593577.044381 2480666.279400 0.000000
593572.051841 2480666.561070 0.000000
593567.059300 2480666.842739 0.000000
593562.066759 2480667.124408 0.000000
593557.074218 2480667.406078 0.000000
593552.081677 2480667.687747 0.000000
593547.089136 2480667.969417 0.000000
593542.096595 2480668.251086 0.000000
593537.104054 2480668.532755 0.000000
593532.111513 2480668.814425 0.000000
593527.118972 2480669.096094 0.000000
593522.126431 2480669.377764 0.000000
593517.133890 2480669.659433 0.000000
593512.141349 2480669.941102 0.000000
593507.148809 2480670.222772 0.000000
593502.156268 2480670.504441 0.000000
593497.163727 2480670.786110 0.000000
593492.171186 2480671.067780 0.000000
593487.178645 2480671.349449 0.000000
593482.186104 2480671.631119 0.000000
593477.193563 2480671.912788 0.000000
593472.201022 2480672.194457 0.000000
593467.208481 2480672.476127 0.000000
593462.215940 2480672.757796 0.000000
593457.223399 2480673.039466 0.000000
593452.230858 2480673.321135 0.000000
593447.238317 2480673.602804 0.000000
593442.245777 2480673.884474 0.000000
593437.253236 2480674.166143 0.000000
593432.260695 2480674.447812 0.000000
593427.268154 2480674.729482 0.000000
593422.275613 2480675.011151 0.000000
593417.283072 2480675.292821 0.000000
593412.290531 2480675.574490 0.000000
593407.297990 2480675.856159 0.000000
593402.305449 2480676.137829 0.000000
593397.312908 2480676.419498 0.000000
593392.320367 2480676.701168 0.000000
593387.327826 2480676.982837 0.000000
593382.335285 2480677.264506 0.000000
593377.342745 2480677.546176 0.000000
593372.350204 2480677.827845 0.000000
593367.357663 2480678.109514 0.000000
593362.365122 2480678.391184 0.000000
593357.372581 2480678.672853 0.000000
593352.380040 2480678.954523 0.000000
593347.387499 2480679.236192 0.000000
593342.394958 2480679.517861 0.000000
593337.402417 2480679.799531 0.000000
593332.409876 2480680.081200 0.000000
593327.417335 2480680.362870 0.000000
593322.424794 2480680.644539 0.000000
593317.432253 2480680.926208 0.000000
593312.439712 2480681.207878 0.000000
593307.447172 2480681.489547 0.000000
593302.454631 2480681.771216 0.000000
593297.462090 2480682.052886 0.000000
593292.469549 2480682.334555 0.000000
593287.477008 2480682.616225 0.000000
593282.484467 2480682.897894 0.000000
593277.491926 2480683.179563 0.000000
593272.499385 2480683.461233 0.000000
593267.506844 2480683.742902 0.000000
593262.514303 2480684.024572 0.000000
593257.521762 2480684.306241 0.000000
593252.529221 2480684.587910 0.000000
593247.536680 2480684.869580 0.000000
593242.544140 2480685.151249 0.000000
593237.551599 2480685.432918 0.000000
593232.559058 2480685.714588 0.000000
593227.566517 2480685.996257 0.000000
593222.573976 2480686.277927 0.000000
593217.581435 2480686.559596 0.000000
593212.588894 2480686.841265 0.000000
593207.596353 2480687.122935 0.000000
593202.603812 2480687.404604 0.000000
593197.611271 2480687.686274 0.000000
593192.618730 2480687.967943 0.000000
593187.626189 2480688.249612 0.000000
593182.633648 2480688.531282 0.000000
593177.641108 2480688.812951 0.000000
593172.648567 2480689.094620 0.000000
593167.656026 2480689.376290 0.000000
593162.663485 2480689.657959 0.000000
593157.670944 2480689.939629 0.000000
593152.678403 2480690.221298 0.000000
593147.685862 2480690.502967 0.000000
593142.693321 2480690.784637 0.000000
593137.700780 2480691.066306 0.000000
593132.708239 2480691.347976 0.000000
593127.715698 2480691.629645 0.000000
593122.723157 2480691.911314 0.000000
593117.730616 2480692.192984 0.000000
593112.738076 2480692.474653 0.000000
593107.745535 2480692.756322 0.000000
593102.752994 2480693.037992 0.000000
593097.760453 2480693.319661 0.000000
593092.767912 2480693.601331 0.000000
593087.775371 2480693.883000 0.000000
593082.782830 2480694.164669 0.000000
593077.790289 2480694.446339 0.000000
593072.797748 2480694.728008 0.000000
593067.805207 2480695.009677 0.000000
593062.812666 2480695.291347 0.000000
593057.820125 2480695.573016 0.000000
593052.827584 2480695.854686 0.000000
593047.835044 2480696.136355 0.000000
593042.842503 2480696.418024 0.000000
593037.849962 2480696.699694 0.000000
593032.857421 2480696.981363 0.000000
593027.864880 2480697.263033 0.000000
593022.872339 2480697.544702 0.000000
593017.879798 2480697.826371 0.000000
593012.887257 2480698.108041 0.000000
593007.894716 2480698.389710 0.000000
593002.902175 2480698.671379 0.000000
592997.909634 2480698.953049 0.000000
592992.917093 2480699.234718 0.000000
592987.924552 2480699.516388 0.000000
592982.932012 2480699.798057 0.000000
592977.939471 2480700.079726 0.000000
592972.946930 2480700.361396 0.000000
592967.954389 2480700.643065 0.000000
592962.961848 2480700.924735 0.000000
592957.969307 2480701.206404 0.000000
592952.976766 2480701.488073 0.000000
592947.984225 2480701.769743 0.000000
592942.991684 2480702.051412 0.000000
592937.999143 2480702.333081 0.000000
592933.006602 2480702.614751 0.000000
592928.014061 2480702.896420 0.000000
592923.021520 2480703.178090 0.000000
592918.028980 2480703.459759 0.000000
592913.036439 2480703.741428 0.000000
