FFASCI 0 1 "LINES" 0 1e+10
FFATTR 0 1
->1
610412.009342 2474767.747903 0.000000
610407.012532 2474767.916559 0.000000
610402.015721 2474768.085215 0.000000
610397.018911 2474768.253871 0.000000
610392.022101 2474768.422527 0.000000
610387.025290 2474768.591184 0.000000
610382.028480 2474768.759840 0.000000
610377.031670 2474768.928496 0.000000
610372.034860 2474769.097152 0.000000
610367.038049 2474769.265808 0.000000
610362.041239 2474769.434464 0.000000
610357.044429 2474769.603120 0.000000
610352.047619 2474769.771776 0.000000
610347.050808 2474769.940432 0.000000
610342.053998 2474770.109088 0.000000
610337.057188 2474770.277744 0.000000
610332.060377 2474770.446400 0.000000
610327.063567 2474770.615056 0.000000
610322.066757 2474770.783712 0.000000
610317.069947 2474770.952368 0.000000
610312.073136 2474771.121024 0.000000
610307.076326 2474771.289680 0.000000
610302.079516 2474771.458336 0.000000
610297.082705 2474771.626992 0.000000
610292.085895 2474771.795648 0.000000
610287.089085 2474771.964304 0.000000
610282.092275 2474772.132960 0.000000
610277.095464 2474772.301616 0.000000
610272.098654 2474772.470272 0.000000
610267.101844 2474772.638928 0.000000
610262.105033 2474772.807584 0.000000
610257.108223 2474772.976240 0.000000
610252.111413 2474773.144896 0.000000
610247.114603 2474773.313552 0.000000
610242.117792 2474773.482208 0.000000
610237.120982 2474773.650864 0.000000
610232.124172 2474773.819520 0.000000
610227.127361 2474773.988176 0.000000
610222.130551 2474774.156832 0.000000
610217.133741 2474774.325488 0.000000
610212.136931 2474774.494144 0.000000
610207.140120 2474774.662800 0.000000
610202.143310 2474774.831456 0.000000
610197.146500 2474775.000112 0.000000
610192.149689 2474775.168768 0.000000
610187.152879 2474775.337424 0.000000
610182.156069 2474775.506081 0.000000
610177.159259 2474775.674737 0.000000
610172.162448 2474775.843393 0.000000
610167.165638 2474776.012049 0.000000
610162.168828 2474776.180705 0.000000
610157.172018 2474776.349361 0.000000
610152.175207 2474776.518017 0.000000
610147.178397 2474776.686673 0.000000
610142.181587 2474776.855329 0.000000
610137.184776 2474777.023985 0.000000
610132.187966 2474777.192641 0.000000
610127.191156 2474777.361297 0.000000
610122.194346 2474777.529953 0.000000
610117.197535 2474777.698609 0.000000
610112.200725 2474777.867265 0.000000
610107.203915 2474778.035921 0.000000
610102.207104 2474778.204577 0.000000
610097.210294 2474778.373233 0.000000
610092.213484 2474778.541889 0.000000
610087.216674 2474778.710545 0.000000
610082.219863 2474778.879201 0.000000
610077.223053 2474779.047857 0.000000
610072.226243 2474779.216513 0.000000
610067.229432 2474779.385169 0.000000
610062.232622 2474779.553825 0.000000
610057.235812 2474779.722481 0.000000
610052.239002 2474779.891137 0.000000
610047.242191 2474780.059793 0.000000
610042.245381 2474780.228449 0.000000
610037.248571 2474780.397105 0.000000
610032.251760 2474780.565761 0.000000
610027.254950 2474780.734417 0.000000
610022.258140 2474780.903073 0.000000
610017.261330 2474781.071729 0.000000
610012.264519 2474781.240385 0.000000
610007.267709 2474781.409041 0.000000
610002.270899 2474781.577697 0.000000
609997.274088 2474781.746353 0.000000
609992.277278 2474781.915009 0.000000
609987.280468 2474782.083665 0.000000
609982.283658 2474782.252321 0.000000
609977.286847 2474782.420978 0.000000
609972.290037 2474782.589634 0.000000
609967.293227 2474782.758290 0.000000
609962.296417 2474782.926946 0.000000
609957.299606 2474783.095602 0.000000
609952.302796 2474783.264258 0.000000
609947.305986 2474783.432914 0.000000
609942.309175 2474783.601570 0.000000
609937.312365 2474783.770226 0.000000
609932.315555 2474783.938882 0.000000
609927.318745 2474784.107538 0.000000
609922.321934 2474784.276194 0.000000
609917.325124 2474784.444850 0.000000
609912.328314 2474784.613506 0.000000
609907.331503 2474784.782162 0.000000
609902.334693 2474784.950818 0.000000
609897.337883 2474785.119474 0.000000
609892.341073 2474785.288130 0.000000
609887.344262 2474785.456786 0.000000
609882.347452 2474785.625442 0.000000
609877.350642 2474785.794098 0.000000
609872.353831 2474785.962754 0.000000
609867.357021 2474786.131410 0.000000
609862.360211 2474786.300066 0.000000
609857.363401 2474786.468722 0.000000
609852.366590 2474786.637378 0.000000
609847.369780 2474786.806034 0.000000
609842.372970 2474786.974690 0.000000
609837.376159 2474787.143346 0.000000
609832.379349 2474787.312002 0.000000
609827.382539 2474787.480658 0.000000
609822.385729 2474787.649314 0.000000
609817.388918 2474787.817970 0.000000
609812.392108 2474787.986626 0.000000
609807.395298 2474788.155282 0.000000
609802.398487 2474788.323938 0.000000
609797.401677 2474788.492594 0.000000
609792.404867 2474788.661250 0.000000
609787.408057 2474788.829906 0.000000
609782.411246 2474788.998562 0.000000
609777.414436 2474789.167218 0.000000
609772.417626 2474789.335875 0.000000
609767.420816 2474789.504531 0.000000
609762.424005 2474789.673187 0.000000
609757.427195 2474789.841843 0.000000
609752.430385 2474790.010499 0.000000
609747.433574 2474790.179155 0.000000
609742.436764 2474790.347811 0.000000
609737.439954 2474790.516467 0.000000
609732.443144 2474790.685123 0.000000
609727.446333 2474790.853779 0.000000
609722.449523 2474791.022435 0.000000
609717.452713 2474791.191091 0.000000
609712.455902 2474791.359747 0.000000
609707.459092 2474791.528403 0.000000
609702.462282 2474791.697059 0.000000
609697.465472 2474791.865715 0.000000
609692.468661 2474792.034371 0.000000
609687.471851 2474792.203027 0.000000
609682.475041 2474792.371683 0.000000
609677.478230 2474792.540339 0.000000
609672.481420 2474792.708995 0.000000
609667.484610 2474792.877651 0.000000
609662.487800 2474793.046307 0.000000
609657.490989 2474793.214963 0.000000
609652.494179 2474793.383619 0.000000
609647.497369 2474793.552275 0.000000
609642.500558 2474793.720931 0.000000
609637.503748 2474793.889587 0.000000
609632.506938 2474794.058243 0.000000
609627.510128 2474794.226899 0.000000
609622.513317 2474794.395555 0.000000
609617.516507 2474794.564211 0.000000
609612.519697 2474794.732867 0.000000
609607.522887 2474794.901523 0.000000
609602.526076 2474795.070179 0.000000
609597.529266 2474795.238835 0.000000
609592.532456 2474795.407491 0.000000
609587.535645 2474795.576147 0.000000
609582.538835 2474795.744803 0.000000
609577.542025 2474795.913459 0.000000
609572.545215 2474796.082115 0.000000
609567.548404 2474796.250772 0.000000
609562.551594 2474796.419428 0.000000
609557.554784 2474796.588084 0.000000
609552.557973 2474796.756740 0.000000
609547.561163 2474796.925396 0.000000
609542.564353 2474797.094052 0.000000
609537.567543 2474797.262708 0.000000
609532.570732 2474797.431364 0.000000
609527.573922 2474797.600020 0.000000
609522.577112 2474797.768676 0.000000
609517.580301 2474797.937332 0.000000
609512.583491 2474798.105988 0.000000
609507.586681 2474798.274644 0.000000
609502.589871 2474798.443300 0.000000
609497.593060 2474798.611956 0.000000
609492.596250 2474798.780612 0.000000
609487.599440 2474798.949268 0.000000
609482.602629 2474799.117924 0.000000
609477.605819 2474799.286580 0.000000
609472.609009 2474799.455236 0.000000
609467.612199 2474799.623892 0.000000
609462.615388 2474799.792548 0.000000
609457.618578 2474799.961204 0.000000
609452.621768 2474800.129860 0.000000
609447.624957 2474800.298516 0.000000
609442.628147 2474800.467172 0.000000
609437.631337 2474800.635828 0.000000
609432.634527 2474800.804484 0.000000
609427.637716 2474800.973140 0.000000
609422.640906 2474801.141796 0.000000
609417.644096 2474801.310452 0.000000
609412.647286 2474801.479108 0.000000
609407.650475 2474801.647764 0.000000
609402.653665 2474801.816420 0.000000
609397.656855 2474801.985076 0.000000
609392.660044 2474802.153732 0.000000
609387.663234 2474802.322388 0.000000
609382.666424 2474802.491044 0.000000
609377.669614 2474802.659700 0.000000
609372.672803 2474802.828356 0.000000
609367.675993 2474802.997012 0.000000
609362.679183 2474803.165669 0.000000
609357.682372 2474803.334325 0.000000
609352.685562 2474803.502981 0.000000
609347.688752 2474803.671637 0.000000
609342.691942 2474803.840293 0.000000
609337.695131 2474804.008949 0.000000
609332.698321 2474804.177605 0.000000
609327.701511 2474804.346261 0.000000
609322.704700 2474804.514917 0.000000
609317.707890 2474804.683573 0.000000
609312.711080 2474804.852229 0.000000
609307.714270 2474805.020885 0.000000
609302.717459 2474805.189541 0.000000
609297.720649 2474805.358197 0.000000
609292.723839 2474805.526853 0.000000
609287.727028 2474805.695509 0.000000
609282.730218 2474805.864165 0.000000
609277.733408 2474806.032821 0.000000
609272.736598 2474806.201477 0.000000
609267.739787 2474806.370133 0.000000
609262.742977 2474806.538789 0.000000
609257.746167 2474806.707445 0.000000
609252.749356 2474806.876101 0.000000
609247.752546 2474807.044757 0.000000
609242.755736 2474807.213413 0.000000
609237.758926 2474807.382069 0.000000
609232.762115 2474807.550725 0.000000
609227.765305 2474807.719381 0.000000
609222.768495 2474807.888037 0.000000
609217.771685 2474808.056693 0.000000
609212.774874 2474808.225349 0.000000
609207.778064 2474808.394005 0.000000
609202.781254 2474808.562661 0.000000
609197.784443 2474808.731317 0.000000
609192.787633 2474808.899973 0.000000
609187.790823 2474809.068629 0.000000
609182.794013 2474809.237285 0.000000
609177.797202 2474809.405941 0.000000
609172.800392 2474809.574597 0.000000
609167.803582 2474809.743253 0.000000
609162.806771 2474809.911909 0.000000
609157.809961 2474810.080566 0.000000
609152.813151 2474810.249222 0.000000
609147.816341 2474810.417878 0.000000
609142.819530 2474810.586534 0.000000
609137.822720 2474810.755190 0.000000
609132.825910 2474810.923846 0.000000
609127.829099 2474811.092502 0.000000
609122.832289 2474811.261158 0.000000
609117.835479 2474811.429814 0.000000
609112.838669 2474811.598470 0.000000
609107.841858 2474811.767126 0.000000
609102.845048 2474811.935782 0.000000
609097.848238 2474812.104438 0.000000
609092.851427 2474812.273094 0.000000
609087.854617 2474812.441750 0.000000
609082.857807 2474812.610406 0.000000
609077.860997 2474812.779062 0.000000
609072.864186 2474812.947718 0.000000
609067.867376 2474813.116374 0.000000
609062.870566 2474813.285030 0.000000
609057.873756 2474813.453686 0.000000
609052.876945 2474813.622342 0.000000
609047.880135 2474813.790998 0.000000
609042.883325 2474813.959654 0.000000
609037.886514 2474814.128310 0.000000
609032.889704 2474814.296966 0.000000
609027.892894 2474814.465622 0.000000
609022.896084 2474814.634278 0.000000
609017.899273 2474814.802934 0.000000
609012.902463 2474814.971590 0.000000
609007.905653 2474815.140246 0.000000
609002.908842 2474815.308902 0.000000
608997.912032 2474815.477558 0.000000
608992.915222 2474815.646214 0.000000
608987.918412 2474815.814870 0.000000
608982.921601 2474815.983526 0.000000
608977.924791 2474816.152182 0.000000
608972.927981 2474816.320838 0.000000
608967.931170 2474816.489494 0.000000
608962.934360 2474816.658150 0.000000
608957.937550 2474816.826806 0.000000
608952.940740 2474816.995463 0.000000
608947.943929 2474817.164119 0.000000
608942.947119 2474817.332775 0.000000
608937.950309 2474817.501431 0.000000
608932.953498 2474817.670087 0.000000
608927.956688 2474817.838743 0.000000
608922.959878 2474818.007399 0.000000
608917.963068 2474818.176055 0.000000
608912.966257 2474818.344711 0.000000
608907.969447 2474818.513367 0.000000
608902.972637 2474818.682023 0.000000
608897.975826 2474818.850679 0.000000
608892.979016 2474819.019335 0.000000
608887.982206 2474819.187991 0.000000
608882.985396 2474819.356647 0.000000
608877.988585 2474819.525303 0.000000
608872.991775 2474819.693959 0.000000
608867.994965 2474819.862615 0.000000
608862.998155 2474820.031271 0.000000
608858.001344 2474820.199927 0.000000
608853.004534 2474820.368583 0.000000
608848.007724 2474820.537239 0.000000
608843.010913 2474820.705895 0.000000
608838.014103 2474820.874551 0.000000
608833.017293 2474821.043207 0.000000
608828.020483 2474821.211863 0.000000
608823.023672 2474821.380519 0.000000
608818.026862 2474821.549175 0.000000
608813.030052 2474821.717831 0.000000
608808.033241 2474821.886487 0.000000
608803.036431 2474822.055143 0.000000
608798.039621 2474822.223799 0.000000
608793.042811 2474822.392455 0.000000
608788.046000 2474822.561111 0.000000
608783.049190 2474822.729767 0.000000
608778.052380 2474822.898423 0.000000
608773.055569 2474823.067079 0.000000
608768.058759 2474823.235735 0.000000
608763.061949 2474823.404391 0.000000
608758.065139 2474823.573047 0.000000
608753.068328 2474823.741703 0.000000
608748.071518 2474823.910360 0.000000
608743.074708 2474824.079016 0.000000
608738.077897 2474824.247672 0.000000
608733.081087 2474824.416328 0.000000
608728.084277 2474824.584984 0.000000
608723.087467 2474824.753640 0.000000
608718.090656 2474824.922296 0.000000
608713.093846 2474825.090952 0.000000
608708.097036 2474825.259608 0.000000
608703.100225 2474825.428264 0.000000
608698.103415 2474825.596920 0.000000
608693.106605 2474825.765576 0.000000
608688.109795 2474825.934232 0.000000
608683.112984 2474826.102888 0.000000
608678.116174 2474826.271544 0.000000
608673.119364 2474826.440200 0.000000
608668.122554 2474826.608856 0.000000
608663.125743 2474826.777512 0.000000
608658.128933 2474826.946168 0.000000
608653.132123 2474827.114824 0.000000
608648.135312 2474827.283480 0.000000
608643.138502 2474827.452136 0.000000
608638.141692 2474827.620792 0.000000
608633.144882 2474827.789448 0.000000
608628.148071 2474827.958104 0.000000
608623.151261 2474828.126760 0.000000
608618.154451 2474828.295416 0.000000
608613.157640 2474828.464072 0.000000
608608.160830 2474828.632728 0.000000
608603.164020 2474828.801384 0.000000
608598.167210 2474828.970040 0.000000
608593.170399 2474829.138696 0.000000
608588.173589 2474829.307352 0.000000
608583.176779 2474829.476008 0.000000
608578.179968 2474829.644664 0.000000
608573.183158 2474829.813320 0.000000
608568.186348 2474829.981976 0.000000
608563.189538 2474830.150632 0.000000
608558.192727 2474830.319288 0.000000
608553.195917 2474830.487944 0.000000
608548.199107 2474830.656601 0.000000
608543.202296 2474830.825257 0.000000
608538.205486 2474830.993913 0.000000
608533.208676 2474831.162569 0.000000
608528.211866 2474831.331225 0.000000
608523.215055 2474831.499881 0.000000
608518.218245 2474831.668537 0.000000
608513.221435 2474831.837193 0.000000
608508.224625 2474832.005849 0.000000
608503.227814 2474832.174505 0.000000
608498.231004 2474832.343161 0.000000
608493.234194 2474832.511817 0.000000
608488.237383 2474832.680473 0.000000
608483.240573 2474832.849129 0.000000
608478.243763 2474833.017785 0.000000
608473.246953 2474833.186441 0.000000
608468.250142 2474833.355097 0.000000
608463.253332 2474833.523753 0.000000
608458.256522 2474833.692409 0.000000
608453.259711 2474833.861065 0.000000
608448.262901 2474834.029721 0.000000
608443.266091 2474834.198377 0.000000
608438.269281 2474834.367033 0.000000
608433.272470 2474834.535689 0.000000
608428.275660 2474834.704345 0.000000
608423.278850 2474834.873001 0.000000
608418.282039 2474835.041657 0.000000
608413.285229 2474835.210313 0.000000
608408.288419 2474835.378969 0.000000
608403.291609 2474835.547625 0.000000
608398.294798 2474835.716281 0.000000
608393.297988 2474835.884937 0.000000
608388.301178 2474836.053593 0.000000
608383.304367 2474836.222249 0.000000
608378.307557 2474836.390905 0.000000
608373.310747 2474836.559561 0.000000
608368.313937 2474836.728217 0.000000
608363.317126 2474836.896873 0.000000
608358.320316 2474837.065529 0.000000
608353.323506 2474837.234185 0.000000
608348.326695 2474837.402841 0.000000
608343.329885 2474837.571498 0.000000
608338.333075 2474837.740154 0.000000
608333.336265 2474837.908810 0.000000
608328.339454 2474838.077466 0.000000
608323.342644 2474838.246122 0.000000
608318.345834 2474838.414778 0.000000
608313.349024 2474838.583434 0.000000
608308.352213 2474838.752090 0.000000
608303.355403 2474838.920746 0.000000
608298.358593 2474839.089402 0.000000
608293.361782 2474839.258058 0.000000
608288.364972 2474839.426714 0.000000
608283.368162 2474839.595370 0.000000
608278.371352 2474839.764026 0.000000
608273.374541 2474839.932682 0.000000
608268.377731 2474840.101338 0.000000
608263.380921 2474840.269994 0.000000
608258.384110 2474840.438650 0.000000
608253.387300 2474840.607306 0.000000
608248.390490 2474840.775962 0.000000
608243.393680 2474840.944618 0.000000
608238.396869 2474841.113274 0.000000
608233.400059 2474841.281930 0.000000
608228.403249 2474841.450586 0.000000
608223.406438 2474841.619242 0.000000
608218.409628 2474841.787898 0.000000
608213.412818 2474841.956554 0.000000
608208.416008 2474842.125210 0.000000
608203.419197 2474842.293866 0.000000
608198.422387 2474842.462522 0.000000
608193.425577 2474842.631178 0.000000
608188.428766 2474842.799834 0.000000
608183.431956 2474842.968490 0.000000
608178.435146 2474843.137146 0.000000
608173.438336 2474843.305802 0.000000
608168.441525 2474843.474458 0.000000
608163.444715 2474843.643114 0.000000
608158.447905 2474843.811770 0.000000
608153.451094 2474843.980426 0.000000
608148.454284 2474844.149082 0.000000
608143.457474 2474844.317738 0.000000
608138.460664 2474844.486395 0.000000
608133.463853 2474844.655051 0.000000
608128.467043 2474844.823707 0.000000
608123.470233 2474844.992363 0.000000
608118.473423 2474845.161019 0.000000
608113.476612 2474845.329675 0.000000
608108.479802 2474845.498331 0.000000
608103.482992 2474845.666987 0.000000
608098.486181 2474845.835643 0.000000
608093.489371 2474846.004299 0.000000
608088.492561 2474846.172955 0.000000
608083.495751 2474846.341611 0.000000
608078.498940 2474846.510267 0.000000
608073.502130 2474846.678923 0.000000
608068.505320 2474846.847579 0.000000
608063.508509 2474847.016235 0.000000
608058.511699 2474847.184891 0.000000
608053.514889 2474847.353547 0.000000
608048.518079 2474847.522203 0.000000
608043.521268 2474847.690859 0.000000
608038.524458 2474847.859515 0.000000
608033.527648 2474848.028171 0.000000
608028.530837 2474848.196827 0.000000
608023.534027 2474848.365483 0.000000
608018.537217 2474848.534139 0.000000
608013.540407 2474848.702795 0.000000
608008.543596 2474848.871451 0.000000
608003.546786 2474849.040107 0.000000
607998.549976 2474849.208763 0.000000
607993.553165 2474849.377419 0.000000
607988.556355 2474849.546075 0.000000
607983.559545 2474849.714731 0.000000
607978.562735 2474849.883387 0.000000
607973.565924 2474850.052043 0.000000
607968.569114 2474850.220699 0.000000
607963.572304 2474850.389355 0.000000
607958.575493 2474850.558011 0.000000
607953.578683 2474850.726667 0.000000
607948.581873 2474850.895323 0.000000
607943.585063 2474851.063979 0.000000
607938.588252 2474851.232635 0.000000
607933.591442 2474851.401292 0.000000
607928.594632 2474851.569948 0.000000
607923.597822 2474851.738604 0.000000
607918.601011 2474851.907260 0.000000
607913.604201 2474852.075916 0.000000
607908.607391 2474852.244572 0.000000
607903.610580 2474852.413228 0.000000
607898.613770 2474852.581884 0.000000
607893.616960 2474852.750540 0.000000
607888.620150 2474852.919196 0.000000
607883.623339 2474853.087852 0.000000
607878.626529 2474853.256508 0.000000
607873.629719 2474853.425164 0.000000
607868.632908 2474853.593820 0.000000
607863.636098 2474853.762476 0.000000
607858.639288 2474853.931132 0.000000
607853.642478 2474854.099788 0.000000
607848.645667 2474854.268444 0.000000
607843.648857 2474854.437100 0.000000
607838.652047 2474854.605756 0.000000
607833.655236 2474854.774412 0.000000
607828.658426 2474854.943068 0.000000
607823.661616 2474855.111724 0.000000
607818.664806 2474855.280380 0.000000
607813.667995 2474855.449036 0.000000
607808.671185 2474855.617692 0.000000
607803.674375 2474855.786348 0.000000
607798.677564 2474855.955004 0.000000
607793.680754 2474856.123660 0.000000
607788.683944 2474856.292316 0.000000
607783.687134 2474856.460972 0.000000
607778.690323 2474856.629628 0.000000
607773.693513 2474856.798284 0.000000
607768.696703 2474856.966940 0.000000
607763.699893 2474857.135596 0.000000
607758.703082 2474857.304252 0.000000
607753.706272 2474857.472908 0.000000
607748.709462 2474857.641564 0.000000
607743.712651 2474857.810220 0.000000
607738.715841 2474857.978876 0.000000
607733.719031 2474858.147532 0.000000
607728.722221 2474858.316189 0.000000
607723.725410 2474858.484845 0.000000
607718.728600 2474858.653501 0.000000
607713.731790 2474858.822157 0.000000
607708.734979 2474858.990813 0.000000
607703.738169 2474859.159469 0.000000
607698.741359 2474859.328125 0.000000
607693.744549 2474859.496781 0.000000
607688.747738 2474859.665437 0.000000
607683.750928 2474859.834093 0.000000
607678.754118 2474860.002749 0.000000
607673.757307 2474860.171405 0.000000
607668.760497 2474860.340061 0.000000
607663.763687 2474860.508717 0.000000
607658.766877 2474860.677373 0.000000
607653.770066 2474860.846029 0.000000
607648.773256 2474861.014685 0.000000
607643.776446 2474861.183341 0.000000
607638.779635 2474861.351997 0.000000
607633.782825 2474861.520653 0.000000
607628.786015 2474861.689309 0.000000
607623.789205 2474861.857965 0.000000
607618.792394 2474862.026621 0.000000
607613.795584 2474862.195277 0.000000
607608.798774 2474862.363933 0.000000
607603.801963 2474862.532589 0.000000
607598.805153 2474862.701245 0.000000
607593.808343 2474862.869901 0.000000
607588.811533 2474863.038557 0.000000
607583.814722 2474863.207213 0.000000
607578.817912 2474863.375869 0.000000
607573.821102 2474863.544525 0.000000
607568.824292 2474863.713181 0.000000
607563.827481 2474863.881837 0.000000
607558.830671 2474864.050493 0.000000
607553.833861 2474864.219149 0.000000
607548.837050 2474864.387805 0.000000
607543.840240 2474864.556461 0.000000
607538.843430 2474864.725117 0.000000
607533.846620 2474864.893773 0.000000
607528.849809 2474865.062429 0.000000
607523.852999 2474865.231086 0.000000
607518.856189 2474865.399742 0.000000
607513.859378 2474865.568398 0.000000
607508.862568 2474865.737054 0.000000
607503.865758 2474865.905710 0.000000
607498.868948 2474866.074366 0.000000
607493.872137 2474866.243022 0.000000
607488.875327 2474866.411678 0.000000
607483.878517 2474866.580334 0.000000
607478.881706 2474866.748990 0.000000
607473.884896 2474866.917646 0.000000
607468.888086 2474867.086302 0.000000
607463.891276 2474867.254958 0.000000
607458.894465 2474867.423614 0.000000
607453.897655 2474867.592270 0.000000
607448.900845 2474867.760926 0.000000
607443.904034 2474867.929582 0.000000
607438.907224 2474868.098238 0.000000
607433.910414 2474868.266894 0.000000
607428.913604 2474868.435550 0.000000
607423.916793 2474868.604206 0.000000
607418.919983 2474868.772862 0.000000
607413.923173 2474868.941518 0.000000
607408.926362 2474869.110174 0.000000
607403.929552 2474869.278830 0.000000
607398.932742 2474869.447486 0.000000
607393.935932 2474869.616142 0.000000
607388.939121 2474869.784798 0.000000
607383.942311 2474869.953454 0.000000
607378.945501 2474870.122110 0.000000
607373.948691 2474870.290766 0.000000
607368.951880 2474870.459422 0.000000
607363.955070 2474870.628078 0.000000
607358.958260 2474870.796734 0.000000
607353.961449 2474870.965390 0.000000
607348.964639 2474871.134046 0.000000
607343.967829 2474871.302702 0.000000
607338.971019 2474871.471358 0.000000
607333.974208 2474871.640014 0.000000
607328.977398 2474871.808670 0.000000
607323.980588 2474871.977326 0.000000
607318.983777 2474872.145983 0.000000
607313.986967 2474872.314639 0.000000
607308.990157 2474872.483295 0.000000
607303.993347 2474872.651951 0.000000
607298.996536 2474872.820607 0.000000
607293.999726 2474872.989263 0.000000
607289.002916 2474873.157919 0.000000
607284.006105 2474873.326575 0.000000
607279.009295 2474873.495231 0.000000
607274.012485 2474873.663887 0.000000
607269.015675 2474873.832543 0.000000
607264.018864 2474874.001199 0.000000
607259.022054 2474874.169855 0.000000
607254.025244 2474874.338511 0.000000
607249.028433 2474874.507167 0.000000
607244.031623 2474874.675823 0.000000
607239.034813 2474874.844479 0.000000
607234.038003 2474875.013135 0.000000
607229.041192 2474875.181791 0.000000
607224.044382 2474875.350447 0.000000
607219.047572 2474875.519103 0.000000
607214.050762 2474875.687759 0.000000
607209.053951 2474875.856415 0.000000
607204.057141 2474876.025071 0.000000
607199.060331 2474876.193727 0.000000
607194.063520 2474876.362383 0.000000
607189.066710 2474876.531039 0.000000
607184.069900 2474876.699695 0.000000
607179.073090 2474876.868351 0.000000
607174.076279 2474877.037007 0.000000
607169.079469 2474877.205663 0.000000
607164.082659 2474877.374319 0.000000
607159.085848 2474877.542975 0.000000
607154.089038 2474877.711631 0.000000
607149.092228 2474877.880287 0.000000
607144.095418 2474878.048943 0.000000
607139.098607 2474878.217599 0.000000
607134.101797 2474878.386255 0.000000
607129.104987 2474878.554911 0.000000
607124.108176 2474878.723567 0.000000
607119.111366 2474878.892223 0.000000
607114.114556 2474879.060880 0.000000
607109.117746 2474879.229536 0.000000
607104.120935 2474879.398192 0.000000
607099.124125 2474879.566848 0.000000
607094.127315 2474879.735504 0.000000
607089.130504 2474879.904160 0.000000
607084.133694 2474880.072816 0.000000
607079.136884 2474880.241472 0.000000
607074.140074 2474880.410128 0.000000
607069.143263 2474880.578784 0.000000
607064.146453 2474880.747440 0.000000
607059.149643 2474880.916096 0.000000
607054.152832 2474881.084752 0.000000
607049.156022 2474881.253408 0.000000
607044.159212 2474881.422064 0.000000
607039.162402 2474881.590720 0.000000
607034.165591 2474881.759376 0.000000
607029.168781 2474881.928032 0.000000
607024.171971 2474882.096688 0.000000
607019.175161 2474882.265344 0.000000
607014.178350 2474882.434000 0.000000
607009.181540 2474882.602656 0.000000
607004.184730 2474882.771312 0.000000
606999.187919 2474882.939968 0.000000
606994.191109 2474883.108624 0.000000
606989.194299 2474883.277280 0.000000
606984.197489 2474883.445936 0.000000
606979.200678 2474883.614592 0.000000
606974.203868 2474883.783248 0.000000
606969.207058 2474883.951904 0.000000
606964.210247 2474884.120560 0.000000
606959.213437 2474884.289216 0.000000
606954.216627 2474884.457872 0.000000
606949.219817 2474884.626528 0.000000
606944.223006 2474884.795184 0.000000
606939.226196 2474884.963840 0.000000
606934.229386 2474885.132496 0.000000
606929.232575 2474885.301152 0.000000
606924.235765 2474885.469808 0.000000
606919.238955 2474885.638464 0.000000
606914.242145 2474885.807120 0.000000
606909.245334 2474885.975777 0.000000
606904.248524 2474886.144433 0.000000
606899.251714 2474886.313089 0.000000
606894.254903 2474886.481745 0.000000
606889.258093 2474886.650401 0.000000
606884.261283 2474886.819057 0.000000
606879.264473 2474886.987713 0.000000
606874.267662 2474887.156369 0.000000
606869.270852 2474887.325025 0.000000
606864.274042 2474887.493681 0.000000
606859.277231 2474887.662337 0.000000
606854.280421 2474887.830993 0.000000
606849.283611 2474887.999649 0.000000
606844.286801 2474888.168305 0.000000
606839.289990 2474888.336961 0.000000
606834.293180 2474888.505617 0.000000
606829.296370 2474888.674273 0.000000
606824.299560 2474888.842929 0.000000
606819.302749 2474889.011585 0.000000
606814.305939 2474889.180241 0.000000
606809.309129 2474889.348897 0.000000
606804.312318 2474889.517553 0.000000
606799.315508 2474889.686209 0.000000
606794.318698 2474889.854865 0.000000
606789.321888 2474890.023521 0.000000
606784.325077 2474890.192177 0.000000
606779.328267 2474890.360833 0.000000
606774.331457 2474890.529489 0.000000
606769.334646 2474890.698145 0.000000
606764.337836 2474890.866801 0.000000
606759.341026 2474891.035457 0.000000
606754.344216 2474891.204113 0.000000
606749.347405 2474891.372769 0.000000
606744.350595 2474891.541425 0.000000
606739.353785 2474891.710081 0.000000
606734.356974 2474891.878737 0.000000
606729.360164 2474892.047393 0.000000
606724.363354 2474892.216049 0.000000
606719.366544 2474892.384705 0.000000
606714.369733 2474892.553361 0.000000
606709.372923 2474892.722017 0.000000
606704.376113 2474892.890674 0.000000
606699.379302 2474893.059330 0.000000
606694.382492 2474893.227986 0.000000
606689.385682 2474893.396642 0.000000
606684.388872 2474893.565298 0.000000
606679.392061 2474893.733954 0.000000
606674.395251 2474893.902610 0.000000
606669.398441 2474894.071266 0.000000
606664.401631 2474894.239922 0.000000
606659.404820 2474894.408578 0.000000
606654.408010 2474894.577234 0.000000
606649.411200 2474894.745890 0.000000
606644.414389 2474894.914546 0.000000
606639.417579 2474895.083202 0.000000
606634.420769 2474895.251858 0.000000
606629.423959 2474895.420514 0.000000
606624.427148 2474895.589170 0.000000
606619.430338 2474895.757826 0.000000
606614.433528 2474895.926482 0.000000
606609.436717 2474896.095138 0.000000
606604.439907 2474896.263794 0.000000
606599.443097 2474896.432450 0.000000
606594.446287 2474896.601106 0.000000
606589.449476 2474896.769762 0.000000
606584.452666 2474896.938418 0.000000
606579.455856 2474897.107074 0.000000
606574.459045 2474897.275730 0.000000
606569.462235 2474897.444386 0.000000
606564.465425 2474897.613042 0.000000
606559.468615 2474897.781698 0.000000
606554.471804 2474897.950354 0.000000
606549.474994 2474898.119010 0.000000
606544.478184 2474898.287666 0.000000
606539.481373 2474898.456322 0.000000
606534.484563 2474898.624978 0.000000
606529.487753 2474898.793634 0.000000
606524.490943 2474898.962290 0.000000
606519.494132 2474899.130946 0.000000
606514.497322 2474899.299602 0.000000
606509.500512 2474899.468258 0.000000
606504.503701 2474899.636914 0.000000
606499.506891 2474899.805571 0.000000
606494.510081 2474899.974227 0.000000
606489.513271 2474900.142883 0.000000
606484.516460 2474900.311539 0.000000
606479.519650 2474900.480195 0.000000
606474.522840 2474900.648851 0.000000
606469.526030 2474900.817507 0.000000
606464.529219 2474900.986163 0.000000
606459.532409 2474901.154819 0.000000
606454.535599 2474901.323475 0.000000
606449.538788 2474901.492131 0.000000
606444.541978 2474901.660787 0.000000
606439.545168 2474901.829443 0.000000
606434.548358 2474901.998099 0.000000
606429.551547 2474902.166755 0.000000
606424.554737 2474902.335411 0.000000
606419.557927 2474902.504067 0.000000
606414.561116 2474902.672723 0.000000
606409.564306 2474902.841379 0.000000
606404.567496 2474903.010035 0.000000
606399.570686 2474903.178691 0.000000
606394.573875 2474903.347347 0.000000
606389.577065 2474903.516003 0.000000
606384.580255 2474903.684659 0.000000
606379.583444 2474903.853315 0.000000
606374.586634 2474904.021971 0.000000
606369.589824 2474904.190627 0.000000
606364.593014 2474904.359283 0.000000
606359.596203 2474904.527939 0.000000
606354.599393 2474904.696595 0.000000
606349.602583 2474904.865251 0.000000
606344.605772 2474905.033907 0.000000
606339.608962 2474905.202563 0.000000
606334.612152 2474905.371219 0.000000
606329.615342 2474905.539875 0.000000
606324.618531 2474905.708531 0.000000
606319.621721 2474905.877187 0.000000
606314.624911 2474906.045843 0.000000
606309.628100 2474906.214499 0.000000
606304.631290 2474906.383155 0.000000
606299.634480 2474906.551811 0.000000
606294.637670 2474906.720468 0.000000
606289.640859 2474906.889124 0.000000
606284.644049 2474907.057780 0.000000
606279.647239 2474907.226436 0.000000
606274.650429 2474907.395092 0.000000
606269.653618 2474907.563748 0.000000
606264.656808 2474907.732404 0.000000
606259.659998 2474907.901060 0.000000
606254.663187 2474908.069716 0.000000
606249.666377 2474908.238372 0.000000
606244.669567 2474908.407028 0.000000
606239.672757 2474908.575684 0.000000
606234.675946 2474908.744340 0.000000
606229.679136 2474908.912996 0.000000
606224.682326 2474909.081652 0.000000
606219.685515 2474909.250308 0.000000
606214.688705 2474909.418964 0.000000
606209.691895 2474909.587620 0.000000
606204.695085 2474909.756276 0.000000
606199.698274 2474909.924932 0.000000
606194.701464 2474910.093588 0.000000
606189.704654 2474910.262244 0.000000
606184.707843 2474910.430900 0.000000
606179.711033 2474910.599556 0.000000
606174.714223 2474910.768212 0.000000
606169.717413 2474910.936868 0.000000
606164.720602 2474911.105524 0.000000
606159.723792 2474911.274180 0.000000
606154.726982 2474911.442836 0.000000
606149.730171 2474911.611492 0.000000
606144.733361 2474911.780148 0.000000
606139.736551 2474911.948804 0.000000
606134.739741 2474912.117460 0.000000
606129.742930 2474912.286116 0.000000
606124.746120 2474912.454772 0.000000
606119.749310 2474912.623428 0.000000
606114.752500 2474912.792084 0.000000
606109.755689 2474912.960740 0.000000
606104.758879 2474913.129396 0.000000
606099.762069 2474913.298052 0.000000
606094.765258 2474913.466708 0.000000
606089.768448 2474913.635365 0.000000
606084.771638 2474913.804021 0.000000
606079.774828 2474913.972677 0.000000
606074.778017 2474914.141333 0.000000
606069.781207 2474914.309989 0.000000
606064.784397 2474914.478645 0.000000
606059.787586 2474914.647301 0.000000
606054.790776 2474914.815957 0.000000
606049.793966 2474914.984613 0.000000
606044.797156 2474915.153269 0.000000
606039.800345 2474915.321925 0.000000
606034.803535 2474915.490581 0.000000
606029.806725 2474915.659237 0.000000
606024.809914 2474915.827893 0.000000
606019.813104 2474915.996549 0.000000
606014.816294 2474916.165205 0.000000
606009.819484 2474916.333861 0.000000
606004.822673 2474916.502517 0.000000
605999.825863 2474916.671173 0.000000
605994.829053 2474916.839829 0.000000
605989.832242 2474917.008485 0.000000
605984.835432 2474917.177141 0.000000
605979.838622 2474917.345797 0.000000
605974.841812 2474917.514453 0.000000
605969.845001 2474917.683109 0.000000
605964.848191 2474917.851765 0.000000
605959.851381 2474918.020421 0.000000
605954.854570 2474918.189077 0.000000
605949.857760 2474918.357733 0.000000
605944.860950 2474918.526389 0.000000
605939.864140 2474918.695045 0.000000
605934.867329 2474918.863701 0.000000
605929.870519 2474919.032357 0.000000
605924.873709 2474919.201013 0.000000
605919.876899 2474919.369669 0.000000
605914.880088 2474919.538325 0.000000
605909.883278 2474919.706981 0.000000
605904.886468 2474919.875637 0.000000
605899.889657 2474920.044293 0.000000
605894.892847 2474920.212949 0.000000
605889.896037 2474920.381605 0.000000
605884.899227 2474920.550262 0.000000
605879.902416 2474920.718918 0.000000
605874.905606 2474920.887574 0.000000
605869.908796 2474921.056230 0.000000
605864.911985 2474921.224886 0.000000
605859.915175 2474921.393542 0.000000
605854.918365 2474921.562198 0.000000
605849.921555 2474921.730854 0.000000
605844.924744 2474921.899510 0.000000
605839.927934 2474922.068166 0.000000
605834.931124 2474922.236822 0.000000
605829.934313 2474922.405478 0.000000
605824.937503 2474922.574134 0.000000
605819.940693 2474922.742790 0.000000
605814.943883 2474922.911446 0.000000
605809.947072 2474923.080102 0.000000
605804.950262 2474923.248758 0.000000
605799.953452 2474923.417414 0.000000
605794.956641 2474923.586070 0.000000
605789.959831 2474923.754726 0.000000
605784.963021 2474923.923382 0.000000
605779.966211 2474924.092038 0.000000
605774.969400 2474924.260694 0.000000
605769.972590 2474924.429350 0.000000
605764.975780 2474924.598006 0.000000
605759.978969 2474924.766662 0.000000
605754.982159 2474924.935318 0.000000
605749.985349 2474925.103974 0.000000
605744.988539 2474925.272630 0.000000
605739.991728 2474925.441286 0.000000
605734.994918 2474925.609942 0.000000
605729.998108 2474925.778598 0.000000
605725.001298 2474925.947254 0.000000
605720.004487 2474926.115910 0.000000
605715.007677 2474926.284566 0.000000
605710.010867 2474926.453222 0.000000
605705.014056 2474926.621878 0.000000
605700.017246 2474926.790534 0.000000
605695.020436 2474926.959190 0.000000
605690.023626 2474927.127846 0.000000
605685.026815 2474927.296502 0.000000
605680.030005 2474927.465159 0.000000
605675.033195 2474927.633815 0.000000
605670.036384 2474927.802471 0.000000
605665.039574 2474927.971127 0.000000
605660.042764 2474928.139783 0.000000
605655.045954 2474928.308439 0.000000
605650.049143 2474928.477095 0.000000
605645.052333 2474928.645751 0.000000
605640.055523 2474928.814407 0.000000
605635.058712 2474928.983063 0.000000
605630.061902 2474929.151719 0.000000
605625.065092 2474929.320375 0.000000
605620.068282 2474929.489031 0.000000
605615.071471 2474929.657687 0.000000
605610.074661 2474929.826343 0.000000
605605.077851 2474929.994999 0.000000
605600.081040 2474930.163655 0.000000
605595.084230 2474930.332311 0.000000
605590.087420 2474930.500967 0.000000
605585.090610 2474930.669623 0.000000
605580.093799 2474930.838279 0.000000
605575.096989 2474931.006935 0.000000
605570.100179 2474931.175591 0.000000
605565.103368 2474931.344247 0.000000
605560.106558 2474931.512903 0.000000
605555.109748 2474931.681559 0.000000
605550.112938 2474931.850215 0.000000
605545.116127 2474932.018871 0.000000
605540.119317 2474932.187527 0.000000
605535.122507 2474932.356183 0.000000
605530.125697 2474932.524839 0.000000
605525.128886 2474932.693495 0.000000
605520.132076 2474932.862151 0.000000
605515.135266 2474933.030807 0.000000
605510.138455 2474933.199463 0.000000
605505.141645 2474933.368119 0.000000
605500.144835 2474933.536775 0.000000
605495.148025 2474933.705431 0.000000
605490.151214 2474933.874087 0.000000
605485.154404 2474934.042743 0.000000
605480.157594 2474934.211399 0.000000
605475.160783 2474934.380056 0.000000
605470.163973 2474934.548712 0.000000
605465.167163 2474934.717368 0.000000
605460.170353 2474934.886024 0.000000
605455.173542 2474935.054680 0.000000
605450.176732 2474935.223336 0.000000
605445.179922 2474935.391992 0.000000
605440.183111 2474935.560648 0.000000
605435.186301 2474935.729304 0.000000
605430.189491 2474935.897960 0.000000
605425.192681 2474936.066616 0.000000
605420.195870 2474936.235272 0.000000
605415.199060 2474936.403928 0.000000
605410.202250 2474936.572584 0.000000
605405.205439 2474936.741240 0.000000
605400.208629 2474936.909896 0.000000
605395.211819 2474937.078552 0.000000
605390.215009 2474937.247208 0.000000
605385.218198 2474937.415864 0.000000
605380.221388 2474937.584520 0.000000
605375.224578 2474937.753176 0.000000
605370.227768 2474937.921832 0.000000
605365.230957 2474938.090488 0.000000
605360.234147 2474938.259144 0.000000
605355.237337 2474938.427800 0.000000
605350.240526 2474938.596456 0.000000
605345.243716 2474938.765112 0.000000
605340.246906 2474938.933768 0.000000
605335.250096 2474939.102424 0.000000
605330.253285 2474939.271080 0.000000
605325.256475 2474939.439736 0.000000
605320.259665 2474939.608392 0.000000
605315.262854 2474939.777048 0.000000
605310.266044 2474939.945704 0.000000
605305.269234 2474940.114360 0.000000
605300.272424 2474940.283016 0.000000
605295.275613 2474940.451672 0.000000
605290.278803 2474940.620328 0.000000
605285.281993 2474940.788984 0.000000
605280.285182 2474940.957640 0.000000
605275.288372 2474941.126296 0.000000
605270.291562 2474941.294953 0.000000
605265.294752 2474941.463609 0.000000
605260.297941 2474941.632265 0.000000
605255.301131 2474941.800921 0.000000
605250.304321 2474941.969577 0.000000
605245.307510 2474942.138233 0.000000
605240.310700 2474942.306889 0.000000
605235.313890 2474942.475545 0.000000
605230.317080 2474942.644201 0.000000
605225.320269 2474942.812857 0.000000
605220.323459 2474942.981513 0.000000
605215.326649 2474943.150169 0.000000
605210.329838 2474943.318825 0.000000
605205.333028 2474943.487481 0.000000
605200.336218 2474943.656137 0.000000
605195.339408 2474943.824793 0.000000
605190.342597 2474943.993449 0.000000
605185.345787 2474944.162105 0.000000
605180.348977 2474944.330761 0.000000
605175.352167 2474944.499417 0.000000
605170.355356 2474944.668073 0.000000
605165.358546 2474944.836729 0.000000
605160.361736 2474945.005385 0.000000
605155.364925 2474945.174041 0.000000
605150.368115 2474945.342697 0.000000
605145.371305 2474945.511353 0.000000
605140.374495 2474945.680009 0.000000
605135.377684 2474945.848665 0.000000
605130.380874 2474946.017321 0.000000
605125.384064 2474946.185977 0.000000
605120.387253 2474946.354633 0.000000
605115.390443 2474946.523289 0.000000
605110.393633 2474946.691945 0.000000
605105.396823 2474946.860601 0.000000
605100.400012 2474947.029257 0.000000
605095.403202 2474947.197913 0.000000
605090.406392 2474947.366569 0.000000
605085.409581 2474947.535225 0.000000
605080.412771 2474947.703881 0.000000
605075.415961 2474947.872537 0.000000
605070.419151 2474948.041193 0.000000
605065.422340 2474948.209850 0.000000
605060.425530 2474948.378506 0.000000
605055.428720 2474948.547162 0.000000
605050.431909 2474948.715818 0.000000
605045.435099 2474948.884474 0.000000
605040.438289 2474949.053130 0.000000
605035.441479 2474949.221786 0.000000
605030.444668 2474949.390442 0.000000
605025.447858 2474949.559098 0.000000
605020.451048 2474949.727754 0.000000
605015.454237 2474949.896410 0.000000
605010.457427 2474950.065066 0.000000
605005.460617 2474950.233722 0.000000
605000.463807 2474950.402378 0.000000
604995.466996 2474950.571034 0.000000
604990.470186 2474950.739690 0.000000
604985.473376 2474950.908346 0.000000
604980.476566 2474951.077002 0.000000
604975.479755 2474951.245658 0.000000
604970.482945 2474951.414314 0.000000
604965.486135 2474951.582970 0.000000
604960.489324 2474951.751626 0.000000
604955.492514 2474951.920282 0.000000
604950.495704 2474952.088938 0.000000
604945.498894 2474952.257594 0.000000
604940.502083 2474952.426250 0.000000
604935.505273 2474952.594906 0.000000
604930.508463 2474952.763562 0.000000
604925.511652 2474952.932218 0.000000
604920.514842 2474953.100874 0.000000
604915.518032 2474953.269530 0.000000
604910.521222 2474953.438186 0.000000
604905.524411 2474953.606842 0.000000
604900.527601 2474953.775498 0.000000
604895.530791 2474953.944154 0.000000
604890.533980 2474954.112810 0.000000
604885.537170 2474954.281466 0.000000
604880.540360 2474954.450122 0.000000
604875.543550 2474954.618778 0.000000
604870.546739 2474954.787434 0.000000
604865.549929 2474954.956091 0.000000
604860.553119 2474955.124747 0.000000
604855.556308 2474955.293403 0.000000
604850.559498 2474955.462059 0.000000
604845.562688 2474955.630715 0.000000
604840.565878 2474955.799371 0.000000
604835.569067 2474955.968027 0.000000
604830.572257 2474956.136683 0.000000
604825.575447 2474956.305339 0.000000
604820.578637 2474956.473995 0.000000
604815.581826 2474956.642651 0.000000
604810.585016 2474956.811307 0.000000
604805.588206 2474956.979963 0.000000
604800.591395 2474957.148619 0.000000
604795.594585 2474957.317275 0.000000
604790.597775 2474957.485931 0.000000
604785.600965 2474957.654587 0.000000
604780.604154 2474957.823243 0.000000
604775.607344 2474957.991899 0.000000
604770.610534 2474958.160555 0.000000
604765.613723 2474958.329211 0.000000
604760.616913 2474958.497867 0.000000
604755.620103 2474958.666523 0.000000
604750.623293 2474958.835179 0.000000
604745.626482 2474959.003835 0.000000
604740.629672 2474959.172491 0.000000
604735.632862 2474959.341147 0.000000
604730.636051 2474959.509803 0.000000
604725.639241 2474959.678459 0.000000
604720.642431 2474959.847115 0.000000
604715.645621 2474960.015771 0.000000
604710.648810 2474960.184427 0.000000
604705.652000 2474960.353083 0.000000
604700.655190 2474960.521739 0.000000
604695.658379 2474960.690395 0.000000
604690.661569 2474960.859051 0.000000
604685.664759 2474961.027707 0.000000
604680.667949 2474961.196363 0.000000
604675.671138 2474961.365019 0.000000
604670.674328 2474961.533675 0.000000
604665.677518 2474961.702331 0.000000
604660.680707 2474961.870988 0.000000
604655.683897 2474962.039644 0.000000
604650.687087 2474962.208300 0.000000
604645.690277 2474962.376956 0.000000
604640.693466 2474962.545612 0.000000
604635.696656 2474962.714268 0.000000
604630.699846 2474962.882924 0.000000
604625.703036 2474963.051580 0.000000
604620.706225 2474963.220236 0.000000
604615.709415 2474963.388892 0.000000
604610.712605 2474963.557548 0.000000
604605.715794 2474963.726204 0.000000
604600.718984 2474963.894860 0.000000
604595.722174 2474964.063516 0.000000
604590.725364 2474964.232172 0.000000
604585.728553 2474964.400828 0.000000
604580.731743 2474964.569484 0.000000
604575.734933 2474964.738140 0.000000
604570.738122 2474964.906796 0.000000
604565.741312 2474965.075452 0.000000
604560.744502 2474965.244108 0.000000
604555.747692 2474965.412764 0.000000
604550.750881 2474965.581420 0.000000
604545.754071 2474965.750076 0.000000
604540.757261 2474965.918732 0.000000
604535.760450 2474966.087388 0.000000
604530.763640 2474966.256044 0.000000
604525.766830 2474966.424700 0.000000
604520.770020 2474966.593356 0.000000
604515.773209 2474966.762012 0.000000
604510.776399 2474966.930668 0.000000
604505.779589 2474967.099324 0.000000
604500.782778 2474967.267980 0.000000
604495.785968 2474967.436636 0.000000
604490.789158 2474967.605292 0.000000
604485.792348 2474967.773948 0.000000
604480.795537 2474967.942604 0.000000
604475.798727 2474968.111260 0.000000
604470.801917 2474968.279916 0.000000
604465.805106 2474968.448572 0.000000
604460.808296 2474968.617228 0.000000
604455.811486 2474968.785885 0.000000
604450.814676 2474968.954541 0.000000
604445.817865 2474969.123197 0.000000
604440.821055 2474969.291853 0.000000
604435.824245 2474969.460509 0.000000
604430.827435 2474969.629165 0.000000
604425.830624 2474969.797821 0.000000
604420.833814 2474969.966477 0.000000
604415.837004 2474970.135133 0.000000
604410.840193 2474970.303789 0.000000
604405.843383 2474970.472445 0.000000
604400.846573 2474970.641101 0.000000
604395.849763 2474970.809757 0.000000
604390.852952 2474970.978413 0.000000
604385.856142 2474971.147069 0.000000
604380.859332 2474971.315725 0.000000
604375.862521 2474971.484381 0.000000
604370.865711 2474971.653037 0.000000
604365.868901 2474971.821693 0.000000
604360.872091 2474971.990349 0.000000
604355.875280 2474972.159005 0.000000
604350.878470 2474972.327661 0.000000
604345.881660 2474972.496317 0.000000
604340.884849 2474972.664973 0.000000
604335.888039 2474972.833629 0.000000
604330.891229 2474973.002285 0.000000
604325.894419 2474973.170941 0.000000
604320.897608 2474973.339597 0.000000
604315.900798 2474973.508253 0.000000
604310.903988 2474973.676909 0.000000
604305.907177 2474973.845565 0.000000
604300.910367 2474974.014221 0.000000
604295.913557 2474974.182877 0.000000
604290.916747 2474974.351533 0.000000
604285.919936 2474974.520189 0.000000
604280.923126 2474974.688845 0.000000
604275.926316 2474974.857501 0.000000
604270.929506 2474975.026157 0.000000
604265.932695 2474975.194813 0.000000
604260.935885 2474975.363469 0.000000
604255.939075 2474975.532125 0.000000
604250.942264 2474975.700782 0.000000
604245.945454 2474975.869438 0.000000
604240.948644 2474976.038094 0.000000
604235.951834 2474976.206750 0.000000
604230.955023 2474976.375406 0.000000
604225.958213 2474976.544062 0.000000
604220.961403 2474976.712718 0.000000
604215.964592 2474976.881374 0.000000
604210.967782 2474977.050030 0.000000
604205.970972 2474977.218686 0.000000
604200.974162 2474977.387342 0.000000
604195.977351 2474977.555998 0.000000
604190.980541 2474977.724654 0.000000
604185.983731 2474977.893310 0.000000
604180.986920 2474978.061966 0.000000
604175.990110 2474978.230622 0.000000
604170.993300 2474978.399278 0.000000
604165.996490 2474978.567934 0.000000
604160.999679 2474978.736590 0.000000
604156.002869 2474978.905246 0.000000
604151.006059 2474979.073902 0.000000
604146.009248 2474979.242558 0.000000
604141.012438 2474979.411214 0.000000
604136.015628 2474979.579870 0.000000
604131.018818 2474979.748526 0.000000
604126.055862 2474980.304082 0.000000
604121.092907 2474980.859637 0.000000
604116.129951 2474981.415192 0.000000
604111.166996 2474981.970748 0.000000
604106.204041 2474982.526303 0.000000
604101.241085 2474983.081859 0.000000
604096.278130 2474983.637414 0.000000
604091.315174 2474984.192970 0.000000
604086.352219 2474984.748525 0.000000
604081.389263 2474985.304080 0.000000
604076.426308 2474985.859636 0.000000
604071.463353 2474986.415191 0.000000
604066.500397 2474986.970747 0.000000
604061.537442 2474987.526302 0.000000
604056.574486 2474988.081858 0.000000
604051.611531 2474988.637413 0.000000
604046.648575 2474989.192969 0.000000
604041.685620 2474989.748524 0.000000
604036.722665 2474990.304079 0.000000
604031.759709 2474990.859635 0.000000
604026.796754 2474991.415190 0.000000
604021.833798 2474991.970746 0.000000
604016.870843 2474992.526301 0.000000
604011.907888 2474993.081857 0.000000
604006.944932 2474993.637412 0.000000
604001.981977 2474994.192967 0.000000
603997.019021 2474994.748523 0.000000
603992.125412 2474995.727246 0.000000
603987.231802 2474996.705968 0.000000
603982.338193 2474997.684691 0.000000
603977.444583 2474998.663413 0.000000
603972.550974 2474999.642136 0.000000
603967.657364 2475000.620859 0.000000
603962.763755 2475001.599581 0.000000
603957.870145 2475002.578304 0.000000
603952.976536 2475003.557027 0.000000
603948.082926 2475004.535749 0.000000
603943.189317 2475005.514472 0.000000
603938.295707 2475006.493195 0.000000
603933.402098 2475007.471917 0.000000
603928.508488 2475008.450640 0.000000
603923.614879 2475009.429362 0.000000
603918.721269 2475010.408085 0.000000
603913.827659 2475011.386808 0.000000
603908.934050 2475012.365530 0.000000
603904.040440 2475013.344253 0.000000
603899.146831 2475014.322976 0.000000
603894.253221 2475015.301698 0.000000
603889.359612 2475016.280421 0.000000
603884.466002 2475017.259144 0.000000
603879.572393 2475018.237866 0.000000
603874.678783 2475019.216589 0.000000
603869.785174 2475020.195311 0.000000
603864.891564 2475021.174034 0.000000
603859.997955 2475022.152757 0.000000
603855.104345 2475023.131479 0.000000
603850.210736 2475024.110202 0.000000
603845.317126 2475025.088925 0.000000
603840.423517 2475026.067647 0.000000
603835.529907 2475027.046370 0.000000
603830.636298 2475028.025093 0.000000
603825.742688 2475029.003815 0.000000
603820.849079 2475029.982538 0.000000
603815.955469 2475030.961260 0.000000
603811.061860 2475031.939983 0.000000
603806.168250 2475032.918706 0.000000
603801.274641 2475033.897428 0.000000
603796.381031 2475034.876151 0.000000
603791.487421 2475035.854874 0.000000
603786.593812 2475036.833596 0.000000
603781.700202 2475037.812319 0.000000
603776.806593 2475038.791041 0.000000
603771.912983 2475039.769764 0.000000
603767.019374 2475040.748487 0.000000
603762.078205 2475041.513192 0.000000
603757.137036 2475042.277898 0.000000
603752.195867 2475043.042603 0.000000
603747.254698 2475043.807309 0.000000
603742.313529 2475044.572014 0.000000
603737.372360 2475045.336719 0.000000
603732.431191 2475046.101425 0.000000
603727.490022 2475046.866130 0.000000
603722.548854 2475047.630836 0.000000
603717.607685 2475048.395541 0.000000
603712.666516 2475049.160247 0.000000
603707.725347 2475049.924952 0.000000
603702.784178 2475050.689658 0.000000
603697.843009 2475051.454363 0.000000
603692.901840 2475052.219068 0.000000
603687.960671 2475052.983774 0.000000
603683.019502 2475053.748479 0.000000
603678.019510 2475054.123479 0.000000
603673.019517 2475054.498480 0.000000
603668.019525 2475054.873480 0.000000
603663.019532 2475055.248480 0.000000
603658.019540 2475055.623480 0.000000
603653.019548 2475055.998480 0.000000
603648.019555 2475056.373480 0.000000
603643.019563 2475056.748481 0.000000
603638.019570 2475057.123481 0.000000
603633.019578 2475057.498481 0.000000
603628.019585 2475057.873481 0.000000
603623.019593 2475058.248481 0.000000
603618.019601 2475058.623481 0.000000
603613.019608 2475058.998482 0.000000
603608.019616 2475059.373482 0.000000
603603.019623 2475059.748482 0.000000
603598.028251 2475059.895034 0.000000
603593.036880 2475060.041586 0.000000
603588.045508 2475060.188139 0.000000
603583.054136 2475060.334691 0.000000
603578.062764 2475060.481243 0.000000
603573.071393 2475060.627795 0.000000
603568.080021 2475060.774347 0.000000
603563.088649 2475060.920900 0.000000
603558.097277 2475061.067452 0.000000
603553.105905 2475061.214004 0.000000
603548.114534 2475061.360556 0.000000
603543.123162 2475061.507109 0.000000
603538.131790 2475061.653661 0.000000
603533.140418 2475061.800213 0.000000
603528.149047 2475061.946765 0.000000
603523.157675 2475062.093317 0.000000
603518.166303 2475062.239870 0.000000
603513.174931 2475062.386422 0.000000
603508.183559 2475062.532974 0.000000
603503.192188 2475062.679526 0.000000
603498.200816 2475062.826079 0.000000
603493.209444 2475062.972631 0.000000
603488.218072 2475063.119183 0.000000
603483.226700 2475063.265735 0.000000
603478.235329 2475063.412287 0.000000
603473.243957 2475063.558840 0.000000
603468.252585 2475063.705392 0.000000
603463.261213 2475063.851944 0.000000
603458.269842 2475063.998496 0.000000
603453.278470 2475064.145049 0.000000
603448.287098 2475064.291601 0.000000
603443.295726 2475064.438153 0.000000
603438.304354 2475064.584705 0.000000
603433.312983 2475064.731257 0.000000
603428.321611 2475064.877810 0.000000
603423.330239 2475065.024362 0.000000
603418.338867 2475065.170914 0.000000
603413.347495 2475065.317466 0.000000
603408.356124 2475065.464019 0.000000
603403.364752 2475065.610571 0.000000
603398.373380 2475065.757123 0.000000
603393.382008 2475065.903675 0.000000
603388.390637 2475066.050227 0.000000
603383.399265 2475066.196780 0.000000
603378.407893 2475066.343332 0.000000
603373.416521 2475066.489884 0.000000
603368.425149 2475066.636436 0.000000
603363.433778 2475066.782989 0.000000
603358.442406 2475066.929541 0.000000
603353.451034 2475067.076093 0.000000
603348.459662 2475067.222645 0.000000
603343.468291 2475067.369197 0.000000
603338.476919 2475067.515750 0.000000
603333.485547 2475067.662302 0.000000
603328.494175 2475067.808854 0.000000
603323.502803 2475067.955406 0.000000
603318.511432 2475068.101959 0.000000
603313.520060 2475068.248511 0.000000
603308.528688 2475068.395063 0.000000
603303.537316 2475068.541615 0.000000
603298.545944 2475068.688168 0.000000
603293.554573 2475068.834720 0.000000
603288.563201 2475068.981272 0.000000
603283.571829 2475069.127824 0.000000
603278.580457 2475069.274376 0.000000
603273.589086 2475069.420929 0.000000
603268.597714 2475069.567481 0.000000
603263.606342 2475069.714033 0.000000
603258.614970 2475069.860585 0.000000
603253.623598 2475070.007138 0.000000
603248.632227 2475070.153690 0.000000
603243.640855 2475070.300242 0.000000
603238.649483 2475070.446794 0.000000
603233.658111 2475070.593346 0.000000
603228.666740 2475070.739899 0.000000
603223.675368 2475070.886451 0.000000
603218.683996 2475071.033003 0.000000
603213.692624 2475071.179555 0.000000
603208.701252 2475071.326108 0.000000
603203.709881 2475071.472660 0.000000
603198.718509 2475071.619212 0.000000
603193.727137 2475071.765764 0.000000
603188.735765 2475071.912316 0.000000
603183.744393 2475072.058869 0.000000
603178.753022 2475072.205421 0.000000
603173.761650 2475072.351973 0.000000
603168.770278 2475072.498525 0.000000
603163.778906 2475072.645078 0.000000
603158.787535 2475072.791630 0.000000
603153.796163 2475072.938182 0.000000
603148.804791 2475073.084734 0.000000
603143.813419 2475073.231286 0.000000
603138.822047 2475073.377839 0.000000
603133.830676 2475073.524391 0.000000
603128.839304 2475073.670943 0.000000
603123.847932 2475073.817495 0.000000
603118.856560 2475073.964048 0.000000
603113.865189 2475074.110600 0.000000
603108.873817 2475074.257152 0.000000
603103.882445 2475074.403704 0.000000
603098.891073 2475074.550256 0.000000
603093.899701 2475074.696809 0.000000
603088.908330 2475074.843361 0.000000
603083.916958 2475074.989913 0.000000
603078.925586 2475075.136465 0.000000
603073.934214 2475075.283018 0.000000
603068.942842 2475075.429570 0.000000
603063.951471 2475075.576122 0.000000
603058.960099 2475075.722674 0.000000
603053.968727 2475075.869227 0.000000
603048.977355 2475076.015779 0.000000
603043.985984 2475076.162331 0.000000
603038.994612 2475076.308883 0.000000
603034.003240 2475076.455435 0.000000
603029.011868 2475076.601988 0.000000
603024.020496 2475076.748540 0.000000
603019.020504 2475076.373541 0.000000
603014.020511 2475075.998542 0.000000
603009.020519 2475075.623544 0.000000
603004.020526 2475075.248545 0.000000
602999.020534 2475074.873546 0.000000
602994.020541 2475074.498548 0.000000
602989.020549 2475074.123549 0.000000
602984.020556 2475073.748550 0.000000
602979.020564 2475073.373551 0.000000
602974.020571 2475072.998553 0.000000
602969.020579 2475072.623554 0.000000
602964.020586 2475072.248555 0.000000
602959.020593 2475071.873557 0.000000
602954.020601 2475071.498558 0.000000
602949.020608 2475071.123559 0.000000
602944.020616 2475070.748560 0.000000
602939.076179 2475070.118933 0.000000
602934.131742 2475069.489305 0.000000
602929.187305 2475068.859677 0.000000
602924.242867 2475068.230049 0.000000
602919.298430 2475067.600421 0.000000
602914.353993 2475066.970793 0.000000
602909.409556 2475066.341165 0.000000
602904.465119 2475065.711537 0.000000
602899.520682 2475065.081909 0.000000
602894.576245 2475064.452281 0.000000
602889.631808 2475063.822653 0.000000
602884.687371 2475063.193025 0.000000
602879.742934 2475062.563397 0.000000
602874.798496 2475061.933769 0.000000
602869.854059 2475061.304141 0.000000
602864.909622 2475060.674513 0.000000
602859.965185 2475060.044885 0.000000
602855.020748 2475059.415257 0.000000
602850.076311 2475058.785629 0.000000
602845.131874 2475058.156001 0.000000
602840.187437 2475057.526373 0.000000
602835.243000 2475056.896745 0.000000
602830.298563 2475056.267117 0.000000
602825.354125 2475055.637489 0.000000
602820.409688 2475055.007861 0.000000
602815.465251 2475054.378233 0.000000
602810.520814 2475053.748605 0.000000
602805.576377 2475053.118977 0.000000
602800.631940 2475052.489349 0.000000
602795.687503 2475051.859722 0.000000
602790.743066 2475051.230094 0.000000
602785.798629 2475050.600466 0.000000
602780.854192 2475049.970838 0.000000
602775.909754 2475049.341210 0.000000
602770.965317 2475048.711582 0.000000
602766.020880 2475048.081954 0.000000
602761.076443 2475047.452326 0.000000
602756.132006 2475046.822698 0.000000
602751.187569 2475046.193070 0.000000
602746.243132 2475045.563442 0.000000
602741.298695 2475044.933814 0.000000
602736.354258 2475044.304186 0.000000
602731.409821 2475043.674558 0.000000
602726.465383 2475043.044930 0.000000
602721.520946 2475042.415302 0.000000
602716.576509 2475041.785674 0.000000
602711.632072 2475041.156046 0.000000
602706.687635 2475040.526418 0.000000
602701.743198 2475039.896790 0.000000
602696.798761 2475039.267162 0.000000
602691.854324 2475038.637534 0.000000
602686.909887 2475038.007906 0.000000
602681.965450 2475037.378278 0.000000
602677.021012 2475036.748650 0.000000
602672.021020 2475036.581985 0.000000
602667.021027 2475036.415319 0.000000
602662.021035 2475036.248653 0.000000
602657.021042 2475036.081988 0.000000
602652.021050 2475035.915322 0.000000
602647.021057 2475035.748656 0.000000
602642.021065 2475035.581990 0.000000
602637.021072 2475035.415325 0.000000
602632.021080 2475035.248659 0.000000
602627.021087 2475035.081993 0.000000
602622.021095 2475034.915328 0.000000
602617.021102 2475034.748662 0.000000
602612.021110 2475034.581996 0.000000
602607.021117 2475034.415331 0.000000
602602.021125 2475034.248665 0.000000
602597.021132 2475034.081999 0.000000
602592.021140 2475033.915334 0.000000
602587.021147 2475033.748668 0.000000
602582.021155 2475033.582002 0.000000
602577.021162 2475033.415336 0.000000
602572.021170 2475033.248671 0.000000
602567.021177 2475033.082005 0.000000
602562.021185 2475032.915339 0.000000
602557.021192 2475032.748674 0.000000
602552.024067 2475032.917850 0.000000
602547.026942 2475033.087026 0.000000
602542.029817 2475033.256202 0.000000
602537.032692 2475033.425378 0.000000
602532.035567 2475033.594554 0.000000
602527.038442 2475033.763730 0.000000
602522.041317 2475033.932906 0.000000
602517.044192 2475034.102082 0.000000
602512.047067 2475034.271258 0.000000
602507.049942 2475034.440434 0.000000
602502.052817 2475034.609610 0.000000
602497.055691 2475034.778786 0.000000
602492.058566 2475034.947962 0.000000
602487.061441 2475035.117139 0.000000
602482.064316 2475035.286315 0.000000
602477.067191 2475035.455491 0.000000
602472.070066 2475035.624667 0.000000
602467.072941 2475035.793843 0.000000
602462.075816 2475035.963019 0.000000
602457.078691 2475036.132195 0.000000
602452.081566 2475036.301371 0.000000
602447.084441 2475036.470547 0.000000
602442.087316 2475036.639723 0.000000
602437.090191 2475036.808899 0.000000
602432.093065 2475036.978075 0.000000
602427.095940 2475037.147251 0.000000
602422.098815 2475037.316427 0.000000
602417.101690 2475037.485603 0.000000
602412.104565 2475037.654780 0.000000
602407.107440 2475037.823956 0.000000
602402.110315 2475037.993132 0.000000
602397.113190 2475038.162308 0.000000
602392.116065 2475038.331484 0.000000
602387.118940 2475038.500660 0.000000
602382.121815 2475038.669836 0.000000
602377.124690 2475038.839012 0.000000
602372.127565 2475039.008188 0.000000
602367.130439 2475039.177364 0.000000
602362.133314 2475039.346540 0.000000
602357.136189 2475039.515716 0.000000
602352.139064 2475039.684892 0.000000
602347.141939 2475039.854068 0.000000
602342.144814 2475040.023244 0.000000
602337.147689 2475040.192420 0.000000
602332.150564 2475040.361597 0.000000
602327.153439 2475040.530773 0.000000
602322.156314 2475040.699949 0.000000
602317.159189 2475040.869125 0.000000
602312.162064 2475041.038301 0.000000
602307.164939 2475041.207477 0.000000
602302.167813 2475041.376653 0.000000
602297.170688 2475041.545829 0.000000
602292.173563 2475041.715005 0.000000
602287.176438 2475041.884181 0.000000
602282.179313 2475042.053357 0.000000
602277.182188 2475042.222533 0.000000
602272.185063 2475042.391709 0.000000
602267.187938 2475042.560885 0.000000
602262.190813 2475042.730061 0.000000
602257.193688 2475042.899237 0.000000
602252.196563 2475043.068414 0.000000
602247.199438 2475043.237590 0.000000
602242.202313 2475043.406766 0.000000
602237.205187 2475043.575942 0.000000
602232.208062 2475043.745118 0.000000
602227.210937 2475043.914294 0.000000
602222.213812 2475044.083470 0.000000
602217.216687 2475044.252646 0.000000
602212.219562 2475044.421822 0.000000
602207.222437 2475044.590998 0.000000
602202.225312 2475044.760174 0.000000
602197.228187 2475044.929350 0.000000
602192.231062 2475045.098526 0.000000
602187.233937 2475045.267702 0.000000
602182.236812 2475045.436878 0.000000
602177.239687 2475045.606055 0.000000
602172.242561 2475045.775231 0.000000
602167.245436 2475045.944407 0.000000
602162.248311 2475046.113583 0.000000
602157.251186 2475046.282759 0.000000
602152.254061 2475046.451935 0.000000
602147.256936 2475046.621111 0.000000
602142.259811 2475046.790287 0.000000
602137.262686 2475046.959463 0.000000
602132.265561 2475047.128639 0.000000
602127.268436 2475047.297815 0.000000
602122.271311 2475047.466991 0.000000
602117.274186 2475047.636167 0.000000
602112.277061 2475047.805343 0.000000
602107.279935 2475047.974519 0.000000
602102.282810 2475048.143695 0.000000
602097.285685 2475048.312872 0.000000
602092.288560 2475048.482048 0.000000
602087.291435 2475048.651224 0.000000
602082.294310 2475048.820400 0.000000
602077.297185 2475048.989576 0.000000
602072.300060 2475049.158752 0.000000
602067.302935 2475049.327928 0.000000
602062.305810 2475049.497104 0.000000
602057.308685 2475049.666280 0.000000
602052.311560 2475049.835456 0.000000
602047.314435 2475050.004632 0.000000
602042.317309 2475050.173808 0.000000
602037.320184 2475050.342984 0.000000
602032.323059 2475050.512160 0.000000
602027.325934 2475050.681336 0.000000
602022.328809 2475050.850513 0.000000
602017.331684 2475051.019689 0.000000
602012.334559 2475051.188865 0.000000
602007.337434 2475051.358041 0.000000
602002.340309 2475051.527217 0.000000
601997.343184 2475051.696393 0.000000
601992.346059 2475051.865569 0.000000
601987.348934 2475052.034745 0.000000
601982.351809 2475052.203921 0.000000
601977.354684 2475052.373097 0.000000
601972.357558 2475052.542273 0.000000
601967.360433 2475052.711449 0.000000
601962.363308 2475052.880625 0.000000
601957.366183 2475053.049801 0.000000
601952.369058 2475053.218977 0.000000
601947.371933 2475053.388153 0.000000
601942.374808 2475053.557330 0.000000
601937.377683 2475053.726506 0.000000
601932.380558 2475053.895682 0.000000
601927.383433 2475054.064858 0.000000
601922.386308 2475054.234034 0.000000
601917.389183 2475054.403210 0.000000
601912.392058 2475054.572386 0.000000
601907.394932 2475054.741562 0.000000
601902.397807 2475054.910738 0.000000
601897.400682 2475055.079914 0.000000
601892.403557 2475055.249090 0.000000
601887.406432 2475055.418266 0.000000
601882.409307 2475055.587442 0.000000
601877.412182 2475055.756618 0.000000
601872.415057 2475055.925794 0.000000
601867.417932 2475056.094971 0.000000
601862.420807 2475056.264147 0.000000
601857.423682 2475056.433323 0.000000
601852.426557 2475056.602499 0.000000
601847.429432 2475056.771675 0.000000
601842.432306 2475056.940851 0.000000
601837.435181 2475057.110027 0.000000
601832.438056 2475057.279203 0.000000
601827.440931 2475057.448379 0.000000
601822.443806 2475057.617555 0.000000
601817.446681 2475057.786731 0.000000
601812.449556 2475057.955907 0.000000
601807.452431 2475058.125083 0.000000
601802.455306 2475058.294259 0.000000
601797.458181 2475058.463435 0.000000
601792.461056 2475058.632611 0.000000
601787.463931 2475058.801788 0.000000
601782.466806 2475058.970964 0.000000
601777.469680 2475059.140140 0.000000
601772.472555 2475059.309316 0.000000
601767.475430 2475059.478492 0.000000
601762.478305 2475059.647668 0.000000
601757.481180 2475059.816844 0.000000
601752.484055 2475059.986020 0.000000
601747.486930 2475060.155196 0.000000
601742.489805 2475060.324372 0.000000
601737.492680 2475060.493548 0.000000
601732.495555 2475060.662724 0.000000
601727.498430 2475060.831900 0.000000
601722.501305 2475061.001076 0.000000
601717.504180 2475061.170252 0.000000
601712.507054 2475061.339429 0.000000
601707.509929 2475061.508605 0.000000
601702.512804 2475061.677781 0.000000
601697.515679 2475061.846957 0.000000
601692.518554 2475062.016133 0.000000
601687.521429 2475062.185309 0.000000
601682.524304 2475062.354485 0.000000
601677.527179 2475062.523661 0.000000
601672.530054 2475062.692837 0.000000
601667.532929 2475062.862013 0.000000
601662.535804 2475063.031189 0.000000
601657.538679 2475063.200365 0.000000
601652.541554 2475063.369541 0.000000
601647.544428 2475063.538717 0.000000
601642.547303 2475063.707893 0.000000
601637.550178 2475063.877069 0.000000
601632.553053 2475064.046246 0.000000
601627.555928 2475064.215422 0.000000
601622.558803 2475064.384598 0.000000
601617.561678 2475064.553774 0.000000
601612.564553 2475064.722950 0.000000
601607.567428 2475064.892126 0.000000
601602.570303 2475065.061302 0.000000
601597.573178 2475065.230478 0.000000
601592.576053 2475065.399654 0.000000
601587.578928 2475065.568830 0.000000
601582.581802 2475065.738006 0.000000
601577.584677 2475065.907182 0.000000
601572.587552 2475066.076358 0.000000
601567.590427 2475066.245534 0.000000
601562.593302 2475066.414710 0.000000
601557.596177 2475066.583886 0.000000
601552.599052 2475066.753063 0.000000
601547.601927 2475066.922239 0.000000
601542.604802 2475067.091415 0.000000
601537.607677 2475067.260591 0.000000
601532.610552 2475067.429767 0.000000
601527.613427 2475067.598943 0.000000
601522.616302 2475067.768119 0.000000
601517.619176 2475067.937295 0.000000
601512.622051 2475068.106471 0.000000
601507.624926 2475068.275647 0.000000
601502.627801 2475068.444823 0.000000
601497.630676 2475068.613999 0.000000
601492.633551 2475068.783175 0.000000
601487.636426 2475068.952351 0.000000
601482.639301 2475069.121527 0.000000
601477.642176 2475069.290704 0.000000
601472.645051 2475069.459880 0.000000
601467.647926 2475069.629056 0.000000
601462.650801 2475069.798232 0.000000
601457.653676 2475069.967408 0.000000
601452.656550 2475070.136584 0.000000
601447.659425 2475070.305760 0.000000
601442.662300 2475070.474936 0.000000
601437.665175 2475070.644112 0.000000
601432.668050 2475070.813288 0.000000
601427.670925 2475070.982464 0.000000
601422.673800 2475071.151640 0.000000
601417.676675 2475071.320816 0.000000
601412.679550 2475071.489992 0.000000
601407.682425 2475071.659168 0.000000
601402.685300 2475071.828344 0.000000
601397.688175 2475071.997521 0.000000
601392.691050 2475072.166697 0.000000
601387.693924 2475072.335873 0.000000
601382.696799 2475072.505049 0.000000
601377.699674 2475072.674225 0.000000
601372.702549 2475072.843401 0.000000
601367.705424 2475073.012577 0.000000
601362.708299 2475073.181753 0.000000
601357.711174 2475073.350929 0.000000
601352.714049 2475073.520105 0.000000
601347.716924 2475073.689281 0.000000
601342.719799 2475073.858457 0.000000
601337.722674 2475074.027633 0.000000
601332.725549 2475074.196809 0.000000
601327.728424 2475074.365985 0.000000
601322.731298 2475074.535162 0.000000
601317.734173 2475074.704338 0.000000
601312.737048 2475074.873514 0.000000
601307.739923 2475075.042690 0.000000
601302.742798 2475075.211866 0.000000
601297.745673 2475075.381042 0.000000
601292.748548 2475075.550218 0.000000
601287.751423 2475075.719394 0.000000
601282.754298 2475075.888570 0.000000
601277.757173 2475076.057746 0.000000
601272.760048 2475076.226922 0.000000
601267.762923 2475076.396098 0.000000
601262.765798 2475076.565274 0.000000
601257.768672 2475076.734450 0.000000
601252.771547 2475076.903626 0.000000
601247.774422 2475077.072802 0.000000
601242.777297 2475077.241979 0.000000
601237.780172 2475077.411155 0.000000
601232.783047 2475077.580331 0.000000
601227.785922 2475077.749507 0.000000
601222.788797 2475077.918683 0.000000
601217.791672 2475078.087859 0.000000
601212.794547 2475078.257035 0.000000
601207.797422 2475078.426211 0.000000
601202.800297 2475078.595387 0.000000
601197.803172 2475078.764563 0.000000
601192.806046 2475078.933739 0.000000
601187.808921 2475079.102915 0.000000
601182.811796 2475079.272091 0.000000
601177.814671 2475079.441267 0.000000
601172.817546 2475079.610443 0.000000
601167.820421 2475079.779620 0.000000
601162.823296 2475079.948796 0.000000
601157.826171 2475080.117972 0.000000
601152.829046 2475080.287148 0.000000
601147.831921 2475080.456324 0.000000
601142.834796 2475080.625500 0.000000
601137.837671 2475080.794676 0.000000
601132.840546 2475080.963852 0.000000
601127.843421 2475081.133028 0.000000
601122.846295 2475081.302204 0.000000
601117.849170 2475081.471380 0.000000
601112.852045 2475081.640556 0.000000
601107.854920 2475081.809732 0.000000
601102.857795 2475081.978908 0.000000
601097.860670 2475082.148084 0.000000
601092.863545 2475082.317260 0.000000
601087.866420 2475082.486437 0.000000
601082.869295 2475082.655613 0.000000
601077.872170 2475082.824789 0.000000
601072.875045 2475082.993965 0.000000
601067.877920 2475083.163141 0.000000
601062.880795 2475083.332317 0.000000
601057.883669 2475083.501493 0.000000
601052.886544 2475083.670669 0.000000
601047.889419 2475083.839845 0.000000
601042.892294 2475084.009021 0.000000
601037.895169 2475084.178197 0.000000
601032.898044 2475084.347373 0.000000
601027.900919 2475084.516549 0.000000
601022.903794 2475084.685725 0.000000
601017.906669 2475084.854901 0.000000
601012.909544 2475085.024078 0.000000
601007.912419 2475085.193254 0.000000
601002.915294 2475085.362430 0.000000
600997.918169 2475085.531606 0.000000
600992.921043 2475085.700782 0.000000
600987.923918 2475085.869958 0.000000
600982.926793 2475086.039134 0.000000
600977.929668 2475086.208310 0.000000
600972.932543 2475086.377486 0.000000
600967.935418 2475086.546662 0.000000
600962.938293 2475086.715838 0.000000
600957.941168 2475086.885014 0.000000
600952.944043 2475087.054190 0.000000
600947.946918 2475087.223366 0.000000
600942.949793 2475087.392542 0.000000
600937.952668 2475087.561718 0.000000
600932.955543 2475087.730895 0.000000
600927.958417 2475087.900071 0.000000
600922.961292 2475088.069247 0.000000
600917.964167 2475088.238423 0.000000
600912.967042 2475088.407599 0.000000
600907.969917 2475088.576775 0.000000
600902.972792 2475088.745951 0.000000
600897.975667 2475088.915127 0.000000
600892.978542 2475089.084303 0.000000
600887.981417 2475089.253479 0.000000
600882.984292 2475089.422655 0.000000
600877.987167 2475089.591831 0.000000
600872.990042 2475089.761007 0.000000
600867.992917 2475089.930183 0.000000
600862.995791 2475090.099359 0.000000
600857.998666 2475090.268535 0.000000
600853.001541 2475090.437712 0.000000
600848.004416 2475090.606888 0.000000
600843.007291 2475090.776064 0.000000
600838.010166 2475090.945240 0.000000
600833.013041 2475091.114416 0.000000
600828.015916 2475091.283592 0.000000
600823.018791 2475091.452768 0.000000
600818.021666 2475091.621944 0.000000
600813.024541 2475091.791120 0.000000
600808.027416 2475091.960296 0.000000
600803.030291 2475092.129472 0.000000
600798.033165 2475092.298648 0.000000
600793.036040 2475092.467824 0.000000
600788.038915 2475092.637000 0.000000
600783.041790 2475092.806176 0.000000
600778.044665 2475092.975353 0.000000
600773.047540 2475093.144529 0.000000
600768.050415 2475093.313705 0.000000
600763.053290 2475093.482881 0.000000
600758.056165 2475093.652057 0.000000
600753.059040 2475093.821233 0.000000
600748.061915 2475093.990409 0.000000
600743.064790 2475094.159585 0.000000
600738.067665 2475094.328761 0.000000
600733.070539 2475094.497937 0.000000
600728.073414 2475094.667113 0.000000
600723.076289 2475094.836289 0.000000
600718.079164 2475095.005465 0.000000
600713.082039 2475095.174641 0.000000
600708.084914 2475095.343817 0.000000
600703.087789 2475095.512993 0.000000
600698.090664 2475095.682170 0.000000
600693.093539 2475095.851346 0.000000
600688.096414 2475096.020522 0.000000
600683.099289 2475096.189698 0.000000
600678.102164 2475096.358874 0.000000
600673.105039 2475096.528050 0.000000
600668.107913 2475096.697226 0.000000
600663.110788 2475096.866402 0.000000
600658.113663 2475097.035578 0.000000
600653.116538 2475097.204754 0.000000
600648.119413 2475097.373930 0.000000
600643.122288 2475097.543106 0.000000
600638.125163 2475097.712282 0.000000
600633.128038 2475097.881458 0.000000
600628.130913 2475098.050634 0.000000
600623.133788 2475098.219811 0.000000
600618.136663 2475098.388987 0.000000
600613.139538 2475098.558163 0.000000
600608.142413 2475098.727339 0.000000
600603.145287 2475098.896515 0.000000
600598.148162 2475099.065691 0.000000
600593.151037 2475099.234867 0.000000
600588.153912 2475099.404043 0.000000
600583.156787 2475099.573219 0.000000
600578.159662 2475099.742395 0.000000
600573.162537 2475099.911571 0.000000
600568.165412 2475100.080747 0.000000
600563.168287 2475100.249923 0.000000
600558.171162 2475100.419099 0.000000
600553.174037 2475100.588275 0.000000
600548.176912 2475100.757451 0.000000
600543.179787 2475100.926628 0.000000
600538.182661 2475101.095804 0.000000
600533.185536 2475101.264980 0.000000
600528.188411 2475101.434156 0.000000
600523.191286 2475101.603332 0.000000
600518.194161 2475101.772508 0.000000
600513.197036 2475101.941684 0.000000
600508.199911 2475102.110860 0.000000
600503.202786 2475102.280036 0.000000
600498.205661 2475102.449212 0.000000
600493.208536 2475102.618388 0.000000
600488.211411 2475102.787564 0.000000
600483.214286 2475102.956740 0.000000
600478.217161 2475103.125916 0.000000
600473.220035 2475103.295092 0.000000
600468.222910 2475103.464269 0.000000
600463.225785 2475103.633445 0.000000
600458.228660 2475103.802621 0.000000
600453.231535 2475103.971797 0.000000
600448.234410 2475104.140973 0.000000
600443.237285 2475104.310149 0.000000
600438.240160 2475104.479325 0.000000
600433.243035 2475104.648501 0.000000
600428.245910 2475104.817677 0.000000
600423.248785 2475104.986853 0.000000
600418.251660 2475105.156029 0.000000
600413.254535 2475105.325205 0.000000
600408.257409 2475105.494381 0.000000
600403.260284 2475105.663557 0.000000
600398.263159 2475105.832733 0.000000
600393.266034 2475106.001909 0.000000
600388.268909 2475106.171086 0.000000
600383.271784 2475106.340262 0.000000
600378.274659 2475106.509438 0.000000
600373.277534 2475106.678614 0.000000
600368.280409 2475106.847790 0.000000
600363.283284 2475107.016966 0.000000
600358.286159 2475107.186142 0.000000
600353.289034 2475107.355318 0.000000
600348.291909 2475107.524494 0.000000
600343.294784 2475107.693670 0.000000
600338.297658 2475107.862846 0.000000
600333.300533 2475108.032022 0.000000
600328.303408 2475108.201198 0.000000
600323.306283 2475108.370374 0.000000
600318.309158 2475108.539550 0.000000
600313.312033 2475108.708727 0.000000
600308.314908 2475108.877903 0.000000
600303.317783 2475109.047079 0.000000
600298.320658 2475109.216255 0.000000
600293.323533 2475109.385431 0.000000
600288.326408 2475109.554607 0.000000
600283.329283 2475109.723783 0.000000
600278.332158 2475109.892959 0.000000
600273.335032 2475110.062135 0.000000
600268.337907 2475110.231311 0.000000
600263.340782 2475110.400487 0.000000
600258.343657 2475110.569663 0.000000
600253.346532 2475110.738839 0.000000
600248.349407 2475110.908015 0.000000
600243.352282 2475111.077191 0.000000
600238.355157 2475111.246367 0.000000
600233.358032 2475111.415544 0.000000
600228.360907 2475111.584720 0.000000
600223.363782 2475111.753896 0.000000
600218.366657 2475111.923072 0.000000
600213.369532 2475112.092248 0.000000
600208.372406 2475112.261424 0.000000
600203.375281 2475112.430600 0.000000
600198.378156 2475112.599776 0.000000
600193.381031 2475112.768952 0.000000
600188.383906 2475112.938128 0.000000
600183.386781 2475113.107304 0.000000
600178.389656 2475113.276480 0.000000
600173.392531 2475113.445656 0.000000
600168.395406 2475113.614832 0.000000
600163.398281 2475113.784008 0.000000
600158.401156 2475113.953184 0.000000
600153.404031 2475114.122361 0.000000
600148.406906 2475114.291537 0.000000
600143.409780 2475114.460713 0.000000
600138.412655 2475114.629889 0.000000
600133.415530 2475114.799065 0.000000
600128.418405 2475114.968241 0.000000
600123.421280 2475115.137417 0.000000
600118.424155 2475115.306593 0.000000
600113.427030 2475115.475769 0.000000
600108.429905 2475115.644945 0.000000
600103.432780 2475115.814121 0.000000
600098.435655 2475115.983297 0.000000
600093.438530 2475116.152473 0.000000
600088.441405 2475116.321649 0.000000
600083.444280 2475116.490825 0.000000
600078.447154 2475116.660002 0.000000
600073.450029 2475116.829178 0.000000
600068.452904 2475116.998354 0.000000
600063.455779 2475117.167530 0.000000
600058.458654 2475117.336706 0.000000
600053.461529 2475117.505882 0.000000
600048.464404 2475117.675058 0.000000
600043.467279 2475117.844234 0.000000
600038.470154 2475118.013410 0.000000
600033.473029 2475118.182586 0.000000
600028.475904 2475118.351762 0.000000
600023.478779 2475118.520938 0.000000
600018.481654 2475118.690114 0.000000
600013.484528 2475118.859290 0.000000
600008.487403 2475119.028466 0.000000
600003.490278 2475119.197642 0.000000
599998.493153 2475119.366819 0.000000
599993.496028 2475119.535995 0.000000
599988.498903 2475119.705171 0.000000
599983.501778 2475119.874347 0.000000
599978.504653 2475120.043523 0.000000
599973.507528 2475120.212699 0.000000
599968.510403 2475120.381875 0.000000
599963.513278 2475120.551051 0.000000
599958.516153 2475120.720227 0.000000
599953.519028 2475120.889403 0.000000
599948.521902 2475121.058579 0.000000
599943.524777 2475121.227755 0.000000
599938.527652 2475121.396931 0.000000
599933.530527 2475121.566107 0.000000
599928.533402 2475121.735283 0.000000
599923.536277 2475121.904460 0.000000
599918.539152 2475122.073636 0.000000
599913.542027 2475122.242812 0.000000
599908.544902 2475122.411988 0.000000
599903.547777 2475122.581164 0.000000
599898.550652 2475122.750340 0.000000
599893.553527 2475122.919516 0.000000
599888.556402 2475123.088692 0.000000
599883.559276 2475123.257868 0.000000
599878.562151 2475123.427044 0.000000
599873.565026 2475123.596220 0.000000
599868.567901 2475123.765396 0.000000
599863.570776 2475123.934572 0.000000
599858.573651 2475124.103748 0.000000
599853.576526 2475124.272924 0.000000
599848.579401 2475124.442100 0.000000
599843.582276 2475124.611277 0.000000
599838.585151 2475124.780453 0.000000
599833.588026 2475124.949629 0.000000
599828.590901 2475125.118805 0.000000
599823.593776 2475125.287981 0.000000
599818.596650 2475125.457157 0.000000
599813.599525 2475125.626333 0.000000
599808.602400 2475125.795509 0.000000
599803.605275 2475125.964685 0.000000
599798.608150 2475126.133861 0.000000
599793.611025 2475126.303037 0.000000
599788.613900 2475126.472213 0.000000
599783.616775 2475126.641389 0.000000
599778.619650 2475126.810565 0.000000
599773.622525 2475126.979741 0.000000
599768.625400 2475127.148918 0.000000
599763.628275 2475127.318094 0.000000
599758.631150 2475127.487270 0.000000
599753.634024 2475127.656446 0.000000
599748.636899 2475127.825622 0.000000
599743.639774 2475127.994798 0.000000
599738.642649 2475128.163974 0.000000
599733.645524 2475128.333150 0.000000
599728.648399 2475128.502326 0.000000
599723.651274 2475128.671502 0.000000
599718.654149 2475128.840678 0.000000
599713.657024 2475129.009854 0.000000
599708.659899 2475129.179030 0.000000
599703.662774 2475129.348206 0.000000
599698.665649 2475129.517382 0.000000
599693.668524 2475129.686558 0.000000
599688.671398 2475129.855735 0.000000
599683.674273 2475130.024911 0.000000
599678.677148 2475130.194087 0.000000
599673.680023 2475130.363263 0.000000
599668.682898 2475130.532439 0.000000
599663.685773 2475130.701615 0.000000
599658.688648 2475130.870791 0.000000
599653.691523 2475131.039967 0.000000
599648.694398 2475131.209143 0.000000
599643.697273 2475131.378319 0.000000
599638.700148 2475131.547495 0.000000
599633.703023 2475131.716671 0.000000
599628.705898 2475131.885847 0.000000
599623.708772 2475132.055023 0.000000
599618.711647 2475132.224199 0.000000
599613.714522 2475132.393376 0.000000
599608.717397 2475132.562552 0.000000
599603.720272 2475132.731728 0.000000
599598.723147 2475132.900904 0.000000
599593.726022 2475133.070080 0.000000
599588.728897 2475133.239256 0.000000
599583.731772 2475133.408432 0.000000
599578.734647 2475133.577608 0.000000
599573.737522 2475133.746784 0.000000
599568.740397 2475133.915960 0.000000
599563.743272 2475134.085136 0.000000
599558.746147 2475134.254312 0.000000
599553.749021 2475134.423488 0.000000
599548.751896 2475134.592664 0.000000
599543.754771 2475134.761840 0.000000
599538.757646 2475134.931016 0.000000
599533.760521 2475135.100193 0.000000
599528.763396 2475135.269369 0.000000
599523.766271 2475135.438545 0.000000
599518.769146 2475135.607721 0.000000
599513.772021 2475135.776897 0.000000
599508.774896 2475135.946073 0.000000
599503.777771 2475136.115249 0.000000
599498.780646 2475136.284425 0.000000
599493.783521 2475136.453601 0.000000
599488.786395 2475136.622777 0.000000
599483.789270 2475136.791953 0.000000
599478.792145 2475136.961129 0.000000
599473.795020 2475137.130305 0.000000
599468.797895 2475137.299481 0.000000
599463.800770 2475137.468657 0.000000
599458.803645 2475137.637833 0.000000
599453.806520 2475137.807010 0.000000
599448.809395 2475137.976186 0.000000
599443.812270 2475138.145362 0.000000
599438.815145 2475138.314538 0.000000
599433.818020 2475138.483714 0.000000
599428.820895 2475138.652890 0.000000
599423.823769 2475138.822066 0.000000
599418.826644 2475138.991242 0.000000
599413.829519 2475139.160418 0.000000
599408.832394 2475139.329594 0.000000
599403.835269 2475139.498770 0.000000
599398.838144 2475139.667946 0.000000
599393.841019 2475139.837122 0.000000
599388.843894 2475140.006298 0.000000
599383.846769 2475140.175474 0.000000
599378.849644 2475140.344651 0.000000
599373.852519 2475140.513827 0.000000
599368.855394 2475140.683003 0.000000
599363.858269 2475140.852179 0.000000
599358.861143 2475141.021355 0.000000
599353.864018 2475141.190531 0.000000
599348.866893 2475141.359707 0.000000
599343.869768 2475141.528883 0.000000
599338.872643 2475141.698059 0.000000
599333.875518 2475141.867235 0.000000
599328.878393 2475142.036411 0.000000
599323.881268 2475142.205587 0.000000
599318.884143 2475142.374763 0.000000
599313.887018 2475142.543939 0.000000
599308.889893 2475142.713115 0.000000
599303.892768 2475142.882291 0.000000
599298.895643 2475143.051468 0.000000
599293.898517 2475143.220644 0.000000
599288.901392 2475143.389820 0.000000
599283.904267 2475143.558996 0.000000
599278.907142 2475143.728172 0.000000
599273.910017 2475143.897348 0.000000
599268.912892 2475144.066524 0.000000
599263.915767 2475144.235700 0.000000
599258.918642 2475144.404876 0.000000
599253.921517 2475144.574052 0.000000
599248.924392 2475144.743228 0.000000
599243.927267 2475144.912404 0.000000
599238.930142 2475145.081580 0.000000
599233.933017 2475145.250756 0.000000
599228.935891 2475145.419932 0.000000
599223.938766 2475145.589109 0.000000
599218.941641 2475145.758285 0.000000
599213.944516 2475145.927461 0.000000
599208.947391 2475146.096637 0.000000
599203.950266 2475146.265813 0.000000
599198.953141 2475146.434989 0.000000
599193.956016 2475146.604165 0.000000
599188.958891 2475146.773341 0.000000
599183.961766 2475146.942517 0.000000
599178.964641 2475147.111693 0.000000
599173.967516 2475147.280869 0.000000
599168.970391 2475147.450045 0.000000
599163.973265 2475147.619221 0.000000
599158.976140 2475147.788397 0.000000
599153.979015 2475147.957573 0.000000
599148.981890 2475148.126749 0.000000
599143.984765 2475148.295926 0.000000
599138.987640 2475148.465102 0.000000
599133.990515 2475148.634278 0.000000
599128.993390 2475148.803454 0.000000
599123.996265 2475148.972630 0.000000
599118.999140 2475149.141806 0.000000
599114.002015 2475149.310982 0.000000
599109.004890 2475149.480158 0.000000
599104.007765 2475149.649334 0.000000
599099.010639 2475149.818510 0.000000
599094.013514 2475149.987686 0.000000
599089.016389 2475150.156862 0.000000
599084.019264 2475150.326038 0.000000
599079.022139 2475150.495214 0.000000
599074.025014 2475150.664390 0.000000
599069.027889 2475150.833567 0.000000
599064.030764 2475151.002743 0.000000
599059.033639 2475151.171919 0.000000
599054.036514 2475151.341095 0.000000
599049.039389 2475151.510271 0.000000
599044.042264 2475151.679447 0.000000
599039.045139 2475151.848623 0.000000
599034.048013 2475152.017799 0.000000
599029.050888 2475152.186975 0.000000
599024.053763 2475152.356151 0.000000
599019.056638 2475152.525327 0.000000
599014.059513 2475152.694503 0.000000
599009.062388 2475152.863679 0.000000
599004.065263 2475153.032855 0.000000
598999.068138 2475153.202031 0.000000
598994.071013 2475153.371207 0.000000
598989.073888 2475153.540384 0.000000
598984.076763 2475153.709560 0.000000
598979.079638 2475153.878736 0.000000
598974.082513 2475154.047912 0.000000
598969.085387 2475154.217088 0.000000
598964.088262 2475154.386264 0.000000
598959.091137 2475154.555440 0.000000
598954.094012 2475154.724616 0.000000
598949.096887 2475154.893792 0.000000
598944.099762 2475155.062968 0.000000
598939.102637 2475155.232144 0.000000
598934.105512 2475155.401320 0.000000
598929.108387 2475155.570496 0.000000
598924.111262 2475155.739672 0.000000
598919.114137 2475155.908848 0.000000
598914.117012 2475156.078025 0.000000
598909.119887 2475156.247201 0.000000
598904.122761 2475156.416377 0.000000
598899.125636 2475156.585553 0.000000
598894.128511 2475156.754729 0.000000
598889.131386 2475156.923905 0.000000
598884.134261 2475157.093081 0.000000
598879.137136 2475157.262257 0.000000
598874.140011 2475157.431433 0.000000
598869.142886 2475157.600609 0.000000
598864.145761 2475157.769785 0.000000
598859.148636 2475157.938961 0.000000
598854.151511 2475158.108137 0.000000
598849.154386 2475158.277313 0.000000
598844.157261 2475158.446489 0.000000
598839.160135 2475158.615665 0.000000
598834.163010 2475158.784842 0.000000
598829.165885 2475158.954018 0.000000
598824.168760 2475159.123194 0.000000
598819.171635 2475159.292370 0.000000
598814.174510 2475159.461546 0.000000
598809.177385 2475159.630722 0.000000
598804.180260 2475159.799898 0.000000
598799.183135 2475159.969074 0.000000
598794.186010 2475160.138250 0.000000
598789.188885 2475160.307426 0.000000
598784.191760 2475160.476602 0.000000
598779.194635 2475160.645778 0.000000
598774.197510 2475160.814954 0.000000
598769.200384 2475160.984130 0.000000
598764.203259 2475161.153306 0.000000
598759.206134 2475161.322482 0.000000
598754.209009 2475161.491659 0.000000
598749.211884 2475161.660835 0.000000
598744.214759 2475161.830011 0.000000
598739.217634 2475161.999187 0.000000
598734.220509 2475162.168363 0.000000
598729.223384 2475162.337539 0.000000
598724.226259 2475162.506715 0.000000
598719.229134 2475162.675891 0.000000
598714.232009 2475162.845067 0.000000
598709.234884 2475163.014243 0.000000
598704.237758 2475163.183419 0.000000
598699.240633 2475163.352595 0.000000
598694.243508 2475163.521771 0.000000
598689.246383 2475163.690947 0.000000
598684.249258 2475163.860123 0.000000
598679.252133 2475164.029300 0.000000
598674.255008 2475164.198476 0.000000
598669.257883 2475164.367652 0.000000
598664.260758 2475164.536828 0.000000
598659.263633 2475164.706004 0.000000
598654.266508 2475164.875180 0.000000
598649.269383 2475165.044356 0.000000
598644.272258 2475165.213532 0.000000
598639.275132 2475165.382708 0.000000
598634.278007 2475165.551884 0.000000
598629.280882 2475165.721060 0.000000
598624.283757 2475165.890236 0.000000
598619.286632 2475166.059412 0.000000
598614.289507 2475166.228588 0.000000
598609.292382 2475166.397764 0.000000
598604.295257 2475166.566940 0.000000
598599.298132 2475166.736117 0.000000
598594.301007 2475166.905293 0.000000
598589.303882 2475167.074469 0.000000
598584.306757 2475167.243645 0.000000
598579.309632 2475167.412821 0.000000
598574.312506 2475167.581997 0.000000
598569.315381 2475167.751173 0.000000
598564.318256 2475167.920349 0.000000
598559.321131 2475168.089525 0.000000
598554.324006 2475168.258701 0.000000
598549.326881 2475168.427877 0.000000
598544.329756 2475168.597053 0.000000
598539.332631 2475168.766229 0.000000
598534.335506 2475168.935405 0.000000
598529.338381 2475169.104581 0.000000
598524.341256 2475169.273758 0.000000
598519.344131 2475169.442934 0.000000
598514.347006 2475169.612110 0.000000
598509.349880 2475169.781286 0.000000
598504.352755 2475169.950462 0.000000
598499.355630 2475170.119638 0.000000
598494.358505 2475170.288814 0.000000
598489.361380 2475170.457990 0.000000
598484.364255 2475170.627166 0.000000
598479.367130 2475170.796342 0.000000
598474.370005 2475170.965518 0.000000
598469.372880 2475171.134694 0.000000
598464.375755 2475171.303870 0.000000
598459.378630 2475171.473046 0.000000
598454.381505 2475171.642222 0.000000
598449.384380 2475171.811398 0.000000
598444.387254 2475171.980575 0.000000
598439.390129 2475172.149751 0.000000
598434.393004 2475172.318927 0.000000
598429.395879 2475172.488103 0.000000
598424.398754 2475172.657279 0.000000
598419.401629 2475172.826455 0.000000
598414.404504 2475172.995631 0.000000
598409.407379 2475173.164807 0.000000
598404.410254 2475173.333983 0.000000
598399.413129 2475173.503159 0.000000
598394.416004 2475173.672335 0.000000
598389.418879 2475173.841511 0.000000
598384.421754 2475174.010687 0.000000
598379.424628 2475174.179863 0.000000
598374.427503 2475174.349039 0.000000
598369.430378 2475174.518216 0.000000
598364.433253 2475174.687392 0.000000
598359.436128 2475174.856568 0.000000
598354.439003 2475175.025744 0.000000
598349.441878 2475175.194920 0.000000
598344.444753 2475175.364096 0.000000
598339.447628 2475175.533272 0.000000
598334.450503 2475175.702448 0.000000
598329.453378 2475175.871624 0.000000
598324.456253 2475176.040800 0.000000
598319.459128 2475176.209976 0.000000
598314.462002 2475176.379152 0.000000
598309.464877 2475176.548328 0.000000
598304.467752 2475176.717504 0.000000
598299.470627 2475176.886680 0.000000
598294.473502 2475177.055856 0.000000
598289.476377 2475177.225033 0.000000
598284.479252 2475177.394209 0.000000
598279.482127 2475177.563385 0.000000
598274.485002 2475177.732561 0.000000
598269.487877 2475177.901737 0.000000
598264.490752 2475178.070913 0.000000
598259.493627 2475178.240089 0.000000
598254.496502 2475178.409265 0.000000
598249.499376 2475178.578441 0.000000
598244.502251 2475178.747617 0.000000
598239.505126 2475178.916793 0.000000
598234.508001 2475179.085969 0.000000
598229.510876 2475179.255145 0.000000
598224.513751 2475179.424321 0.000000
598219.516626 2475179.593497 0.000000
598214.519501 2475179.762674 0.000000
598209.522376 2475179.931850 0.000000
598204.525251 2475180.101026 0.000000
598199.528126 2475180.270202 0.000000
598194.531001 2475180.439378 0.000000
598189.533876 2475180.608554 0.000000
598184.536750 2475180.777730 0.000000
598179.539625 2475180.946906 0.000000
598174.542500 2475181.116082 0.000000
598169.545375 2475181.285258 0.000000
598164.548250 2475181.454434 0.000000
598159.551125 2475181.623610 0.000000
598154.554000 2475181.792786 0.000000
598149.556875 2475181.961962 0.000000
598144.559750 2475182.131138 0.000000
598139.562625 2475182.300314 0.000000
598134.565500 2475182.469491 0.000000
598129.568375 2475182.638667 0.000000
598124.571250 2475182.807843 0.000000
598119.574124 2475182.977019 0.000000
598114.576999 2475183.146195 0.000000
598109.579874 2475183.315371 0.000000
598104.582749 2475183.484547 0.000000
598099.585624 2475183.653723 0.000000
598094.588499 2475183.822899 0.000000
598089.591374 2475183.992075 0.000000
598084.594249 2475184.161251 0.000000
598079.597124 2475184.330427 0.000000
598074.599999 2475184.499603 0.000000
598069.602874 2475184.668779 0.000000
598064.605749 2475184.837955 0.000000
598059.608624 2475185.007131 0.000000
598054.611498 2475185.176308 0.000000
598049.614373 2475185.345484 0.000000
598044.617248 2475185.514660 0.000000
598039.620123 2475185.683836 0.000000
598034.622998 2475185.853012 0.000000
598029.625873 2475186.022188 0.000000
598024.628748 2475186.191364 0.000000
598019.631623 2475186.360540 0.000000
598014.634498 2475186.529716 0.000000
598009.637373 2475186.698892 0.000000
598004.640248 2475186.868068 0.000000
597999.643123 2475187.037244 0.000000
597994.645998 2475187.206420 0.000000
597989.648872 2475187.375596 0.000000
597984.651747 2475187.544772 0.000000
597979.654622 2475187.713949 0.000000
597974.657497 2475187.883125 0.000000
597969.660372 2475188.052301 0.000000
597964.663247 2475188.221477 0.000000
597959.666122 2475188.390653 0.000000
597954.668997 2475188.559829 0.000000
597949.671872 2475188.729005 0.000000
597944.674747 2475188.898181 0.000000
597939.677622 2475189.067357 0.000000
597934.680497 2475189.236533 0.000000
597929.683372 2475189.405709 0.000000
597924.686247 2475189.574885 0.000000
597919.689121 2475189.744061 0.000000
597914.691996 2475189.913237 0.000000
597909.694871 2475190.082413 0.000000
597904.697746 2475190.251589 0.000000
597899.700621 2475190.420766 0.000000
597894.703496 2475190.589942 0.000000
597889.706371 2475190.759118 0.000000
597884.709246 2475190.928294 0.000000
597879.712121 2475191.097470 0.000000
597874.714996 2475191.266646 0.000000
597869.717871 2475191.435822 0.000000
597864.720746 2475191.604998 0.000000
597859.723621 2475191.774174 0.000000
597854.726495 2475191.943350 0.000000
597849.729370 2475192.112526 0.000000
597844.732245 2475192.281702 0.000000
597839.735120 2475192.450878 0.000000
597834.737995 2475192.620054 0.000000
597829.740870 2475192.789230 0.000000
597824.743745 2475192.958407 0.000000
597819.746620 2475193.127583 0.000000
597814.749495 2475193.296759 0.000000
597809.752370 2475193.465935 0.000000
597804.755245 2475193.635111 0.000000
597799.758120 2475193.804287 0.000000
597794.760995 2475193.973463 0.000000
597789.763869 2475194.142639 0.000000
597784.766744 2475194.311815 0.000000
597779.769619 2475194.480991 0.000000
597774.772494 2475194.650167 0.000000
597769.775369 2475194.819343 0.000000
597764.778244 2475194.988519 0.000000
597759.781119 2475195.157695 0.000000
597754.783994 2475195.326871 0.000000
597749.786869 2475195.496047 0.000000
597744.789744 2475195.665224 0.000000
597739.792619 2475195.834400 0.000000
597734.795494 2475196.003576 0.000000
597729.798369 2475196.172752 0.000000
597724.801243 2475196.341928 0.000000
597719.804118 2475196.511104 0.000000
597714.806993 2475196.680280 0.000000
597709.809868 2475196.849456 0.000000
597704.812743 2475197.018632 0.000000
597699.815618 2475197.187808 0.000000
597694.818493 2475197.356984 0.000000
597689.821368 2475197.526160 0.000000
597684.824243 2475197.695336 0.000000
597679.827118 2475197.864512 0.000000
597674.829993 2475198.033688 0.000000
597669.832868 2475198.202865 0.000000
597664.835743 2475198.372041 0.000000
597659.838617 2475198.541217 0.000000
597654.841492 2475198.710393 0.000000
597649.844367 2475198.879569 0.000000
597644.847242 2475199.048745 0.000000
597639.850117 2475199.217921 0.000000
597634.852992 2475199.387097 0.000000
597629.855867 2475199.556273 0.000000
597624.858742 2475199.725449 0.000000
597619.861617 2475199.894625 0.000000
597614.864492 2475200.063801 0.000000
597609.867367 2475200.232977 0.000000
597604.870242 2475200.402153 0.000000
597599.873117 2475200.571329 0.000000
597594.875991 2475200.740505 0.000000
597589.878866 2475200.909682 0.000000
597584.881741 2475201.078858 0.000000
597579.884616 2475201.248034 0.000000
597574.887491 2475201.417210 0.000000
597569.890366 2475201.586386 0.000000
597564.893241 2475201.755562 0.000000
597559.896116 2475201.924738 0.000000
597554.898991 2475202.093914 0.000000
597549.901866 2475202.263090 0.000000
597544.904741 2475202.432266 0.000000
597539.907616 2475202.601442 0.000000
597534.910491 2475202.770618 0.000000
597529.913365 2475202.939794 0.000000
597524.916240 2475203.108970 0.000000
597519.919115 2475203.278146 0.000000
597514.921990 2475203.447323 0.000000
597509.924865 2475203.616499 0.000000
597504.927740 2475203.785675 0.000000
597499.930615 2475203.954851 0.000000
597494.933490 2475204.124027 0.000000
597489.936365 2475204.293203 0.000000
597484.939240 2475204.462379 0.000000
597479.942115 2475204.631555 0.000000
597474.944990 2475204.800731 0.000000
597469.947865 2475204.969907 0.000000
597464.950739 2475205.139083 0.000000
597459.953614 2475205.308259 0.000000
597454.956489 2475205.477435 0.000000
597449.959364 2475205.646611 0.000000
597444.962239 2475205.815787 0.000000
597439.965114 2475205.984963 0.000000
597434.967989 2475206.154140 0.000000
597429.970864 2475206.323316 0.000000
597424.973739 2475206.492492 0.000000
597419.976614 2475206.661668 0.000000
597414.979489 2475206.830844 0.000000
597409.982364 2475207.000020 0.000000
597404.985239 2475207.169196 0.000000
597399.988113 2475207.338372 0.000000
597394.990988 2475207.507548 0.000000
597389.993863 2475207.676724 0.000000
597384.996738 2475207.845900 0.000000
597379.999613 2475208.015076 0.000000
597375.002488 2475208.184252 0.000000
597370.005363 2475208.353428 0.000000
597365.008238 2475208.522604 0.000000
597360.011113 2475208.691780 0.000000
597355.013988 2475208.860957 0.000000
597350.016863 2475209.030133 0.000000
597345.019738 2475209.199309 0.000000
597340.022613 2475209.368485 0.000000
597335.025487 2475209.537661 0.000000
597330.028362 2475209.706837 0.000000
597325.031237 2475209.876013 0.000000
597320.034112 2475210.045189 0.000000
597315.036987 2475210.214365 0.000000
597310.039862 2475210.383541 0.000000
597305.042737 2475210.552717 0.000000
597300.045612 2475210.721893 0.000000
597295.048487 2475210.891069 0.000000
597290.051362 2475211.060245 0.000000
597285.054237 2475211.229421 0.000000
597280.057112 2475211.398598 0.000000
597275.059987 2475211.567774 0.000000
597270.062861 2475211.736950 0.000000
597265.065736 2475211.906126 0.000000
597260.068611 2475212.075302 0.000000
597255.071486 2475212.244478 0.000000
597250.074361 2475212.413654 0.000000
597245.077236 2475212.582830 0.000000
597240.080111 2475212.752006 0.000000
597235.082986 2475212.921182 0.000000
597230.085861 2475213.090358 0.000000
597225.088736 2475213.259534 0.000000
597220.091611 2475213.428710 0.000000
597215.094486 2475213.597886 0.000000
597210.097361 2475213.767062 0.000000
597205.100235 2475213.936238 0.000000
597200.103110 2475214.105415 0.000000
597195.105985 2475214.274591 0.000000
597190.108860 2475214.443767 0.000000
597185.111735 2475214.612943 0.000000
597180.114610 2475214.782119 0.000000
597175.117485 2475214.951295 0.000000
597170.120360 2475215.120471 0.000000
597165.123235 2475215.289647 0.000000
597160.126110 2475215.458823 0.000000
597155.128985 2475215.627999 0.000000
597150.131860 2475215.797175 0.000000
597145.134735 2475215.966351 0.000000
597140.137610 2475216.135527 0.000000
597135.140484 2475216.304703 0.000000
597130.143359 2475216.473879 0.000000
597125.146234 2475216.643056 0.000000
597120.149109 2475216.812232 0.000000
597115.151984 2475216.981408 0.000000
597110.154859 2475217.150584 0.000000
597105.157734 2475217.319760 0.000000
597100.160609 2475217.488936 0.000000
597095.163484 2475217.658112 0.000000
597090.166359 2475217.827288 0.000000
597085.169234 2475217.996464 0.000000
597080.172109 2475218.165640 0.000000
597075.174984 2475218.334816 0.000000
597070.177858 2475218.503992 0.000000
597065.180733 2475218.673168 0.000000
597060.183608 2475218.842344 0.000000
597055.186483 2475219.011520 0.000000
597050.189358 2475219.180696 0.000000
597045.192233 2475219.349873 0.000000
597040.195108 2475219.519049 0.000000
597035.197983 2475219.688225 0.000000
597030.200858 2475219.857401 0.000000
597025.203733 2475220.026577 0.000000
597020.206608 2475220.195753 0.000000
597015.209483 2475220.364929 0.000000
597010.212358 2475220.534105 0.000000
597005.215232 2475220.703281 0.000000
597000.218107 2475220.872457 0.000000
596995.220982 2475221.041633 0.000000
596990.223857 2475221.210809 0.000000
596985.226732 2475221.379985 0.000000
596980.229607 2475221.549161 0.000000
596975.232482 2475221.718337 0.000000
596970.235357 2475221.887514 0.000000
596965.238232 2475222.056690 0.000000
596960.241107 2475222.225866 0.000000
596955.243982 2475222.395042 0.000000
596950.246857 2475222.564218 0.000000
596945.249732 2475222.733394 0.000000
596940.252606 2475222.902570 0.000000
596935.255481 2475223.071746 0.000000
596930.258356 2475223.240922 0.000000
596925.261231 2475223.410098 0.000000
596920.264106 2475223.579274 0.000000
596915.266981 2475223.748450 0.000000
596910.269856 2475223.917626 0.000000
596905.272731 2475224.086802 0.000000
596900.275606 2475224.255978 0.000000
596895.278481 2475224.425154 0.000000
596890.281356 2475224.594331 0.000000
596885.284231 2475224.763507 0.000000
596880.287106 2475224.932683 0.000000
596875.289980 2475225.101859 0.000000
596870.292855 2475225.271035 0.000000
596865.295730 2475225.440211 0.000000
596860.298605 2475225.609387 0.000000
596855.301480 2475225.778563 0.000000
596850.304355 2475225.947739 0.000000
596845.307230 2475226.116915 0.000000
596840.310105 2475226.286091 0.000000
596835.312980 2475226.455267 0.000000
596830.315855 2475226.624443 0.000000
596825.318730 2475226.793619 0.000000
596820.321605 2475226.962795 0.000000
596815.324480 2475227.131972 0.000000
596810.327354 2475227.301148 0.000000
596805.330229 2475227.470324 0.000000
596800.333104 2475227.639500 0.000000
596795.335979 2475227.808676 0.000000
596790.338854 2475227.977852 0.000000
596785.341729 2475228.147028 0.000000
596780.344604 2475228.316204 0.000000
596775.347479 2475228.485380 0.000000
596770.350354 2475228.654556 0.000000
596765.353229 2475228.823732 0.000000
596760.356104 2475228.992908 0.000000
596755.358979 2475229.162084 0.000000
596750.361854 2475229.331260 0.000000
596745.364728 2475229.500436 0.000000
596740.367603 2475229.669612 0.000000
596735.370478 2475229.838789 0.000000
596730.373353 2475230.007965 0.000000
596725.376228 2475230.177141 0.000000
596720.379103 2475230.346317 0.000000
596715.381978 2475230.515493 0.000000
596710.384853 2475230.684669 0.000000
596705.387728 2475230.853845 0.000000
596700.390603 2475231.023021 0.000000
596695.393478 2475231.192197 0.000000
596690.396353 2475231.361373 0.000000
596685.399228 2475231.530549 0.000000
596680.402102 2475231.699725 0.000000
596675.404977 2475231.868901 0.000000
596670.407852 2475232.038077 0.000000
596665.410727 2475232.207253 0.000000
596660.413602 2475232.376429 0.000000
596655.416477 2475232.545606 0.000000
596650.419352 2475232.714782 0.000000
596645.422227 2475232.883958 0.000000
596640.425102 2475233.053134 0.000000
596635.427977 2475233.222310 0.000000
596630.430852 2475233.391486 0.000000
596625.433727 2475233.560662 0.000000
596620.436602 2475233.729838 0.000000
596615.439476 2475233.899014 0.000000
596610.442351 2475234.068190 0.000000
596605.445226 2475234.237366 0.000000
596600.448101 2475234.406542 0.000000
596595.450976 2475234.575718 0.000000
596590.453851 2475234.744894 0.000000
596585.456726 2475234.914070 0.000000
596580.459601 2475235.083247 0.000000
596575.462476 2475235.252423 0.000000
596570.465351 2475235.421599 0.000000
596565.468226 2475235.590775 0.000000
596560.471101 2475235.759951 0.000000
596555.473976 2475235.929127 0.000000
596550.476850 2475236.098303 0.000000
596545.479725 2475236.267479 0.000000
596540.482600 2475236.436655 0.000000
596535.485475 2475236.605831 0.000000
596530.488350 2475236.775007 0.000000
596525.491225 2475236.944183 0.000000
596520.494100 2475237.113359 0.000000
596515.496975 2475237.282535 0.000000
596510.499850 2475237.451711 0.000000
596505.502725 2475237.620887 0.000000
596500.505600 2475237.790064 0.000000
596495.508475 2475237.959240 0.000000
596490.511350 2475238.128416 0.000000
596485.514224 2475238.297592 0.000000
596480.517099 2475238.466768 0.000000
596475.519974 2475238.635944 0.000000
596470.522849 2475238.805120 0.000000
596465.525724 2475238.974296 0.000000
596460.528599 2475239.143472 0.000000
596455.531474 2475239.312648 0.000000
596450.534349 2475239.481824 0.000000
596445.537224 2475239.651000 0.000000
596440.540099 2475239.820176 0.000000
596435.542974 2475239.989352 0.000000
596430.545849 2475240.158528 0.000000
596425.548724 2475240.327705 0.000000
596420.551598 2475240.496881 0.000000
596415.554473 2475240.666057 0.000000
596410.557348 2475240.835233 0.000000
596405.560223 2475241.004409 0.000000
596400.563098 2475241.173585 0.000000
596395.565973 2475241.342761 0.000000
596390.568848 2475241.511937 0.000000
596385.571723 2475241.681113 0.000000
596380.574598 2475241.850289 0.000000
596375.577473 2475242.019465 0.000000
596370.580348 2475242.188641 0.000000
596365.583223 2475242.357817 0.000000
596360.586098 2475242.526993 0.000000
596355.588973 2475242.696169 0.000000
596350.591847 2475242.865345 0.000000
596345.594722 2475243.034522 0.000000
596340.597597 2475243.203698 0.000000
596335.600472 2475243.372874 0.000000
596330.603347 2475243.542050 0.000000
596325.606222 2475243.711226 0.000000
596320.609097 2475243.880402 0.000000
596315.611972 2475244.049578 0.000000
596310.614847 2475244.218754 0.000000
596305.617722 2475244.387930 0.000000
596300.620597 2475244.557106 0.000000
596295.623472 2475244.726282 0.000000
596290.626347 2475244.895458 0.000000
596285.629221 2475245.064634 0.000000
596280.632096 2475245.233810 0.000000
596275.634971 2475245.402986 0.000000
596270.637846 2475245.572163 0.000000
596265.640721 2475245.741339 0.000000
596260.643596 2475245.910515 0.000000
596255.646471 2475246.079691 0.000000
596250.649346 2475246.248867 0.000000
596245.652221 2475246.418043 0.000000
596240.655096 2475246.587219 0.000000
596235.657971 2475246.756395 0.000000
596230.660846 2475246.925571 0.000000
596225.663721 2475247.094747 0.000000
596220.666595 2475247.263923 0.000000
596215.669470 2475247.433099 0.000000
596210.672345 2475247.602275 0.000000
596205.675220 2475247.771451 0.000000
596200.678095 2475247.940627 0.000000
596195.680970 2475248.109803 0.000000
596190.683845 2475248.278980 0.000000
596185.686720 2475248.448156 0.000000
596180.689595 2475248.617332 0.000000
596175.692470 2475248.786508 0.000000
596170.695345 2475248.955684 0.000000
596165.698220 2475249.124860 0.000000
596160.701095 2475249.294036 0.000000
596155.703969 2475249.463212 0.000000
596150.706844 2475249.632388 0.000000
596145.709719 2475249.801564 0.000000
596140.712594 2475249.970740 0.000000
596135.715469 2475250.139916 0.000000
596130.718344 2475250.309092 0.000000
596125.721219 2475250.478268 0.000000
596120.724094 2475250.647444 0.000000
596115.726969 2475250.816620 0.000000
596110.729844 2475250.985797 0.000000
596105.732719 2475251.154973 0.000000
596100.735594 2475251.324149 0.000000
596095.738469 2475251.493325 0.000000
596090.741343 2475251.662501 0.000000
596085.744218 2475251.831677 0.000000
596080.747093 2475252.000853 0.000000
596075.749968 2475252.170029 0.000000
596070.752843 2475252.339205 0.000000
596065.755718 2475252.508381 0.000000
596060.758593 2475252.677557 0.000000
596055.761468 2475252.846733 0.000000
596050.764343 2475253.015909 0.000000
596045.767218 2475253.185085 0.000000
596040.770093 2475253.354261 0.000000
596035.772968 2475253.523438 0.000000
596030.775843 2475253.692614 0.000000
596025.778717 2475253.861790 0.000000
596020.781592 2475254.030966 0.000000
596015.784467 2475254.200142 0.000000
596010.787342 2475254.369318 0.000000
596005.790217 2475254.538494 0.000000
596000.793092 2475254.707670 0.000000
595995.795967 2475254.876846 0.000000
595990.798842 2475255.046022 0.000000
595985.801717 2475255.215198 0.000000
595980.804592 2475255.384374 0.000000
595975.807467 2475255.553550 0.000000
595970.810342 2475255.722726 0.000000
595965.813217 2475255.891902 0.000000
595960.816091 2475256.061078 0.000000
595955.818966 2475256.230255 0.000000
595950.821841 2475256.399431 0.000000
595945.824716 2475256.568607 0.000000
595940.827591 2475256.737783 0.000000
595935.830466 2475256.906959 0.000000
595930.833341 2475257.076135 0.000000
595925.836216 2475257.245311 0.000000
595920.839091 2475257.414487 0.000000
595915.841966 2475257.583663 0.000000
595910.844841 2475257.752839 0.000000
595905.847716 2475257.922015 0.000000
595900.850591 2475258.091191 0.000000
595895.853465 2475258.260367 0.000000
595890.856340 2475258.429543 0.000000
595885.859215 2475258.598719 0.000000
595880.862090 2475258.767896 0.000000
595875.864965 2475258.937072 0.000000
595870.867840 2475259.106248 0.000000
595865.870715 2475259.275424 0.000000
595860.873590 2475259.444600 0.000000
595855.876465 2475259.613776 0.000000
595850.879340 2475259.782952 0.000000
595845.882215 2475259.952128 0.000000
595840.885090 2475260.121304 0.000000
595835.887965 2475260.290480 0.000000
595830.890839 2475260.459656 0.000000
595825.893714 2475260.628832 0.000000
595820.896589 2475260.798008 0.000000
595815.899464 2475260.967184 0.000000
595810.902339 2475261.136360 0.000000
595805.905214 2475261.305536 0.000000
595800.908089 2475261.474713 0.000000
595795.910964 2475261.643889 0.000000
595790.913839 2475261.813065 0.000000
595785.916714 2475261.982241 0.000000
595780.919589 2475262.151417 0.000000
595775.922464 2475262.320593 0.000000
595770.925339 2475262.489769 0.000000
595765.928213 2475262.658945 0.000000
595760.931088 2475262.828121 0.000000
595755.933963 2475262.997297 0.000000
595750.936838 2475263.166473 0.000000
595745.939713 2475263.335649 0.000000
595740.942588 2475263.504825 0.000000
595735.945463 2475263.674001 0.000000
595730.948338 2475263.843177 0.000000
595725.951213 2475264.012354 0.000000
595720.954088 2475264.181530 0.000000
595715.956963 2475264.350706 0.000000
595710.959838 2475264.519882 0.000000
595705.962713 2475264.689058 0.000000
595700.965587 2475264.858234 0.000000
595695.968462 2475265.027410 0.000000
595690.971337 2475265.196586 0.000000
595685.974212 2475265.365762 0.000000
595680.977087 2475265.534938 0.000000
595675.979962 2475265.704114 0.000000
595670.982837 2475265.873290 0.000000
595665.985712 2475266.042466 0.000000
595660.988587 2475266.211642 0.000000
595655.991462 2475266.380818 0.000000
595650.994337 2475266.549994 0.000000
595645.997212 2475266.719171 0.000000
595641.000087 2475266.888347 0.000000
595636.002961 2475267.057523 0.000000
595631.005836 2475267.226699 0.000000
595626.008711 2475267.395875 0.000000
595621.011586 2475267.565051 0.000000
595616.014461 2475267.734227 0.000000
595611.017336 2475267.903403 0.000000
595606.020211 2475268.072579 0.000000
595601.023086 2475268.241755 0.000000
595596.025961 2475268.410931 0.000000
595591.028836 2475268.580107 0.000000
595586.031711 2475268.749283 0.000000
