FFASCI 0 1 "LINES" 0 1e+10
FFATTR 0 1
->1
609509.013149 2490828.723927 0.000000
609508.087776 2490823.798562 0.000000
609507.162404 2490818.873196 0.000000
609506.237031 2490813.947830 0.000000
609505.311659 2490809.022465 0.000000
609504.386286 2490804.097099 0.000000
609503.460914 2490799.171733 0.000000
609502.535541 2490794.246368 0.000000
609501.610169 2490789.321002 0.000000
609500.684796 2490784.395637 0.000000
609499.759424 2490779.470271 0.000000
609498.834051 2490774.544905 0.000000
609497.908679 2490769.619540 0.000000
609496.983306 2490764.694174 0.000000
609496.057934 2490759.768808 0.000000
609495.132561 2490754.843443 0.000000
609494.207189 2490749.918077 0.000000
609493.281816 2490744.992711 0.000000
609492.356444 2490740.067346 0.000000
609491.431071 2490735.141980 0.000000
609490.505699 2490730.216614 0.000000
609489.580326 2490725.291249 0.000000
609488.654954 2490720.365883 0.000000
609487.729581 2490715.440517 0.000000
609486.804209 2490710.515152 0.000000
609485.878836 2490705.589786 0.000000
609484.953464 2490700.664420 0.000000
609484.028091 2490695.739055 0.000000
609483.102719 2490690.813689 0.000000
609482.177346 2490685.888323 0.000000
609481.251974 2490680.962958 0.000000
609480.326601 2490676.037592 0.000000
609479.401229 2490671.112226 0.000000
609478.475856 2490666.186861 0.000000
609477.550484 2490661.261495 0.000000
609476.625111 2490656.336130 0.000000
609475.699739 2490651.410764 0.000000
609474.774366 2490646.485398 0.000000
609473.848994 2490641.560033 0.000000
609472.923621 2490636.634667 0.000000
609471.998249 2490631.709301 0.000000
609471.072876 2490626.783936 0.000000
609470.147504 2490621.858570 0.000000
609469.222131 2490616.933204 0.000000
609468.296759 2490612.007839 0.000000
609467.371386 2490607.082473 0.000000
609466.446014 2490602.157107 0.000000
609465.520641 2490597.231742 0.000000
609464.595269 2490592.306376 0.000000
609463.669896 2490587.381010 0.000000
609462.744524 2490582.455645 0.000000
609461.819151 2490577.530279 0.000000
609460.893778 2490572.604913 0.000000
609459.968406 2490567.679548 0.000000
609459.043033 2490562.754182 0.000000
609458.117661 2490557.828816 0.000000
609457.192288 2490552.903451 0.000000
609456.266916 2490547.978085 0.000000
609455.341543 2490543.052720 0.000000
609454.416171 2490538.127354 0.000000
609453.490798 2490533.201988 0.000000
609452.565426 2490528.276623 0.000000
609451.640053 2490523.351257 0.000000
609450.714681 2490518.425891 0.000000
609449.789308 2490513.500526 0.000000
609448.863936 2490508.575160 0.000000
609447.938563 2490503.649794 0.000000
609447.013191 2490498.724429 0.000000
609446.379651 2490493.767914 0.000000
609445.746110 2490488.811400 0.000000
609445.112570 2490483.854886 0.000000
609444.479030 2490478.898372 0.000000
609443.845490 2490473.941857 0.000000
609443.211950 2490468.985343 0.000000
609442.578410 2490464.028829 0.000000
609441.944869 2490459.072315 0.000000
609441.311329 2490454.115800 0.000000
609440.677789 2490449.159286 0.000000
609440.044249 2490444.202772 0.000000
609439.410709 2490439.246258 0.000000
609438.777168 2490434.289743 0.000000
609438.143628 2490429.333229 0.000000
609437.510088 2490424.376715 0.000000
609436.876548 2490419.420201 0.000000
609436.243008 2490414.463686 0.000000
609435.609468 2490409.507172 0.000000
609434.975927 2490404.550658 0.000000
609434.342387 2490399.594144 0.000000
609433.708847 2490394.637629 0.000000
609433.075307 2490389.681115 0.000000
609432.441767 2490384.724601 0.000000
609431.808226 2490379.768087 0.000000
609431.174686 2490374.811572 0.000000
609430.541146 2490369.855058 0.000000
609429.907606 2490364.898544 0.000000
609429.274066 2490359.942030 0.000000
609428.640525 2490354.985515 0.000000
609428.006985 2490350.029001 0.000000
609427.373445 2490345.072487 0.000000
609426.739905 2490340.115973 0.000000
609426.106365 2490335.159458 0.000000
609425.472825 2490330.202944 0.000000
609424.839284 2490325.246430 0.000000
609424.205744 2490320.289916 0.000000
609423.572204 2490315.333401 0.000000
609422.938664 2490310.376887 0.000000
609422.305124 2490305.420373 0.000000
609421.671583 2490300.463859 0.000000
609421.038043 2490295.507344 0.000000
609420.404503 2490290.550830 0.000000
609419.770963 2490285.594316 0.000000
609419.137423 2490280.637802 0.000000
609418.503883 2490275.681287 0.000000
609417.870342 2490270.724773 0.000000
609417.236802 2490265.768259 0.000000
609416.603262 2490260.811745 0.000000
609415.969722 2490255.855230 0.000000
609415.336182 2490250.898716 0.000000
609414.702641 2490245.942202 0.000000
609414.069101 2490240.985688 0.000000
609413.435561 2490236.029173 0.000000
609412.802021 2490231.072659 0.000000
609412.168481 2490226.116145 0.000000
609411.534941 2490221.159631 0.000000
609410.901400 2490216.203116 0.000000
609410.267860 2490211.246602 0.000000
609409.634320 2490206.290088 0.000000
609409.000780 2490201.333574 0.000000
609408.367240 2490196.377059 0.000000
609407.733699 2490191.420545 0.000000
609407.100159 2490186.464031 0.000000
609406.466619 2490181.507517 0.000000
609405.833079 2490176.551002 0.000000
609405.199539 2490171.594488 0.000000
609404.565998 2490166.637974 0.000000
609403.932458 2490161.681460 0.000000
609403.298918 2490156.724945 0.000000
609402.665378 2490151.768431 0.000000
609402.031838 2490146.811917 0.000000
609401.398298 2490141.855402 0.000000
609400.764757 2490136.898888 0.000000
609400.131217 2490131.942374 0.000000
609399.497677 2490126.985860 0.000000
609398.864137 2490122.029345 0.000000
609398.230597 2490117.072831 0.000000
609397.597056 2490112.116317 0.000000
609396.963516 2490107.159803 0.000000
609396.329976 2490102.203288 0.000000
609395.696436 2490097.246774 0.000000
609395.062896 2490092.290260 0.000000
609394.429356 2490087.333746 0.000000
609393.795815 2490082.377231 0.000000
609393.162275 2490077.420717 0.000000
609392.528735 2490072.464203 0.000000
609391.895195 2490067.507689 0.000000
609391.261655 2490062.551174 0.000000
609390.628114 2490057.594660 0.000000
609389.994574 2490052.638146 0.000000
609389.361034 2490047.681632 0.000000
609388.727494 2490042.725117 0.000000
609388.093954 2490037.768603 0.000000
609387.460414 2490032.812089 0.000000
609386.826873 2490027.855575 0.000000
609386.193333 2490022.899060 0.000000
609385.559793 2490017.942546 0.000000
609384.926253 2490012.986032 0.000000
609384.292713 2490008.029518 0.000000
609383.659172 2490003.073003 0.000000
609383.025632 2489998.116489 0.000000
609382.392092 2489993.159975 0.000000
609381.758552 2489988.203461 0.000000
609381.125012 2489983.246946 0.000000
609380.491471 2489978.290432 0.000000
609379.857931 2489973.333918 0.000000
609379.224391 2489968.377404 0.000000
609378.590851 2489963.420889 0.000000
609377.957311 2489958.464375 0.000000
609377.323771 2489953.507861 0.000000
609376.690230 2489948.551347 0.000000
609376.056690 2489943.594832 0.000000
609375.423150 2489938.638318 0.000000
609374.789610 2489933.681804 0.000000
609374.156070 2489928.725290 0.000000
609373.522529 2489923.768775 0.000000
609372.888989 2489918.812261 0.000000
609372.255449 2489913.855747 0.000000
609371.621909 2489908.899233 0.000000
609370.988369 2489903.942718 0.000000
609370.354829 2489898.986204 0.000000
609369.721288 2489894.029690 0.000000
609369.087748 2489889.073176 0.000000
609368.454208 2489884.116661 0.000000
609367.820668 2489879.160147 0.000000
609367.187128 2489874.203633 0.000000
609366.553587 2489869.247119 0.000000
609365.920047 2489864.290604 0.000000
609365.286507 2489859.334090 0.000000
609364.652967 2489854.377576 0.000000
609364.019427 2489849.421062 0.000000
609363.385887 2489844.464547 0.000000
609362.752346 2489839.508033 0.000000
609362.118806 2489834.551519 0.000000
609361.485266 2489829.595005 0.000000
609360.851726 2489824.638490 0.000000
609360.218186 2489819.681976 0.000000
609359.584645 2489814.725462 0.000000
609358.951105 2489809.768948 0.000000
609358.317565 2489804.812433 0.000000
609357.684025 2489799.855919 0.000000
609357.050485 2489794.899405 0.000000
609356.416944 2489789.942891 0.000000
609355.783404 2489784.986376 0.000000
609355.149864 2489780.029862 0.000000
609354.516324 2489775.073348 0.000000
609353.882784 2489770.116834 0.000000
609353.249244 2489765.160319 0.000000
609352.615703 2489760.203805 0.000000
609351.982163 2489755.247291 0.000000
609351.348623 2489750.290777 0.000000
609350.715083 2489745.334262 0.000000
609350.081543 2489740.377748 0.000000
609349.448002 2489735.421234 0.000000
609348.814462 2489730.464720 0.000000
609348.180922 2489725.508205 0.000000
609347.547382 2489720.551691 0.000000
609346.913842 2489715.595177 0.000000
609346.280302 2489710.638663 0.000000
609345.646761 2489705.682148 0.000000
609345.013221 2489700.725634 0.000000
609344.249585 2489695.749884 0.000000
609343.485949 2489690.774134 0.000000
609342.722313 2489685.798384 0.000000
609341.958677 2489680.822634 0.000000
609341.195041 2489675.846884 0.000000
609340.431405 2489670.871134 0.000000
609339.667769 2489665.895384 0.000000
609338.904133 2489660.919634 0.000000
609338.140497 2489655.943884 0.000000
609337.376861 2489650.968134 0.000000
609336.613225 2489645.992384 0.000000
609335.849589 2489641.016634 0.000000
609335.085953 2489636.040884 0.000000
609334.322317 2489631.065134 0.000000
609333.558681 2489626.089384 0.000000
609332.795045 2489621.113634 0.000000
609332.031409 2489616.137884 0.000000
609331.267773 2489611.162133 0.000000
609330.504137 2489606.186383 0.000000
609329.740501 2489601.210633 0.000000
609328.976865 2489596.234883 0.000000
609328.213230 2489591.259133 0.000000
609327.449594 2489586.283383 0.000000
609326.685958 2489581.307633 0.000000
609325.922322 2489576.331883 0.000000
609325.158686 2489571.356133 0.000000
609324.395050 2489566.380383 0.000000
609323.631414 2489561.404633 0.000000
609322.867778 2489556.428883 0.000000
609322.104142 2489551.453133 0.000000
609321.340506 2489546.477383 0.000000
609320.576870 2489541.501633 0.000000
609319.813234 2489536.525883 0.000000
609319.049598 2489531.550133 0.000000
609318.285962 2489526.574383 0.000000
609317.522326 2489521.598633 0.000000
609316.758690 2489516.622883 0.000000
609315.995054 2489511.647133 0.000000
609315.231418 2489506.671383 0.000000
609314.467782 2489501.695633 0.000000
609313.704146 2489496.719883 0.000000
609312.940510 2489491.744133 0.000000
609312.176874 2489486.768383 0.000000
609311.413238 2489481.792633 0.000000
609310.649602 2489476.816883 0.000000
609309.885966 2489471.841133 0.000000
609309.122330 2489466.865382 0.000000
609308.358694 2489461.889632 0.000000
609307.595058 2489456.913882 0.000000
609306.831422 2489451.938132 0.000000
609306.067786 2489446.962382 0.000000
609305.304150 2489441.986632 0.000000
609304.540514 2489437.010882 0.000000
609303.776878 2489432.035132 0.000000
609303.013242 2489427.059382 0.000000
609302.249606 2489422.083632 0.000000
609301.485970 2489417.107882 0.000000
609300.722334 2489412.132132 0.000000
609299.958698 2489407.156382 0.000000
609299.195062 2489402.180632 0.000000
609298.431426 2489397.204882 0.000000
609297.667790 2489392.229132 0.000000
609296.904154 2489387.253382 0.000000
609296.140518 2489382.277632 0.000000
609295.376882 2489377.301882 0.000000
609294.613246 2489372.326132 0.000000
609293.849610 2489367.350382 0.000000
609293.085974 2489362.374632 0.000000
609292.322338 2489357.398882 0.000000
609291.558702 2489352.423132 0.000000
609290.795066 2489347.447382 0.000000
609290.031430 2489342.471632 0.000000
609289.267794 2489337.495882 0.000000
609288.504158 2489332.520132 0.000000
609287.740522 2489327.544382 0.000000
609286.976886 2489322.568631 0.000000
609286.213250 2489317.592881 0.000000
609285.449614 2489312.617131 0.000000
609284.685978 2489307.641381 0.000000
609283.922342 2489302.665631 0.000000
609283.158706 2489297.689881 0.000000
609282.395070 2489292.714131 0.000000
609281.631434 2489287.738381 0.000000
609280.867798 2489282.762631 0.000000
609280.104162 2489277.786881 0.000000
609279.340527 2489272.811131 0.000000
609278.576891 2489267.835381 0.000000
609277.813255 2489262.859631 0.000000
609277.049619 2489257.883881 0.000000
609276.285983 2489252.908131 0.000000
609275.522347 2489247.932381 0.000000
609274.758711 2489242.956631 0.000000
609273.995075 2489237.980881 0.000000
609273.231439 2489233.005131 0.000000
609272.467803 2489228.029381 0.000000
609271.704167 2489223.053631 0.000000
609270.940531 2489218.077881 0.000000
609270.176895 2489213.102131 0.000000
609269.413259 2489208.126381 0.000000
609268.649623 2489203.150631 0.000000
609267.885987 2489198.174881 0.000000
609267.122351 2489193.199131 0.000000
609266.358715 2489188.223381 0.000000
609265.595079 2489183.247631 0.000000
609264.831443 2489178.271880 0.000000
609264.067807 2489173.296130 0.000000
609263.304171 2489168.320380 0.000000
609262.540535 2489163.344630 0.000000
609261.776899 2489158.368880 0.000000
609261.013263 2489153.393130 0.000000
609260.249627 2489148.417380 0.000000
609259.485991 2489143.441630 0.000000
609258.722355 2489138.465880 0.000000
609257.958719 2489133.490130 0.000000
609257.195083 2489128.514380 0.000000
609256.431447 2489123.538630 0.000000
609255.667811 2489118.562880 0.000000
609254.904175 2489113.587130 0.000000
609254.140539 2489108.611380 0.000000
609253.376903 2489103.635630 0.000000
609252.613267 2489098.659880 0.000000
609251.849631 2489093.684130 0.000000
609251.085995 2489088.708380 0.000000
609250.322359 2489083.732630 0.000000
609249.558723 2489078.756880 0.000000
609248.795087 2489073.781130 0.000000
609248.031451 2489068.805380 0.000000
609247.267815 2489063.829630 0.000000
609246.504179 2489058.853880 0.000000
609245.740543 2489053.878130 0.000000
609244.976907 2489048.902380 0.000000
609244.213271 2489043.926630 0.000000
609243.449635 2489038.950880 0.000000
609242.685999 2489033.975129 0.000000
609241.922363 2489028.999379 0.000000
609241.158727 2489024.023629 0.000000
609240.395091 2489019.047879 0.000000
609239.631455 2489014.072129 0.000000
609238.867819 2489009.096379 0.000000
609238.104183 2489004.120629 0.000000
609237.340547 2488999.144879 0.000000
609236.576911 2488994.169129 0.000000
609235.813275 2488989.193379 0.000000
609235.049639 2488984.217629 0.000000
609234.286003 2488979.241879 0.000000
609233.522367 2488974.266129 0.000000
609232.758731 2488969.290379 0.000000
609231.995095 2488964.314629 0.000000
609231.231459 2488959.338879 0.000000
609230.467824 2488954.363129 0.000000
609229.704188 2488949.387379 0.000000
609228.940552 2488944.411629 0.000000
609228.176916 2488939.435879 0.000000
609227.413280 2488934.460129 0.000000
609226.649644 2488929.484379 0.000000
609225.886008 2488924.508629 0.000000
609225.122372 2488919.532879 0.000000
609224.358736 2488914.557129 0.000000
609223.595100 2488909.581379 0.000000
609222.831464 2488904.605629 0.000000
609222.067828 2488899.629879 0.000000
609221.304192 2488894.654129 0.000000
609220.540556 2488889.678378 0.000000
609219.776920 2488884.702628 0.000000
609219.013284 2488879.726878 0.000000
609218.035507 2488874.815775 0.000000
609217.057730 2488869.904671 0.000000
609216.079953 2488864.993568 0.000000
609215.102175 2488860.082464 0.000000
609214.124398 2488855.171360 0.000000
609213.146621 2488850.260257 0.000000
609212.168844 2488845.349153 0.000000
609211.191067 2488840.438049 0.000000
609210.213290 2488835.526946 0.000000
609209.235513 2488830.615842 0.000000
609208.257736 2488825.704738 0.000000
609207.279959 2488820.793635 0.000000
609206.302182 2488815.882531 0.000000
609205.324405 2488810.971428 0.000000
609204.346628 2488806.060324 0.000000
609203.368851 2488801.149220 0.000000
609202.391074 2488796.238117 0.000000
609201.413296 2488791.327013 0.000000
609200.435519 2488786.415909 0.000000
609199.457742 2488781.504806 0.000000
609198.479965 2488776.593702 0.000000
609197.502188 2488771.682599 0.000000
609196.524411 2488766.771495 0.000000
609195.546634 2488761.860391 0.000000
609194.568857 2488756.949288 0.000000
609193.591080 2488752.038184 0.000000
609192.613303 2488747.127080 0.000000
609191.635526 2488742.215977 0.000000
609190.657749 2488737.304873 0.000000
609189.679972 2488732.393770 0.000000
609188.702195 2488727.482666 0.000000
609187.724418 2488722.571562 0.000000
609186.746640 2488717.660459 0.000000
609185.768863 2488712.749355 0.000000
609184.791086 2488707.838251 0.000000
609183.813309 2488702.927148 0.000000
609182.835532 2488698.016044 0.000000
609181.857755 2488693.104940 0.000000
609180.879978 2488688.193837 0.000000
609179.902201 2488683.282733 0.000000
609178.924424 2488678.371630 0.000000
609177.946647 2488673.460526 0.000000
609176.968870 2488668.549422 0.000000
609175.991093 2488663.638319 0.000000
609175.013316 2488658.727215 0.000000
609174.174807 2488653.764490 0.000000
609173.336298 2488648.801764 0.000000
609172.497789 2488643.839039 0.000000
609171.659280 2488638.876314 0.000000
609170.820771 2488633.913588 0.000000
609169.982263 2488628.950863 0.000000
609169.143754 2488623.988137 0.000000
609168.305245 2488619.025412 0.000000
609167.466736 2488614.062687 0.000000
609166.628227 2488609.099961 0.000000
609165.789719 2488604.137236 0.000000
609164.951210 2488599.174511 0.000000
609164.112701 2488594.211785 0.000000
609163.274192 2488589.249060 0.000000
609162.435683 2488584.286334 0.000000
609161.597174 2488579.323609 0.000000
609160.758666 2488574.360884 0.000000
609159.920157 2488569.398158 0.000000
609159.081648 2488564.435433 0.000000
609158.243139 2488559.472707 0.000000
609157.404630 2488554.509982 0.000000
609156.566122 2488549.547257 0.000000
609155.727613 2488544.584531 0.000000
609154.889104 2488539.621806 0.000000
609154.050595 2488534.659081 0.000000
609153.212086 2488529.696355 0.000000
609152.373577 2488524.733630 0.000000
609151.535069 2488519.770904 0.000000
609150.696560 2488514.808179 0.000000
609149.858051 2488509.845454 0.000000
609149.019542 2488504.882728 0.000000
609148.181033 2488499.920003 0.000000
609147.342524 2488494.957278 0.000000
609146.504016 2488489.994552 0.000000
609145.665507 2488485.031827 0.000000
609144.826998 2488480.069101 0.000000
609143.988489 2488475.106376 0.000000
609143.149980 2488470.143651 0.000000
609142.311472 2488465.180925 0.000000
609141.472963 2488460.218200 0.000000
609140.634454 2488455.255475 0.000000
609139.795945 2488450.292749 0.000000
609138.957436 2488445.330024 0.000000
609138.118927 2488440.367298 0.000000
609137.280419 2488435.404573 0.000000
609136.441910 2488430.441848 0.000000
609135.603401 2488425.479122 0.000000
609134.764892 2488420.516397 0.000000
609133.926383 2488415.553671 0.000000
609133.087874 2488410.590946 0.000000
609132.249366 2488405.628221 0.000000
609131.410857 2488400.665495 0.000000
609130.572348 2488395.702770 0.000000
609129.733839 2488390.740045 0.000000
609128.895330 2488385.777319 0.000000
609128.056822 2488380.814594 0.000000
609127.218313 2488375.851868 0.000000
609126.379804 2488370.889143 0.000000
609125.541295 2488365.926418 0.000000
609124.702786 2488360.963692 0.000000
609123.864277 2488356.000967 0.000000
609123.025769 2488351.038242 0.000000
609122.187260 2488346.075516 0.000000
609121.348751 2488341.112791 0.000000
609120.510242 2488336.150065 0.000000
609119.671733 2488331.187340 0.000000
609118.833224 2488326.224615 0.000000
609117.994716 2488321.261889 0.000000
609117.156207 2488316.299164 0.000000
609116.317698 2488311.336439 0.000000
609115.479189 2488306.373713 0.000000
609114.640680 2488301.410988 0.000000
609113.802172 2488296.448262 0.000000
609112.963663 2488291.485537 0.000000
609112.125154 2488286.522812 0.000000
609111.286645 2488281.560086 0.000000
609110.448136 2488276.597361 0.000000
609109.609627 2488271.634635 0.000000
609108.771119 2488266.671910 0.000000
609107.932610 2488261.709185 0.000000
609107.094101 2488256.746459 0.000000
609106.255592 2488251.783734 0.000000
609105.417083 2488246.821009 0.000000
609104.578575 2488241.858283 0.000000
609103.740066 2488236.895558 0.000000
609102.901557 2488231.932832 0.000000
609102.063048 2488226.970107 0.000000
609101.224539 2488222.007382 0.000000
609100.386030 2488217.044656 0.000000
609099.547522 2488212.081931 0.000000
609098.709013 2488207.119206 0.000000
609097.870504 2488202.156480 0.000000
609097.031995 2488197.193755 0.000000
609096.193486 2488192.231029 0.000000
609095.354977 2488187.268304 0.000000
609094.516469 2488182.305579 0.000000
609093.677960 2488177.342853 0.000000
609092.839451 2488172.380128 0.000000
609092.000942 2488167.417403 0.000000
609091.162433 2488162.454677 0.000000
609090.323925 2488157.491952 0.000000
609089.485416 2488152.529226 0.000000
609088.646907 2488147.566501 0.000000
609087.808398 2488142.603776 0.000000
609086.969889 2488137.641050 0.000000
609086.131380 2488132.678325 0.000000
609085.292872 2488127.715600 0.000000
609084.454363 2488122.752874 0.000000
609083.615854 2488117.790149 0.000000
609082.777345 2488112.827423 0.000000
609081.938836 2488107.864698 0.000000
609081.100327 2488102.901973 0.000000
609080.261819 2488097.939247 0.000000
609079.423310 2488092.976522 0.000000
609078.584801 2488088.013796 0.000000
609077.746292 2488083.051071 0.000000
609076.907783 2488078.088346 0.000000
609076.069275 2488073.125620 0.000000
609075.230766 2488068.162895 0.000000
609074.392257 2488063.200170 0.000000
609073.553748 2488058.237444 0.000000
609072.715239 2488053.274719 0.000000
609071.876730 2488048.311993 0.000000
609071.038222 2488043.349268 0.000000
609070.199713 2488038.386543 0.000000
609069.361204 2488033.423817 0.000000
609068.522695 2488028.461092 0.000000
609067.684186 2488023.498367 0.000000
609066.845677 2488018.535641 0.000000
609066.007169 2488013.572916 0.000000
609065.168660 2488008.610190 0.000000
609064.330151 2488003.647465 0.000000
609063.491642 2487998.684740 0.000000
609062.653133 2487993.722014 0.000000
609061.814625 2487988.759289 0.000000
609060.976116 2487983.796564 0.000000
609060.137607 2487978.833838 0.000000
609059.299098 2487973.871113 0.000000
609058.460589 2487968.908387 0.000000
609057.622080 2487963.945662 0.000000
609056.783572 2487958.982937 0.000000
609055.945063 2487954.020211 0.000000
609055.106554 2487949.057486 0.000000
609054.268045 2487944.094760 0.000000
609053.429536 2487939.132035 0.000000
609052.591027 2487934.169310 0.000000
609051.752519 2487929.206584 0.000000
609050.914010 2487924.243859 0.000000
609050.075501 2487919.281134 0.000000
609049.236992 2487914.318408 0.000000
609048.398483 2487909.355683 0.000000
609047.559975 2487904.392957 0.000000
609046.721466 2487899.430232 0.000000
609045.882957 2487894.467507 0.000000
609045.044448 2487889.504781 0.000000
609044.205939 2487884.542056 0.000000
609043.367430 2487879.579331 0.000000
609042.528922 2487874.616605 0.000000
609041.690413 2487869.653880 0.000000
609040.851904 2487864.691154 0.000000
609040.013395 2487859.728429 0.000000
609039.454340 2487854.728437 0.000000
609038.895285 2487849.728444 0.000000
609038.336230 2487844.728452 0.000000
609037.777175 2487839.728459 0.000000
609037.218120 2487834.728467 0.000000
609036.659065 2487829.728474 0.000000
609036.100010 2487824.728482 0.000000
609035.540955 2487819.728490 0.000000
609034.981900 2487814.728497 0.000000
609034.422845 2487809.728505 0.000000
609033.863790 2487804.728512 0.000000
609033.304735 2487799.728520 0.000000
609032.745680 2487794.728527 0.000000
609032.186625 2487789.728535 0.000000
609031.627570 2487784.728542 0.000000
609031.068514 2487779.728550 0.000000
609030.509459 2487774.728558 0.000000
609029.950404 2487769.728565 0.000000
609029.391349 2487764.728573 0.000000
609028.832294 2487759.728580 0.000000
609028.273239 2487754.728588 0.000000
609027.714184 2487749.728595 0.000000
609027.155129 2487744.728603 0.000000
609026.596074 2487739.728610 0.000000
609026.037019 2487734.728618 0.000000
609025.477964 2487729.728626 0.000000
609024.918909 2487724.728633 0.000000
609024.359854 2487719.728641 0.000000
609023.800799 2487714.728648 0.000000
609023.241744 2487709.728656 0.000000
609022.682689 2487704.728663 0.000000
609022.123634 2487699.728671 0.000000
609021.564579 2487694.728678 0.000000
609021.005524 2487689.728686 0.000000
609020.446469 2487684.728694 0.000000
609019.887414 2487679.728701 0.000000
609019.328359 2487674.728709 0.000000
609018.769304 2487669.728716 0.000000
609018.210248 2487664.728724 0.000000
609017.651193 2487659.728731 0.000000
609017.092138 2487654.728739 0.000000
609016.533083 2487649.728747 0.000000
609015.974028 2487644.728754 0.000000
609015.414973 2487639.728762 0.000000
609014.855918 2487634.728769 0.000000
609014.296863 2487629.728777 0.000000
609013.737808 2487624.728784 0.000000
609013.178753 2487619.728792 0.000000
609012.619698 2487614.728799 0.000000
609012.060643 2487609.728807 0.000000
609011.501588 2487604.728815 0.000000
609010.942533 2487599.728822 0.000000
609010.383478 2487594.728830 0.000000
609009.824423 2487589.728837 0.000000
609009.265368 2487584.728845 0.000000
609008.706313 2487579.728852 0.000000
609008.147258 2487574.728860 0.000000
609007.588203 2487569.728867 0.000000
609007.029148 2487564.728875 0.000000
609006.470093 2487559.728883 0.000000
609005.911037 2487554.728890 0.000000
609005.351982 2487549.728898 0.000000
609004.792927 2487544.728905 0.000000
609004.233872 2487539.728913 0.000000
609003.674817 2487534.728920 0.000000
609003.115762 2487529.728928 0.000000
609002.556707 2487524.728935 0.000000
609001.997652 2487519.728943 0.000000
609001.438597 2487514.728951 0.000000
609000.879542 2487509.728958 0.000000
609000.320487 2487504.728966 0.000000
608999.761432 2487499.728973 0.000000
608999.202377 2487494.728981 0.000000
608998.643322 2487489.728988 0.000000
608998.084267 2487484.728996 0.000000
608997.525212 2487479.729004 0.000000
608996.966157 2487474.729011 0.000000
608996.407102 2487469.729019 0.000000
608995.848047 2487464.729026 0.000000
608995.288992 2487459.729034 0.000000
608994.729937 2487454.729041 0.000000
608994.170882 2487449.729049 0.000000
608993.611827 2487444.729056 0.000000
608993.052771 2487439.729064 0.000000
608992.493716 2487434.729072 0.000000
608991.934661 2487429.729079 0.000000
608991.375606 2487424.729087 0.000000
608990.816551 2487419.729094 0.000000
608990.257496 2487414.729102 0.000000
608989.698441 2487409.729109 0.000000
608989.139386 2487404.729117 0.000000
608988.580331 2487399.729124 0.000000
608988.021276 2487394.729132 0.000000
608987.462221 2487389.729140 0.000000
608986.903166 2487384.729147 0.000000
608986.344111 2487379.729155 0.000000
608985.785056 2487374.729162 0.000000
608985.226001 2487369.729170 0.000000
608984.666946 2487364.729177 0.000000
608984.107891 2487359.729185 0.000000
608983.548836 2487354.729192 0.000000
608982.989781 2487349.729200 0.000000
608982.430726 2487344.729208 0.000000
608981.871671 2487339.729215 0.000000
608981.312616 2487334.729223 0.000000
608980.753561 2487329.729230 0.000000
608980.194505 2487324.729238 0.000000
608979.635450 2487319.729245 0.000000
608979.076395 2487314.729253 0.000000
608978.517340 2487309.729261 0.000000
608977.958285 2487304.729268 0.000000
608977.399230 2487299.729276 0.000000
608976.840175 2487294.729283 0.000000
608976.281120 2487289.729291 0.000000
608975.722065 2487284.729298 0.000000
608975.163010 2487279.729306 0.000000
608974.603955 2487274.729313 0.000000
608974.044900 2487269.729321 0.000000
608973.485845 2487264.729329 0.000000
608972.926790 2487259.729336 0.000000
608972.367735 2487254.729344 0.000000
608971.808680 2487249.729351 0.000000
608971.249625 2487244.729359 0.000000
608970.690570 2487239.729366 0.000000
608970.131515 2487234.729374 0.000000
608969.572460 2487229.729381 0.000000
608969.013405 2487224.729389 0.000000
608968.393152 2487219.754713 0.000000
608967.772899 2487214.780037 0.000000
608967.152646 2487209.805361 0.000000
608966.532393 2487204.830685 0.000000
608965.912140 2487199.856009 0.000000
608965.291887 2487194.881333 0.000000
608964.671634 2487189.906657 0.000000
608964.051381 2487184.931981 0.000000
608963.431128 2487179.957305 0.000000
608962.810875 2487174.982629 0.000000
608962.190622 2487170.007953 0.000000
608961.570369 2487165.033277 0.000000
608960.950116 2487160.058601 0.000000
608960.329863 2487155.083925 0.000000
608959.709610 2487150.109249 0.000000
608959.089357 2487145.134573 0.000000
608958.469104 2487140.159897 0.000000
608957.848851 2487135.185221 0.000000
608957.228598 2487130.210545 0.000000
608956.608345 2487125.235869 0.000000
608955.988092 2487120.261193 0.000000
608955.367839 2487115.286517 0.000000
608954.747586 2487110.311841 0.000000
608954.127333 2487105.337165 0.000000
608953.507080 2487100.362489 0.000000
608952.886827 2487095.387813 0.000000
608952.266574 2487090.413137 0.000000
608951.646321 2487085.438461 0.000000
608951.026068 2487080.463785 0.000000
608950.405815 2487075.489109 0.000000
608949.785562 2487070.514433 0.000000
608949.165309 2487065.539757 0.000000
608948.545056 2487060.565081 0.000000
608947.924803 2487055.590405 0.000000
608947.304550 2487050.615729 0.000000
608946.684297 2487045.641053 0.000000
608946.064044 2487040.666377 0.000000
608945.443791 2487035.691701 0.000000
608944.823538 2487030.717025 0.000000
608944.203285 2487025.742349 0.000000
608943.583032 2487020.767673 0.000000
608942.962779 2487015.792997 0.000000
608942.342526 2487010.818321 0.000000
608941.722273 2487005.843645 0.000000
608941.102020 2487000.868969 0.000000
608940.481767 2486995.894293 0.000000
608939.861514 2486990.919617 0.000000
608939.241261 2486985.944941 0.000000
608938.621008 2486980.970265 0.000000
608938.000755 2486975.995589 0.000000
608937.380502 2486971.020912 0.000000
608936.760249 2486966.046236 0.000000
608936.139996 2486961.071560 0.000000
608935.519743 2486956.096884 0.000000
608934.899490 2486951.122208 0.000000
608934.279237 2486946.147532 0.000000
608933.658984 2486941.172856 0.000000
608933.038731 2486936.198180 0.000000
608932.418478 2486931.223504 0.000000
608931.798225 2486926.248828 0.000000
608931.177972 2486921.274152 0.000000
608930.557719 2486916.299476 0.000000
608929.937466 2486911.324800 0.000000
608929.317213 2486906.350124 0.000000
608928.696960 2486901.375448 0.000000
608928.076707 2486896.400772 0.000000
608927.456454 2486891.426096 0.000000
608926.836201 2486886.451420 0.000000
608926.215948 2486881.476744 0.000000
608925.595695 2486876.502068 0.000000
608924.975442 2486871.527392 0.000000
608924.355189 2486866.552716 0.000000
608923.734936 2486861.578040 0.000000
608923.114683 2486856.603364 0.000000
608922.494430 2486851.628688 0.000000
608921.874177 2486846.654012 0.000000
608921.253924 2486841.679336 0.000000
608920.633671 2486836.704660 0.000000
608920.013418 2486831.729984 0.000000
608919.273982 2486826.744076 0.000000
608918.534545 2486821.758168 0.000000
608917.795109 2486816.772260 0.000000
608917.055673 2486811.786353 0.000000
608916.316237 2486806.800445 0.000000
608915.576800 2486801.814537 0.000000
608914.837364 2486796.828629 0.000000
608914.097928 2486791.842721 0.000000
608913.358492 2486786.856813 0.000000
608912.619055 2486781.870905 0.000000
608911.879619 2486776.884997 0.000000
608911.140183 2486771.899089 0.000000
608910.400746 2486766.913181 0.000000
608909.661310 2486761.927273 0.000000
608908.921874 2486756.941365 0.000000
608908.182438 2486751.955457 0.000000
608907.443001 2486746.969550 0.000000
608906.703565 2486741.983642 0.000000
608905.964129 2486736.997734 0.000000
608905.224693 2486732.011826 0.000000
608904.485256 2486727.025918 0.000000
608903.745820 2486722.040010 0.000000
608903.006384 2486717.054102 0.000000
608902.266947 2486712.068194 0.000000
608901.527511 2486707.082286 0.000000
608900.788075 2486702.096378 0.000000
608900.048639 2486697.110470 0.000000
608899.309202 2486692.124562 0.000000
608898.569766 2486687.138655 0.000000
608897.830330 2486682.152747 0.000000
608897.090894 2486677.166839 0.000000
608896.351457 2486672.180931 0.000000
608895.612021 2486667.195023 0.000000
608894.872585 2486662.209115 0.000000
608894.133148 2486657.223207 0.000000
608893.393712 2486652.237299 0.000000
608892.654276 2486647.251391 0.000000
608891.914840 2486642.265483 0.000000
608891.175403 2486637.279575 0.000000
608890.435967 2486632.293667 0.000000
608889.696531 2486627.307759 0.000000
608888.957095 2486622.321852 0.000000
608888.217658 2486617.335944 0.000000
608887.478222 2486612.350036 0.000000
608886.738786 2486607.364128 0.000000
608885.999349 2486602.378220 0.000000
608885.259913 2486597.392312 0.000000
608884.520477 2486592.406404 0.000000
608883.781041 2486587.420496 0.000000
608883.041604 2486582.434588 0.000000
608882.302168 2486577.448680 0.000000
608881.562732 2486572.462772 0.000000
608880.823296 2486567.476864 0.000000
608880.083859 2486562.490956 0.000000
608879.344423 2486557.505049 0.000000
608878.604987 2486552.519141 0.000000
608877.865550 2486547.533233 0.000000
608877.126114 2486542.547325 0.000000
608876.386678 2486537.561417 0.000000
608875.647242 2486532.575509 0.000000
608874.907805 2486527.589601 0.000000
608874.168369 2486522.603693 0.000000
608873.428933 2486517.617785 0.000000
608872.689497 2486512.631877 0.000000
608871.950060 2486507.645969 0.000000
608871.210624 2486502.660061 0.000000
608870.471188 2486497.674154 0.000000
608869.731751 2486492.688246 0.000000
608868.992315 2486487.702338 0.000000
608868.252879 2486482.716430 0.000000
608867.513443 2486477.730522 0.000000
608866.774006 2486472.744614 0.000000
608866.034570 2486467.758706 0.000000
608865.295134 2486462.772798 0.000000
608864.555697 2486457.786890 0.000000
608863.816261 2486452.800982 0.000000
608863.076825 2486447.815074 0.000000
608862.337389 2486442.829166 0.000000
608861.597952 2486437.843258 0.000000
608860.858516 2486432.857351 0.000000
608860.119080 2486427.871443 0.000000
608859.379644 2486422.885535 0.000000
608858.640207 2486417.899627 0.000000
608857.900771 2486412.913719 0.000000
608857.161335 2486407.927811 0.000000
608856.421898 2486402.941903 0.000000
608855.682462 2486397.955995 0.000000
608854.943026 2486392.970087 0.000000
608854.203590 2486387.984179 0.000000
608853.464153 2486382.998271 0.000000
608852.724717 2486378.012363 0.000000
608851.985281 2486373.026456 0.000000
608851.245845 2486368.040548 0.000000
608850.506408 2486363.054640 0.000000
608849.766972 2486358.068732 0.000000
608849.027536 2486353.082824 0.000000
608848.288099 2486348.096916 0.000000
608847.548663 2486343.111008 0.000000
608846.809227 2486338.125100 0.000000
608846.069791 2486333.139192 0.000000
608845.330354 2486328.153284 0.000000
608844.590918 2486323.167376 0.000000
608843.851482 2486318.181468 0.000000
608843.112046 2486313.195560 0.000000
608842.372609 2486308.209653 0.000000
608841.633173 2486303.223745 0.000000
608840.893737 2486298.237837 0.000000
608840.154300 2486293.251929 0.000000
608839.414864 2486288.266021 0.000000
608838.675428 2486283.280113 0.000000
608837.935992 2486278.294205 0.000000
608837.196555 2486273.308297 0.000000
608836.457119 2486268.322389 0.000000
608835.717683 2486263.336481 0.000000
608834.978247 2486258.350573 0.000000
608834.238810 2486253.364665 0.000000
608833.499374 2486248.378758 0.000000
608832.759938 2486243.392850 0.000000
608832.020501 2486238.406942 0.000000
608831.281065 2486233.421034 0.000000
608830.541629 2486228.435126 0.000000
608829.802193 2486223.449218 0.000000
608829.062756 2486218.463310 0.000000
608828.323320 2486213.477402 0.000000
608827.583884 2486208.491494 0.000000
608826.844448 2486203.505586 0.000000
608826.105011 2486198.519678 0.000000
608825.365575 2486193.533770 0.000000
608824.626139 2486188.547862 0.000000
608823.886702 2486183.561955 0.000000
608823.147266 2486178.576047 0.000000
608822.407830 2486173.590139 0.000000
608821.668394 2486168.604231 0.000000
608820.928957 2486163.618323 0.000000
608820.189521 2486158.632415 0.000000
608819.450085 2486153.646507 0.000000
608818.710649 2486148.660599 0.000000
608817.971212 2486143.674691 0.000000
608817.231776 2486138.688783 0.000000
608816.492340 2486133.702875 0.000000
608815.752903 2486128.716967 0.000000
608815.013467 2486123.731059 0.000000
608814.340953 2486118.777851 0.000000
608813.668438 2486113.824642 0.000000
608812.995924 2486108.871433 0.000000
608812.323410 2486103.918224 0.000000
608811.650895 2486098.965015 0.000000
608810.978381 2486094.011806 0.000000
608810.305867 2486089.058598 0.000000
608809.633352 2486084.105389 0.000000
608808.960838 2486079.152180 0.000000
608808.288323 2486074.198971 0.000000
608807.615809 2486069.245762 0.000000
608806.943295 2486064.292553 0.000000
608806.270780 2486059.339344 0.000000
608805.598266 2486054.386136 0.000000
608804.925752 2486049.432927 0.000000
608804.253237 2486044.479718 0.000000
608803.580723 2486039.526509 0.000000
608802.908209 2486034.573300 0.000000
608802.235694 2486029.620091 0.000000
608801.563180 2486024.666882 0.000000
608800.890665 2486019.713674 0.000000
608800.218151 2486014.760465 0.000000
608799.545637 2486009.807256 0.000000
608798.873122 2486004.854047 0.000000
608798.200608 2485999.900838 0.000000
608797.528094 2485994.947629 0.000000
608796.855579 2485989.994420 0.000000
608796.183065 2485985.041212 0.000000
608795.510551 2485980.088003 0.000000
608794.838036 2485975.134794 0.000000
608794.165522 2485970.181585 0.000000
608793.493007 2485965.228376 0.000000
608792.820493 2485960.275167 0.000000
608792.147979 2485955.321958 0.000000
608791.475464 2485950.368750 0.000000
608790.802950 2485945.415541 0.000000
608790.130436 2485940.462332 0.000000
608789.457921 2485935.509123 0.000000
608788.785407 2485930.555914 0.000000
608788.112892 2485925.602705 0.000000
608787.440378 2485920.649496 0.000000
608786.767864 2485915.696288 0.000000
608786.095349 2485910.743079 0.000000
608785.422835 2485905.789870 0.000000
608784.750321 2485900.836661 0.000000
608784.077806 2485895.883452 0.000000
608783.405292 2485890.930243 0.000000
608782.732778 2485885.977034 0.000000
608782.060263 2485881.023826 0.000000
608781.387749 2485876.070617 0.000000
608780.715234 2485871.117408 0.000000
608780.042720 2485866.164199 0.000000
608779.370206 2485861.210990 0.000000
608778.697691 2485856.257781 0.000000
608778.025177 2485851.304572 0.000000
608777.352663 2485846.351364 0.000000
608776.680148 2485841.398155 0.000000
608776.007634 2485836.444946 0.000000
608775.335119 2485831.491737 0.000000
608774.662605 2485826.538528 0.000000
608773.990091 2485821.585319 0.000000
608773.317576 2485816.632110 0.000000
608772.645062 2485811.678902 0.000000
608771.972548 2485806.725693 0.000000
608771.300033 2485801.772484 0.000000
608770.627519 2485796.819275 0.000000
608769.955005 2485791.866066 0.000000
608769.282490 2485786.912857 0.000000
608768.609976 2485781.959648 0.000000
608767.937461 2485777.006440 0.000000
608767.264947 2485772.053231 0.000000
608766.592433 2485767.100022 0.000000
608765.919918 2485762.146813 0.000000
608765.247404 2485757.193604 0.000000
608764.574890 2485752.240395 0.000000
608763.902375 2485747.287186 0.000000
608763.229861 2485742.333978 0.000000
608762.557346 2485737.380769 0.000000
608761.884832 2485732.427560 0.000000
608761.212318 2485727.474351 0.000000
608760.539803 2485722.521142 0.000000
608759.867289 2485717.567933 0.000000
608759.194775 2485712.614725 0.000000
608758.522260 2485707.661516 0.000000
608757.849746 2485702.708307 0.000000
608757.177232 2485697.755098 0.000000
608756.504717 2485692.801889 0.000000
608755.832203 2485687.848680 0.000000
608755.159688 2485682.895471 0.000000
608754.487174 2485677.942263 0.000000
608753.814660 2485672.989054 0.000000
608753.142145 2485668.035845 0.000000
608752.469631 2485663.082636 0.000000
608751.797117 2485658.129427 0.000000
608751.124602 2485653.176218 0.000000
608750.452088 2485648.223009 0.000000
608749.779574 2485643.269801 0.000000
608749.107059 2485638.316592 0.000000
608748.434545 2485633.363383 0.000000
608747.762030 2485628.410174 0.000000
608747.089516 2485623.456965 0.000000
608746.417002 2485618.503756 0.000000
608745.744487 2485613.550547 0.000000
608745.071973 2485608.597339 0.000000
608744.399459 2485603.644130 0.000000
608743.726944 2485598.690921 0.000000
608743.054430 2485593.737712 0.000000
608742.381915 2485588.784503 0.000000
608741.709401 2485583.831294 0.000000
608741.036887 2485578.878085 0.000000
608740.364372 2485573.924877 0.000000
608739.691858 2485568.971668 0.000000
608739.019344 2485564.018459 0.000000
608738.346829 2485559.065250 0.000000
608737.674315 2485554.112041 0.000000
608737.001801 2485549.158832 0.000000
608736.329286 2485544.205623 0.000000
608735.656772 2485539.252415 0.000000
608734.984257 2485534.299206 0.000000
608734.311743 2485529.345997 0.000000
608733.639229 2485524.392788 0.000000
608732.966714 2485519.439579 0.000000
608732.294200 2485514.486370 0.000000
608731.621686 2485509.533161 0.000000
608730.949171 2485504.579953 0.000000
608730.276657 2485499.626744 0.000000
608729.604142 2485494.673535 0.000000
608728.931628 2485489.720326 0.000000
608728.259114 2485484.767117 0.000000
608727.586599 2485479.813908 0.000000
608726.914085 2485474.860699 0.000000
608726.241571 2485469.907491 0.000000
608725.569056 2485464.954282 0.000000
608724.896542 2485460.001073 0.000000
608724.224028 2485455.047864 0.000000
608723.551513 2485450.094655 0.000000
608722.878999 2485445.141446 0.000000
608722.206484 2485440.188237 0.000000
608721.533970 2485435.235029 0.000000
608720.861456 2485430.281820 0.000000
608720.188941 2485425.328611 0.000000
608719.516427 2485420.375402 0.000000
608718.843913 2485415.422193 0.000000
608718.171398 2485410.468984 0.000000
608717.498884 2485405.515775 0.000000
608716.826370 2485400.562567 0.000000
608716.153855 2485395.609358 0.000000
608715.481341 2485390.656149 0.000000
608714.808826 2485385.702940 0.000000
608714.136312 2485380.749731 0.000000
608713.463798 2485375.796522 0.000000
608712.791283 2485370.843313 0.000000
608712.118769 2485365.890105 0.000000
608711.446255 2485360.936896 0.000000
608710.773740 2485355.983687 0.000000
608710.101226 2485351.030478 0.000000
608709.428711 2485346.077269 0.000000
608708.756197 2485341.124060 0.000000
608708.083683 2485336.170851 0.000000
608707.411168 2485331.217643 0.000000
608706.738654 2485326.264434 0.000000
608706.066140 2485321.311225 0.000000
608705.393625 2485316.358016 0.000000
608704.721111 2485311.404807 0.000000
608704.048597 2485306.451598 0.000000
608703.376082 2485301.498390 0.000000
608702.703568 2485296.545181 0.000000
608702.031053 2485291.591972 0.000000
608701.358539 2485286.638763 0.000000
608700.686025 2485281.685554 0.000000
608700.013510 2485276.732345 0.000000
608699.301854 2485271.787567 0.000000
608698.590198 2485266.842790 0.000000
608697.878542 2485261.898012 0.000000
608697.166886 2485256.953234 0.000000
608696.455230 2485252.008456 0.000000
608695.743574 2485247.063679 0.000000
608695.031917 2485242.118901 0.000000
608694.320261 2485237.174123 0.000000
608693.608605 2485232.229345 0.000000
608692.896949 2485227.284568 0.000000
608692.185293 2485222.339790 0.000000
608691.473637 2485217.395012 0.000000
608690.761981 2485212.450234 0.000000
608690.050325 2485207.505457 0.000000
608689.338668 2485202.560679 0.000000
608688.627012 2485197.615901 0.000000
608687.915356 2485192.671123 0.000000
608687.203700 2485187.726346 0.000000
608686.492044 2485182.781568 0.000000
608685.780388 2485177.836790 0.000000
608685.068732 2485172.892012 0.000000
608684.357075 2485167.947235 0.000000
608683.645419 2485163.002457 0.000000
608682.933763 2485158.057679 0.000000
608682.222107 2485153.112901 0.000000
608681.510451 2485148.168124 0.000000
608680.798795 2485143.223346 0.000000
608680.087139 2485138.278568 0.000000
608679.375483 2485133.333790 0.000000
608678.663826 2485128.389012 0.000000
608677.952170 2485123.444235 0.000000
608677.240514 2485118.499457 0.000000
608676.528858 2485113.554679 0.000000
608675.817202 2485108.609901 0.000000
608675.105546 2485103.665124 0.000000
608674.393890 2485098.720346 0.000000
608673.682234 2485093.775568 0.000000
608672.970577 2485088.830790 0.000000
608672.258921 2485083.886013 0.000000
608671.547265 2485078.941235 0.000000
608670.835609 2485073.996457 0.000000
608670.123953 2485069.051679 0.000000
608669.412297 2485064.106902 0.000000
608668.700641 2485059.162124 0.000000
608667.988985 2485054.217346 0.000000
608667.277328 2485049.272568 0.000000
608666.565672 2485044.327791 0.000000
608665.854016 2485039.383013 0.000000
608665.142360 2485034.438235 0.000000
608664.430704 2485029.493457 0.000000
608663.719048 2485024.548680 0.000000
608663.007392 2485019.603902 0.000000
608662.295735 2485014.659124 0.000000
608661.584079 2485009.714346 0.000000
608660.872423 2485004.769569 0.000000
608660.160767 2484999.824791 0.000000
608659.449111 2484994.880013 0.000000
608658.737455 2484989.935235 0.000000
608658.025799 2484984.990457 0.000000
608657.314143 2484980.045680 0.000000
608656.602486 2484975.100902 0.000000
608655.890830 2484970.156124 0.000000
608655.179174 2484965.211346 0.000000
608654.467518 2484960.266569 0.000000
608653.755862 2484955.321791 0.000000
608653.044206 2484950.377013 0.000000
608652.332550 2484945.432235 0.000000
608651.620894 2484940.487458 0.000000
608650.909237 2484935.542680 0.000000
608650.197581 2484930.597902 0.000000
608649.485925 2484925.653124 0.000000
608648.774269 2484920.708347 0.000000
608648.062613 2484915.763569 0.000000
608647.350957 2484910.818791 0.000000
608646.639301 2484905.874013 0.000000
608645.927645 2484900.929236 0.000000
608645.215988 2484895.984458 0.000000
608644.504332 2484891.039680 0.000000
608643.792676 2484886.094902 0.000000
608643.081020 2484881.150125 0.000000
608642.369364 2484876.205347 0.000000
608641.657708 2484871.260569 0.000000
608640.946052 2484866.315791 0.000000
608640.234396 2484861.371014 0.000000
608639.522739 2484856.426236 0.000000
608638.811083 2484851.481458 0.000000
608638.099427 2484846.536680 0.000000
608637.387771 2484841.591903 0.000000
608636.676115 2484836.647125 0.000000
608635.964459 2484831.702347 0.000000
608635.252803 2484826.757569 0.000000
608634.541146 2484821.812791 0.000000
608633.829490 2484816.868014 0.000000
608633.117834 2484811.923236 0.000000
608632.406178 2484806.978458 0.000000
608631.694522 2484802.033680 0.000000
608630.982866 2484797.088903 0.000000
608630.271210 2484792.144125 0.000000
608629.559554 2484787.199347 0.000000
608628.847897 2484782.254569 0.000000
608628.136241 2484777.309792 0.000000
608627.424585 2484772.365014 0.000000
608626.712929 2484767.420236 0.000000
608626.001273 2484762.475458 0.000000
608625.289617 2484757.530681 0.000000
608624.577961 2484752.585903 0.000000
608623.866305 2484747.641125 0.000000
608623.154648 2484742.696347 0.000000
608622.442992 2484737.751570 0.000000
608621.731336 2484732.806792 0.000000
608621.019680 2484727.862014 0.000000
608620.308024 2484722.917236 0.000000
608619.596368 2484717.972459 0.000000
608618.884712 2484713.027681 0.000000
608618.173056 2484708.082903 0.000000
608617.461399 2484703.138125 0.000000
608616.749743 2484698.193348 0.000000
608616.038087 2484693.248570 0.000000
608615.326431 2484688.303792 0.000000
608614.614775 2484683.359014 0.000000
608613.903119 2484678.414236 0.000000
608613.191463 2484673.469459 0.000000
608612.479806 2484668.524681 0.000000
608611.768150 2484663.579903 0.000000
608611.056494 2484658.635125 0.000000
608610.344838 2484653.690348 0.000000
608609.633182 2484648.745570 0.000000
608608.921526 2484643.800792 0.000000
608608.209870 2484638.856014 0.000000
608607.498214 2484633.911237 0.000000
608606.786557 2484628.966459 0.000000
608606.074901 2484624.021681 0.000000
608605.363245 2484619.076903 0.000000
608604.651589 2484614.132126 0.000000
608603.939933 2484609.187348 0.000000
608603.228277 2484604.242570 0.000000
608602.516621 2484599.297792 0.000000
608601.804965 2484594.353015 0.000000
608601.093308 2484589.408237 0.000000
608600.381652 2484584.463459 0.000000
608599.669996 2484579.518681 0.000000
608598.958340 2484574.573904 0.000000
608598.246684 2484569.629126 0.000000
608597.535028 2484564.684348 0.000000
608596.823372 2484559.739570 0.000000
608596.111716 2484554.794793 0.000000
608595.400059 2484549.850015 0.000000
608594.688403 2484544.905237 0.000000
608593.976747 2484539.960459 0.000000
608593.265091 2484535.015682 0.000000
608592.553435 2484530.070904 0.000000
608591.841779 2484525.126126 0.000000
608591.130123 2484520.181348 0.000000
608590.418467 2484515.236570 0.000000
608589.706810 2484510.291793 0.000000
608588.995154 2484505.347015 0.000000
608588.283498 2484500.402237 0.000000
608587.571842 2484495.457459 0.000000
608586.860186 2484490.512682 0.000000
608586.148530 2484485.567904 0.000000
608585.436874 2484480.623126 0.000000
608584.725217 2484475.678348 0.000000
608584.013561 2484470.733571 0.000000
608583.101797 2484465.792402 0.000000
608582.190033 2484460.851233 0.000000
608581.278269 2484455.910064 0.000000
608580.366505 2484450.968895 0.000000
608579.454741 2484446.027726 0.000000
608578.542977 2484441.086557 0.000000
608577.631213 2484436.145388 0.000000
608576.719449 2484431.204219 0.000000
608575.807685 2484426.263050 0.000000
608574.895920 2484421.321881 0.000000
608573.984156 2484416.380712 0.000000
608573.072392 2484411.439544 0.000000
608572.160628 2484406.498375 0.000000
608571.248864 2484401.557206 0.000000
608570.337100 2484396.616037 0.000000
608569.425336 2484391.674868 0.000000
608568.513572 2484386.733699 0.000000
608567.601808 2484381.792530 0.000000
608566.690044 2484376.851361 0.000000
608565.778279 2484371.910192 0.000000
608564.866515 2484366.969023 0.000000
608563.954751 2484362.027854 0.000000
608563.042987 2484357.086685 0.000000
608562.131223 2484352.145516 0.000000
608561.219459 2484347.204348 0.000000
608560.307695 2484342.263179 0.000000
608559.395931 2484337.322010 0.000000
608558.484167 2484332.380841 0.000000
608557.572403 2484327.439672 0.000000
608556.660639 2484322.498503 0.000000
608555.748874 2484317.557334 0.000000
608554.837110 2484312.616165 0.000000
608553.925346 2484307.674996 0.000000
608553.013582 2484302.733827 0.000000
608552.303659 2484297.756736 0.000000
608551.593735 2484292.779644 0.000000
608550.883812 2484287.802552 0.000000
608550.173889 2484282.825461 0.000000
608549.463965 2484277.848369 0.000000
608548.754042 2484272.871277 0.000000
608548.044119 2484267.894186 0.000000
608547.334195 2484262.917094 0.000000
608546.624272 2484257.940002 0.000000
608545.914349 2484252.962911 0.000000
608545.204425 2484247.985819 0.000000
608544.494502 2484243.008727 0.000000
608543.784579 2484238.031636 0.000000
608543.074655 2484233.054544 0.000000
608542.364732 2484228.077452 0.000000
608541.654808 2484223.100361 0.000000
608540.944885 2484218.123269 0.000000
608540.234962 2484213.146177 0.000000
608539.525038 2484208.169086 0.000000
608538.815115 2484203.191994 0.000000
608538.105192 2484198.214902 0.000000
608537.395268 2484193.237811 0.000000
608536.685345 2484188.260719 0.000000
608535.975422 2484183.283627 0.000000
608535.265498 2484178.306536 0.000000
608534.555575 2484173.329444 0.000000
608533.845652 2484168.352352 0.000000
608533.135728 2484163.375261 0.000000
608532.425805 2484158.398169 0.000000
608531.715881 2484153.421077 0.000000
608531.005958 2484148.443986 0.000000
608530.296035 2484143.466894 0.000000
608529.586111 2484138.489802 0.000000
608528.876188 2484133.512711 0.000000
608528.166265 2484128.535619 0.000000
608527.456341 2484123.558527 0.000000
608526.746418 2484118.581436 0.000000
608526.036495 2484113.604344 0.000000
608525.326571 2484108.627252 0.000000
608524.616648 2484103.650161 0.000000
608523.906725 2484098.673069 0.000000
608523.196801 2484093.695977 0.000000
608522.486878 2484088.718886 0.000000
608521.776954 2484083.741794 0.000000
608521.067031 2484078.764702 0.000000
608520.357108 2484073.787611 0.000000
608519.647184 2484068.810519 0.000000
608518.937261 2484063.833427 0.000000
608518.227338 2484058.856336 0.000000
608517.517414 2484053.879244 0.000000
608516.807491 2484048.902152 0.000000
608516.097568 2484043.925061 0.000000
608515.387644 2484038.947969 0.000000
608514.677721 2484033.970877 0.000000
608513.967798 2484028.993786 0.000000
608513.257874 2484024.016694 0.000000
608512.547951 2484019.039602 0.000000
608511.838027 2484014.062511 0.000000
608511.128104 2484009.085419 0.000000
608510.418181 2484004.108327 0.000000
608509.708257 2483999.131236 0.000000
608508.998334 2483994.154144 0.000000
608508.288411 2483989.177052 0.000000
608507.578487 2483984.199961 0.000000
608506.868564 2483979.222869 0.000000
608506.158641 2483974.245777 0.000000
608505.448717 2483969.268686 0.000000
608504.738794 2483964.291594 0.000000
608504.028871 2483959.314502 0.000000
608503.318947 2483954.337411 0.000000
608502.609024 2483949.360319 0.000000
608501.899100 2483944.383227 0.000000
608501.189177 2483939.406136 0.000000
608500.479254 2483934.429044 0.000000
608499.769330 2483929.451952 0.000000
608499.059407 2483924.474861 0.000000
608498.349484 2483919.497769 0.000000
608497.639560 2483914.520677 0.000000
608496.929637 2483909.543586 0.000000
608496.219714 2483904.566494 0.000000
608495.509790 2483899.589402 0.000000
608494.799867 2483894.612311 0.000000
608494.089944 2483889.635219 0.000000
608493.380020 2483884.658127 0.000000
608492.670097 2483879.681036 0.000000
608491.960173 2483874.703944 0.000000
608491.250250 2483869.726852 0.000000
608490.540327 2483864.749761 0.000000
608489.830403 2483859.772669 0.000000
608489.120480 2483854.795577 0.000000
608488.410557 2483849.818486 0.000000
608487.700633 2483844.841394 0.000000
608486.990710 2483839.864302 0.000000
608486.280787 2483834.887211 0.000000
608485.570863 2483829.910119 0.000000
608484.860940 2483824.933027 0.000000
608484.151017 2483819.955936 0.000000
608483.441093 2483814.978844 0.000000
608482.731170 2483810.001752 0.000000
608482.021246 2483805.024661 0.000000
608481.311323 2483800.047569 0.000000
608480.601400 2483795.070477 0.000000
608479.891476 2483790.093386 0.000000
608479.181553 2483785.116294 0.000000
608478.471630 2483780.139202 0.000000
608477.761706 2483775.162111 0.000000
608477.051783 2483770.185019 0.000000
608476.341860 2483765.207927 0.000000
608475.631936 2483760.230836 0.000000
608474.922013 2483755.253744 0.000000
608474.212090 2483750.276652 0.000000
608473.502166 2483745.299561 0.000000
608472.792243 2483740.322469 0.000000
608472.082319 2483735.345377 0.000000
608471.372396 2483730.368286 0.000000
608470.662473 2483725.391194 0.000000
608469.952549 2483720.414102 0.000000
608469.242626 2483715.437011 0.000000
608468.532703 2483710.459919 0.000000
608467.822779 2483705.482827 0.000000
608467.112856 2483700.505736 0.000000
608466.402933 2483695.528644 0.000000
608465.693009 2483690.551553 0.000000
608464.983086 2483685.574461 0.000000
608464.273163 2483680.597369 0.000000
608463.563239 2483675.620278 0.000000
608462.853316 2483670.643186 0.000000
608462.143392 2483665.666094 0.000000
608461.433469 2483660.689003 0.000000
608460.723546 2483655.711911 0.000000
608460.013622 2483650.734819 0.000000
608459.413623 2483645.734827 0.000000
608458.813623 2483640.734834 0.000000
608458.213623 2483635.734842 0.000000
608457.613623 2483630.734850 0.000000
608457.013623 2483625.734857 0.000000
608456.413623 2483620.734865 0.000000
608455.813623 2483615.734872 0.000000
608455.213623 2483610.734880 0.000000
608454.613624 2483605.734888 0.000000
608454.013624 2483600.734895 0.000000
608453.413624 2483595.734903 0.000000
608452.813624 2483590.734910 0.000000
608452.213624 2483585.734918 0.000000
608451.613624 2483580.734925 0.000000
608451.013624 2483575.734933 0.000000
608450.413625 2483570.734941 0.000000
608449.813625 2483565.734948 0.000000
608449.213625 2483560.734956 0.000000
608448.613625 2483555.734963 0.000000
608448.013625 2483550.734971 0.000000
608447.413625 2483545.734979 0.000000
608446.813625 2483540.734986 0.000000
608446.213626 2483535.734994 0.000000
608445.613626 2483530.735001 0.000000
608445.013626 2483525.735009 0.000000
608444.413626 2483520.735017 0.000000
608443.813626 2483515.735024 0.000000
608443.213626 2483510.735032 0.000000
608442.613626 2483505.735039 0.000000
608442.013627 2483500.735047 0.000000
608441.413627 2483495.735055 0.000000
608440.813627 2483490.735062 0.000000
608440.213627 2483485.735070 0.000000
608439.613627 2483480.735077 0.000000
608439.013627 2483475.735085 0.000000
608438.413627 2483470.735093 0.000000
608437.813628 2483465.735100 0.000000
608437.213628 2483460.735108 0.000000
608436.613628 2483455.735115 0.000000
608436.013628 2483450.735123 0.000000
608435.608222 2483445.735130 0.000000
608435.202817 2483440.735138 0.000000
608434.797411 2483435.735146 0.000000
608434.392006 2483430.735153 0.000000
608433.986600 2483425.735161 0.000000
608433.581195 2483420.735168 0.000000
608433.175789 2483415.735176 0.000000
608432.770384 2483410.735183 0.000000
608432.364978 2483405.735191 0.000000
608431.959572 2483400.735199 0.000000
608431.554167 2483395.735206 0.000000
608431.148761 2483390.735214 0.000000
608430.743356 2483385.735221 0.000000
608430.337950 2483380.735229 0.000000
608429.932545 2483375.735236 0.000000
608429.527139 2483370.735244 0.000000
608429.121734 2483365.735252 0.000000
608428.716328 2483360.735259 0.000000
608428.310922 2483355.735267 0.000000
608427.905517 2483350.735274 0.000000
608427.500111 2483345.735282 0.000000
608427.094706 2483340.735289 0.000000
608426.689300 2483335.735297 0.000000
608426.283895 2483330.735304 0.000000
608425.878489 2483325.735312 0.000000
608425.473084 2483320.735320 0.000000
608425.067678 2483315.735327 0.000000
608424.662272 2483310.735335 0.000000
608424.256867 2483305.735342 0.000000
608423.851461 2483300.735350 0.000000
608423.446056 2483295.735357 0.000000
608423.040650 2483290.735365 0.000000
608422.635245 2483285.735373 0.000000
608422.229839 2483280.735380 0.000000
608421.824434 2483275.735388 0.000000
608421.419028 2483270.735395 0.000000
608421.013622 2483265.735403 0.000000
608420.416848 2483260.735410 0.000000
608419.820074 2483255.735418 0.000000
608419.223300 2483250.735426 0.000000
608418.626526 2483245.735433 0.000000
608418.029752 2483240.735441 0.000000
608417.432978 2483235.735448 0.000000
608416.836204 2483230.735456 0.000000
608416.239430 2483225.735464 0.000000
608415.642656 2483220.735471 0.000000
608415.045882 2483215.735479 0.000000
608414.449108 2483210.735486 0.000000
608413.852334 2483205.735494 0.000000
608413.255560 2483200.735502 0.000000
608412.658786 2483195.735509 0.000000
608412.062012 2483190.735517 0.000000
608411.465237 2483185.735524 0.000000
608410.868463 2483180.735532 0.000000
608410.271689 2483175.735540 0.000000
608409.674915 2483170.735547 0.000000
608409.078141 2483165.735555 0.000000
608408.481367 2483160.735562 0.000000
608407.884593 2483155.735570 0.000000
608407.287819 2483150.735578 0.000000
608406.691045 2483145.735585 0.000000
608406.094271 2483140.735593 0.000000
608405.497497 2483135.735600 0.000000
608404.900723 2483130.735608 0.000000
608404.303949 2483125.735616 0.000000
608403.707175 2483120.735623 0.000000
608403.110401 2483115.735631 0.000000
608402.513627 2483110.735638 0.000000
608401.916853 2483105.735646 0.000000
608401.320079 2483100.735654 0.000000
608400.723304 2483095.735661 0.000000
608400.126530 2483090.735669 0.000000
608399.529756 2483085.735676 0.000000
608398.932982 2483080.735684 0.000000
608398.336208 2483075.735692 0.000000
608397.739434 2483070.735699 0.000000
608397.142660 2483065.735707 0.000000
608396.545886 2483060.735714 0.000000
608395.949112 2483055.735722 0.000000
608395.352338 2483050.735729 0.000000
608394.755564 2483045.735737 0.000000
608394.158790 2483040.735745 0.000000
608393.562016 2483035.735752 0.000000
608392.965242 2483030.735760 0.000000
608392.368468 2483025.735767 0.000000
608391.771694 2483020.735775 0.000000
608391.174920 2483015.735783 0.000000
608390.578145 2483010.735790 0.000000
608389.981371 2483005.735798 0.000000
608389.384597 2483000.735805 0.000000
608388.787823 2482995.735813 0.000000
608388.191049 2482990.735821 0.000000
608387.594275 2482985.735828 0.000000
608386.997501 2482980.735836 0.000000
608386.400727 2482975.735843 0.000000
608385.803953 2482970.735851 0.000000
608385.207179 2482965.735859 0.000000
608384.610405 2482960.735866 0.000000
608384.013631 2482955.735874 0.000000
608383.416857 2482950.735881 0.000000
608382.820083 2482945.735889 0.000000
608382.223309 2482940.735897 0.000000
608381.626535 2482935.735904 0.000000
608381.029761 2482930.735912 0.000000
608380.432986 2482925.735919 0.000000
608379.836212 2482920.735927 0.000000
608379.239438 2482915.735935 0.000000
608378.642664 2482910.735942 0.000000
608378.045890 2482905.735950 0.000000
608377.449116 2482900.735957 0.000000
608376.852342 2482895.735965 0.000000
608376.255568 2482890.735973 0.000000
608375.658794 2482885.735980 0.000000
608375.062020 2482880.735988 0.000000
608374.465246 2482875.735995 0.000000
608373.868472 2482870.736003 0.000000
608373.271698 2482865.736011 0.000000
608372.674924 2482860.736018 0.000000
608372.078150 2482855.736026 0.000000
608371.481376 2482850.736033 0.000000
608370.884602 2482845.736041 0.000000
608370.287828 2482840.736049 0.000000
608369.691053 2482835.736056 0.000000
608369.094279 2482830.736064 0.000000
608368.497505 2482825.736071 0.000000
608367.900731 2482820.736079 0.000000
608367.303957 2482815.736087 0.000000
608366.707183 2482810.736094 0.000000
608366.110409 2482805.736102 0.000000
608365.513635 2482800.736109 0.000000
608364.916861 2482795.736117 0.000000
608364.320087 2482790.736125 0.000000
608363.723313 2482785.736132 0.000000
608363.126539 2482780.736140 0.000000
608362.529765 2482775.736147 0.000000
608361.932991 2482770.736155 0.000000
608361.336217 2482765.736163 0.000000
608360.739443 2482760.736170 0.000000
608360.142669 2482755.736178 0.000000
608359.545894 2482750.736185 0.000000
608358.949120 2482745.736193 0.000000
608358.352346 2482740.736200 0.000000
608357.755572 2482735.736208 0.000000
608357.158798 2482730.736216 0.000000
608356.562024 2482725.736223 0.000000
608355.965250 2482720.736231 0.000000
608355.368476 2482715.736238 0.000000
608354.771702 2482710.736246 0.000000
608354.174928 2482705.736254 0.000000
608353.578154 2482700.736261 0.000000
608352.981380 2482695.736269 0.000000
608352.384606 2482690.736276 0.000000
608351.787832 2482685.736284 0.000000
608351.191058 2482680.736292 0.000000
608350.594284 2482675.736299 0.000000
608349.997510 2482670.736307 0.000000
608349.400735 2482665.736314 0.000000
608348.803961 2482660.736322 0.000000
608348.207187 2482655.736330 0.000000
608347.610413 2482650.736337 0.000000
608347.013639 2482645.736345 0.000000
608346.177819 2482640.751278 0.000000
608345.341998 2482635.766211 0.000000
608344.506178 2482630.781144 0.000000
608343.670358 2482625.796077 0.000000
608342.834537 2482620.811010 0.000000
608341.998717 2482615.825943 0.000000
608341.162896 2482610.840876 0.000000
608340.327076 2482605.855809 0.000000
608339.491256 2482600.870742 0.000000
608338.655435 2482595.885675 0.000000
608337.819615 2482590.900608 0.000000
608336.983794 2482585.915541 0.000000
608336.147974 2482580.930474 0.000000
608335.312154 2482575.945407 0.000000
608334.476333 2482570.960340 0.000000
608333.640513 2482565.975273 0.000000
608332.804692 2482560.990206 0.000000
608331.968872 2482556.005139 0.000000
608331.133052 2482551.020072 0.000000
608330.297231 2482546.035005 0.000000
608329.461411 2482541.049938 0.000000
608328.625590 2482536.064871 0.000000
608327.789770 2482531.079804 0.000000
608326.953950 2482526.094737 0.000000
608326.118129 2482521.109670 0.000000
608325.282309 2482516.124603 0.000000
608324.446488 2482511.139536 0.000000
608323.610668 2482506.154469 0.000000
608322.774848 2482501.169402 0.000000
608321.939027 2482496.184335 0.000000
608321.103207 2482491.199267 0.000000
608320.267386 2482486.214200 0.000000
608319.431566 2482481.229133 0.000000
608318.595746 2482476.244066 0.000000
608317.759925 2482471.258999 0.000000
608316.924105 2482466.273932 0.000000
608316.088284 2482461.288865 0.000000
608315.252464 2482456.303798 0.000000
608314.416644 2482451.318731 0.000000
608313.580823 2482446.333664 0.000000
608312.745003 2482441.348597 0.000000
608311.909182 2482436.363530 0.000000
608311.073362 2482431.378463 0.000000
608310.237542 2482426.393396 0.000000
608309.401721 2482421.408329 0.000000
608308.565901 2482416.423262 0.000000
608307.730080 2482411.438195 0.000000
608306.894260 2482406.453128 0.000000
608306.058440 2482401.468061 0.000000
608305.222619 2482396.482994 0.000000
608304.386799 2482391.497927 0.000000
608303.550978 2482386.512860 0.000000
608302.715158 2482381.527793 0.000000
608301.879338 2482376.542726 0.000000
608301.043517 2482371.557659 0.000000
608300.207697 2482366.572592 0.000000
608299.371876 2482361.587525 0.000000
608298.536056 2482356.602458 0.000000
608297.700236 2482351.617391 0.000000
608296.864415 2482346.632324 0.000000
608296.028595 2482341.647257 0.000000
608295.192774 2482336.662190 0.000000
608294.356954 2482331.677123 0.000000
608293.521134 2482326.692056 0.000000
608292.685313 2482321.706989 0.000000
608291.849493 2482316.721922 0.000000
608291.013672 2482311.736855 0.000000
608290.177852 2482306.751788 0.000000
608289.342032 2482301.766721 0.000000
608288.506211 2482296.781654 0.000000
608287.670391 2482291.796587 0.000000
608286.834571 2482286.811520 0.000000
608285.998750 2482281.826453 0.000000
608285.162930 2482276.841386 0.000000
608284.327109 2482271.856319 0.000000
608283.491289 2482266.871252 0.000000
608282.655469 2482261.886185 0.000000
608281.819648 2482256.901118 0.000000
608280.983828 2482251.916051 0.000000
608280.148007 2482246.930984 0.000000
608279.312187 2482241.945917 0.000000
608278.476367 2482236.960850 0.000000
608277.640546 2482231.975783 0.000000
608276.804726 2482226.990716 0.000000
608275.968905 2482222.005649 0.000000
608275.133085 2482217.020582 0.000000
608274.297265 2482212.035515 0.000000
608273.461444 2482207.050448 0.000000
608272.625624 2482202.065381 0.000000
608271.789803 2482197.080314 0.000000
608270.953983 2482192.095247 0.000000
608270.118163 2482187.110180 0.000000
608269.282342 2482182.125113 0.000000
608268.446522 2482177.140046 0.000000
608267.610701 2482172.154979 0.000000
608266.774881 2482167.169912 0.000000
608265.939061 2482162.184845 0.000000
608265.103240 2482157.199778 0.000000
608264.267420 2482152.214711 0.000000
608263.431599 2482147.229644 0.000000
608262.595779 2482142.244577 0.000000
608261.759959 2482137.259510 0.000000
608260.924138 2482132.274443 0.000000
608260.088318 2482127.289376 0.000000
608259.252497 2482122.304309 0.000000
608258.416677 2482117.319242 0.000000
608257.580857 2482112.334175 0.000000
608256.745036 2482107.349108 0.000000
608255.909216 2482102.364041 0.000000
608255.073395 2482097.378974 0.000000
608254.237575 2482092.393907 0.000000
608253.401755 2482087.408840 0.000000
608252.565934 2482082.423773 0.000000
608251.730114 2482077.438706 0.000000
608250.894293 2482072.453639 0.000000
608250.058473 2482067.468572 0.000000
608249.222653 2482062.483505 0.000000
608248.386832 2482057.498438 0.000000
608247.551012 2482052.513371 0.000000
608246.715191 2482047.528304 0.000000
608245.879371 2482042.543237 0.000000
608245.043551 2482037.558170 0.000000
608244.207730 2482032.573103 0.000000
608243.371910 2482027.588036 0.000000
608242.536089 2482022.602968 0.000000
608241.700269 2482017.617901 0.000000
608240.864449 2482012.632834 0.000000
608240.028628 2482007.647767 0.000000
608239.192808 2482002.662700 0.000000
608238.356987 2481997.677633 0.000000
608237.521167 2481992.692566 0.000000
608236.685347 2481987.707499 0.000000
608235.849526 2481982.722432 0.000000
608235.013706 2481977.737365 0.000000
608234.177885 2481972.752298 0.000000
608233.342065 2481967.767231 0.000000
608232.506245 2481962.782164 0.000000
608231.670424 2481957.797097 0.000000
608230.834604 2481952.812030 0.000000
608229.998783 2481947.826963 0.000000
608229.162963 2481942.841896 0.000000
608228.327143 2481937.856829 0.000000
608227.491322 2481932.871762 0.000000
608226.655502 2481927.886695 0.000000
608225.819681 2481922.901628 0.000000
608224.983861 2481917.916561 0.000000
608224.148041 2481912.931494 0.000000
608223.312220 2481907.946427 0.000000
608222.476400 2481902.961360 0.000000
608221.640579 2481897.976293 0.000000
608220.804759 2481892.991226 0.000000
608219.968939 2481888.006159 0.000000
608219.133118 2481883.021092 0.000000
608218.297298 2481878.036025 0.000000
608217.461477 2481873.050958 0.000000
608216.625657 2481868.065891 0.000000
608215.789837 2481863.080824 0.000000
608214.954016 2481858.095757 0.000000
608214.118196 2481853.110690 0.000000
608213.282375 2481848.125623 0.000000
608212.446555 2481843.140556 0.000000
608211.610735 2481838.155489 0.000000
608210.774914 2481833.170422 0.000000
608209.939094 2481828.185355 0.000000
608209.103273 2481823.200288 0.000000
608208.267453 2481818.215221 0.000000
608207.431633 2481813.230154 0.000000
608206.595812 2481808.245087 0.000000
608205.759992 2481803.260020 0.000000
608204.924171 2481798.274953 0.000000
608204.088351 2481793.289886 0.000000
608203.252531 2481788.304819 0.000000
608202.416710 2481783.319752 0.000000
608201.580890 2481778.334685 0.000000
608200.745069 2481773.349618 0.000000
608199.909249 2481768.364551 0.000000
608199.073429 2481763.379484 0.000000
608198.237608 2481758.394417 0.000000
608197.401788 2481753.409350 0.000000
608196.565967 2481748.424283 0.000000
608195.730147 2481743.439216 0.000000
608194.894327 2481738.454149 0.000000
608194.058506 2481733.469082 0.000000
608193.222686 2481728.484015 0.000000
608192.386865 2481723.498948 0.000000
608191.551045 2481718.513881 0.000000
608190.715225 2481713.528814 0.000000
608189.879404 2481708.543747 0.000000
608189.043584 2481703.558680 0.000000
608188.207763 2481698.573613 0.000000
608187.371943 2481693.588546 0.000000
608186.536123 2481688.603479 0.000000
608185.700302 2481683.618412 0.000000
608184.864482 2481678.633345 0.000000
608184.028661 2481673.648278 0.000000
608183.192841 2481668.663211 0.000000
608182.357021 2481663.678144 0.000000
608181.521200 2481658.693077 0.000000
608180.685380 2481653.708010 0.000000
608179.849559 2481648.722943 0.000000
608179.013739 2481643.737876 0.000000
608178.310443 2481638.792828 0.000000
608177.607146 2481633.847781 0.000000
608176.903850 2481628.902733 0.000000
608176.200553 2481623.957686 0.000000
608175.497257 2481619.012639 0.000000
608174.793961 2481614.067591 0.000000
608174.090664 2481609.122544 0.000000
608173.387368 2481604.177496 0.000000
608172.684071 2481599.232449 0.000000
608171.980775 2481594.287402 0.000000
608171.277479 2481589.342354 0.000000
608170.574182 2481584.397307 0.000000
608169.870886 2481579.452259 0.000000
608169.167589 2481574.507212 0.000000
608168.464293 2481569.562165 0.000000
608167.760997 2481564.617117 0.000000
608167.057700 2481559.672070 0.000000
608166.354404 2481554.727022 0.000000
608165.651107 2481549.781975 0.000000
608164.947811 2481544.836928 0.000000
608164.244515 2481539.891880 0.000000
608163.541218 2481534.946833 0.000000
608162.837922 2481530.001785 0.000000
608162.134625 2481525.056738 0.000000
608161.431329 2481520.111691 0.000000
608160.728033 2481515.166643 0.000000
608160.024736 2481510.221596 0.000000
608159.321440 2481505.276548 0.000000
608158.618143 2481500.331501 0.000000
608157.914847 2481495.386454 0.000000
608157.211551 2481490.441406 0.000000
608156.508254 2481485.496359 0.000000
608155.804958 2481480.551311 0.000000
608155.101661 2481475.606264 0.000000
608154.398365 2481470.661217 0.000000
608153.695069 2481465.716169 0.000000
608152.991772 2481460.771122 0.000000
608152.288476 2481455.826074 0.000000
608151.585179 2481450.881027 0.000000
608150.881883 2481445.935980 0.000000
608150.178587 2481440.990932 0.000000
608149.475290 2481436.045885 0.000000
608148.771994 2481431.100837 0.000000
608148.068697 2481426.155790 0.000000
608147.365401 2481421.210742 0.000000
608146.662105 2481416.265695 0.000000
608145.958808 2481411.320648 0.000000
608145.255512 2481406.375600 0.000000
608144.552215 2481401.430553 0.000000
608143.848919 2481396.485505 0.000000
608143.145623 2481391.540458 0.000000
608142.442326 2481386.595411 0.000000
608141.739030 2481381.650363 0.000000
608141.035733 2481376.705316 0.000000
608140.332437 2481371.760268 0.000000
608139.629141 2481366.815221 0.000000
608138.925844 2481361.870174 0.000000
608138.222548 2481356.925126 0.000000
608137.519251 2481351.980079 0.000000
608136.815955 2481347.035031 0.000000
608136.112659 2481342.089984 0.000000
608135.409362 2481337.144937 0.000000
608134.706066 2481332.199889 0.000000
608134.002769 2481327.254842 0.000000
608133.299473 2481322.309794 0.000000
608132.596177 2481317.364747 0.000000
608131.892880 2481312.419700 0.000000
608131.189584 2481307.474652 0.000000
608130.486288 2481302.529605 0.000000
608129.782991 2481297.584557 0.000000
608129.079695 2481292.639510 0.000000
608128.376398 2481287.694463 0.000000
608127.673102 2481282.749415 0.000000
608126.969806 2481277.804368 0.000000
608126.266509 2481272.859320 0.000000
608125.563213 2481267.914273 0.000000
608124.859916 2481262.969226 0.000000
608124.156620 2481258.024178 0.000000
608123.453324 2481253.079131 0.000000
608122.750027 2481248.134083 0.000000
608122.046731 2481243.189036 0.000000
608121.343434 2481238.243989 0.000000
608120.640138 2481233.298941 0.000000
608119.936842 2481228.353894 0.000000
608119.233545 2481223.408846 0.000000
608118.530249 2481218.463799 0.000000
608117.826952 2481213.518752 0.000000
608117.123656 2481208.573704 0.000000
608116.420360 2481203.628657 0.000000
608115.717063 2481198.683609 0.000000
608115.013767 2481193.738562 0.000000
608114.549481 2481188.702855 0.000000
608114.085195 2481183.667149 0.000000
608113.620909 2481178.631442 0.000000
608113.156624 2481173.595735 0.000000
608112.692338 2481168.560029 0.000000
608112.228052 2481163.524322 0.000000
608111.763766 2481158.488615 0.000000
608111.299481 2481153.452909 0.000000
608110.835195 2481148.417202 0.000000
608110.370909 2481143.381496 0.000000
608109.906623 2481138.345789 0.000000
608109.442337 2481133.310082 0.000000
608108.978052 2481128.274376 0.000000
608108.513766 2481123.238669 0.000000
608108.049480 2481118.202962 0.000000
608107.585194 2481113.167256 0.000000
608107.120908 2481108.131549 0.000000
608106.656623 2481103.095842 0.000000
608106.192337 2481098.060136 0.000000
608105.728051 2481093.024429 0.000000
608105.263765 2481087.988722 0.000000
608104.799480 2481082.953016 0.000000
608104.335194 2481077.917309 0.000000
608103.870908 2481072.881603 0.000000
608103.406622 2481067.845896 0.000000
608102.942336 2481062.810189 0.000000
608102.478051 2481057.774483 0.000000
608102.013765 2481052.738776 0.000000
608101.549479 2481047.703069 0.000000
608101.085193 2481042.667363 0.000000
608100.620908 2481037.631656 0.000000
608100.156622 2481032.595949 0.000000
608099.692336 2481027.560243 0.000000
608099.228050 2481022.524536 0.000000
608098.763764 2481017.488829 0.000000
608098.299479 2481012.453123 0.000000
608097.835193 2481007.417416 0.000000
608097.370907 2481002.381710 0.000000
608096.906621 2480997.346003 0.000000
608096.442336 2480992.310296 0.000000
608095.978050 2480987.274590 0.000000
608095.513764 2480982.238883 0.000000
608095.049478 2480977.203176 0.000000
608094.585192 2480972.167470 0.000000
608094.120907 2480967.131763 0.000000
608093.656621 2480962.096056 0.000000
608093.192335 2480957.060350 0.000000
608092.728049 2480952.024643 0.000000
608092.263764 2480946.988936 0.000000
608091.799478 2480941.953230 0.000000
608091.335192 2480936.917523 0.000000
608090.870906 2480931.881817 0.000000
608090.406620 2480926.846110 0.000000
608089.942335 2480921.810403 0.000000
608089.478049 2480916.774697 0.000000
608089.013763 2480911.738990 0.000000
608088.280887 2480906.752696 0.000000
608087.548010 2480901.766402 0.000000
608086.815134 2480896.780109 0.000000
608086.082258 2480891.793815 0.000000
608085.349381 2480886.807521 0.000000
608084.616505 2480881.821227 0.000000
608083.883629 2480876.834934 0.000000
608083.150752 2480871.848640 0.000000
608082.417876 2480866.862346 0.000000
608081.684999 2480861.876052 0.000000
608080.952123 2480856.889759 0.000000
608080.219247 2480851.903465 0.000000
608079.486370 2480846.917171 0.000000
608078.753494 2480841.930877 0.000000
608078.020618 2480836.944584 0.000000
608077.287741 2480831.958290 0.000000
608076.554865 2480826.971996 0.000000
608075.821988 2480821.985702 0.000000
608075.089112 2480816.999409 0.000000
608074.356236 2480812.013115 0.000000
608073.623359 2480807.026821 0.000000
608072.890483 2480802.040527 0.000000
608072.157607 2480797.054234 0.000000
608071.424730 2480792.067940 0.000000
608070.691854 2480787.081646 0.000000
608069.958978 2480782.095352 0.000000
608069.226101 2480777.109059 0.000000
608068.493225 2480772.122765 0.000000
608067.760348 2480767.136471 0.000000
608067.027472 2480762.150177 0.000000
608066.294596 2480757.163884 0.000000
608065.561719 2480752.177590 0.000000
608064.828843 2480747.191296 0.000000
608064.095967 2480742.205002 0.000000
608063.363090 2480737.218709 0.000000
608062.630214 2480732.232415 0.000000
608061.897337 2480727.246121 0.000000
608061.164461 2480722.259827 0.000000
608060.431585 2480717.273533 0.000000
608059.698708 2480712.287240 0.000000
608058.965832 2480707.300946 0.000000
608058.232956 2480702.314652 0.000000
608057.500079 2480697.328358 0.000000
608056.767203 2480692.342065 0.000000
608056.034327 2480687.355771 0.000000
608055.301450 2480682.369477 0.000000
608054.568574 2480677.383183 0.000000
608053.835697 2480672.396890 0.000000
608053.102821 2480667.410596 0.000000
608052.369945 2480662.424302 0.000000
608051.637068 2480657.438008 0.000000
608050.904192 2480652.451715 0.000000
608050.171316 2480647.465421 0.000000
608049.438439 2480642.479127 0.000000
608048.705563 2480637.492833 0.000000
608047.972686 2480632.506540 0.000000
608047.239810 2480627.520246 0.000000
608046.506934 2480622.533952 0.000000
608045.774057 2480617.547658 0.000000
608045.041181 2480612.561365 0.000000
608044.308305 2480607.575071 0.000000
608043.575428 2480602.588777 0.000000
608042.842552 2480597.602483 0.000000
608042.109676 2480592.616190 0.000000
608041.376799 2480587.629896 0.000000
608040.643923 2480582.643602 0.000000
608039.911046 2480577.657308 0.000000
608039.178170 2480572.671015 0.000000
608038.445294 2480567.684721 0.000000
608037.712417 2480562.698427 0.000000
608036.979541 2480557.712133 0.000000
608036.246665 2480552.725840 0.000000
608035.513788 2480547.739546 0.000000
608034.780912 2480542.753252 0.000000
608034.048035 2480537.766958 0.000000
608033.315159 2480532.780665 0.000000
608032.582283 2480527.794371 0.000000
608031.849406 2480522.808077 0.000000
608031.116530 2480517.821783 0.000000
608030.383654 2480512.835489 0.000000
608029.650777 2480507.849196 0.000000
608028.917901 2480502.862902 0.000000
608028.185025 2480497.876608 0.000000
608027.452148 2480492.890314 0.000000
608026.719272 2480487.904021 0.000000
608025.986395 2480482.917727 0.000000
608025.253519 2480477.931433 0.000000
608024.520643 2480472.945139 0.000000
608023.787766 2480467.958846 0.000000
608023.054890 2480462.972552 0.000000
608022.322014 2480457.986258 0.000000
608021.589137 2480452.999964 0.000000
608020.856261 2480448.013671 0.000000
608020.123385 2480443.027377 0.000000
608019.390508 2480438.041083 0.000000
608018.657632 2480433.054789 0.000000
608017.924755 2480428.068496 0.000000
608017.191879 2480423.082202 0.000000
608016.459003 2480418.095908 0.000000
608015.726126 2480413.109614 0.000000
608014.993250 2480408.123321 0.000000
608014.260374 2480403.137027 0.000000
608013.527497 2480398.150733 0.000000
608012.794621 2480393.164439 0.000000
608012.061744 2480388.178146 0.000000
608011.328868 2480383.191852 0.000000
608010.595992 2480378.205558 0.000000
608009.863115 2480373.219264 0.000000
608009.130239 2480368.232971 0.000000
608008.397363 2480363.246677 0.000000
608007.664486 2480358.260383 0.000000
608006.931610 2480353.274089 0.000000
608006.198734 2480348.287796 0.000000
608005.465857 2480343.301502 0.000000
608004.732981 2480338.315208 0.000000
608004.000104 2480333.328914 0.000000
608003.267228 2480328.342621 0.000000
608002.534352 2480323.356327 0.000000
608001.801475 2480318.370033 0.000000
608001.068599 2480313.383739 0.000000
608000.335723 2480308.397445 0.000000
607999.602846 2480303.411152 0.000000
607998.869970 2480298.424858 0.000000
607998.137093 2480293.438564 0.000000
607997.404217 2480288.452270 0.000000
607996.671341 2480283.465977 0.000000
607995.938464 2480278.479683 0.000000
607995.205588 2480273.493389 0.000000
607994.472712 2480268.507095 0.000000
607993.739835 2480263.520802 0.000000
607993.006959 2480258.534508 0.000000
607992.274083 2480253.548214 0.000000
607991.541206 2480248.561920 0.000000
607990.808330 2480243.575627 0.000000
607990.075453 2480238.589333 0.000000
607989.342577 2480233.603039 0.000000
607988.609701 2480228.616745 0.000000
607987.876824 2480223.630452 0.000000
607987.143948 2480218.644158 0.000000
607986.411072 2480213.657864 0.000000
607985.678195 2480208.671570 0.000000
607984.945319 2480203.685277 0.000000
607984.212442 2480198.698983 0.000000
607983.479566 2480193.712689 0.000000
607982.746690 2480188.726395 0.000000
607982.013813 2480183.740102 0.000000
607981.056671 2480178.811538 0.000000
607980.099529 2480173.882974 0.000000
607979.142387 2480168.954410 0.000000
607978.185245 2480164.025846 0.000000
607977.228103 2480159.097282 0.000000
607976.270960 2480154.168718 0.000000
607975.313818 2480149.240155 0.000000
607974.356676 2480144.311591 0.000000
607973.399534 2480139.383027 0.000000
607972.442392 2480134.454463 0.000000
607971.485250 2480129.525899 0.000000
607970.528107 2480124.597335 0.000000
607969.570965 2480119.668771 0.000000
607968.613823 2480114.740207 0.000000
607967.656681 2480109.811644 0.000000
607966.699539 2480104.883080 0.000000
607965.742397 2480099.954516 0.000000
607964.785254 2480095.025952 0.000000
607963.828112 2480090.097388 0.000000
607962.870970 2480085.168824 0.000000
607961.913828 2480080.240260 0.000000
607960.956686 2480075.311697 0.000000
607959.999544 2480070.383133 0.000000
607959.042401 2480065.454569 0.000000
607958.085259 2480060.526005 0.000000
607957.128117 2480055.597441 0.000000
607956.170975 2480050.668877 0.000000
607955.213833 2480045.740313 0.000000
607954.256691 2480040.811750 0.000000
607953.299548 2480035.883186 0.000000
607952.342406 2480030.954622 0.000000
607951.385264 2480026.026058 0.000000
607950.428122 2480021.097494 0.000000
607949.470980 2480016.168930 0.000000
607948.513838 2480011.240366 0.000000
607947.556695 2480006.311802 0.000000
607946.599553 2480001.383239 0.000000
607945.642411 2479996.454675 0.000000
607944.685269 2479991.526111 0.000000
607943.728127 2479986.597547 0.000000
607942.770985 2479981.668983 0.000000
607941.813842 2479976.740419 0.000000
607940.856700 2479971.811855 0.000000
607939.899558 2479966.883292 0.000000
607938.942416 2479961.954728 0.000000
607937.985274 2479957.026164 0.000000
607937.028131 2479952.097600 0.000000
607936.070989 2479947.169036 0.000000
607935.113847 2479942.240472 0.000000
607934.156705 2479937.311908 0.000000
607933.199563 2479932.383345 0.000000
607932.242421 2479927.454781 0.000000
607931.285278 2479922.526217 0.000000
607930.328136 2479917.597653 0.000000
607929.370994 2479912.669089 0.000000
607928.413852 2479907.740525 0.000000
607927.456710 2479902.811961 0.000000
607926.499568 2479897.883397 0.000000
607925.542425 2479892.954834 0.000000
607924.585283 2479888.026270 0.000000
607923.628141 2479883.097706 0.000000
607922.670999 2479878.169142 0.000000
607921.713857 2479873.240578 0.000000
607920.756715 2479868.312014 0.000000
607919.799572 2479863.383450 0.000000
607918.842430 2479858.454887 0.000000
607917.885288 2479853.526323 0.000000
607916.928146 2479848.597759 0.000000
607915.971004 2479843.669195 0.000000
607915.013862 2479838.740631 0.000000
607914.334208 2479833.783929 0.000000
607913.654555 2479828.827226 0.000000
607912.974901 2479823.870524 0.000000
607912.295248 2479818.913822 0.000000
607911.615595 2479813.957119 0.000000
607910.935941 2479809.000417 0.000000
607910.256288 2479804.043714 0.000000
607909.576634 2479799.087012 0.000000
607908.896981 2479794.130310 0.000000
607908.217328 2479789.173607 0.000000
607907.537674 2479784.216905 0.000000
607906.858021 2479779.260202 0.000000
607906.178367 2479774.303500 0.000000
607905.498714 2479769.346798 0.000000
607904.819061 2479764.390095 0.000000
607904.139407 2479759.433393 0.000000
607903.459754 2479754.476691 0.000000
607902.780100 2479749.519988 0.000000
607902.100447 2479744.563286 0.000000
607901.420793 2479739.606583 0.000000
607900.741140 2479734.649881 0.000000
607900.061487 2479729.693179 0.000000
607899.381833 2479724.736476 0.000000
607898.702180 2479719.779774 0.000000
607898.022526 2479714.823071 0.000000
607897.342873 2479709.866369 0.000000
607896.663220 2479704.909667 0.000000
607895.983566 2479699.952964 0.000000
607895.303913 2479694.996262 0.000000
607894.624259 2479690.039559 0.000000
607893.944606 2479685.082857 0.000000
607893.264953 2479680.126155 0.000000
607892.585299 2479675.169452 0.000000
607891.905646 2479670.212750 0.000000
607891.225992 2479665.256048 0.000000
607890.546339 2479660.299345 0.000000
607889.866686 2479655.342643 0.000000
607889.187032 2479650.385940 0.000000
607888.507379 2479645.429238 0.000000
607887.827725 2479640.472536 0.000000
607887.148072 2479635.515833 0.000000
607886.468418 2479630.559131 0.000000
607885.788765 2479625.602428 0.000000
607885.109112 2479620.645726 0.000000
607884.429458 2479615.689024 0.000000
607883.749805 2479610.732321 0.000000
607883.070151 2479605.775619 0.000000
607882.390498 2479600.818917 0.000000
607881.710845 2479595.862214 0.000000
607881.031191 2479590.905512 0.000000
607880.351538 2479585.948809 0.000000
607879.671884 2479580.992107 0.000000
607878.992231 2479576.035405 0.000000
607878.312578 2479571.078702 0.000000
607877.632924 2479566.122000 0.000000
607876.953271 2479561.165297 0.000000
607876.273617 2479556.208595 0.000000
607875.593964 2479551.251893 0.000000
607874.914311 2479546.295190 0.000000
607874.234657 2479541.338488 0.000000
607873.555004 2479536.381786 0.000000
607872.875350 2479531.425083 0.000000
607872.195697 2479526.468381 0.000000
607871.516043 2479521.511678 0.000000
607870.836390 2479516.554976 0.000000
607870.156737 2479511.598274 0.000000
607869.477083 2479506.641571 0.000000
607868.797430 2479501.684869 0.000000
607868.117776 2479496.728166 0.000000
607867.438123 2479491.771464 0.000000
607866.758470 2479486.814762 0.000000
607866.078816 2479481.858059 0.000000
607865.399163 2479476.901357 0.000000
607864.719509 2479471.944654 0.000000
607864.039856 2479466.987952 0.000000
607863.360203 2479462.031250 0.000000
607862.680549 2479457.074547 0.000000
607862.000896 2479452.117845 0.000000
607861.321242 2479447.161143 0.000000
607860.641589 2479442.204440 0.000000
607859.961936 2479437.247738 0.000000
607859.282282 2479432.291035 0.000000
607858.602629 2479427.334333 0.000000
607857.922975 2479422.377631 0.000000
607857.243322 2479417.420928 0.000000
607856.563669 2479412.464226 0.000000
607855.884015 2479407.507523 0.000000
607855.204362 2479402.550821 0.000000
607854.524708 2479397.594119 0.000000
607853.845055 2479392.637416 0.000000
607853.165401 2479387.680714 0.000000
607852.485748 2479382.724012 0.000000
607851.806095 2479377.767309 0.000000
607851.126441 2479372.810607 0.000000
607850.446788 2479367.853904 0.000000
607849.767134 2479362.897202 0.000000
607849.087481 2479357.940500 0.000000
607848.407828 2479352.983797 0.000000
607847.728174 2479348.027095 0.000000
607847.048521 2479343.070392 0.000000
607846.368867 2479338.113690 0.000000
607845.689214 2479333.156988 0.000000
607845.009561 2479328.200285 0.000000
607844.329907 2479323.243583 0.000000
607843.650254 2479318.286880 0.000000
607842.970600 2479313.330178 0.000000
607842.290947 2479308.373476 0.000000
607841.611294 2479303.416773 0.000000
607840.931640 2479298.460071 0.000000
607840.251987 2479293.503369 0.000000
607839.572333 2479288.546666 0.000000
607838.892680 2479283.589964 0.000000
607838.213026 2479278.633261 0.000000
607837.533373 2479273.676559 0.000000
607836.853720 2479268.719857 0.000000
607836.174066 2479263.763154 0.000000
607835.494413 2479258.806452 0.000000
607834.814759 2479253.849749 0.000000
607834.135106 2479248.893047 0.000000
607833.455453 2479243.936345 0.000000
607832.775799 2479238.979642 0.000000
607832.096146 2479234.022940 0.000000
607831.416492 2479229.066238 0.000000
607830.736839 2479224.109535 0.000000
607830.057186 2479219.152833 0.000000
607829.377532 2479214.196130 0.000000
607828.697879 2479209.239428 0.000000
607828.018225 2479204.282726 0.000000
607827.338572 2479199.326023 0.000000
607826.658919 2479194.369321 0.000000
607825.979265 2479189.412618 0.000000
607825.299612 2479184.455916 0.000000
607824.619958 2479179.499214 0.000000
607823.940305 2479174.542511 0.000000
607823.260651 2479169.585809 0.000000
607822.580998 2479164.629107 0.000000
607821.901345 2479159.672404 0.000000
607821.221691 2479154.715702 0.000000
607820.542038 2479149.758999 0.000000
607819.862384 2479144.802297 0.000000
607819.182731 2479139.845595 0.000000
607818.503078 2479134.888892 0.000000
607817.823424 2479129.932190 0.000000
607817.143771 2479124.975487 0.000000
607816.464117 2479120.018785 0.000000
607815.784464 2479115.062083 0.000000
607815.104811 2479110.105380 0.000000
607814.425157 2479105.148678 0.000000
607813.745504 2479100.191975 0.000000
607813.065850 2479095.235273 0.000000
607812.386197 2479090.278571 0.000000
607811.706544 2479085.321868 0.000000
607811.026890 2479080.365166 0.000000
607810.347237 2479075.408464 0.000000
607809.667583 2479070.451761 0.000000
607808.987930 2479065.495059 0.000000
607808.308276 2479060.538356 0.000000
607807.628623 2479055.581654 0.000000
607806.948970 2479050.624952 0.000000
607806.269316 2479045.668249 0.000000
607805.589663 2479040.711547 0.000000
607804.910009 2479035.754844 0.000000
607804.230356 2479030.798142 0.000000
607803.550703 2479025.841440 0.000000
607802.871049 2479020.884737 0.000000
607802.191396 2479015.928035 0.000000
607801.511742 2479010.971333 0.000000
607800.832089 2479006.014630 0.000000
607800.152436 2479001.057928 0.000000
607799.472782 2478996.101225 0.000000
607798.793129 2478991.144523 0.000000
607798.113475 2478986.187821 0.000000
607797.433822 2478981.231118 0.000000
607796.754169 2478976.274416 0.000000
607796.074515 2478971.317713 0.000000
607795.394862 2478966.361011 0.000000
607794.715208 2478961.404309 0.000000
607794.035555 2478956.447606 0.000000
607793.355902 2478951.490904 0.000000
607792.676248 2478946.534201 0.000000
607791.996595 2478941.577499 0.000000
607791.316941 2478936.620797 0.000000
607790.637288 2478931.664094 0.000000
607789.957634 2478926.707392 0.000000
607789.277981 2478921.750690 0.000000
607788.598328 2478916.793987 0.000000
607787.918674 2478911.837285 0.000000
607787.239021 2478906.880582 0.000000
607786.559367 2478901.923880 0.000000
607785.879714 2478896.967178 0.000000
607785.200061 2478892.010475 0.000000
607784.520407 2478887.053773 0.000000
607783.840754 2478882.097070 0.000000
607783.161100 2478877.140368 0.000000
607782.481447 2478872.183666 0.000000
607781.801794 2478867.226963 0.000000
607781.122140 2478862.270261 0.000000
607780.442487 2478857.313559 0.000000
607779.762833 2478852.356856 0.000000
607779.083180 2478847.400154 0.000000
607778.403527 2478842.443451 0.000000
607777.723873 2478837.486749 0.000000
607777.044220 2478832.530047 0.000000
607776.364566 2478827.573344 0.000000
607775.684913 2478822.616642 0.000000
607775.005259 2478817.659939 0.000000
607774.325606 2478812.703237 0.000000
607773.645953 2478807.746535 0.000000
607772.966299 2478802.789832 0.000000
607772.286646 2478797.833130 0.000000
607771.606992 2478792.876428 0.000000
607770.927339 2478787.919725 0.000000
607770.247686 2478782.963023 0.000000
607769.568032 2478778.006320 0.000000
607768.888379 2478773.049618 0.000000
607768.208725 2478768.092916 0.000000
607767.529072 2478763.136213 0.000000
607766.849419 2478758.179511 0.000000
607766.169765 2478753.222808 0.000000
607765.490112 2478748.266106 0.000000
607764.810458 2478743.309404 0.000000
607764.130805 2478738.352701 0.000000
607763.451152 2478733.395999 0.000000
607762.771498 2478728.439296 0.000000
607762.091845 2478723.482594 0.000000
607761.412191 2478718.525892 0.000000
607760.732538 2478713.569189 0.000000
607760.052884 2478708.612487 0.000000
607759.373231 2478703.655785 0.000000
607758.693578 2478698.699082 0.000000
607758.013924 2478693.742380 0.000000
607757.168854 2478688.798725 0.000000
607756.323784 2478683.855071 0.000000
607755.478715 2478678.911417 0.000000
607754.633645 2478673.967762 0.000000
607753.788575 2478669.024108 0.000000
607752.943505 2478664.080453 0.000000
607752.098435 2478659.136799 0.000000
607751.253365 2478654.193145 0.000000
607750.408295 2478649.249490 0.000000
607749.563225 2478644.305836 0.000000
607748.718155 2478639.362181 0.000000
607747.873085 2478634.418527 0.000000
607747.028016 2478629.474873 0.000000
607746.182946 2478624.531218 0.000000
607745.337876 2478619.587564 0.000000
607744.492806 2478614.643910 0.000000
607743.647736 2478609.700255 0.000000
607742.802666 2478604.756601 0.000000
607741.957596 2478599.812946 0.000000
607741.112526 2478594.869292 0.000000
607740.267456 2478589.925638 0.000000
607739.422386 2478584.981983 0.000000
607738.577317 2478580.038329 0.000000
607737.732247 2478575.094674 0.000000
607736.887177 2478570.151020 0.000000
607736.042107 2478565.207366 0.000000
607735.197037 2478560.263711 0.000000
607734.351967 2478555.320057 0.000000
607733.506897 2478550.376402 0.000000
607732.661827 2478545.432748 0.000000
607731.816757 2478540.489094 0.000000
607730.971687 2478535.545439 0.000000
607730.126618 2478530.601785 0.000000
607729.281548 2478525.658130 0.000000
607728.436478 2478520.714476 0.000000
607727.591408 2478515.770822 0.000000
607726.746338 2478510.827167 0.000000
607725.901268 2478505.883513 0.000000
607725.056198 2478500.939859 0.000000
607724.211128 2478495.996204 0.000000
607723.366058 2478491.052550 0.000000
607722.520988 2478486.108895 0.000000
607721.675919 2478481.165241 0.000000
607720.830849 2478476.221587 0.000000
607719.985779 2478471.277932 0.000000
607719.140709 2478466.334278 0.000000
607718.295639 2478461.390623 0.000000
607717.450569 2478456.446969 0.000000
607716.605499 2478451.503315 0.000000
607715.760429 2478446.559660 0.000000
607714.915359 2478441.616006 0.000000
607714.070289 2478436.672351 0.000000
607713.225220 2478431.728697 0.000000
607712.380150 2478426.785043 0.000000
607711.535080 2478421.841388 0.000000
607710.690010 2478416.897734 0.000000
607709.844940 2478411.954079 0.000000
607708.999870 2478407.010425 0.000000
607708.154800 2478402.066771 0.000000
607707.309730 2478397.123116 0.000000
607706.464660 2478392.179462 0.000000
607705.619590 2478387.235808 0.000000
607704.774521 2478382.292153 0.000000
607703.929451 2478377.348499 0.000000
607703.084381 2478372.404844 0.000000
607702.239311 2478367.461190 0.000000
607701.394241 2478362.517536 0.000000
607700.549171 2478357.573881 0.000000
607699.704101 2478352.630227 0.000000
607698.859031 2478347.686572 0.000000
607698.013961 2478342.742918 0.000000
607697.013962 2478337.808143 0.000000
607696.013963 2478332.873368 0.000000
607695.013964 2478327.938593 0.000000
607694.013964 2478323.003818 0.000000
607693.013965 2478318.069043 0.000000
607692.013966 2478313.134268 0.000000
607691.013967 2478308.199493 0.000000
607690.013967 2478303.264718 0.000000
607689.013968 2478298.329943 0.000000
607688.013969 2478293.395168 0.000000
607687.013970 2478288.460393 0.000000
607686.013970 2478283.525618 0.000000
607685.013971 2478278.590843 0.000000
607684.013972 2478273.656068 0.000000
607683.013973 2478268.721293 0.000000
607682.013973 2478263.786518 0.000000
607681.013974 2478258.851743 0.000000
607680.013975 2478253.916968 0.000000
607679.013976 2478248.982193 0.000000
607678.013976 2478244.047418 0.000000
607677.013977 2478239.112643 0.000000
607676.013978 2478234.177868 0.000000
607675.013979 2478229.243093 0.000000
607674.013979 2478224.308318 0.000000
607673.013980 2478219.373543 0.000000
607672.013981 2478214.438768 0.000000
607671.013982 2478209.503993 0.000000
607670.013982 2478204.569218 0.000000
607669.013983 2478199.634443 0.000000
607668.013984 2478194.699668 0.000000
607667.013985 2478189.764892 0.000000
607666.013986 2478184.830117 0.000000
607665.013986 2478179.895342 0.000000
607664.013987 2478174.960567 0.000000
607663.013988 2478170.025792 0.000000
607662.013989 2478165.091017 0.000000
607661.013989 2478160.156242 0.000000
607660.013990 2478155.221467 0.000000
607659.013991 2478150.286692 0.000000
607658.013992 2478145.351917 0.000000
607657.013992 2478140.417142 0.000000
607656.013993 2478135.482367 0.000000
607655.013994 2478130.547592 0.000000
607654.013995 2478125.612817 0.000000
607653.013995 2478120.678042 0.000000
607652.013996 2478115.743267 0.000000
607650.862482 2478110.864487 0.000000
607649.710968 2478105.985707 0.000000
607648.559454 2478101.106926 0.000000
607647.407939 2478096.228146 0.000000
607646.256425 2478091.349366 0.000000
607645.104911 2478086.470585 0.000000
607643.953397 2478081.591805 0.000000
607642.801883 2478076.713024 0.000000
607641.650369 2478071.834244 0.000000
607640.498854 2478066.955464 0.000000
607639.347340 2478062.076683 0.000000
607638.195826 2478057.197903 0.000000
607637.044312 2478052.319123 0.000000
607635.892798 2478047.440342 0.000000
607634.741284 2478042.561562 0.000000
607633.589770 2478037.682782 0.000000
607632.438255 2478032.804001 0.000000
607631.286741 2478027.925221 0.000000
607630.135227 2478023.046441 0.000000
607628.983713 2478018.167660 0.000000
607627.832199 2478013.288880 0.000000
607626.680685 2478008.410100 0.000000
607625.529170 2478003.531319 0.000000
607624.377656 2477998.652539 0.000000
607623.226142 2477993.773759 0.000000
607622.074628 2477988.894978 0.000000
607620.923114 2477984.016198 0.000000
607619.771600 2477979.137418 0.000000
607618.620085 2477974.258637 0.000000
607617.468571 2477969.379857 0.000000
607616.317057 2477964.501077 0.000000
607615.165543 2477959.622296 0.000000
607614.014029 2477954.743516 0.000000
607612.862515 2477949.864735 0.000000
607611.711001 2477944.985955 0.000000
607610.559486 2477940.107175 0.000000
607609.407972 2477935.228394 0.000000
607608.256458 2477930.349614 0.000000
607607.104944 2477925.470834 0.000000
607605.953430 2477920.592053 0.000000
607604.801916 2477915.713273 0.000000
607603.650401 2477910.834493 0.000000
607602.498887 2477905.955712 0.000000
607601.347373 2477901.076932 0.000000
607600.195859 2477896.198152 0.000000
607599.044345 2477891.319371 0.000000
607597.892831 2477886.440591 0.000000
607596.741316 2477881.561811 0.000000
607595.589802 2477876.683030 0.000000
607594.438288 2477871.804250 0.000000
607593.286774 2477866.925470 0.000000
607592.135260 2477862.046689 0.000000
607590.983746 2477857.167909 0.000000
607589.832231 2477852.289129 0.000000
607588.680717 2477847.410348 0.000000
607587.529203 2477842.531568 0.000000
607586.377689 2477837.652788 0.000000
607585.226175 2477832.774007 0.000000
607584.074661 2477827.895227 0.000000
607582.923147 2477823.016446 0.000000
607581.771632 2477818.137666 0.000000
607580.620118 2477813.258886 0.000000
607579.468604 2477808.380105 0.000000
607578.317090 2477803.501325 0.000000
607577.165576 2477798.622545 0.000000
607576.014062 2477793.743764 0.000000
607574.755442 2477788.905841 0.000000
607573.496823 2477784.067917 0.000000
607572.238203 2477779.229994 0.000000
607570.979583 2477774.392070 0.000000
607569.720964 2477769.554147 0.000000
607568.462344 2477764.716223 0.000000
607567.203725 2477759.878300 0.000000
607565.945105 2477755.040376 0.000000
607564.686486 2477750.202453 0.000000
607563.427866 2477745.364529 0.000000
607562.169247 2477740.526605 0.000000
607560.910627 2477735.688682 0.000000
607559.652008 2477730.850758 0.000000
607558.393388 2477726.012835 0.000000
607557.134769 2477721.174911 0.000000
607555.876149 2477716.336988 0.000000
607554.617530 2477711.499064 0.000000
607553.358910 2477706.661141 0.000000
607552.100291 2477701.823217 0.000000
607550.841671 2477696.985294 0.000000
607549.583051 2477692.147370 0.000000
607548.324432 2477687.309446 0.000000
607547.065812 2477682.471523 0.000000
607545.807193 2477677.633599 0.000000
607544.548573 2477672.795676 0.000000
607543.289954 2477667.957752 0.000000
607542.031334 2477663.119829 0.000000
607540.772715 2477658.281905 0.000000
607539.514095 2477653.443982 0.000000
607538.255476 2477648.606058 0.000000
607536.996856 2477643.768135 0.000000
607535.738237 2477638.930211 0.000000
607534.479617 2477634.092288 0.000000
607533.220998 2477629.254364 0.000000
607531.962378 2477624.416440 0.000000
607530.703759 2477619.578517 0.000000
607529.445139 2477614.740593 0.000000
607528.186520 2477609.902670 0.000000
607526.927900 2477605.064746 0.000000
607525.669280 2477600.226823 0.000000
607524.410661 2477595.388899 0.000000
607523.152041 2477590.550976 0.000000
607521.893422 2477585.713052 0.000000
607520.634802 2477580.875129 0.000000
607519.376183 2477576.037205 0.000000
607518.117563 2477571.199281 0.000000
607516.858944 2477566.361358 0.000000
607515.600324 2477561.523434 0.000000
607514.341705 2477556.685511 0.000000
607513.083085 2477551.847587 0.000000
607511.824466 2477547.009664 0.000000
607510.565846 2477542.171740 0.000000
607509.307227 2477537.333817 0.000000
607508.048607 2477532.495893 0.000000
607506.789988 2477527.657970 0.000000
607505.531368 2477522.820046 0.000000
607504.272748 2477517.982123 0.000000
607503.014129 2477513.144199 0.000000
607501.755509 2477508.306275 0.000000
607500.496890 2477503.468352 0.000000
607499.238270 2477498.630428 0.000000
607497.979651 2477493.792505 0.000000
607496.721031 2477488.954581 0.000000
607495.462412 2477484.116658 0.000000
607494.203792 2477479.278734 0.000000
607492.945173 2477474.440811 0.000000
607491.686553 2477469.602887 0.000000
607490.427934 2477464.764964 0.000000
607489.169314 2477459.927040 0.000000
607487.910695 2477455.089116 0.000000
607486.652075 2477450.251193 0.000000
607485.393456 2477445.413269 0.000000
607484.134836 2477440.575346 0.000000
607482.876216 2477435.737422 0.000000
607481.617597 2477430.899499 0.000000
607480.358977 2477426.061575 0.000000
607479.100358 2477421.223652 0.000000
607477.841738 2477416.385728 0.000000
607476.583119 2477411.547805 0.000000
607475.324499 2477406.709881 0.000000
607474.065880 2477401.871958 0.000000
607472.807260 2477397.034034 0.000000
607471.548641 2477392.196110 0.000000
607470.290021 2477387.358187 0.000000
607469.031402 2477382.520263 0.000000
607467.772782 2477377.682340 0.000000
607466.514163 2477372.844416 0.000000
607465.255543 2477368.006493 0.000000
607463.996924 2477363.168569 0.000000
607462.738304 2477358.330646 0.000000
607461.479685 2477353.492722 0.000000
607460.221065 2477348.654799 0.000000
607458.962445 2477343.816875 0.000000
607457.703826 2477338.978952 0.000000
607456.445206 2477334.141028 0.000000
607455.186587 2477329.303104 0.000000
607453.927967 2477324.465181 0.000000
607452.669348 2477319.627257 0.000000
607451.410728 2477314.789334 0.000000
607450.152109 2477309.951410 0.000000
607448.893489 2477305.113487 0.000000
607447.634870 2477300.275563 0.000000
607446.376250 2477295.437640 0.000000
607445.117631 2477290.599716 0.000000
607443.859011 2477285.761793 0.000000
607442.600392 2477280.923869 0.000000
607441.341772 2477276.085945 0.000000
607440.083153 2477271.248022 0.000000
607438.824533 2477266.410098 0.000000
607437.565913 2477261.572175 0.000000
607436.307294 2477256.734251 0.000000
607435.048674 2477251.896328 0.000000
607433.790055 2477247.058404 0.000000
607432.531435 2477242.220481 0.000000
607431.272816 2477237.382557 0.000000
607430.014196 2477232.544634 0.000000
607428.755577 2477227.706710 0.000000
607427.496957 2477222.868787 0.000000
607426.238338 2477218.030863 0.000000
607424.979718 2477213.192939 0.000000
607423.721099 2477208.355016 0.000000
607422.462479 2477203.517092 0.000000
607421.203860 2477198.679169 0.000000
607419.945240 2477193.841245 0.000000
607418.686621 2477189.003322 0.000000
607417.428001 2477184.165398 0.000000
607416.169381 2477179.327475 0.000000
607414.910762 2477174.489551 0.000000
607413.652142 2477169.651628 0.000000
607412.393523 2477164.813704 0.000000
607411.134903 2477159.975780 0.000000
607409.876284 2477155.137857 0.000000
607408.617664 2477150.299933 0.000000
607407.359045 2477145.462010 0.000000
607406.100425 2477140.624086 0.000000
607404.841806 2477135.786163 0.000000
607403.583186 2477130.948239 0.000000
607402.324567 2477126.110316 0.000000
607401.065947 2477121.272392 0.000000
607399.807328 2477116.434469 0.000000
607398.548708 2477111.596545 0.000000
607397.290089 2477106.758622 0.000000
607396.031469 2477101.920698 0.000000
607394.772850 2477097.082774 0.000000
607393.514230 2477092.244851 0.000000
607392.255610 2477087.406927 0.000000
607390.996991 2477082.569004 0.000000
607389.738371 2477077.731080 0.000000
607388.479752 2477072.893157 0.000000
607387.221132 2477068.055233 0.000000
607385.962513 2477063.217310 0.000000
607384.703893 2477058.379386 0.000000
607383.445274 2477053.541463 0.000000
607382.186654 2477048.703539 0.000000
607380.928035 2477043.865615 0.000000
607379.669415 2477039.027692 0.000000
607378.410796 2477034.189768 0.000000
607377.152176 2477029.351845 0.000000
607375.893557 2477024.513921 0.000000
607374.634937 2477019.675998 0.000000
607373.376318 2477014.838074 0.000000
607372.117698 2477010.000151 0.000000
607370.859078 2477005.162227 0.000000
607369.600459 2477000.324304 0.000000
607368.341839 2476995.486380 0.000000
607367.083220 2476990.648457 0.000000
607365.824600 2476985.810533 0.000000
607364.565981 2476980.972609 0.000000
607363.307361 2476976.134686 0.000000
607362.048742 2476971.296762 0.000000
607360.790122 2476966.458839 0.000000
607359.531503 2476961.620915 0.000000
607358.272883 2476956.782992 0.000000
607357.014264 2476951.945068 0.000000
607355.755644 2476947.107145 0.000000
607354.497025 2476942.269221 0.000000
607353.238405 2476937.431298 0.000000
607351.979786 2476932.593374 0.000000
607350.721166 2476927.755450 0.000000
607349.462547 2476922.917527 0.000000
607348.203927 2476918.079603 0.000000
607346.945307 2476913.241680 0.000000
607345.686688 2476908.403756 0.000000
607344.428068 2476903.565833 0.000000
607343.169449 2476898.727909 0.000000
607341.910829 2476893.889986 0.000000
607340.652210 2476889.052062 0.000000
607339.393590 2476884.214139 0.000000
607338.134971 2476879.376215 0.000000
607336.876351 2476874.538292 0.000000
607335.617732 2476869.700368 0.000000
607334.359112 2476864.862444 0.000000
607333.100493 2476860.024521 0.000000
607331.841873 2476855.186597 0.000000
607330.583254 2476850.348674 0.000000
607329.324634 2476845.510750 0.000000
607328.066015 2476840.672827 0.000000
607326.807395 2476835.834903 0.000000
607325.548775 2476830.996980 0.000000
607324.290156 2476826.159056 0.000000
607323.031536 2476821.321133 0.000000
607321.772917 2476816.483209 0.000000
607320.514297 2476811.645285 0.000000
607319.255678 2476806.807362 0.000000
607317.997058 2476801.969438 0.000000
607316.738439 2476797.131515 0.000000
607315.479819 2476792.293591 0.000000
607314.221200 2476787.455668 0.000000
607312.962580 2476782.617744 0.000000
607311.703961 2476777.779821 0.000000
607310.445341 2476772.941897 0.000000
607309.186722 2476768.103974 0.000000
607307.928102 2476763.266050 0.000000
607306.669483 2476758.428127 0.000000
607305.410863 2476753.590203 0.000000
607304.152243 2476748.752279 0.000000
607302.893624 2476743.914356 0.000000
607301.635004 2476739.076432 0.000000
607300.376385 2476734.238509 0.000000
607299.117765 2476729.400585 0.000000
607297.859146 2476724.562662 0.000000
607296.600526 2476719.724738 0.000000
607295.341907 2476714.886815 0.000000
607294.083287 2476710.048891 0.000000
607292.824668 2476705.210968 0.000000
607291.566048 2476700.373044 0.000000
607290.307429 2476695.535120 0.000000
607289.048809 2476690.697197 0.000000
607287.790190 2476685.859273 0.000000
607286.531570 2476681.021350 0.000000
607285.272951 2476676.183426 0.000000
607284.014331 2476671.345503 0.000000
607282.755712 2476666.507579 0.000000
607281.497092 2476661.669656 0.000000
607280.238472 2476656.831732 0.000000
607278.979853 2476651.993809 0.000000
607277.721233 2476647.155885 0.000000
607276.462614 2476642.317962 0.000000
607275.203994 2476637.480038 0.000000
607273.945375 2476632.642114 0.000000
607272.686755 2476627.804191 0.000000
607271.428136 2476622.966267 0.000000
607270.169516 2476618.128344 0.000000
607268.910897 2476613.290420 0.000000
607267.652277 2476608.452497 0.000000
607266.393658 2476603.614573 0.000000
607265.135038 2476598.776650 0.000000
607263.876419 2476593.938726 0.000000
607262.617799 2476589.100803 0.000000
607261.359180 2476584.262879 0.000000
607260.100560 2476579.424955 0.000000
607258.841940 2476574.587032 0.000000
607257.583321 2476569.749108 0.000000
607256.324701 2476564.911185 0.000000
607255.066082 2476560.073261 0.000000
607253.807462 2476555.235338 0.000000
607252.548843 2476550.397414 0.000000
607251.290223 2476545.559491 0.000000
607250.031604 2476540.721567 0.000000
607248.772984 2476535.883644 0.000000
607247.514365 2476531.045720 0.000000
607246.255745 2476526.207797 0.000000
607244.997126 2476521.369873 0.000000
607243.738506 2476516.531949 0.000000
607242.479887 2476511.694026 0.000000
607241.221267 2476506.856102 0.000000
607239.962648 2476502.018179 0.000000
607238.704028 2476497.180255 0.000000
607237.445408 2476492.342332 0.000000
607236.186789 2476487.504408 0.000000
607234.928169 2476482.666485 0.000000
607233.669550 2476477.828561 0.000000
607232.410930 2476472.990638 0.000000
607231.152311 2476468.152714 0.000000
607229.893691 2476463.314790 0.000000
607228.635072 2476458.476867 0.000000
607227.376452 2476453.638943 0.000000
607226.117833 2476448.801020 0.000000
607224.859213 2476443.963096 0.000000
607223.600594 2476439.125173 0.000000
607222.341974 2476434.287249 0.000000
607221.083355 2476429.449326 0.000000
607219.824735 2476424.611402 0.000000
607218.566116 2476419.773479 0.000000
607217.307496 2476414.935555 0.000000
607216.048877 2476410.097632 0.000000
607214.790257 2476405.259708 0.000000
607213.531637 2476400.421784 0.000000
607212.273018 2476395.583861 0.000000
607211.014398 2476390.745937 0.000000
607209.860553 2476385.853637 0.000000
607208.706708 2476380.961337 0.000000
607207.552863 2476376.069037 0.000000
607206.399018 2476371.176737 0.000000
607205.245173 2476366.284437 0.000000
607204.091327 2476361.392137 0.000000
607202.937482 2476356.499836 0.000000
607201.783637 2476351.607536 0.000000
607200.629792 2476346.715236 0.000000
607199.475947 2476341.822936 0.000000
607198.322102 2476336.930636 0.000000
607197.168257 2476332.038336 0.000000
607196.014411 2476327.146036 0.000000
607194.860566 2476322.253736 0.000000
607193.706721 2476317.361435 0.000000
607192.552876 2476312.469135 0.000000
607191.399031 2476307.576835 0.000000
607190.245186 2476302.684535 0.000000
607189.091340 2476297.792235 0.000000
607187.937495 2476292.899935 0.000000
607186.783650 2476288.007635 0.000000
607185.629805 2476283.115335 0.000000
607184.475960 2476278.223034 0.000000
607183.322115 2476273.330734 0.000000
607182.168270 2476268.438434 0.000000
607181.014424 2476263.546134 0.000000
607179.860579 2476258.653834 0.000000
607178.706734 2476253.761534 0.000000
607177.552889 2476248.869234 0.000000
607176.399044 2476243.976934 0.000000
607175.245199 2476239.084633 0.000000
607174.091353 2476234.192333 0.000000
607172.937508 2476229.300033 0.000000
607171.783663 2476224.407733 0.000000
607170.629818 2476219.515433 0.000000
607169.475973 2476214.623133 0.000000
607168.322128 2476209.730833 0.000000
607167.168282 2476204.838533 0.000000
607166.014437 2476199.946232 0.000000
607164.860592 2476195.053932 0.000000
607163.706747 2476190.161632 0.000000
607162.552902 2476185.269332 0.000000
607161.399057 2476180.377032 0.000000
607160.245212 2476175.484732 0.000000
607159.091366 2476170.592432 0.000000
607157.937521 2476165.700131 0.000000
607156.783676 2476160.807831 0.000000
607155.629831 2476155.915531 0.000000
607154.475986 2476151.023231 0.000000
607153.322141 2476146.130931 0.000000
607152.168295 2476141.238631 0.000000
607151.014450 2476136.346331 0.000000
607149.860605 2476131.454031 0.000000
607148.706760 2476126.561730 0.000000
607147.552915 2476121.669430 0.000000
607146.399070 2476116.777130 0.000000
607145.245225 2476111.884830 0.000000
607144.091379 2476106.992530 0.000000
607142.937534 2476102.100230 0.000000
607141.783689 2476097.207930 0.000000
607140.629844 2476092.315630 0.000000
607139.475999 2476087.423329 0.000000
607138.322154 2476082.531029 0.000000
607137.168308 2476077.638729 0.000000
607136.014463 2476072.746429 0.000000
607134.994464 2476067.826437 0.000000
607133.974465 2476062.906444 0.000000
607132.954466 2476057.986452 0.000000
607131.934466 2476053.066459 0.000000
607130.914467 2476048.146467 0.000000
607129.894468 2476043.226475 0.000000
607128.874469 2476038.306482 0.000000
607127.854470 2476033.386490 0.000000
607126.834470 2476028.466497 0.000000
607125.814471 2476023.546505 0.000000
607124.794472 2476018.626513 0.000000
607123.774473 2476013.706520 0.000000
607122.754474 2476008.786528 0.000000
607121.734474 2476003.866535 0.000000
607120.714475 2475998.946543 0.000000
607119.694476 2475994.026550 0.000000
607118.674477 2475989.106558 0.000000
607117.654478 2475984.186566 0.000000
607116.634478 2475979.266573 0.000000
607115.614479 2475974.346581 0.000000
607114.594480 2475969.426588 0.000000
607113.574481 2475964.506596 0.000000
607112.554482 2475959.586604 0.000000
607111.534482 2475954.666611 0.000000
607110.514483 2475949.746619 0.000000
607109.494484 2475944.826626 0.000000
607108.474485 2475939.906634 0.000000
607107.454486 2475934.986642 0.000000
607106.434486 2475930.066649 0.000000
607105.414487 2475925.146657 0.000000
607104.394488 2475920.226664 0.000000
607103.374489 2475915.306672 0.000000
607102.354490 2475910.386680 0.000000
607101.334490 2475905.466687 0.000000
607100.314491 2475900.546695 0.000000
607099.294492 2475895.626702 0.000000
607098.274493 2475890.706710 0.000000
607097.254493 2475885.786717 0.000000
607096.234494 2475880.866725 0.000000
607095.214495 2475875.946733 0.000000
607094.194496 2475871.026740 0.000000
607093.174497 2475866.106748 0.000000
607092.154497 2475861.186755 0.000000
607091.134498 2475856.266763 0.000000
607090.114499 2475851.346771 0.000000
607089.094500 2475846.426778 0.000000
607088.074501 2475841.506786 0.000000
607087.054501 2475836.586793 0.000000
607086.034502 2475831.666801 0.000000
607085.014503 2475826.746809 0.000000
607084.193608 2475821.791592 0.000000
607083.372713 2475816.836376 0.000000
607082.551818 2475811.881160 0.000000
607081.730923 2475806.925943 0.000000
607080.910028 2475801.970727 0.000000
607080.089133 2475797.015511 0.000000
607079.268238 2475792.060295 0.000000
607078.447343 2475787.105078 0.000000
607077.626448 2475782.149862 0.000000
607076.805553 2475777.194646 0.000000
607075.984658 2475772.239430 0.000000
607075.163763 2475767.284213 0.000000
607074.342868 2475762.328997 0.000000
607073.521973 2475757.373781 0.000000
607072.701078 2475752.418565 0.000000
607071.880182 2475747.463348 0.000000
607071.059287 2475742.508132 0.000000
607070.238392 2475737.552916 0.000000
607069.417497 2475732.597699 0.000000
607068.596602 2475727.642483 0.000000
607067.775707 2475722.687267 0.000000
607066.954812 2475717.732051 0.000000
607066.133917 2475712.776834 0.000000
607065.313022 2475707.821618 0.000000
607064.492127 2475702.866402 0.000000
607063.671232 2475697.911186 0.000000
607062.850337 2475692.955969 0.000000
607062.029442 2475688.000753 0.000000
607061.208547 2475683.045537 0.000000
607060.387652 2475678.090321 0.000000
607059.566757 2475673.135104 0.000000
607058.745862 2475668.179888 0.000000
607057.924967 2475663.224672 0.000000
607057.104072 2475658.269455 0.000000
607056.283177 2475653.314239 0.000000
607055.462282 2475648.359023 0.000000
607054.641387 2475643.403807 0.000000
607053.820492 2475638.448590 0.000000
607052.999597 2475633.493374 0.000000
607052.178702 2475628.538158 0.000000
607051.357807 2475623.582942 0.000000
607050.536912 2475618.627725 0.000000
607049.716017 2475613.672509 0.000000
607048.895122 2475608.717293 0.000000
607048.074227 2475603.762077 0.000000
607047.253332 2475598.806860 0.000000
607046.432436 2475593.851644 0.000000
607045.611541 2475588.896428 0.000000
607044.790646 2475583.941211 0.000000
607043.969751 2475578.985995 0.000000
607043.148856 2475574.030779 0.000000
607042.327961 2475569.075563 0.000000
607041.507066 2475564.120346 0.000000
607040.686171 2475559.165130 0.000000
607039.865276 2475554.209914 0.000000
607039.044381 2475549.254698 0.000000
607038.223486 2475544.299481 0.000000
607037.402591 2475539.344265 0.000000
607036.581696 2475534.389049 0.000000
607035.760801 2475529.433833 0.000000
607034.939906 2475524.478616 0.000000
607034.119011 2475519.523400 0.000000
607033.298116 2475514.568184 0.000000
607032.477221 2475509.612967 0.000000
607031.656326 2475504.657751 0.000000
607030.835431 2475499.702535 0.000000
607030.014536 2475494.747319 0.000000
607029.334924 2475489.795870 0.000000
607028.655313 2475484.844421 0.000000
607027.975702 2475479.892973 0.000000
607027.296090 2475474.941524 0.000000
607026.616479 2475469.990075 0.000000
607025.936868 2475465.038626 0.000000
607025.257256 2475460.087178 0.000000
607024.577645 2475455.135729 0.000000
607023.898034 2475450.184280 0.000000
607023.218422 2475445.232831 0.000000
607022.538811 2475440.281383 0.000000
607021.859199 2475435.329934 0.000000
607021.179588 2475430.378485 0.000000
607020.499977 2475425.427037 0.000000
607019.820365 2475420.475588 0.000000
607019.140754 2475415.524139 0.000000
607018.461143 2475410.572690 0.000000
607017.781531 2475405.621242 0.000000
607017.101920 2475400.669793 0.000000
607016.422308 2475395.718344 0.000000
607015.742697 2475390.766896 0.000000
607015.063086 2475385.815447 0.000000
607014.383474 2475380.863998 0.000000
607013.703863 2475375.912549 0.000000
607013.024252 2475370.961101 0.000000
607012.344640 2475366.009652 0.000000
607011.665029 2475361.058203 0.000000
607010.985417 2475356.106755 0.000000
607010.305806 2475351.155306 0.000000
607009.626195 2475346.203857 0.000000
607008.946583 2475341.252408 0.000000
607008.266972 2475336.300960 0.000000
607007.587361 2475331.349511 0.000000
607006.907749 2475326.398062 0.000000
607006.228138 2475321.446613 0.000000
607005.548526 2475316.495165 0.000000
607004.868915 2475311.543716 0.000000
607004.189304 2475306.592267 0.000000
607003.509692 2475301.640819 0.000000
607002.830081 2475296.689370 0.000000
607002.150470 2475291.737921 0.000000
607001.470858 2475286.786472 0.000000
607000.791247 2475281.835024 0.000000
607000.111636 2475276.883575 0.000000
606999.432024 2475271.932126 0.000000
606998.752413 2475266.980678 0.000000
606998.072801 2475262.029229 0.000000
606997.393190 2475257.077780 0.000000
606996.713579 2475252.126331 0.000000
606996.033967 2475247.174883 0.000000
606995.354356 2475242.223434 0.000000
606994.674745 2475237.271985 0.000000
606993.995133 2475232.320536 0.000000
606993.315522 2475227.369088 0.000000
606992.635910 2475222.417639 0.000000
606991.956299 2475217.466190 0.000000
606991.276688 2475212.514742 0.000000
606990.597076 2475207.563293 0.000000
606989.917465 2475202.611844 0.000000
606989.237854 2475197.660395 0.000000
606988.558242 2475192.708947 0.000000
606987.878631 2475187.757498 0.000000
606987.199019 2475182.806049 0.000000
606986.519408 2475177.854601 0.000000
606985.839797 2475172.903152 0.000000
606985.160185 2475167.951703 0.000000
606984.480574 2475163.000254 0.000000
606983.800963 2475158.048806 0.000000
606983.121351 2475153.097357 0.000000
606982.441740 2475148.145908 0.000000
606981.762128 2475143.194460 0.000000
606981.082517 2475138.243011 0.000000
606980.402906 2475133.291562 0.000000
606979.723294 2475128.340113 0.000000
606979.043683 2475123.388665 0.000000
606978.364072 2475118.437216 0.000000
606977.684460 2475113.485767 0.000000
606977.004849 2475108.534318 0.000000
606976.325238 2475103.582870 0.000000
606975.645626 2475098.631421 0.000000
606974.966015 2475093.679972 0.000000
606974.286403 2475088.728524 0.000000
606973.606792 2475083.777075 0.000000
606972.927181 2475078.825626 0.000000
606972.247569 2475073.874177 0.000000
606971.567958 2475068.922729 0.000000
606970.888347 2475063.971280 0.000000
606970.208735 2475059.019831 0.000000
606969.529124 2475054.068383 0.000000
606968.849512 2475049.116934 0.000000
606968.169901 2475044.165485 0.000000
606967.490290 2475039.214036 0.000000
606966.810678 2475034.262588 0.000000
606966.131067 2475029.311139 0.000000
606965.451456 2475024.359690 0.000000
606964.771844 2475019.408242 0.000000
606964.092233 2475014.456793 0.000000
606963.412621 2475009.505344 0.000000
606962.733010 2475004.553895 0.000000
606962.053399 2474999.602447 0.000000
606961.373787 2474994.650998 0.000000
606960.694176 2474989.699549 0.000000
606960.014565 2474984.748100 0.000000
606959.099672 2474979.833214 0.000000
606958.184779 2474974.918328 0.000000
606957.269886 2474970.003442 0.000000
606956.354993 2474965.088556 0.000000
606955.440100 2474960.173670 0.000000
606954.525207 2474955.258784 0.000000
606953.610314 2474950.343898 0.000000
606952.695421 2474945.429012 0.000000
606951.780528 2474940.514126 0.000000
606950.865635 2474935.599240 0.000000
606949.950742 2474930.684354 0.000000
606949.035849 2474925.769468 0.000000
606948.120956 2474920.854582 0.000000
606947.206063 2474915.939696 0.000000
606946.291170 2474911.024810 0.000000
606945.376277 2474906.109924 0.000000
606944.461384 2474901.195038 0.000000
606943.546491 2474896.280152 0.000000
606942.631598 2474891.365266 0.000000
606941.716705 2474886.450380 0.000000
606940.801812 2474881.535494 0.000000
606939.886919 2474876.620607 0.000000
606938.972026 2474871.705721 0.000000
606938.057133 2474866.790835 0.000000
606937.142240 2474861.875949 0.000000
606936.227347 2474856.961063 0.000000
606935.312454 2474852.046177 0.000000
606934.397561 2474847.131291 0.000000
606933.482668 2474842.216405 0.000000
606932.567775 2474837.301519 0.000000
606931.652882 2474832.386633 0.000000
606930.737989 2474827.471747 0.000000
606929.823096 2474822.556861 0.000000
606928.908203 2474817.641975 0.000000
606927.993310 2474812.727089 0.000000
606927.078417 2474807.812203 0.000000
606926.163524 2474802.897317 0.000000
606925.248631 2474797.982431 0.000000
606924.333738 2474793.067545 0.000000
606923.418845 2474788.152659 0.000000
606922.503952 2474783.237773 0.000000
606921.589060 2474778.322887 0.000000
606920.674167 2474773.408001 0.000000
606919.759274 2474768.493115 0.000000
606918.844381 2474763.578228 0.000000
606917.929488 2474758.663342 0.000000
606917.014595 2474753.748456 0.000000
606915.809467 2474748.851028 0.000000
606914.604340 2474743.953600 0.000000
606913.399213 2474739.056171 0.000000
606912.194086 2474734.158743 0.000000
606910.988959 2474729.261315 0.000000
606909.783832 2474724.363887 0.000000
606908.578705 2474719.466458 0.000000
606907.373578 2474714.569030 0.000000
606906.168450 2474709.671602 0.000000
606904.963323 2474704.774173 0.000000
606903.758196 2474699.876745 0.000000
606902.553069 2474694.979317 0.000000
606901.347942 2474690.081888 0.000000
606900.142815 2474685.184460 0.000000
606898.937688 2474680.287032 0.000000
606897.732561 2474675.389603 0.000000
606896.527433 2474670.492175 0.000000
606895.322306 2474665.594747 0.000000
606894.117179 2474660.697319 0.000000
606892.912052 2474655.799890 0.000000
606891.706925 2474650.902462 0.000000
606890.501798 2474646.005034 0.000000
606889.296671 2474641.107605 0.000000
606888.091544 2474636.210177 0.000000
606886.886416 2474631.312749 0.000000
606885.681289 2474626.415320 0.000000
606884.476162 2474621.517892 0.000000
606883.271035 2474616.620464 0.000000
606882.065908 2474611.723036 0.000000
606880.860781 2474606.825607 0.000000
606879.655654 2474601.928179 0.000000
606878.450527 2474597.030751 0.000000
606877.245399 2474592.133322 0.000000
606876.040272 2474587.235894 0.000000
606874.835145 2474582.338466 0.000000
606873.630018 2474577.441037 0.000000
606872.424891 2474572.543609 0.000000
606871.219764 2474567.646181 0.000000
606870.014637 2474562.748752 0.000000
606868.537365 2474557.953305 0.000000
606867.060094 2474553.157858 0.000000
606865.582823 2474548.362411 0.000000
606864.105552 2474543.566964 0.000000
606862.628281 2474538.771517 0.000000
606861.151009 2474533.976070 0.000000
606859.673738 2474529.180623 0.000000
606858.196467 2474524.385176 0.000000
606856.719196 2474519.589729 0.000000
606855.241924 2474514.794282 0.000000
606853.764653 2474509.998835 0.000000
606852.287382 2474505.203388 0.000000
606850.810111 2474500.407941 0.000000
606849.332840 2474495.612494 0.000000
606847.855568 2474490.817046 0.000000
606846.378297 2474486.021599 0.000000
606844.901026 2474481.226152 0.000000
606843.423755 2474476.430705 0.000000
606841.946483 2474471.635258 0.000000
606840.469212 2474466.839811 0.000000
606838.991941 2474462.044364 0.000000
606837.514670 2474457.248917 0.000000
606836.037399 2474452.453470 0.000000
606834.560127 2474447.658023 0.000000
606833.082856 2474442.862576 0.000000
606831.605585 2474438.067129 0.000000
606830.128314 2474433.271682 0.000000
606828.651042 2474428.476235 0.000000
606827.173771 2474423.680788 0.000000
606825.696500 2474418.885340 0.000000
606824.219229 2474414.089893 0.000000
606822.741958 2474409.294446 0.000000
606821.264686 2474404.498999 0.000000
606819.787415 2474399.703552 0.000000
606818.310144 2474394.908105 0.000000
606816.832873 2474390.112658 0.000000
606815.355601 2474385.317211 0.000000
606813.878330 2474380.521764 0.000000
606812.401059 2474375.726317 0.000000
606810.923788 2474370.930870 0.000000
606809.446517 2474366.135423 0.000000
606807.969245 2474361.339976 0.000000
606806.491974 2474356.544529 0.000000
606805.014703 2474351.749082 0.000000
606803.226243 2474347.056781 0.000000
606801.437784 2474342.364481 0.000000
606799.649324 2474337.672181 0.000000
606797.860865 2474332.979880 0.000000
606796.072405 2474328.287580 0.000000
606794.283946 2474323.595280 0.000000
606792.495486 2474318.902979 0.000000
606790.707026 2474314.210679 0.000000
606788.918567 2474309.518379 0.000000
606787.130107 2474304.826078 0.000000
606785.341648 2474300.133778 0.000000
606783.553188 2474295.441478 0.000000
606781.764729 2474290.749177 0.000000
606779.976269 2474286.056877 0.000000
606778.187810 2474281.364577 0.000000
606776.399350 2474276.672276 0.000000
606774.610890 2474271.979976 0.000000
606772.822431 2474267.287676 0.000000
606771.033971 2474262.595375 0.000000
606769.245512 2474257.903075 0.000000
606767.457052 2474253.210775 0.000000
606765.668593 2474248.518474 0.000000
606763.880133 2474243.826174 0.000000
606762.091674 2474239.133874 0.000000
606760.303214 2474234.441573 0.000000
606758.514755 2474229.749273 0.000000
606756.726295 2474225.056973 0.000000
606754.937835 2474220.364673 0.000000
606753.149376 2474215.672372 0.000000
606751.360916 2474210.980072 0.000000
606749.572457 2474206.287772 0.000000
606747.783997 2474201.595471 0.000000
606745.995538 2474196.903171 0.000000
606744.207078 2474192.210871 0.000000
606742.418619 2474187.518570 0.000000
606740.630159 2474182.826270 0.000000
606738.841699 2474178.133970 0.000000
606737.053240 2474173.441669 0.000000
606735.264780 2474168.749369 0.000000
606733.476321 2474164.057069 0.000000
606731.687861 2474159.364768 0.000000
606729.899402 2474154.672468 0.000000
606728.110942 2474149.980168 0.000000
606726.322483 2474145.287867 0.000000
606724.534023 2474140.595567 0.000000
606722.745564 2474135.903267 0.000000
606720.957104 2474131.210966 0.000000
606719.168644 2474126.518666 0.000000
606717.380185 2474121.826366 0.000000
606715.591725 2474117.134065 0.000000
606713.803266 2474112.441765 0.000000
606712.014806 2474107.749465 0.000000
606710.009011 2474103.169762 0.000000
606708.003217 2474098.590059 0.000000
606705.997422 2474094.010356 0.000000
606703.991627 2474089.430653 0.000000
606701.985832 2474084.850950 0.000000
606699.980038 2474080.271247 0.000000
606697.974243 2474075.691545 0.000000
606695.968448 2474071.111842 0.000000
606693.962653 2474066.532139 0.000000
606691.956859 2474061.952436 0.000000
606689.951064 2474057.372733 0.000000
606687.945269 2474052.793030 0.000000
606685.939474 2474048.213327 0.000000
606683.933680 2474043.633624 0.000000
606681.927885 2474039.053921 0.000000
606679.922090 2474034.474218 0.000000
606677.916295 2474029.894515 0.000000
606675.910501 2474025.314813 0.000000
606673.904706 2474020.735110 0.000000
606671.898911 2474016.155407 0.000000
606669.893116 2474011.575704 0.000000
606667.887321 2474006.996001 0.000000
606665.881527 2474002.416298 0.000000
606663.875732 2473997.836595 0.000000
606661.869937 2473993.256892 0.000000
606659.864142 2473988.677189 0.000000
606657.858348 2473984.097486 0.000000
606655.852553 2473979.517784 0.000000
606653.846758 2473974.938081 0.000000
606651.840963 2473970.358378 0.000000
606649.835169 2473965.778675 0.000000
606647.829374 2473961.198972 0.000000
606645.823579 2473956.619269 0.000000
606643.817784 2473952.039566 0.000000
606641.811990 2473947.459863 0.000000
606639.806195 2473942.880160 0.000000
606637.800400 2473938.300457 0.000000
606635.794605 2473933.720755 0.000000
606633.788811 2473929.141052 0.000000
606631.783016 2473924.561349 0.000000
606629.777221 2473919.981646 0.000000
606627.771426 2473915.401943 0.000000
606625.765632 2473910.822240 0.000000
606623.759837 2473906.242537 0.000000
606621.754042 2473901.662834 0.000000
606619.748247 2473897.083131 0.000000
606617.742452 2473892.503428 0.000000
606615.736658 2473887.923726 0.000000
606613.730863 2473883.344023 0.000000
606611.725068 2473878.764320 0.000000
606609.719273 2473874.184617 0.000000
606607.713479 2473869.604914 0.000000
606605.707684 2473865.025211 0.000000
606603.701889 2473860.445508 0.000000
606601.696094 2473855.865805 0.000000
606599.690300 2473851.286102 0.000000
606597.684505 2473846.706399 0.000000
606595.678710 2473842.126696 0.000000
606593.672915 2473837.546994 0.000000
606591.667121 2473832.967291 0.000000
606589.661326 2473828.387588 0.000000
606587.655531 2473823.807885 0.000000
606585.649736 2473819.228182 0.000000
606583.643942 2473814.648479 0.000000
606581.638147 2473810.068776 0.000000
606579.632352 2473805.489073 0.000000
606577.626557 2473800.909370 0.000000
606575.620763 2473796.329667 0.000000
606573.614968 2473791.749965 0.000000
606571.609173 2473787.170262 0.000000
606569.603378 2473782.590559 0.000000
606567.597583 2473778.010856 0.000000
606565.591789 2473773.431153 0.000000
606563.585994 2473768.851450 0.000000
606561.580199 2473764.271747 0.000000
606559.574404 2473759.692044 0.000000
606557.568610 2473755.112341 0.000000
606555.562815 2473750.532638 0.000000
606553.557020 2473745.952936 0.000000
606551.551225 2473741.373233 0.000000
606549.545431 2473736.793530 0.000000
606547.539636 2473732.213827 0.000000
606545.533841 2473727.634124 0.000000
606543.528046 2473723.054421 0.000000
606541.522252 2473718.474718 0.000000
606539.516457 2473713.895015 0.000000
606537.510662 2473709.315312 0.000000
606535.504867 2473704.735609 0.000000
606533.499073 2473700.155907 0.000000
606531.493278 2473695.576204 0.000000
606529.487483 2473690.996501 0.000000
606527.481688 2473686.416798 0.000000
606525.475893 2473681.837095 0.000000
606523.470099 2473677.257392 0.000000
606521.464304 2473672.677689 0.000000
606519.458509 2473668.097986 0.000000
606517.452714 2473663.518283 0.000000
606515.446920 2473658.938580 0.000000
606513.441125 2473654.358877 0.000000
606511.435330 2473649.779175 0.000000
606509.429535 2473645.199472 0.000000
606507.423741 2473640.619769 0.000000
606505.417946 2473636.040066 0.000000
606503.412151 2473631.460363 0.000000
606501.406356 2473626.880660 0.000000
606499.400562 2473622.300957 0.000000
606497.394767 2473617.721254 0.000000
606495.388972 2473613.141551 0.000000
606493.383177 2473608.561848 0.000000
606491.377383 2473603.982146 0.000000
606489.371588 2473599.402443 0.000000
606487.365793 2473594.822740 0.000000
606485.359998 2473590.243037 0.000000
606483.354204 2473585.663334 0.000000
606481.348409 2473581.083631 0.000000
606479.342614 2473576.503928 0.000000
606477.336819 2473571.924225 0.000000
606475.331024 2473567.344522 0.000000
606473.325230 2473562.764819 0.000000
606471.319435 2473558.185117 0.000000
606469.313640 2473553.605414 0.000000
606467.307845 2473549.025711 0.000000
606465.302051 2473544.446008 0.000000
606463.296256 2473539.866305 0.000000
606461.290461 2473535.286602 0.000000
606459.284666 2473530.706899 0.000000
606457.278872 2473526.127196 0.000000
606455.273077 2473521.547493 0.000000
606453.267282 2473516.967790 0.000000
606451.261487 2473512.388088 0.000000
606449.255693 2473507.808385 0.000000
606447.249898 2473503.228682 0.000000
606445.244103 2473498.648979 0.000000
606443.238308 2473494.069276 0.000000
606441.232514 2473489.489573 0.000000
606439.226719 2473484.909870 0.000000
606437.220924 2473480.330167 0.000000
606435.215129 2473475.750464 0.000000
606433.209334 2473471.170761 0.000000
606431.203540 2473466.591059 0.000000
606429.197745 2473462.011356 0.000000
606427.191950 2473457.431653 0.000000
606425.186155 2473452.851950 0.000000
606423.180361 2473448.272247 0.000000
606421.174566 2473443.692544 0.000000
606419.168771 2473439.112841 0.000000
606417.162976 2473434.533138 0.000000
606415.157182 2473429.953435 0.000000
606413.151387 2473425.373732 0.000000
606411.145592 2473420.794029 0.000000
606409.139797 2473416.214327 0.000000
606407.134003 2473411.634624 0.000000
606405.128208 2473407.054921 0.000000
606403.122413 2473402.475218 0.000000
606401.116618 2473397.895515 0.000000
606399.110824 2473393.315812 0.000000
606397.105029 2473388.736109 0.000000
606395.099234 2473384.156406 0.000000
606393.093439 2473379.576703 0.000000
606391.087645 2473374.997000 0.000000
606389.081850 2473370.417298 0.000000
606387.076055 2473365.837595 0.000000
606385.070260 2473361.257892 0.000000
606383.064465 2473356.678189 0.000000
606381.058671 2473352.098486 0.000000
606379.052876 2473347.518783 0.000000
606377.047081 2473342.939080 0.000000
606375.041286 2473338.359377 0.000000
606373.035492 2473333.779674 0.000000
606371.029697 2473329.199971 0.000000
606369.023902 2473324.620269 0.000000
606367.018107 2473320.040566 0.000000
606365.012313 2473315.460863 0.000000
606363.006518 2473310.881160 0.000000
606361.000723 2473306.301457 0.000000
606358.994928 2473301.721754 0.000000
606356.989134 2473297.142051 0.000000
606354.983339 2473292.562348 0.000000
606352.977544 2473287.982645 0.000000
606350.971749 2473283.402942 0.000000
606348.965955 2473278.823240 0.000000
606346.960160 2473274.243537 0.000000
606344.954365 2473269.663834 0.000000
606342.948570 2473265.084131 0.000000
606340.942776 2473260.504428 0.000000
606338.936981 2473255.924725 0.000000
606336.931186 2473251.345022 0.000000
606334.925391 2473246.765319 0.000000
606332.919596 2473242.185616 0.000000
606330.913802 2473237.605913 0.000000
606328.908007 2473233.026210 0.000000
606326.902212 2473228.446508 0.000000
606324.896417 2473223.866805 0.000000
606322.890623 2473219.287102 0.000000
606320.884828 2473214.707399 0.000000
606318.879033 2473210.127696 0.000000
606316.873238 2473205.547993 0.000000
606314.867444 2473200.968290 0.000000
606312.861649 2473196.388587 0.000000
606310.855854 2473191.808884 0.000000
606308.850059 2473187.229181 0.000000
606306.844265 2473182.649479 0.000000
606304.838470 2473178.069776 0.000000
606302.832675 2473173.490073 0.000000
606300.826880 2473168.910370 0.000000
606298.821086 2473164.330667 0.000000
606296.815291 2473159.750964 0.000000
606294.809496 2473155.171261 0.000000
606292.803701 2473150.591558 0.000000
606290.797906 2473146.011855 0.000000
606288.792112 2473141.432152 0.000000
606286.786317 2473136.852450 0.000000
606284.780522 2473132.272747 0.000000
606282.774727 2473127.693044 0.000000
606280.768933 2473123.113341 0.000000
606278.763138 2473118.533638 0.000000
606276.757343 2473113.953935 0.000000
606274.751548 2473109.374232 0.000000
606272.745754 2473104.794529 0.000000
606270.739959 2473100.214826 0.000000
606268.734164 2473095.635123 0.000000
606266.728369 2473091.055421 0.000000
606264.722575 2473086.475718 0.000000
606262.716780 2473081.896015 0.000000
606260.710985 2473077.316312 0.000000
606258.705190 2473072.736609 0.000000
606256.699396 2473068.156906 0.000000
606254.693601 2473063.577203 0.000000
606252.687806 2473058.997500 0.000000
606250.682011 2473054.417797 0.000000
606248.676217 2473049.838094 0.000000
606246.670422 2473045.258392 0.000000
606244.664627 2473040.678689 0.000000
606242.658832 2473036.098986 0.000000
606240.653037 2473031.519283 0.000000
606238.647243 2473026.939580 0.000000
606236.641448 2473022.359877 0.000000
606234.635653 2473017.780174 0.000000
606232.629858 2473013.200471 0.000000
606230.624064 2473008.620768 0.000000
606228.618269 2473004.041065 0.000000
606226.612474 2472999.461362 0.000000
606224.606679 2472994.881660 0.000000
606222.600885 2472990.301957 0.000000
606220.595090 2472985.722254 0.000000
606218.589295 2472981.142551 0.000000
606216.583500 2472976.562848 0.000000
606214.577706 2472971.983145 0.000000
606212.571911 2472967.403442 0.000000
606210.566116 2472962.823739 0.000000
606208.560321 2472958.244036 0.000000
606206.554527 2472953.664333 0.000000
606204.548732 2472949.084631 0.000000
606202.542937 2472944.504928 0.000000
606200.537142 2472939.925225 0.000000
606198.531348 2472935.345522 0.000000
606196.525553 2472930.765819 0.000000
606194.519758 2472926.186116 0.000000
606192.513963 2472921.606413 0.000000
606190.508168 2472917.026710 0.000000
606188.502374 2472912.447007 0.000000
606186.496579 2472907.867304 0.000000
606184.490784 2472903.287602 0.000000
606182.484989 2472898.707899 0.000000
606180.479195 2472894.128196 0.000000
606178.473400 2472889.548493 0.000000
606176.467605 2472884.968790 0.000000
606174.461810 2472880.389087 0.000000
606172.456016 2472875.809384 0.000000
606170.450221 2472871.229681 0.000000
606168.444426 2472866.649978 0.000000
606166.438631 2472862.070275 0.000000
606164.432837 2472857.490573 0.000000
606162.427042 2472852.910870 0.000000
606160.421247 2472848.331167 0.000000
606158.415452 2472843.751464 0.000000
606156.409658 2472839.171761 0.000000
606154.403863 2472834.592058 0.000000
606152.398068 2472830.012355 0.000000
606150.392273 2472825.432652 0.000000
606148.386478 2472820.852949 0.000000
606146.380684 2472816.273246 0.000000
606144.374889 2472811.693543 0.000000
606142.369094 2472807.113841 0.000000
606140.363299 2472802.534138 0.000000
606138.357505 2472797.954435 0.000000
606136.351710 2472793.374732 0.000000
606134.345915 2472788.795029 0.000000
606132.340120 2472784.215326 0.000000
606130.334326 2472779.635623 0.000000
606128.328531 2472775.055920 0.000000
606126.322736 2472770.476217 0.000000
606124.316941 2472765.896514 0.000000
606122.311147 2472761.316812 0.000000
606120.305352 2472756.737109 0.000000
606118.299557 2472752.157406 0.000000
606116.293762 2472747.577703 0.000000
606114.287968 2472742.998000 0.000000
606112.282173 2472738.418297 0.000000
606110.276378 2472733.838594 0.000000
606108.270583 2472729.258891 0.000000
606106.264789 2472724.679188 0.000000
606104.258994 2472720.099485 0.000000
606102.253199 2472715.519783 0.000000
606100.247404 2472710.940080 0.000000
606098.241609 2472706.360377 0.000000
606096.235815 2472701.780674 0.000000
606094.230020 2472697.200971 0.000000
606092.224225 2472692.621268 0.000000
606090.218430 2472688.041565 0.000000
606088.212636 2472683.461862 0.000000
606086.206841 2472678.882159 0.000000
606084.201046 2472674.302456 0.000000
606082.195251 2472669.722754 0.000000
606080.189457 2472665.143051 0.000000
606078.183662 2472660.563348 0.000000
606076.177867 2472655.983645 0.000000
606074.172072 2472651.403942 0.000000
606072.166278 2472646.824239 0.000000
606070.160483 2472642.244536 0.000000
606068.154688 2472637.664833 0.000000
606066.148893 2472633.085130 0.000000
606064.143099 2472628.505427 0.000000
606062.137304 2472623.925724 0.000000
606060.131509 2472619.346022 0.000000
606058.125714 2472614.766319 0.000000
606056.119919 2472610.186616 0.000000
606054.114125 2472605.606913 0.000000
606052.108330 2472601.027210 0.000000
606050.102535 2472596.447507 0.000000
606048.096740 2472591.867804 0.000000
606046.090946 2472587.288101 0.000000
606044.085151 2472582.708398 0.000000
606042.079356 2472578.128695 0.000000
606040.073561 2472573.548993 0.000000
606038.067767 2472568.969290 0.000000
606036.061972 2472564.389587 0.000000
606034.056177 2472559.809884 0.000000
606032.050382 2472555.230181 0.000000
606030.044588 2472550.650478 0.000000
606028.038793 2472546.070775 0.000000
606026.032998 2472541.491072 0.000000
606024.027203 2472536.911369 0.000000
606022.021409 2472532.331666 0.000000
606020.015614 2472527.751964 0.000000
606018.009819 2472523.172261 0.000000
606016.004024 2472518.592558 0.000000
606013.998230 2472514.012855 0.000000
606011.992435 2472509.433152 0.000000
606009.986640 2472504.853449 0.000000
606007.980845 2472500.273746 0.000000
606005.975050 2472495.694043 0.000000
606003.969256 2472491.114340 0.000000
606001.963461 2472486.534637 0.000000
605999.957666 2472481.954935 0.000000
605997.951871 2472477.375232 0.000000
605995.946077 2472472.795529 0.000000
605993.940282 2472468.215826 0.000000
605991.934487 2472463.636123 0.000000
605989.928692 2472459.056420 0.000000
605987.922898 2472454.476717 0.000000
605985.917103 2472449.897014 0.000000
605983.911308 2472445.317311 0.000000
605981.905513 2472440.737608 0.000000
605979.899719 2472436.157906 0.000000
605977.893924 2472431.578203 0.000000
605975.888129 2472426.998500 0.000000
605973.882334 2472422.418797 0.000000
605971.876540 2472417.839094 0.000000
605969.870745 2472413.259391 0.000000
605967.864950 2472408.679688 0.000000
605965.859155 2472404.099985 0.000000
605963.853361 2472399.520282 0.000000
605961.847566 2472394.940579 0.000000
605959.841771 2472390.360876 0.000000
605957.835976 2472385.781174 0.000000
605955.830181 2472381.201471 0.000000
605953.824387 2472376.621768 0.000000
605951.818592 2472372.042065 0.000000
605949.812797 2472367.462362 0.000000
605947.807002 2472362.882659 0.000000
605945.801208 2472358.302956 0.000000
605943.795413 2472353.723253 0.000000
605941.789618 2472349.143550 0.000000
605939.783823 2472344.563847 0.000000
605937.778029 2472339.984145 0.000000
605935.772234 2472335.404442 0.000000
605933.766439 2472330.824739 0.000000
605931.760644 2472326.245036 0.000000
605929.754850 2472321.665333 0.000000
605927.749055 2472317.085630 0.000000
605925.743260 2472312.505927 0.000000
605923.737465 2472307.926224 0.000000
605921.731671 2472303.346521 0.000000
605919.725876 2472298.766818 0.000000
605917.720081 2472294.187116 0.000000
605915.714286 2472289.607413 0.000000
605913.708491 2472285.027710 0.000000
605911.702697 2472280.448007 0.000000
605909.696902 2472275.868304 0.000000
605907.691107 2472271.288601 0.000000
605905.685312 2472266.708898 0.000000
605903.679518 2472262.129195 0.000000
605901.673723 2472257.549492 0.000000
605899.667928 2472252.969789 0.000000
605897.662133 2472248.390087 0.000000
605895.656339 2472243.810384 0.000000
605893.650544 2472239.230681 0.000000
605891.644749 2472234.650978 0.000000
605889.638954 2472230.071275 0.000000
605887.633160 2472225.491572 0.000000
605885.627365 2472220.911869 0.000000
605883.621570 2472216.332166 0.000000
605881.615775 2472211.752463 0.000000
605879.609981 2472207.172760 0.000000
605877.604186 2472202.593057 0.000000
605875.598391 2472198.013355 0.000000
605873.592596 2472193.433652 0.000000
605871.586802 2472188.853949 0.000000
605869.581007 2472184.274246 0.000000
605867.575212 2472179.694543 0.000000
605865.569417 2472175.114840 0.000000
605863.563622 2472170.535137 0.000000
605861.557828 2472165.955434 0.000000
605859.552033 2472161.375731 0.000000
605857.546238 2472156.796028 0.000000
605855.540443 2472152.216326 0.000000
605853.534649 2472147.636623 0.000000
605851.528854 2472143.056920 0.000000
605849.523059 2472138.477217 0.000000
605847.517264 2472133.897514 0.000000
605845.511470 2472129.317811 0.000000
605843.505675 2472124.738108 0.000000
605841.499880 2472120.158405 0.000000
605839.494085 2472115.578702 0.000000
605837.488291 2472110.998999 0.000000
605835.482496 2472106.419297 0.000000
605833.476701 2472101.839594 0.000000
605831.470906 2472097.259891 0.000000
605829.465112 2472092.680188 0.000000
605827.459317 2472088.100485 0.000000
605825.453522 2472083.520782 0.000000
605823.447727 2472078.941079 0.000000
605821.441933 2472074.361376 0.000000
605819.436138 2472069.781673 0.000000
605817.430343 2472065.201970 0.000000
605815.424548 2472060.622268 0.000000
605813.418753 2472056.042565 0.000000
605811.412959 2472051.462862 0.000000
605809.407164 2472046.883159 0.000000
605807.401369 2472042.303456 0.000000
605805.395574 2472037.723753 0.000000
605803.389780 2472033.144050 0.000000
605801.383985 2472028.564347 0.000000
605799.378190 2472023.984644 0.000000
605797.372395 2472019.404941 0.000000
605795.366601 2472014.825239 0.000000
605793.360806 2472010.245536 0.000000
605791.355011 2472005.665833 0.000000
605789.349216 2472001.086130 0.000000
605787.343422 2471996.506427 0.000000
605785.337627 2471991.926724 0.000000
605783.331832 2471987.347021 0.000000
605781.326037 2471982.767318 0.000000
605779.320243 2471978.187615 0.000000
605777.314448 2471973.607912 0.000000
605775.308653 2471969.028209 0.000000
605773.302858 2471964.448507 0.000000
605771.297063 2471959.868804 0.000000
605769.291269 2471955.289101 0.000000
605767.285474 2471950.709398 0.000000
605765.279679 2471946.129695 0.000000
605763.273884 2471941.549992 0.000000
605761.268090 2471936.970289 0.000000
605759.262295 2471932.390586 0.000000
605757.256500 2471927.810883 0.000000
605755.250705 2471923.231180 0.000000
605753.244911 2471918.651478 0.000000
605751.239116 2471914.071775 0.000000
605749.233321 2471909.492072 0.000000
605747.227526 2471904.912369 0.000000
605745.221732 2471900.332666 0.000000
605743.215937 2471895.752963 0.000000
605741.210142 2471891.173260 0.000000
605739.204347 2471886.593557 0.000000
605737.198553 2471882.013854 0.000000
605735.192758 2471877.434151 0.000000
605733.186963 2471872.854449 0.000000
605731.181168 2471868.274746 0.000000
605729.175374 2471863.695043 0.000000
605727.169579 2471859.115340 0.000000
605725.163784 2471854.535637 0.000000
605723.157989 2471849.955934 0.000000
605721.152194 2471845.376231 0.000000
605719.146400 2471840.796528 0.000000
605717.140605 2471836.216825 0.000000
605715.134810 2471831.637122 0.000000
605713.129015 2471827.057420 0.000000
605711.123221 2471822.477717 0.000000
605709.117426 2471817.898014 0.000000
605707.111631 2471813.318311 0.000000
605705.105836 2471808.738608 0.000000
605703.100042 2471804.158905 0.000000
605701.094247 2471799.579202 0.000000
605699.088452 2471794.999499 0.000000
605697.082657 2471790.419796 0.000000
605695.076863 2471785.840093 0.000000
605693.071068 2471781.260390 0.000000
605691.065273 2471776.680688 0.000000
605689.059478 2471772.100985 0.000000
605687.053684 2471767.521282 0.000000
605685.047889 2471762.941579 0.000000
605683.042094 2471758.361876 0.000000
605681.036299 2471753.782173 0.000000
605679.030504 2471749.202470 0.000000
605677.024710 2471744.622767 0.000000
605675.018915 2471740.043064 0.000000
605673.013120 2471735.463361 0.000000
605671.007325 2471730.883659 0.000000
605669.001531 2471726.303956 0.000000
605666.995736 2471721.724253 0.000000
605664.989941 2471717.144550 0.000000
605662.984146 2471712.564847 0.000000
605660.978352 2471707.985144 0.000000
605658.972557 2471703.405441 0.000000
605656.966762 2471698.825738 0.000000
605654.960967 2471694.246035 0.000000
605652.955173 2471689.666332 0.000000
605650.949378 2471685.086630 0.000000
605648.943583 2471680.506927 0.000000
605646.937788 2471675.927224 0.000000
605644.931994 2471671.347521 0.000000
605642.926199 2471666.767818 0.000000
605640.920404 2471662.188115 0.000000
605638.914609 2471657.608412 0.000000
605636.908815 2471653.028709 0.000000
605634.903020 2471648.449006 0.000000
605632.897225 2471643.869303 0.000000
605630.891430 2471639.289601 0.000000
605628.885635 2471634.709898 0.000000
605626.879841 2471630.130195 0.000000
605624.874046 2471625.550492 0.000000
605622.868251 2471620.970789 0.000000
605620.862456 2471616.391086 0.000000
605618.856662 2471611.811383 0.000000
605616.850867 2471607.231680 0.000000
605614.845072 2471602.651977 0.000000
605612.839277 2471598.072274 0.000000
605610.833483 2471593.492571 0.000000
605608.827688 2471588.912869 0.000000
605606.821893 2471584.333166 0.000000
605604.816098 2471579.753463 0.000000
605602.810304 2471575.173760 0.000000
605600.804509 2471570.594057 0.000000
605598.798714 2471566.014354 0.000000
605596.792919 2471561.434651 0.000000
605594.787125 2471556.854948 0.000000
605592.781330 2471552.275245 0.000000
605590.775535 2471547.695542 0.000000
605588.769740 2471543.115840 0.000000
605586.763946 2471538.536137 0.000000
605584.758151 2471533.956434 0.000000
605582.752356 2471529.376731 0.000000
605580.746561 2471524.797028 0.000000
605578.740766 2471520.217325 0.000000
605576.734972 2471515.637622 0.000000
605574.729177 2471511.057919 0.000000
605572.723382 2471506.478216 0.000000
605570.717587 2471501.898513 0.000000
605568.711793 2471497.318811 0.000000
605566.705998 2471492.739108 0.000000
605564.700203 2471488.159405 0.000000
605562.694408 2471483.579702 0.000000
605560.688614 2471478.999999 0.000000
605558.682819 2471474.420296 0.000000
605556.677024 2471469.840593 0.000000
605554.671229 2471465.260890 0.000000
605552.665435 2471460.681187 0.000000
605550.659640 2471456.101484 0.000000
605548.653845 2471451.521782 0.000000
605546.648050 2471446.942079 0.000000
605544.642256 2471442.362376 0.000000
605542.636461 2471437.782673 0.000000
605540.630666 2471433.202970 0.000000
605538.624871 2471428.623267 0.000000
605536.619076 2471424.043564 0.000000
605534.613282 2471419.463861 0.000000
605532.607487 2471414.884158 0.000000
605530.601692 2471410.304455 0.000000
605528.595897 2471405.724753 0.000000
605526.590103 2471401.145050 0.000000
605524.584308 2471396.565347 0.000000
605522.578513 2471391.985644 0.000000
605520.572718 2471387.405941 0.000000
605518.566924 2471382.826238 0.000000
605516.561129 2471378.246535 0.000000
605514.555334 2471373.666832 0.000000
605512.549539 2471369.087129 0.000000
605510.543745 2471364.507426 0.000000
605508.537950 2471359.927723 0.000000
605506.532155 2471355.348021 0.000000
605504.526360 2471350.768318 0.000000
605502.520566 2471346.188615 0.000000
605500.514771 2471341.608912 0.000000
605498.508976 2471337.029209 0.000000
605496.503181 2471332.449506 0.000000
605494.497387 2471327.869803 0.000000
605492.491592 2471323.290100 0.000000
605490.485797 2471318.710397 0.000000
605488.480002 2471314.130694 0.000000
605486.474207 2471309.550992 0.000000
605484.468413 2471304.971289 0.000000
605482.462618 2471300.391586 0.000000
605480.456823 2471295.811883 0.000000
605478.451028 2471291.232180 0.000000
605476.445234 2471286.652477 0.000000
605474.439439 2471282.072774 0.000000
605472.433644 2471277.493071 0.000000
605470.427849 2471272.913368 0.000000
605468.422055 2471268.333665 0.000000
605466.416260 2471263.753963 0.000000
605464.410465 2471259.174260 0.000000
605462.404670 2471254.594557 0.000000
605460.398876 2471250.014854 0.000000
605458.393081 2471245.435151 0.000000
605456.387286 2471240.855448 0.000000
605454.381491 2471236.275745 0.000000
605452.375697 2471231.696042 0.000000
605450.369902 2471227.116339 0.000000
605448.364107 2471222.536636 0.000000
605446.358312 2471217.956934 0.000000
605444.352517 2471213.377231 0.000000
605442.346723 2471208.797528 0.000000
605440.340928 2471204.217825 0.000000
605438.335133 2471199.638122 0.000000
605436.329338 2471195.058419 0.000000
605434.323544 2471190.478716 0.000000
605432.317749 2471185.899013 0.000000
605430.311954 2471181.319310 0.000000
605428.306159 2471176.739607 0.000000
605426.300365 2471172.159904 0.000000
605424.294570 2471167.580202 0.000000
605422.288775 2471163.000499 0.000000
605420.282980 2471158.420796 0.000000
605418.277186 2471153.841093 0.000000
605416.271391 2471149.261390 0.000000
605414.265596 2471144.681687 0.000000
605412.259801 2471140.101984 0.000000
605410.254007 2471135.522281 0.000000
605408.248212 2471130.942578 0.000000
605406.242417 2471126.362875 0.000000
605404.236622 2471121.783173 0.000000
605402.230828 2471117.203470 0.000000
605400.225033 2471112.623767 0.000000
605398.219238 2471108.044064 0.000000
605396.213443 2471103.464361 0.000000
605394.207648 2471098.884658 0.000000
605392.201854 2471094.304955 0.000000
605390.196059 2471089.725252 0.000000
605388.190264 2471085.145549 0.000000
605386.184469 2471080.565846 0.000000
605384.178675 2471075.986144 0.000000
605382.172880 2471071.406441 0.000000
605380.167085 2471066.826738 0.000000
605378.161290 2471062.247035 0.000000
605376.155496 2471057.667332 0.000000
605374.149701 2471053.087629 0.000000
605372.143906 2471048.507926 0.000000
605370.138111 2471043.928223 0.000000
605368.132317 2471039.348520 0.000000
605366.126522 2471034.768817 0.000000
605364.120727 2471030.189115 0.000000
605362.114932 2471025.609412 0.000000
605360.109138 2471021.029709 0.000000
605358.103343 2471016.450006 0.000000
605356.097548 2471011.870303 0.000000
605354.091753 2471007.290600 0.000000
605352.085959 2471002.710897 0.000000
605350.080164 2470998.131194 0.000000
605348.074369 2470993.551491 0.000000
605346.068574 2470988.971788 0.000000
605344.062779 2470984.392086 0.000000
605342.056985 2470979.812383 0.000000
605340.051190 2470975.232680 0.000000
605338.045395 2470970.652977 0.000000
605336.039600 2470966.073274 0.000000
605334.033806 2470961.493571 0.000000
605332.028011 2470956.913868 0.000000
605330.022216 2470952.334165 0.000000
605328.016421 2470947.754462 0.000000
