FFASCI 0 1 "LINES" 0 1e+10
FFATTR 0 1
->1
610542.008965 2473596.749656 0.000000
610536.999798 2473596.988188 0.000000
610531.990631 2473597.226721 0.000000
610526.981465 2473597.465253 0.000000
610521.972298 2473597.703786 0.000000
610516.963131 2473597.942318 0.000000
610511.953964 2473598.180851 0.000000
610506.944798 2473598.419383 0.000000
610501.935631 2473598.657916 0.000000
610496.926464 2473598.896448 0.000000
610491.917298 2473599.134981 0.000000
610486.908131 2473599.373513 0.000000
610481.898964 2473599.612046 0.000000
610476.889797 2473599.850578 0.000000
610471.880631 2473600.089111 0.000000
610466.871464 2473600.327643 0.000000
610461.862297 2473600.566176 0.000000
610456.853130 2473600.804708 0.000000
610451.843964 2473601.043241 0.000000
610446.834797 2473601.281773 0.000000
610441.825630 2473601.520306 0.000000
610436.816463 2473601.758838 0.000000
610431.807297 2473601.997371 0.000000
610426.798130 2473602.235904 0.000000
610421.788963 2473602.474436 0.000000
610416.779796 2473602.712969 0.000000
610411.770630 2473602.951501 0.000000
610406.761463 2473603.190034 0.000000
610401.752296 2473603.428566 0.000000
610396.743130 2473603.667099 0.000000
610391.733963 2473603.905631 0.000000
610386.724796 2473604.144164 0.000000
610381.715629 2473604.382696 0.000000
610376.706463 2473604.621229 0.000000
610371.697296 2473604.859761 0.000000
610366.688129 2473605.098294 0.000000
610361.678962 2473605.336826 0.000000
610356.669796 2473605.575359 0.000000
610351.660629 2473605.813891 0.000000
610346.651462 2473606.052424 0.000000
610341.642295 2473606.290956 0.000000
610336.633129 2473606.529489 0.000000
610331.623962 2473606.768021 0.000000
610326.614795 2473607.006554 0.000000
610321.605628 2473607.245087 0.000000
610316.596462 2473607.483619 0.000000
610311.587295 2473607.722152 0.000000
610306.578128 2473607.960684 0.000000
610301.568962 2473608.199217 0.000000
610296.559795 2473608.437749 0.000000
610291.550628 2473608.676282 0.000000
610286.541461 2473608.914814 0.000000
610281.532295 2473609.153347 0.000000
610276.523128 2473609.391879 0.000000
610271.513961 2473609.630412 0.000000
610266.504794 2473609.868944 0.000000
610261.495628 2473610.107477 0.000000
610256.486461 2473610.346009 0.000000
610251.477294 2473610.584542 0.000000
610246.468127 2473610.823074 0.000000
610241.458961 2473611.061607 0.000000
610236.449794 2473611.300139 0.000000
610231.440627 2473611.538672 0.000000
610226.431461 2473611.777204 0.000000
610221.422294 2473612.015737 0.000000
610216.413127 2473612.254270 0.000000
610211.403960 2473612.492802 0.000000
610206.394794 2473612.731335 0.000000
610201.385627 2473612.969867 0.000000
610196.376460 2473613.208400 0.000000
610191.367293 2473613.446932 0.000000
610186.358127 2473613.685465 0.000000
610181.348960 2473613.923997 0.000000
610176.339793 2473614.162530 0.000000
610171.330626 2473614.401062 0.000000
610166.321460 2473614.639595 0.000000
610161.312293 2473614.878127 0.000000
610156.303126 2473615.116660 0.000000
610151.293959 2473615.355192 0.000000
610146.284793 2473615.593725 0.000000
610141.275626 2473615.832257 0.000000
610136.266459 2473616.070790 0.000000
610131.257293 2473616.309322 0.000000
610126.248126 2473616.547855 0.000000
610121.238959 2473616.786387 0.000000
610116.229792 2473617.024920 0.000000
610111.220626 2473617.263452 0.000000
610106.211459 2473617.501985 0.000000
610101.202292 2473617.740518 0.000000
610096.193125 2473617.979050 0.000000
610091.183959 2473618.217583 0.000000
610086.174792 2473618.456115 0.000000
610081.165625 2473618.694648 0.000000
610076.156458 2473618.933180 0.000000
610071.147292 2473619.171713 0.000000
610066.138125 2473619.410245 0.000000
610061.128958 2473619.648778 0.000000
610056.119791 2473619.887310 0.000000
610051.110625 2473620.125843 0.000000
610046.101458 2473620.364375 0.000000
610041.092291 2473620.602908 0.000000
610036.083125 2473620.841440 0.000000
610031.073958 2473621.079973 0.000000
610026.064791 2473621.318505 0.000000
610021.055624 2473621.557038 0.000000
610016.046458 2473621.795570 0.000000
610011.037291 2473622.034103 0.000000
610006.028124 2473622.272635 0.000000
610001.018957 2473622.511168 0.000000
609996.009791 2473622.749701 0.000000
609991.037576 2473623.388589 0.000000
609986.065361 2473624.027478 0.000000
609981.093147 2473624.666367 0.000000
609976.120932 2473625.305255 0.000000
609971.148717 2473625.944144 0.000000
609966.176503 2473626.583033 0.000000
609961.204288 2473627.221921 0.000000
609956.232073 2473627.860810 0.000000
609951.259859 2473628.499699 0.000000
609946.287644 2473629.138587 0.000000
609941.315430 2473629.777476 0.000000
609936.343215 2473630.416365 0.000000
609931.371000 2473631.055253 0.000000
609926.398786 2473631.694142 0.000000
609921.426571 2473632.333031 0.000000
609916.454356 2473632.971920 0.000000
609911.482142 2473633.610808 0.000000
609906.509927 2473634.249697 0.000000
609901.537712 2473634.888586 0.000000
609896.565498 2473635.527474 0.000000
609891.593283 2473636.166363 0.000000
609886.621069 2473636.805252 0.000000
609881.648854 2473637.444140 0.000000
609876.676639 2473638.083029 0.000000
609871.704425 2473638.721918 0.000000
609866.732210 2473639.360806 0.000000
609861.759995 2473639.999695 0.000000
609856.787781 2473640.638584 0.000000
609851.815566 2473641.277472 0.000000
609846.843351 2473641.916361 0.000000
609841.871137 2473642.555250 0.000000
609836.898922 2473643.194139 0.000000
609831.926707 2473643.833027 0.000000
609826.954493 2473644.471916 0.000000
609821.982278 2473645.110805 0.000000
609817.010064 2473645.749693 0.000000
609812.010071 2473646.083027 0.000000
609807.010079 2473646.416360 0.000000
609802.010086 2473646.749694 0.000000
609797.010094 2473647.083028 0.000000
609792.010101 2473647.416361 0.000000
609787.010109 2473647.749695 0.000000
609782.010117 2473648.083028 0.000000
609777.010124 2473648.416362 0.000000
609772.010132 2473648.749696 0.000000
609767.010139 2473649.083029 0.000000
609762.010147 2473649.416363 0.000000
609757.010154 2473649.749696 0.000000
609752.010162 2473650.083030 0.000000
609747.010170 2473650.416364 0.000000
609742.010177 2473650.749697 0.000000
609737.010185 2473651.083031 0.000000
609732.010192 2473651.416364 0.000000
609727.010200 2473651.749698 0.000000
609722.010208 2473652.083032 0.000000
609717.010215 2473652.416365 0.000000
609712.010223 2473652.749699 0.000000
609707.010230 2473652.655950 0.000000
609702.010238 2473652.562201 0.000000
609697.010245 2473652.468452 0.000000
609692.010253 2473652.374702 0.000000
609687.010260 2473652.280953 0.000000
609682.010268 2473652.187204 0.000000
609677.010275 2473652.093455 0.000000
609672.010283 2473651.999706 0.000000
609667.010290 2473651.905957 0.000000
609662.010298 2473651.812208 0.000000
609657.010305 2473651.718459 0.000000
609652.010313 2473651.624710 0.000000
609647.010320 2473651.530961 0.000000
609642.010328 2473651.437212 0.000000
609637.010335 2473651.343462 0.000000
609632.010343 2473651.249713 0.000000
609627.010350 2473651.155964 0.000000
609622.010358 2473651.062215 0.000000
609617.010365 2473650.968466 0.000000
609612.010373 2473650.874717 0.000000
609607.010380 2473650.780968 0.000000
609602.010388 2473650.687219 0.000000
609597.010395 2473650.593470 0.000000
609592.010403 2473650.499721 0.000000
609587.010410 2473650.405972 0.000000
609582.010418 2473650.312222 0.000000
609577.010425 2473650.218473 0.000000
609572.010433 2473650.124724 0.000000
609567.010440 2473650.030975 0.000000
609562.010448 2473649.937226 0.000000
609557.010455 2473649.843477 0.000000
609552.010463 2473649.749728 0.000000
609547.023984 2473649.344324 0.000000
609542.037505 2473648.938920 0.000000
609537.051026 2473648.533516 0.000000
609532.064547 2473648.128112 0.000000
609527.078068 2473647.722708 0.000000
609522.091589 2473647.317304 0.000000
609517.105110 2473646.911900 0.000000
609512.118631 2473646.506496 0.000000
609507.132152 2473646.101092 0.000000
609502.145673 2473645.695688 0.000000
609497.159194 2473645.290284 0.000000
609492.172714 2473644.884880 0.000000
609487.186235 2473644.479476 0.000000
609482.199756 2473644.074072 0.000000
609477.213277 2473643.668668 0.000000
609472.226798 2473643.263264 0.000000
609467.240319 2473642.857859 0.000000
609462.253840 2473642.452455 0.000000
609457.267361 2473642.047051 0.000000
609452.280882 2473641.641647 0.000000
609447.294403 2473641.236243 0.000000
609442.307924 2473640.830839 0.000000
609437.321445 2473640.425435 0.000000
609432.334966 2473640.020031 0.000000
609427.348487 2473639.614627 0.000000
609422.362008 2473639.209223 0.000000
609417.375529 2473638.803819 0.000000
609412.389050 2473638.398415 0.000000
609407.402571 2473637.993011 0.000000
609402.416092 2473637.587607 0.000000
609397.429613 2473637.182203 0.000000
609392.443134 2473636.776799 0.000000
609387.456655 2473636.371395 0.000000
609382.470175 2473635.965991 0.000000
609377.483696 2473635.560587 0.000000
609372.497217 2473635.155183 0.000000
609367.510738 2473634.749779 0.000000
609362.524259 2473634.344375 0.000000
609357.537780 2473633.938971 0.000000
609352.551301 2473633.533567 0.000000
609347.564822 2473633.128163 0.000000
609342.578343 2473632.722759 0.000000
609337.591864 2473632.317355 0.000000
609332.605385 2473631.911951 0.000000
609327.618906 2473631.506547 0.000000
609322.632427 2473631.101143 0.000000
609317.645948 2473630.695739 0.000000
609312.659469 2473630.290335 0.000000
609307.672990 2473629.884931 0.000000
609302.686511 2473629.479527 0.000000
609297.700032 2473629.074123 0.000000
609292.713553 2473628.668719 0.000000
609287.727074 2473628.263315 0.000000
609282.740595 2473627.857910 0.000000
609277.754116 2473627.452506 0.000000
609272.767637 2473627.047102 0.000000
609267.781157 2473626.641698 0.000000
609262.794678 2473626.236294 0.000000
609257.808199 2473625.830890 0.000000
609252.821720 2473625.425486 0.000000
609247.835241 2473625.020082 0.000000
609242.848762 2473624.614678 0.000000
609237.862283 2473624.209274 0.000000
609232.875804 2473623.803870 0.000000
609227.889325 2473623.398466 0.000000
609222.902846 2473622.993062 0.000000
609217.916367 2473622.587658 0.000000
609212.929888 2473622.182254 0.000000
609207.943409 2473621.776850 0.000000
609202.956930 2473621.371446 0.000000
609197.970451 2473620.966042 0.000000
609192.983972 2473620.560638 0.000000
609187.997493 2473620.155234 0.000000
609183.011014 2473619.749830 0.000000
609178.011021 2473619.845069 0.000000
609173.011029 2473619.940307 0.000000
609168.011036 2473620.035546 0.000000
609163.011044 2473620.130785 0.000000
609158.011051 2473620.226024 0.000000
609153.011059 2473620.321262 0.000000
609148.011067 2473620.416501 0.000000
609143.011074 2473620.511740 0.000000
609138.011082 2473620.606978 0.000000
609133.011089 2473620.702217 0.000000
609128.011097 2473620.797456 0.000000
609123.011104 2473620.892695 0.000000
609118.011112 2473620.987933 0.000000
609113.011119 2473621.083172 0.000000
609108.011127 2473621.178411 0.000000
609103.011134 2473621.273649 0.000000
609098.011142 2473621.368888 0.000000
609093.011149 2473621.464127 0.000000
609088.011157 2473621.559366 0.000000
609083.011165 2473621.654604 0.000000
609078.011172 2473621.749843 0.000000
609073.011180 2473621.984411 0.000000
609068.011187 2473622.218980 0.000000
609063.011195 2473622.453548 0.000000
609058.011202 2473622.688116 0.000000
609053.011210 2473622.922685 0.000000
609048.011217 2473623.157253 0.000000
609043.011225 2473623.391821 0.000000
609038.011233 2473623.626389 0.000000
609033.011240 2473623.860958 0.000000
609028.011248 2473624.095526 0.000000
609023.011255 2473624.330094 0.000000
609018.011263 2473624.564663 0.000000
609013.011270 2473624.799231 0.000000
609008.011278 2473625.033799 0.000000
609003.011286 2473625.268368 0.000000
608998.011293 2473625.502936 0.000000
608993.011301 2473625.737504 0.000000
608988.011308 2473625.972073 0.000000
608983.011316 2473626.206641 0.000000
608978.011323 2473626.441209 0.000000
608973.011331 2473626.675777 0.000000
608968.011338 2473626.910346 0.000000
608963.011346 2473627.144914 0.000000
608958.011354 2473627.379482 0.000000
608953.011361 2473627.614051 0.000000
608948.011369 2473627.848619 0.000000
608943.011376 2473628.083187 0.000000
608938.011384 2473628.317756 0.000000
608933.011391 2473628.552324 0.000000
608928.011399 2473628.786892 0.000000
608923.011406 2473629.021461 0.000000
608918.011414 2473629.256029 0.000000
608913.011422 2473629.490597 0.000000
608908.011429 2473629.725165 0.000000
608903.011437 2473629.959734 0.000000
608898.011444 2473630.194302 0.000000
608893.011452 2473630.428870 0.000000
608888.011459 2473630.663439 0.000000
608883.011467 2473630.898007 0.000000
608878.011475 2473631.132575 0.000000
608873.011482 2473631.367144 0.000000
608868.011490 2473631.601712 0.000000
608863.011497 2473631.836280 0.000000
608858.011505 2473632.070849 0.000000
608853.011512 2473632.305417 0.000000
608848.011520 2473632.539985 0.000000
608843.011527 2473632.774554 0.000000
608838.011535 2473633.009122 0.000000
608833.011543 2473633.243690 0.000000
608828.011550 2473633.478258 0.000000
608823.011558 2473633.712827 0.000000
608818.011565 2473633.947395 0.000000
608813.011573 2473634.181963 0.000000
608808.011580 2473634.416532 0.000000
608803.011588 2473634.651100 0.000000
608798.011596 2473634.885668 0.000000
608793.011603 2473635.120237 0.000000
608788.011611 2473635.354805 0.000000
608783.011618 2473635.589373 0.000000
608778.011626 2473635.823942 0.000000
608773.011633 2473636.058510 0.000000
608768.011641 2473636.293078 0.000000
608763.011648 2473636.527646 0.000000
608758.011656 2473636.762215 0.000000
608753.011664 2473636.996783 0.000000
608748.011671 2473637.231351 0.000000
608743.011679 2473637.465920 0.000000
608738.011686 2473637.700488 0.000000
608733.011694 2473637.935056 0.000000
608728.011701 2473638.169625 0.000000
608723.011709 2473638.404193 0.000000
608718.011716 2473638.638761 0.000000
608713.011724 2473638.873330 0.000000
608708.011732 2473639.107898 0.000000
608703.011739 2473639.342466 0.000000
608698.011747 2473639.577034 0.000000
608693.011754 2473639.811603 0.000000
608688.011762 2473640.046171 0.000000
608683.011769 2473640.280739 0.000000
608678.011777 2473640.515308 0.000000
608673.011785 2473640.749876 0.000000
608668.044050 2473641.266005 0.000000
608663.076316 2473641.782134 0.000000
608658.108581 2473642.298263 0.000000
608653.140847 2473642.814392 0.000000
608648.173113 2473643.330521 0.000000
608643.205378 2473643.846650 0.000000
608638.237644 2473644.362779 0.000000
608633.269910 2473644.878908 0.000000
608628.302175 2473645.395037 0.000000
608623.334441 2473645.911166 0.000000
608618.366706 2473646.427295 0.000000
608613.398972 2473646.943424 0.000000
608608.431238 2473647.459553 0.000000
608603.463503 2473647.975682 0.000000
608598.495769 2473648.491811 0.000000
608593.528034 2473649.007940 0.000000
608588.560300 2473649.524069 0.000000
608583.592566 2473650.040198 0.000000
608578.624831 2473650.556327 0.000000
608573.657097 2473651.072456 0.000000
608568.689363 2473651.588585 0.000000
608563.721628 2473652.104714 0.000000
608558.753894 2473652.620843 0.000000
608553.786159 2473653.136972 0.000000
608548.818425 2473653.653101 0.000000
608543.850691 2473654.169230 0.000000
608538.882956 2473654.685359 0.000000
608533.915222 2473655.201488 0.000000
608528.947488 2473655.717617 0.000000
608523.979753 2473656.233746 0.000000
608519.012019 2473656.749875 0.000000
608514.083455 2473657.635589 0.000000
608509.154891 2473658.521303 0.000000
608504.226327 2473659.407016 0.000000
608499.297763 2473660.292730 0.000000
608494.369199 2473661.178444 0.000000
608489.440636 2473662.064157 0.000000
608484.512072 2473662.949871 0.000000
608479.583508 2473663.835585 0.000000
608474.654944 2473664.721298 0.000000
608469.726380 2473665.607012 0.000000
608464.797816 2473666.492726 0.000000
608459.869252 2473667.378440 0.000000
608454.940688 2473668.264153 0.000000
608450.012125 2473669.149867 0.000000
608445.083561 2473670.035581 0.000000
608440.154997 2473670.921294 0.000000
608435.226433 2473671.807008 0.000000
608430.297869 2473672.692722 0.000000
608425.369305 2473673.578435 0.000000
608420.440741 2473674.464149 0.000000
608415.512177 2473675.349863 0.000000
608410.583613 2473676.235576 0.000000
608405.655050 2473677.121290 0.000000
608400.726486 2473678.007004 0.000000
608395.797922 2473678.892718 0.000000
608390.869358 2473679.778431 0.000000
608385.940794 2473680.664145 0.000000
608381.012230 2473681.549859 0.000000
608376.083666 2473682.435572 0.000000
608371.155102 2473683.321286 0.000000
608366.226539 2473684.207000 0.000000
608361.297975 2473685.092713 0.000000
608356.369411 2473685.978427 0.000000
608351.440847 2473686.864141 0.000000
608346.512283 2473687.749854 0.000000
608341.583719 2473688.635568 0.000000
608336.655155 2473689.521282 0.000000
608331.726591 2473690.406996 0.000000
608326.798028 2473691.292709 0.000000
608321.869464 2473692.178423 0.000000
608316.940900 2473693.064137 0.000000
608312.012336 2473693.949850 0.000000
608307.083772 2473694.835564 0.000000
608302.155208 2473695.721278 0.000000
608297.226644 2473696.606991 0.000000
608292.298080 2473697.492705 0.000000
608287.369517 2473698.378419 0.000000
608282.440953 2473699.264132 0.000000
608277.512389 2473700.149846 0.000000
608272.583825 2473701.035560 0.000000
608267.655261 2473701.921274 0.000000
608262.726697 2473702.806987 0.000000
608257.798133 2473703.692701 0.000000
608252.869569 2473704.578415 0.000000
608247.941006 2473705.464128 0.000000
608243.012442 2473706.349842 0.000000
608238.083878 2473707.235556 0.000000
608233.155314 2473708.121269 0.000000
608228.226750 2473709.006983 0.000000
608223.298186 2473709.892697 0.000000
608218.369622 2473710.778410 0.000000
608213.441058 2473711.664124 0.000000
608208.512495 2473712.549838 0.000000
608203.583931 2473713.435552 0.000000
608198.655367 2473714.321265 0.000000
608193.726803 2473715.206979 0.000000
608188.798239 2473716.092693 0.000000
608183.869675 2473716.978406 0.000000
608178.941111 2473717.864120 0.000000
608174.012547 2473718.749834 0.000000
608169.012555 2473719.273643 0.000000
608164.012563 2473719.797453 0.000000
608159.012570 2473720.321262 0.000000
608154.012578 2473720.845072 0.000000
608149.012585 2473721.368881 0.000000
608144.012593 2473721.892691 0.000000
608139.012601 2473722.416500 0.000000
608134.012608 2473722.940310 0.000000
608129.012616 2473723.464119 0.000000
608124.012623 2473723.987929 0.000000
608119.012631 2473724.511738 0.000000
608114.012639 2473725.035548 0.000000
608109.012646 2473725.559357 0.000000
608104.012654 2473726.083167 0.000000
608099.012662 2473726.606976 0.000000
608094.012669 2473727.130786 0.000000
608089.012677 2473727.654595 0.000000
608084.012684 2473728.178405 0.000000
608079.012692 2473728.702214 0.000000
608074.012700 2473729.226023 0.000000
608069.012707 2473729.749833 0.000000
608064.019858 2473729.985548 0.000000
608059.027008 2473730.221262 0.000000
608054.034158 2473730.456977 0.000000
608049.041309 2473730.692692 0.000000
608044.048459 2473730.928406 0.000000
608039.055610 2473731.164121 0.000000
608034.062760 2473731.399836 0.000000
608029.069910 2473731.635550 0.000000
608024.077061 2473731.871265 0.000000
608019.084211 2473732.106980 0.000000
608014.091362 2473732.342694 0.000000
608009.098512 2473732.578409 0.000000
608004.105662 2473732.814124 0.000000
607999.112813 2473733.049839 0.000000
607994.119963 2473733.285553 0.000000
607989.127114 2473733.521268 0.000000
607984.134264 2473733.756983 0.000000
607979.141414 2473733.992697 0.000000
607974.148565 2473734.228412 0.000000
607969.155715 2473734.464127 0.000000
607964.162866 2473734.699841 0.000000
607959.170016 2473734.935556 0.000000
607954.177167 2473735.171271 0.000000
607949.184317 2473735.406985 0.000000
607944.191467 2473735.642700 0.000000
607939.198618 2473735.878415 0.000000
607934.205768 2473736.114129 0.000000
607929.212919 2473736.349844 0.000000
607924.220069 2473736.585559 0.000000
607919.227219 2473736.821273 0.000000
607914.234370 2473737.056988 0.000000
607909.241520 2473737.292703 0.000000
607904.248671 2473737.528417 0.000000
607899.255821 2473737.764132 0.000000
607894.262971 2473737.999847 0.000000
607889.270122 2473738.235562 0.000000
607884.277272 2473738.471276 0.000000
607879.284423 2473738.706991 0.000000
607874.291573 2473738.942706 0.000000
607869.298723 2473739.178420 0.000000
607864.305874 2473739.414135 0.000000
607859.313024 2473739.649850 0.000000
607854.320175 2473739.885564 0.000000
607849.327325 2473740.121279 0.000000
607844.334475 2473740.356994 0.000000
607839.341626 2473740.592708 0.000000
607834.348776 2473740.828423 0.000000
607829.355927 2473741.064138 0.000000
607824.363077 2473741.299852 0.000000
607819.370228 2473741.535567 0.000000
607814.377378 2473741.771282 0.000000
607809.384528 2473742.006996 0.000000
607804.391679 2473742.242711 0.000000
607799.398829 2473742.478426 0.000000
607794.405980 2473742.714141 0.000000
607789.413130 2473742.949855 0.000000
607784.420280 2473743.185570 0.000000
607779.427431 2473743.421285 0.000000
607774.434581 2473743.656999 0.000000
607769.441732 2473743.892714 0.000000
607764.448882 2473744.128429 0.000000
607759.456032 2473744.364143 0.000000
607754.463183 2473744.599858 0.000000
607749.470333 2473744.835573 0.000000
607744.477484 2473745.071287 0.000000
607739.484634 2473745.307002 0.000000
607734.491784 2473745.542717 0.000000
607729.498935 2473745.778431 0.000000
607724.506085 2473746.014146 0.000000
607719.513236 2473746.249861 0.000000
607714.520386 2473746.485575 0.000000
607709.527536 2473746.721290 0.000000
607704.534687 2473746.957005 0.000000
607699.541837 2473747.192719 0.000000
607694.548988 2473747.428434 0.000000
607689.556138 2473747.664149 0.000000
607684.563289 2473747.899864 0.000000
607679.570439 2473748.135578 0.000000
607674.577589 2473748.371293 0.000000
607669.584740 2473748.607008 0.000000
607664.591890 2473748.842722 0.000000
607659.599041 2473749.078437 0.000000
607654.606191 2473749.314152 0.000000
607649.613341 2473749.549866 0.000000
607644.620492 2473749.785581 0.000000
607639.627642 2473750.021296 0.000000
607634.634793 2473750.257010 0.000000
607629.641943 2473750.492725 0.000000
607624.649093 2473750.728440 0.000000
607619.656244 2473750.964154 0.000000
607614.663394 2473751.199869 0.000000
607609.670545 2473751.435584 0.000000
607604.677695 2473751.671298 0.000000
607599.684845 2473751.907013 0.000000
607594.691996 2473752.142728 0.000000
607589.699146 2473752.378442 0.000000
607584.706297 2473752.614157 0.000000
607579.713447 2473752.849872 0.000000
607574.720597 2473753.085587 0.000000
607569.727748 2473753.321301 0.000000
607564.734898 2473753.557016 0.000000
607559.742049 2473753.792731 0.000000
607554.749199 2473754.028445 0.000000
607549.756350 2473754.264160 0.000000
607544.763500 2473754.499875 0.000000
607539.770650 2473754.735589 0.000000
607534.777801 2473754.971304 0.000000
607529.784951 2473755.207019 0.000000
607524.792102 2473755.442733 0.000000
607519.799252 2473755.678448 0.000000
607514.806402 2473755.914163 0.000000
607509.813553 2473756.149877 0.000000
607504.820703 2473756.385592 0.000000
607499.827854 2473756.621307 0.000000
607494.835004 2473756.857021 0.000000
607489.842154 2473757.092736 0.000000
607484.849305 2473757.328451 0.000000
607479.856455 2473757.564166 0.000000
607474.863606 2473757.799880 0.000000
607469.870756 2473758.035595 0.000000
607464.877906 2473758.271310 0.000000
607459.885057 2473758.507024 0.000000
607454.892207 2473758.742739 0.000000
607449.899358 2473758.978454 0.000000
607444.906508 2473759.214168 0.000000
607439.913658 2473759.449883 0.000000
607434.920809 2473759.685598 0.000000
607429.927959 2473759.921312 0.000000
607424.935110 2473760.157027 0.000000
607419.942260 2473760.392742 0.000000
607414.949411 2473760.628456 0.000000
607409.956561 2473760.864171 0.000000
607404.963711 2473761.099886 0.000000
607399.970862 2473761.335600 0.000000
607394.978012 2473761.571315 0.000000
607389.985163 2473761.807030 0.000000
607384.992313 2473762.042744 0.000000
607379.999463 2473762.278459 0.000000
607375.006614 2473762.514174 0.000000
607370.013764 2473762.749889 0.000000
607365.013772 2473762.749889 0.000000
607360.013779 2473762.749890 0.000000
607355.013787 2473762.749891 0.000000
607350.013794 2473762.749892 0.000000
607345.013802 2473762.749892 0.000000
607340.013809 2473762.749893 0.000000
607335.013817 2473762.749894 0.000000
607330.013824 2473762.749895 0.000000
607325.013832 2473762.749895 0.000000
607320.013839 2473762.749896 0.000000
607315.013847 2473762.749897 0.000000
607310.013855 2473762.749898 0.000000
607305.013862 2473762.749898 0.000000
607300.013870 2473762.749899 0.000000
607295.013877 2473762.749900 0.000000
607290.013885 2473762.749901 0.000000
607285.013892 2473762.749901 0.000000
607280.013900 2473762.749902 0.000000
607275.013907 2473762.749903 0.000000
607270.013915 2473762.749904 0.000000
607265.013922 2473762.749904 0.000000
607260.013930 2473762.749905 0.000000
607255.013937 2473762.749906 0.000000
607250.013945 2473762.749907 0.000000
607245.013952 2473762.749907 0.000000
607240.013960 2473762.749908 0.000000
607235.013967 2473762.749909 0.000000
607230.013975 2473762.749910 0.000000
607225.013982 2473762.749910 0.000000
607220.013990 2473762.749911 0.000000
607215.013997 2473762.749912 0.000000
607210.014005 2473762.749913 0.000000
607205.014013 2473762.749913 0.000000
607200.014020 2473762.749914 0.000000
607195.014028 2473762.749915 0.000000
607190.014035 2473762.749916 0.000000
607185.014043 2473762.749916 0.000000
607180.014050 2473762.749917 0.000000
607175.014058 2473762.749918 0.000000
607170.014065 2473762.749919 0.000000
607165.014073 2473762.749919 0.000000
607160.014080 2473762.749920 0.000000
607155.014088 2473762.749921 0.000000
607150.014095 2473762.749922 0.000000
607145.014103 2473762.749922 0.000000
607140.014110 2473762.749923 0.000000
607135.014118 2473762.749924 0.000000
607130.014125 2473762.749925 0.000000
607125.014133 2473762.749925 0.000000
607120.014140 2473762.749926 0.000000
607115.014148 2473762.749927 0.000000
607110.014156 2473762.749928 0.000000
607105.014163 2473762.749928 0.000000
607100.014171 2473762.957476 0.000000
607095.014178 2473763.165024 0.000000
607090.014186 2473763.372571 0.000000
607085.014193 2473763.580119 0.000000
607080.014201 2473763.787666 0.000000
607075.014208 2473763.995214 0.000000
607070.014216 2473764.202762 0.000000
607065.014224 2473764.410309 0.000000
607060.014231 2473764.617857 0.000000
607055.014239 2473764.825404 0.000000
607050.014246 2473765.032952 0.000000
607045.014254 2473765.240500 0.000000
607040.014261 2473765.448047 0.000000
607035.014269 2473765.655595 0.000000
607030.014276 2473765.863142 0.000000
607025.014284 2473766.070690 0.000000
607020.014292 2473766.278238 0.000000
607015.014299 2473766.485785 0.000000
607010.014307 2473766.693333 0.000000
607005.014314 2473766.900880 0.000000
607000.014322 2473767.108428 0.000000
606995.014329 2473767.315976 0.000000
606990.014337 2473767.523523 0.000000
606985.014344 2473767.731071 0.000000
606980.014352 2473767.938618 0.000000
606975.014360 2473768.146166 0.000000
606970.014367 2473768.353714 0.000000
606965.014375 2473768.561261 0.000000
606960.014382 2473768.768809 0.000000
606955.014390 2473768.976356 0.000000
606950.014397 2473769.183904 0.000000
606945.014405 2473769.391452 0.000000
606940.014412 2473769.598999 0.000000
606935.014420 2473769.806547 0.000000
606930.014428 2473770.014094 0.000000
606925.014435 2473770.221642 0.000000
606920.014443 2473770.429190 0.000000
606915.014450 2473770.636737 0.000000
606910.014458 2473770.844285 0.000000
606905.014465 2473771.051832 0.000000
606900.014473 2473771.259380 0.000000
606895.014480 2473771.466928 0.000000
606890.014488 2473771.674475 0.000000
606885.014496 2473771.882023 0.000000
606880.014503 2473772.089571 0.000000
606875.014511 2473772.297118 0.000000
606870.014518 2473772.504666 0.000000
606865.014526 2473772.712213 0.000000
606860.014533 2473772.919761 0.000000
606855.014541 2473773.127309 0.000000
606850.014548 2473773.334856 0.000000
606845.014556 2473773.542404 0.000000
606840.014564 2473773.749951 0.000000
606835.014571 2473773.957499 0.000000
606830.014579 2473774.165047 0.000000
606825.014586 2473774.372594 0.000000
606820.014594 2473774.580142 0.000000
606815.014601 2473774.787689 0.000000
606810.014609 2473774.995237 0.000000
606805.014616 2473775.202785 0.000000
606800.014624 2473775.410332 0.000000
606795.014632 2473775.617880 0.000000
606790.014639 2473775.825427 0.000000
606785.014647 2473776.032975 0.000000
606780.014654 2473776.240523 0.000000
606775.014662 2473776.448070 0.000000
606770.014669 2473776.655618 0.000000
606765.014677 2473776.863165 0.000000
606760.014684 2473777.070713 0.000000
606755.014692 2473777.278261 0.000000
606750.014700 2473777.485808 0.000000
606745.014707 2473777.693356 0.000000
606740.014715 2473777.900903 0.000000
606735.014722 2473778.108451 0.000000
606730.014730 2473778.315999 0.000000
606725.014737 2473778.523546 0.000000
606720.014745 2473778.731094 0.000000
606715.014752 2473778.938641 0.000000
606710.014760 2473779.146189 0.000000
606705.014768 2473779.353737 0.000000
606700.014775 2473779.561284 0.000000
606695.014783 2473779.768832 0.000000
606690.014790 2473779.976379 0.000000
606685.014798 2473780.183927 0.000000
606680.014805 2473780.391475 0.000000
606675.014813 2473780.599022 0.000000
606670.014821 2473780.806570 0.000000
606665.014828 2473781.014117 0.000000
606660.014836 2473781.221665 0.000000
606655.014843 2473781.429213 0.000000
606650.014851 2473781.636760 0.000000
606645.014858 2473781.844308 0.000000
606640.014866 2473782.051855 0.000000
606635.014873 2473782.259403 0.000000
606630.014881 2473782.466951 0.000000
606625.014889 2473782.674498 0.000000
606620.014896 2473782.882046 0.000000
606615.014904 2473783.089593 0.000000
606610.014911 2473783.297141 0.000000
606605.014919 2473783.504689 0.000000
606600.014926 2473783.712236 0.000000
606595.014934 2473783.919784 0.000000
606590.014941 2473784.127331 0.000000
606585.014949 2473784.334879 0.000000
606580.014957 2473784.542427 0.000000
606575.014964 2473784.749974 0.000000
606570.014972 2473784.957522 0.000000
606565.014979 2473785.165070 0.000000
606560.014987 2473785.372617 0.000000
606555.014994 2473785.580165 0.000000
606550.015002 2473785.787712 0.000000
606545.015009 2473785.995260 0.000000
606540.015017 2473786.202808 0.000000
606535.015025 2473786.410355 0.000000
606530.015032 2473786.617903 0.000000
606525.015040 2473786.825450 0.000000
606520.015047 2473787.032998 0.000000
606515.015055 2473787.240546 0.000000
606510.015062 2473787.448093 0.000000
606505.015070 2473787.655641 0.000000
606500.015077 2473787.863188 0.000000
606495.015085 2473788.070736 0.000000
606490.015093 2473788.278284 0.000000
606485.015100 2473788.485831 0.000000
606480.015108 2473788.693379 0.000000
606475.015115 2473788.900926 0.000000
606470.015123 2473789.108474 0.000000
606465.015130 2473789.316022 0.000000
606460.015138 2473789.523569 0.000000
606455.015145 2473789.731117 0.000000
606450.015153 2473789.938664 0.000000
606445.015161 2473790.146212 0.000000
606440.015168 2473790.353760 0.000000
606435.015176 2473790.561307 0.000000
606430.015183 2473790.768855 0.000000
606425.015191 2473790.976402 0.000000
606420.015198 2473791.183950 0.000000
606415.015206 2473791.391498 0.000000
606410.015213 2473791.599045 0.000000
606405.015221 2473791.806593 0.000000
606400.015229 2473792.014140 0.000000
606395.015236 2473792.221688 0.000000
606390.015244 2473792.429236 0.000000
606385.015251 2473792.636783 0.000000
606380.015259 2473792.844331 0.000000
606375.015266 2473793.051878 0.000000
606370.015274 2473793.259426 0.000000
606365.015281 2473793.466974 0.000000
606360.015289 2473793.674521 0.000000
606355.015297 2473793.882069 0.000000
606350.015304 2473794.089616 0.000000
606345.015312 2473794.297164 0.000000
606340.015319 2473794.504712 0.000000
606335.015327 2473794.712259 0.000000
606330.015334 2473794.919807 0.000000
606325.015342 2473795.127354 0.000000
606320.015349 2473795.334902 0.000000
606315.015357 2473795.542450 0.000000
606310.015365 2473795.749997 0.000000
606305.037594 2473796.238886 0.000000
606300.059824 2473796.727775 0.000000
606295.082054 2473797.216664 0.000000
606290.104284 2473797.705553 0.000000
606285.126514 2473798.194442 0.000000
606280.148743 2473798.683331 0.000000
606275.170973 2473799.172219 0.000000
606270.193203 2473799.661108 0.000000
606265.215433 2473800.149997 0.000000
606260.237662 2473800.638886 0.000000
606255.259892 2473801.127775 0.000000
606250.282122 2473801.616664 0.000000
606245.304352 2473802.105553 0.000000
606240.326582 2473802.594442 0.000000
606235.348811 2473803.083331 0.000000
606230.371041 2473803.572219 0.000000
606225.393271 2473804.061108 0.000000
606220.415501 2473804.549997 0.000000
606215.437731 2473805.038886 0.000000
606210.459960 2473805.527775 0.000000
606205.482190 2473806.016664 0.000000
606200.504420 2473806.505553 0.000000
606195.526650 2473806.994442 0.000000
606190.548880 2473807.483331 0.000000
606185.571109 2473807.972220 0.000000
606180.593339 2473808.461108 0.000000
606175.615569 2473808.949997 0.000000
606170.637799 2473809.438886 0.000000
606165.660028 2473809.927775 0.000000
606160.682258 2473810.416664 0.000000
606155.704488 2473810.905553 0.000000
606150.726718 2473811.394442 0.000000
606145.748948 2473811.883331 0.000000
606140.771177 2473812.372220 0.000000
606135.793407 2473812.861108 0.000000
606130.815637 2473813.349997 0.000000
606125.837867 2473813.838886 0.000000
606120.860097 2473814.327775 0.000000
606115.882326 2473814.816664 0.000000
606110.904556 2473815.305553 0.000000
606105.926786 2473815.794442 0.000000
606100.949016 2473816.283331 0.000000
606095.971245 2473816.772220 0.000000
606090.993475 2473817.261108 0.000000
606086.015705 2473817.749997 0.000000
606081.030638 2473817.988804 0.000000
606076.045571 2473818.227610 0.000000
606071.060504 2473818.466416 0.000000
606066.075437 2473818.705223 0.000000
606061.090370 2473818.944029 0.000000
606056.105303 2473819.182835 0.000000
606051.120235 2473819.421642 0.000000
606046.135168 2473819.660448 0.000000
606041.150101 2473819.899254 0.000000
606036.165034 2473820.138061 0.000000
606031.179967 2473820.376867 0.000000
606026.194900 2473820.615673 0.000000
606021.209833 2473820.854480 0.000000
606016.224766 2473821.093286 0.000000
606011.239699 2473821.332093 0.000000
606006.254632 2473821.570899 0.000000
606001.269565 2473821.809705 0.000000
605996.284497 2473822.048512 0.000000
605991.299430 2473822.287318 0.000000
605986.314363 2473822.526124 0.000000
605981.329296 2473822.764931 0.000000
605976.344229 2473823.003737 0.000000
605971.359162 2473823.242543 0.000000
605966.374095 2473823.481350 0.000000
605961.389028 2473823.720156 0.000000
605956.403961 2473823.958962 0.000000
605951.418894 2473824.197769 0.000000
605946.433827 2473824.436575 0.000000
605941.448759 2473824.675381 0.000000
605936.463692 2473824.914188 0.000000
605931.478625 2473825.152994 0.000000
605926.493558 2473825.391800 0.000000
605921.508491 2473825.630607 0.000000
605916.523424 2473825.869413 0.000000
605911.538357 2473826.108219 0.000000
605906.553290 2473826.347026 0.000000
605901.568223 2473826.585832 0.000000
605896.583156 2473826.824639 0.000000
605891.598089 2473827.063445 0.000000
605886.613022 2473827.302251 0.000000
605881.627954 2473827.541058 0.000000
605876.642887 2473827.779864 0.000000
605871.657820 2473828.018670 0.000000
605866.672753 2473828.257477 0.000000
605861.687686 2473828.496283 0.000000
605856.702619 2473828.735089 0.000000
605851.717552 2473828.973896 0.000000
605846.732485 2473829.212702 0.000000
605841.747418 2473829.451508 0.000000
605836.762351 2473829.690315 0.000000
605831.777284 2473829.929121 0.000000
605826.792216 2473830.167927 0.000000
605821.807149 2473830.406734 0.000000
605816.822082 2473830.645540 0.000000
605811.837015 2473830.884346 0.000000
605806.851948 2473831.123153 0.000000
605801.866881 2473831.361959 0.000000
605796.881814 2473831.600765 0.000000
605791.896747 2473831.839572 0.000000
605786.911680 2473832.078378 0.000000
605781.926613 2473832.317185 0.000000
605776.941546 2473832.555991 0.000000
605771.956479 2473832.794797 0.000000
605766.971411 2473833.033604 0.000000
605761.986344 2473833.272410 0.000000
605757.001277 2473833.511216 0.000000
605752.016210 2473833.750023 0.000000
605747.016218 2473834.132376 0.000000
605742.016225 2473834.514729 0.000000
605737.016233 2473834.897082 0.000000
605732.016240 2473835.279435 0.000000
605727.016248 2473835.661788 0.000000
605722.016256 2473836.044141 0.000000
605717.016263 2473836.426494 0.000000
605712.016271 2473836.808847 0.000000
605707.016278 2473837.191201 0.000000
605702.016286 2473837.573554 0.000000
605697.016294 2473837.955907 0.000000
605692.016301 2473838.338260 0.000000
605687.016309 2473838.720613 0.000000
605682.016316 2473839.102966 0.000000
605677.016324 2473839.485319 0.000000
605672.016331 2473839.867672 0.000000
605667.016339 2473840.250025 0.000000
605662.016347 2473840.632378 0.000000
605657.016354 2473841.014732 0.000000
605652.016362 2473841.397085 0.000000
605647.016369 2473841.779438 0.000000
605642.016377 2473842.161791 0.000000
605637.016385 2473842.544144 0.000000
605632.016392 2473842.926497 0.000000
605627.016400 2473843.308850 0.000000
605622.016407 2473843.691203 0.000000
605617.016415 2473844.073556 0.000000
605612.016422 2473844.455910 0.000000
605607.016430 2473844.838263 0.000000
605602.016438 2473845.220616 0.000000
605597.016445 2473845.602969 0.000000
605592.016453 2473845.985322 0.000000
605587.016460 2473846.367675 0.000000
605582.016468 2473846.750028 0.000000
605577.023113 2473846.984542 0.000000
605572.029757 2473847.219055 0.000000
605567.036402 2473847.453569 0.000000
605562.043047 2473847.688083 0.000000
605557.049692 2473847.922596 0.000000
605552.056336 2473848.157110 0.000000
605547.062981 2473848.391624 0.000000
605542.069626 2473848.626137 0.000000
605537.076270 2473848.860651 0.000000
605532.082915 2473849.095165 0.000000
605527.089560 2473849.329678 0.000000
605522.096205 2473849.564192 0.000000
605517.102849 2473849.798706 0.000000
605512.109494 2473850.033219 0.000000
605507.116139 2473850.267733 0.000000
605502.122783 2473850.502247 0.000000
605497.129428 2473850.736760 0.000000
605492.136073 2473850.971274 0.000000
605487.142718 2473851.205787 0.000000
605482.149362 2473851.440301 0.000000
605477.156007 2473851.674815 0.000000
605472.162652 2473851.909328 0.000000
605467.169297 2473852.143842 0.000000
605462.175941 2473852.378356 0.000000
605457.182586 2473852.612869 0.000000
605452.189231 2473852.847383 0.000000
605447.195875 2473853.081897 0.000000
605442.202520 2473853.316410 0.000000
605437.209165 2473853.550924 0.000000
605432.215810 2473853.785438 0.000000
605427.222454 2473854.019951 0.000000
605422.229099 2473854.254465 0.000000
605417.235744 2473854.488979 0.000000
605412.242388 2473854.723492 0.000000
605407.249033 2473854.958006 0.000000
605402.255678 2473855.192520 0.000000
605397.262323 2473855.427033 0.000000
605392.268967 2473855.661547 0.000000
605387.275612 2473855.896060 0.000000
605382.282257 2473856.130574 0.000000
605377.288901 2473856.365088 0.000000
605372.295546 2473856.599601 0.000000
605367.302191 2473856.834115 0.000000
605362.308836 2473857.068629 0.000000
605357.315480 2473857.303142 0.000000
605352.322125 2473857.537656 0.000000
605347.328770 2473857.772170 0.000000
605342.335414 2473858.006683 0.000000
605337.342059 2473858.241197 0.000000
605332.348704 2473858.475711 0.000000
605327.355349 2473858.710224 0.000000
605322.361993 2473858.944738 0.000000
605317.368638 2473859.179252 0.000000
605312.375283 2473859.413765 0.000000
605307.381928 2473859.648279 0.000000
605302.388572 2473859.882793 0.000000
605297.395217 2473860.117306 0.000000
605292.401862 2473860.351820 0.000000
605287.408506 2473860.586333 0.000000
605282.415151 2473860.820847 0.000000
605277.421796 2473861.055361 0.000000
605272.428441 2473861.289874 0.000000
605267.435085 2473861.524388 0.000000
605262.441730 2473861.758902 0.000000
605257.448375 2473861.993415 0.000000
605252.455019 2473862.227929 0.000000
605247.461664 2473862.462443 0.000000
605242.468309 2473862.696956 0.000000
605237.474954 2473862.931470 0.000000
605232.481598 2473863.165984 0.000000
605227.488243 2473863.400497 0.000000
605222.494888 2473863.635011 0.000000
605217.501532 2473863.869525 0.000000
605212.508177 2473864.104038 0.000000
605207.514822 2473864.338552 0.000000
605202.521467 2473864.573066 0.000000
605197.528111 2473864.807579 0.000000
605192.534756 2473865.042093 0.000000
605187.541401 2473865.276606 0.000000
605182.548045 2473865.511120 0.000000
605177.554690 2473865.745634 0.000000
605172.561335 2473865.980147 0.000000
605167.567980 2473866.214661 0.000000
605162.574624 2473866.449175 0.000000
605157.581269 2473866.683688 0.000000
605152.587914 2473866.918202 0.000000
605147.594559 2473867.152716 0.000000
605142.601203 2473867.387229 0.000000
605137.607848 2473867.621743 0.000000
605132.614493 2473867.856257 0.000000
605127.621137 2473868.090770 0.000000
605122.627782 2473868.325284 0.000000
605117.634427 2473868.559798 0.000000
605112.641072 2473868.794311 0.000000
605107.647716 2473869.028825 0.000000
605102.654361 2473869.263339 0.000000
605097.661006 2473869.497852 0.000000
605092.667650 2473869.732366 0.000000
605087.674295 2473869.966879 0.000000
605082.680940 2473870.201393 0.000000
605077.687585 2473870.435907 0.000000
605072.694229 2473870.670420 0.000000
605067.700874 2473870.904934 0.000000
605062.707519 2473871.139448 0.000000
605057.714163 2473871.373961 0.000000
605052.720808 2473871.608475 0.000000
605047.727453 2473871.842989 0.000000
605042.734098 2473872.077502 0.000000
605037.740742 2473872.312016 0.000000
605032.747387 2473872.546530 0.000000
605027.754032 2473872.781043 0.000000
605022.760676 2473873.015557 0.000000
605017.767321 2473873.250071 0.000000
605012.773966 2473873.484584 0.000000
605007.780611 2473873.719098 0.000000
605002.787255 2473873.953612 0.000000
604997.793900 2473874.188125 0.000000
604992.800545 2473874.422639 0.000000
604987.807190 2473874.657152 0.000000
604982.813834 2473874.891666 0.000000
604977.820479 2473875.126180 0.000000
604972.827124 2473875.360693 0.000000
604967.833768 2473875.595207 0.000000
604962.840413 2473875.829721 0.000000
604957.847058 2473876.064234 0.000000
604952.853703 2473876.298748 0.000000
604947.860347 2473876.533262 0.000000
604942.866992 2473876.767775 0.000000
604937.873637 2473877.002289 0.000000
604932.880281 2473877.236803 0.000000
604927.886926 2473877.471316 0.000000
604922.893571 2473877.705830 0.000000
604917.900216 2473877.940344 0.000000
604912.906860 2473878.174857 0.000000
604907.913505 2473878.409371 0.000000
604902.920150 2473878.643885 0.000000
604897.926794 2473878.878398 0.000000
604892.933439 2473879.112912 0.000000
604887.940084 2473879.347425 0.000000
604882.946729 2473879.581939 0.000000
604877.953373 2473879.816453 0.000000
604872.960018 2473880.050966 0.000000
604867.966663 2473880.285480 0.000000
604862.973307 2473880.519994 0.000000
604857.979952 2473880.754507 0.000000
604852.986597 2473880.989021 0.000000
604847.993242 2473881.223535 0.000000
604842.999886 2473881.458048 0.000000
604838.006531 2473881.692562 0.000000
604833.013176 2473881.927076 0.000000
604828.019821 2473882.161589 0.000000
604823.026465 2473882.396103 0.000000
604818.033110 2473882.630617 0.000000
604813.039755 2473882.865130 0.000000
604808.046399 2473883.099644 0.000000
604803.053044 2473883.334158 0.000000
604798.059689 2473883.568671 0.000000
604793.066334 2473883.803185 0.000000
604788.072978 2473884.037698 0.000000
604783.079623 2473884.272212 0.000000
604778.086268 2473884.506726 0.000000
604773.092912 2473884.741239 0.000000
604768.099557 2473884.975753 0.000000
604763.106202 2473885.210267 0.000000
604758.112847 2473885.444780 0.000000
604753.119491 2473885.679294 0.000000
604748.126136 2473885.913808 0.000000
604743.132781 2473886.148321 0.000000
604738.139425 2473886.382835 0.000000
604733.146070 2473886.617349 0.000000
604728.152715 2473886.851862 0.000000
604723.159360 2473887.086376 0.000000
604718.166004 2473887.320890 0.000000
604713.172649 2473887.555403 0.000000
604708.179294 2473887.789917 0.000000
604703.185938 2473888.024431 0.000000
604698.192583 2473888.258944 0.000000
604693.199228 2473888.493458 0.000000
604688.205873 2473888.727971 0.000000
604683.212517 2473888.962485 0.000000
604678.219162 2473889.196999 0.000000
604673.225807 2473889.431512 0.000000
604668.232452 2473889.666026 0.000000
604663.239096 2473889.900540 0.000000
604658.245741 2473890.135053 0.000000
604653.252386 2473890.369567 0.000000
604648.259030 2473890.604081 0.000000
604643.265675 2473890.838594 0.000000
604638.272320 2473891.073108 0.000000
604633.278965 2473891.307622 0.000000
604628.285609 2473891.542135 0.000000
604623.292254 2473891.776649 0.000000
604618.298899 2473892.011163 0.000000
604613.305543 2473892.245676 0.000000
604608.312188 2473892.480190 0.000000
604603.318833 2473892.714704 0.000000
604598.325478 2473892.949217 0.000000
604593.332122 2473893.183731 0.000000
604588.338767 2473893.418244 0.000000
604583.345412 2473893.652758 0.000000
604578.352056 2473893.887272 0.000000
604573.358701 2473894.121785 0.000000
604568.365346 2473894.356299 0.000000
604563.371991 2473894.590813 0.000000
604558.378635 2473894.825326 0.000000
604553.385280 2473895.059840 0.000000
604548.391925 2473895.294354 0.000000
604543.398569 2473895.528867 0.000000
604538.405214 2473895.763381 0.000000
604533.411859 2473895.997895 0.000000
604528.418504 2473896.232408 0.000000
604523.425148 2473896.466922 0.000000
604518.431793 2473896.701436 0.000000
604513.438438 2473896.935949 0.000000
604508.445083 2473897.170463 0.000000
604503.451727 2473897.404977 0.000000
604498.458372 2473897.639490 0.000000
604493.465017 2473897.874004 0.000000
604488.471661 2473898.108517 0.000000
604483.478306 2473898.343031 0.000000
604478.484951 2473898.577545 0.000000
604473.491596 2473898.812058 0.000000
604468.498240 2473899.046572 0.000000
604463.504885 2473899.281086 0.000000
604458.511530 2473899.515599 0.000000
604453.518174 2473899.750113 0.000000
604448.524819 2473899.984627 0.000000
604443.531464 2473900.219140 0.000000
604438.538109 2473900.453654 0.000000
604433.544753 2473900.688168 0.000000
604428.551398 2473900.922681 0.000000
604423.558043 2473901.157195 0.000000
604418.564687 2473901.391709 0.000000
604413.571332 2473901.626222 0.000000
604408.577977 2473901.860736 0.000000
604403.584622 2473902.095250 0.000000
604398.591266 2473902.329763 0.000000
604393.597911 2473902.564277 0.000000
604388.604556 2473902.798790 0.000000
604383.611201 2473903.033304 0.000000
604378.617845 2473903.267818 0.000000
604373.624490 2473903.502331 0.000000
604368.631135 2473903.736845 0.000000
604363.637779 2473903.971359 0.000000
604358.644424 2473904.205872 0.000000
604353.651069 2473904.440386 0.000000
604348.657714 2473904.674900 0.000000
604343.664358 2473904.909413 0.000000
604338.671003 2473905.143927 0.000000
604333.677648 2473905.378441 0.000000
604328.684292 2473905.612954 0.000000
604323.690937 2473905.847468 0.000000
604318.697582 2473906.081982 0.000000
604313.704227 2473906.316495 0.000000
604308.710871 2473906.551009 0.000000
604303.717516 2473906.785523 0.000000
604298.724161 2473907.020036 0.000000
604293.730805 2473907.254550 0.000000
604288.737450 2473907.489063 0.000000
604283.744095 2473907.723577 0.000000
604278.750740 2473907.958091 0.000000
604273.757384 2473908.192604 0.000000
604268.764029 2473908.427118 0.000000
604263.770674 2473908.661632 0.000000
604258.777318 2473908.896145 0.000000
604253.783963 2473909.130659 0.000000
604248.790608 2473909.365173 0.000000
604243.797253 2473909.599686 0.000000
604238.803897 2473909.834200 0.000000
604233.810542 2473910.068714 0.000000
604228.817187 2473910.303227 0.000000
604223.823832 2473910.537741 0.000000
604218.830476 2473910.772255 0.000000
604213.837121 2473911.006768 0.000000
604208.843766 2473911.241282 0.000000
604203.850410 2473911.475796 0.000000
604198.857055 2473911.710309 0.000000
604193.863700 2473911.944823 0.000000
604188.870345 2473912.179336 0.000000
604183.876989 2473912.413850 0.000000
604178.883634 2473912.648364 0.000000
604173.890279 2473912.882877 0.000000
604168.896923 2473913.117391 0.000000
604163.903568 2473913.351905 0.000000
604158.910213 2473913.586418 0.000000
604153.916858 2473913.820932 0.000000
604148.923502 2473914.055446 0.000000
604143.930147 2473914.289959 0.000000
604138.936792 2473914.524473 0.000000
604133.943436 2473914.758987 0.000000
604128.950081 2473914.993500 0.000000
604123.956726 2473915.228014 0.000000
604118.963371 2473915.462528 0.000000
604113.970015 2473915.697041 0.000000
604108.976660 2473915.931555 0.000000
604103.983305 2473916.166069 0.000000
604098.989949 2473916.400582 0.000000
604093.996594 2473916.635096 0.000000
604089.003239 2473916.869609 0.000000
604084.009884 2473917.104123 0.000000
604079.016528 2473917.338637 0.000000
604074.023173 2473917.573150 0.000000
604069.029818 2473917.807664 0.000000
604064.036463 2473918.042178 0.000000
604059.043107 2473918.276691 0.000000
604054.049752 2473918.511205 0.000000
604049.056397 2473918.745719 0.000000
604044.063041 2473918.980232 0.000000
604039.069686 2473919.214746 0.000000
604034.076331 2473919.449260 0.000000
604029.082976 2473919.683773 0.000000
604024.089620 2473919.918287 0.000000
604019.096265 2473920.152801 0.000000
604014.102910 2473920.387314 0.000000
604009.109554 2473920.621828 0.000000
604004.116199 2473920.856342 0.000000
603999.122844 2473921.090855 0.000000
603994.129489 2473921.325369 0.000000
603989.136133 2473921.559882 0.000000
603984.142778 2473921.794396 0.000000
603979.149423 2473922.028910 0.000000
603974.156067 2473922.263423 0.000000
603969.162712 2473922.497937 0.000000
603964.169357 2473922.732451 0.000000
603959.176002 2473922.966964 0.000000
603954.182646 2473923.201478 0.000000
603949.189291 2473923.435992 0.000000
603944.195936 2473923.670505 0.000000
603939.202580 2473923.905019 0.000000
603934.209225 2473924.139533 0.000000
603929.215870 2473924.374046 0.000000
603924.222515 2473924.608560 0.000000
603919.229159 2473924.843074 0.000000
603914.235804 2473925.077587 0.000000
603909.242449 2473925.312101 0.000000
603904.249094 2473925.546615 0.000000
603899.255738 2473925.781128 0.000000
603894.262383 2473926.015642 0.000000
603889.269028 2473926.250155 0.000000
603884.275672 2473926.484669 0.000000
603879.282317 2473926.719183 0.000000
603874.288962 2473926.953696 0.000000
603869.295607 2473927.188210 0.000000
603864.302251 2473927.422724 0.000000
603859.308896 2473927.657237 0.000000
603854.315541 2473927.891751 0.000000
603849.322185 2473928.126265 0.000000
603844.328830 2473928.360778 0.000000
603839.335475 2473928.595292 0.000000
603834.342120 2473928.829806 0.000000
603829.348764 2473929.064319 0.000000
603824.355409 2473929.298833 0.000000
603819.362054 2473929.533347 0.000000
603814.368698 2473929.767860 0.000000
603809.375343 2473930.002374 0.000000
603804.381988 2473930.236888 0.000000
603799.388633 2473930.471401 0.000000
603794.395277 2473930.705915 0.000000
603789.401922 2473930.940428 0.000000
603784.408567 2473931.174942 0.000000
603779.415211 2473931.409456 0.000000
603774.421856 2473931.643969 0.000000
603769.428501 2473931.878483 0.000000
603764.435146 2473932.112997 0.000000
603759.441790 2473932.347510 0.000000
603754.448435 2473932.582024 0.000000
603749.455080 2473932.816538 0.000000
603744.461725 2473933.051051 0.000000
603739.468369 2473933.285565 0.000000
603734.475014 2473933.520079 0.000000
603729.481659 2473933.754592 0.000000
603724.488303 2473933.989106 0.000000
603719.494948 2473934.223620 0.000000
603714.501593 2473934.458133 0.000000
603709.508238 2473934.692647 0.000000
603704.514882 2473934.927161 0.000000
603699.521527 2473935.161674 0.000000
603694.528172 2473935.396188 0.000000
603689.534816 2473935.630701 0.000000
603684.541461 2473935.865215 0.000000
603679.548106 2473936.099729 0.000000
603674.554751 2473936.334242 0.000000
603669.561395 2473936.568756 0.000000
603664.568040 2473936.803270 0.000000
603659.574685 2473937.037783 0.000000
603654.581329 2473937.272297 0.000000
603649.587974 2473937.506811 0.000000
603644.594619 2473937.741324 0.000000
603639.601264 2473937.975838 0.000000
603634.607908 2473938.210352 0.000000
603629.614553 2473938.444865 0.000000
603624.621198 2473938.679379 0.000000
603619.627842 2473938.913893 0.000000
603614.634487 2473939.148406 0.000000
603609.641132 2473939.382920 0.000000
603604.647777 2473939.617434 0.000000
603599.654421 2473939.851947 0.000000
603594.661066 2473940.086461 0.000000
603589.667711 2473940.320974 0.000000
603584.674356 2473940.555488 0.000000
603579.681000 2473940.790002 0.000000
603574.687645 2473941.024515 0.000000
603569.694290 2473941.259029 0.000000
603564.700934 2473941.493543 0.000000
603559.707579 2473941.728056 0.000000
603554.714224 2473941.962570 0.000000
603549.720869 2473942.197084 0.000000
603544.727513 2473942.431597 0.000000
603539.734158 2473942.666111 0.000000
603534.740803 2473942.900625 0.000000
603529.747447 2473943.135138 0.000000
603524.754092 2473943.369652 0.000000
603519.760737 2473943.604166 0.000000
603514.767382 2473943.838679 0.000000
603509.774026 2473944.073193 0.000000
603504.780671 2473944.307707 0.000000
603499.787316 2473944.542220 0.000000
603494.793960 2473944.776734 0.000000
603489.800605 2473945.011247 0.000000
603484.807250 2473945.245761 0.000000
603479.813895 2473945.480275 0.000000
603474.820539 2473945.714788 0.000000
603469.827184 2473945.949302 0.000000
603464.833829 2473946.183816 0.000000
603459.840473 2473946.418329 0.000000
603454.847118 2473946.652843 0.000000
603449.853763 2473946.887357 0.000000
603444.860408 2473947.121870 0.000000
603439.867052 2473947.356384 0.000000
603434.873697 2473947.590898 0.000000
603429.880342 2473947.825411 0.000000
603424.886987 2473948.059925 0.000000
603419.893631 2473948.294439 0.000000
603414.900276 2473948.528952 0.000000
603409.906921 2473948.763466 0.000000
603404.913565 2473948.997980 0.000000
603399.920210 2473949.232493 0.000000
603394.926855 2473949.467007 0.000000
603389.933500 2473949.701520 0.000000
603384.940144 2473949.936034 0.000000
603379.946789 2473950.170548 0.000000
603374.953434 2473950.405061 0.000000
603369.960078 2473950.639575 0.000000
603364.966723 2473950.874089 0.000000
603359.973368 2473951.108602 0.000000
603354.980013 2473951.343116 0.000000
603349.986657 2473951.577630 0.000000
603344.993302 2473951.812143 0.000000
603339.999947 2473952.046657 0.000000
603335.006591 2473952.281171 0.000000
603330.013236 2473952.515684 0.000000
603325.019881 2473952.750198 0.000000
603319.998612 2473952.707646 0.000000
603314.977343 2473952.665093 0.000000
603309.956074 2473952.622541 0.000000
603304.934805 2473952.579988 0.000000
603299.913536 2473952.537436 0.000000
603294.892267 2473952.494884 0.000000
603289.870998 2473952.452331 0.000000
603284.849729 2473952.409779 0.000000
603279.828460 2473952.367226 0.000000
603274.807190 2473952.324674 0.000000
603269.785921 2473952.282122 0.000000
603264.764652 2473952.239569 0.000000
603259.743383 2473952.197017 0.000000
603254.722114 2473952.154464 0.000000
603249.700845 2473952.111912 0.000000
603244.679576 2473952.069360 0.000000
603239.658307 2473952.026807 0.000000
603234.637038 2473951.984255 0.000000
603229.615769 2473951.941702 0.000000
603224.594500 2473951.899150 0.000000
603219.573231 2473951.856598 0.000000
603214.551962 2473951.814045 0.000000
603209.530693 2473951.771493 0.000000
603204.509424 2473951.728940 0.000000
603199.488155 2473951.686388 0.000000
603194.466886 2473951.643836 0.000000
603189.445617 2473951.601283 0.000000
603184.424348 2473951.558731 0.000000
603179.403079 2473951.516178 0.000000
603174.381810 2473951.473626 0.000000
603169.360541 2473951.431074 0.000000
603164.339272 2473951.388521 0.000000
603159.318002 2473951.345969 0.000000
603154.296733 2473951.303416 0.000000
603149.275464 2473951.260864 0.000000
603144.254195 2473951.218312 0.000000
603139.232926 2473951.175759 0.000000
603134.211657 2473951.133207 0.000000
603129.190388 2473951.090654 0.000000
603124.169119 2473951.048102 0.000000
603119.147850 2473951.005550 0.000000
603114.126581 2473950.962997 0.000000
603109.105312 2473950.920445 0.000000
603104.084043 2473950.877892 0.000000
603099.062774 2473950.835340 0.000000
603094.041505 2473950.792788 0.000000
603089.020236 2473950.750235 0.000000
603084.020243 2473950.990742 0.000000
603079.020251 2473951.231248 0.000000
603074.020259 2473951.471755 0.000000
603069.020266 2473951.712262 0.000000
603064.020274 2473951.952769 0.000000
603059.020281 2473952.193275 0.000000
603054.020289 2473952.433782 0.000000
603049.020296 2473952.674289 0.000000
603044.020304 2473952.914795 0.000000
603039.020312 2473953.155302 0.000000
603034.020319 2473953.395809 0.000000
603029.020327 2473953.636315 0.000000
603024.020334 2473953.876822 0.000000
603019.020342 2473954.117329 0.000000
603014.020349 2473954.357835 0.000000
603009.020357 2473954.598342 0.000000
603004.020364 2473954.838849 0.000000
602999.020372 2473955.079355 0.000000
602994.020380 2473955.319862 0.000000
602989.020387 2473955.560369 0.000000
602984.020395 2473955.800876 0.000000
602979.020402 2473956.041382 0.000000
602974.020410 2473956.281889 0.000000
602969.020417 2473956.522396 0.000000
602964.020425 2473956.762902 0.000000
602959.020432 2473957.003409 0.000000
602954.020440 2473957.243916 0.000000
602949.020448 2473957.484422 0.000000
602944.020455 2473957.724929 0.000000
602939.020463 2473957.965436 0.000000
602934.020470 2473958.205942 0.000000
602929.020478 2473958.446449 0.000000
602924.020485 2473958.686956 0.000000
602919.020493 2473958.927462 0.000000
602914.020501 2473959.167969 0.000000
602909.020508 2473959.408476 0.000000
602904.020516 2473959.648982 0.000000
602899.020523 2473959.889489 0.000000
602894.020531 2473960.129996 0.000000
602889.020538 2473960.370503 0.000000
602884.020546 2473960.611009 0.000000
602879.020553 2473960.851516 0.000000
602874.020561 2473961.092023 0.000000
602869.020569 2473961.332529 0.000000
602864.020576 2473961.573036 0.000000
602859.020584 2473961.813543 0.000000
602854.020591 2473962.054049 0.000000
602849.020599 2473962.294556 0.000000
602844.020606 2473962.535063 0.000000
602839.020614 2473962.775569 0.000000
602834.020622 2473963.016076 0.000000
602829.020629 2473963.256583 0.000000
602824.020637 2473963.497089 0.000000
602819.020644 2473963.737596 0.000000
602814.020652 2473963.978103 0.000000
602809.020659 2473964.218610 0.000000
602804.020667 2473964.459116 0.000000
602799.020674 2473964.699623 0.000000
602794.020682 2473964.940130 0.000000
602789.020690 2473965.180636 0.000000
602784.020697 2473965.421143 0.000000
602779.020705 2473965.661650 0.000000
602774.020712 2473965.902156 0.000000
602769.020720 2473966.142663 0.000000
602764.020727 2473966.383170 0.000000
602759.020735 2473966.623676 0.000000
602754.020743 2473966.864183 0.000000
602749.020750 2473967.104690 0.000000
602744.020758 2473967.345196 0.000000
602739.020765 2473967.585703 0.000000
602734.020773 2473967.826210 0.000000
602729.020780 2473968.066716 0.000000
602724.020788 2473968.307223 0.000000
602719.020795 2473968.547730 0.000000
602714.020803 2473968.788237 0.000000
602709.020811 2473969.028743 0.000000
602704.020818 2473969.269250 0.000000
602699.020826 2473969.509757 0.000000
602694.020833 2473969.750263 0.000000
602689.020841 2473969.750264 0.000000
602684.020848 2473969.750265 0.000000
602679.020856 2473969.750265 0.000000
602674.020863 2473969.750266 0.000000
602669.020871 2473969.750267 0.000000
602664.020878 2473969.750268 0.000000
602659.020886 2473969.750268 0.000000
602654.020893 2473969.750269 0.000000
602649.020901 2473969.750270 0.000000
602644.020909 2473969.750270 0.000000
602639.020916 2473969.750271 0.000000
602634.020924 2473969.750272 0.000000
602629.020931 2473969.750273 0.000000
602624.020939 2473969.750273 0.000000
602619.020946 2473969.750274 0.000000
602614.020954 2473969.750275 0.000000
602609.020961 2473969.750276 0.000000
602604.020969 2473969.750276 0.000000
602599.020976 2473969.493867 0.000000
602594.020984 2473969.237458 0.000000
602589.020991 2473968.981049 0.000000
602584.020999 2473968.724640 0.000000
602579.021006 2473968.468230 0.000000
602574.021014 2473968.211821 0.000000
602569.021021 2473967.955412 0.000000
602564.021029 2473967.699003 0.000000
602559.021036 2473967.442594 0.000000
602554.021044 2473967.186185 0.000000
602549.021051 2473966.929776 0.000000
602544.021059 2473966.673366 0.000000
602539.021066 2473966.416957 0.000000
602534.021074 2473966.160548 0.000000
602529.021081 2473965.904139 0.000000
602524.021089 2473965.647730 0.000000
602519.021096 2473965.391321 0.000000
602514.021104 2473965.134912 0.000000
602509.021111 2473964.878502 0.000000
602504.021119 2473964.622093 0.000000
602499.021126 2473964.365684 0.000000
602494.021134 2473964.109275 0.000000
602489.021141 2473963.852866 0.000000
602484.021149 2473963.596457 0.000000
602479.021156 2473963.340047 0.000000
602474.021163 2473963.083638 0.000000
602469.021171 2473962.827229 0.000000
602464.021178 2473962.570820 0.000000
602459.021186 2473962.314411 0.000000
602454.021193 2473962.058002 0.000000
602449.021201 2473961.801593 0.000000
602444.021208 2473961.545183 0.000000
602439.021216 2473961.288774 0.000000
602434.021223 2473961.032365 0.000000
602429.021231 2473960.775956 0.000000
602424.021238 2473960.519547 0.000000
602419.021246 2473960.263138 0.000000
602414.021253 2473960.006729 0.000000
602409.021261 2473959.750319 0.000000
602404.021268 2473959.750320 0.000000
602399.021276 2473959.750321 0.000000
602394.021283 2473959.750322 0.000000
602389.021291 2473959.750322 0.000000
602384.021298 2473959.750323 0.000000
602379.021306 2473959.750324 0.000000
602374.021314 2473959.750324 0.000000
602369.021321 2473959.750325 0.000000
602364.021329 2473959.750326 0.000000
602359.021336 2473959.750327 0.000000
602354.021344 2473959.750327 0.000000
602349.021351 2473959.750328 0.000000
602344.021359 2473959.750329 0.000000
602339.021366 2473959.750329 0.000000
602334.021374 2473959.750330 0.000000
602329.021381 2473959.750331 0.000000
602324.021389 2473959.750332 0.000000
602319.021396 2473959.750332 0.000000
602314.021404 2473959.750333 0.000000
602309.021411 2473959.750334 0.000000
602304.021419 2473959.750334 0.000000
602299.021426 2473959.750335 0.000000
602294.021434 2473959.750336 0.000000
602289.021442 2473959.750337 0.000000
602284.021449 2473959.750337 0.000000
602279.021457 2473959.750338 0.000000
602274.021464 2473959.750339 0.000000
602269.021472 2473959.750339 0.000000
602264.041087 2473960.240536 0.000000
602259.060702 2473960.730732 0.000000
602254.080318 2473961.220928 0.000000
602249.099933 2473961.711124 0.000000
602244.119549 2473962.201320 0.000000
602239.139164 2473962.691516 0.000000
602234.158780 2473963.181712 0.000000
602229.178395 2473963.671908 0.000000
602224.198010 2473964.162104 0.000000
602219.217626 2473964.652300 0.000000
602214.237241 2473965.142496 0.000000
602209.256857 2473965.632692 0.000000
602204.276472 2473966.122888 0.000000
602199.296087 2473966.613084 0.000000
602194.315703 2473967.103280 0.000000
602189.335318 2473967.593476 0.000000
602184.354934 2473968.083672 0.000000
602179.374549 2473968.573868 0.000000
602174.394164 2473969.064064 0.000000
602169.413780 2473969.554260 0.000000
602164.433395 2473970.044456 0.000000
602159.453011 2473970.534653 0.000000
602154.472626 2473971.024849 0.000000
602149.492241 2473971.515045 0.000000
602144.511857 2473972.005241 0.000000
602139.531472 2473972.495437 0.000000
602134.551088 2473972.985633 0.000000
602129.570703 2473973.475829 0.000000
602124.590319 2473973.966025 0.000000
602119.609934 2473974.456221 0.000000
602114.629549 2473974.946417 0.000000
602109.649165 2473975.436613 0.000000
602104.668780 2473975.926809 0.000000
602099.688396 2473976.417005 0.000000
602094.708011 2473976.907201 0.000000
602089.727626 2473977.397397 0.000000
602084.747242 2473977.887593 0.000000
602079.766857 2473978.377789 0.000000
602074.786473 2473978.867985 0.000000
602069.806088 2473979.358181 0.000000
602064.825703 2473979.848377 0.000000
602059.845319 2473980.338574 0.000000
602054.864934 2473980.828770 0.000000
602049.884550 2473981.318966 0.000000
602044.904165 2473981.809162 0.000000
602039.923781 2473982.299358 0.000000
602034.943396 2473982.789554 0.000000
602029.963011 2473983.279750 0.000000
602024.982627 2473983.769946 0.000000
602020.002242 2473984.260142 0.000000
602015.021858 2473984.750338 0.000000
602010.009045 2473984.981108 0.000000
602004.996232 2473985.211877 0.000000
601999.983419 2473985.442647 0.000000
601994.970606 2473985.673416 0.000000
601989.957793 2473985.904186 0.000000
601984.944980 2473986.134956 0.000000
601979.932167 2473986.365725 0.000000
601974.919354 2473986.596495 0.000000
601969.906541 2473986.827264 0.000000
601964.893728 2473987.058034 0.000000
601959.880915 2473987.288804 0.000000
601954.868102 2473987.519573 0.000000
601949.855289 2473987.750343 0.000000
601944.842477 2473987.981112 0.000000
601939.829664 2473988.211882 0.000000
601934.816851 2473988.442651 0.000000
601929.804038 2473988.673421 0.000000
601924.791225 2473988.904191 0.000000
601919.778412 2473989.134960 0.000000
601914.765599 2473989.365730 0.000000
601909.752786 2473989.596499 0.000000
601904.739973 2473989.827269 0.000000
601899.727160 2473990.058039 0.000000
601894.714347 2473990.288808 0.000000
601889.701534 2473990.519578 0.000000
601884.688721 2473990.750347 0.000000
601879.675908 2473990.981117 0.000000
601874.663095 2473991.211887 0.000000
601869.650283 2473991.442656 0.000000
601864.637470 2473991.673426 0.000000
601859.624657 2473991.904195 0.000000
601854.611844 2473992.134965 0.000000
601849.599031 2473992.365735 0.000000
601844.586218 2473992.596504 0.000000
601839.573405 2473992.827274 0.000000
601834.560592 2473993.058043 0.000000
601829.547779 2473993.288813 0.000000
601824.534966 2473993.519583 0.000000
601819.522153 2473993.750352 0.000000
601814.509340 2473993.981122 0.000000
601809.496527 2473994.211891 0.000000
601804.483714 2473994.442661 0.000000
601799.470901 2473994.673431 0.000000
601794.458089 2473994.904200 0.000000
601789.445276 2473995.134970 0.000000
601784.432463 2473995.365739 0.000000
601779.419650 2473995.596509 0.000000
601774.406837 2473995.827279 0.000000
601769.394024 2473996.058048 0.000000
601764.381211 2473996.288818 0.000000
601759.368398 2473996.519587 0.000000
601754.355585 2473996.750357 0.000000
601749.342772 2473996.981127 0.000000
601744.329959 2473997.211896 0.000000
601739.317146 2473997.442666 0.000000
601734.304333 2473997.673435 0.000000
601729.291520 2473997.904205 0.000000
601724.278707 2473998.134975 0.000000
601719.265895 2473998.365744 0.000000
601714.253082 2473998.596514 0.000000
601709.240269 2473998.827283 0.000000
601704.227456 2473999.058053 0.000000
601699.214643 2473999.288823 0.000000
601694.201830 2473999.519592 0.000000
601689.189017 2473999.750362 0.000000
601684.176204 2473999.981131 0.000000
601679.163391 2474000.211901 0.000000
601674.150578 2474000.442670 0.000000
601669.137765 2474000.673440 0.000000
601664.124952 2474000.904210 0.000000
601659.112139 2474001.134979 0.000000
601654.099326 2474001.365749 0.000000
601649.086513 2474001.596518 0.000000
601644.073701 2474001.827288 0.000000
601639.060888 2474002.058058 0.000000
601634.048075 2474002.288827 0.000000
601629.035262 2474002.519597 0.000000
601624.022449 2474002.750366 0.000000
601619.059493 2474003.417033 0.000000
601614.096538 2474004.083699 0.000000
601609.133583 2474004.750366 0.000000
601604.170627 2474005.417032 0.000000
601599.207672 2474006.083698 0.000000
601594.244716 2474006.750365 0.000000
601589.281761 2474007.417031 0.000000
601584.318806 2474008.083697 0.000000
601579.355850 2474008.750364 0.000000
601574.392895 2474009.417030 0.000000
601569.429939 2474010.083696 0.000000
601564.466984 2474010.750363 0.000000
601559.504029 2474011.417029 0.000000
601554.541073 2474012.083696 0.000000
601549.578118 2474012.750362 0.000000
601544.615162 2474013.417028 0.000000
601539.652207 2474014.083695 0.000000
601534.689252 2474014.750361 0.000000
601529.726296 2474015.417027 0.000000
601524.763341 2474016.083694 0.000000
601519.800385 2474016.750360 0.000000
601514.837430 2474017.417026 0.000000
601509.874475 2474018.083693 0.000000
601504.911519 2474018.750359 0.000000
601499.948564 2474019.417026 0.000000
601494.985608 2474020.083692 0.000000
601490.022653 2474020.750358 0.000000
601485.059698 2474021.417025 0.000000
601480.096742 2474022.083691 0.000000
601475.133787 2474022.750357 0.000000
601470.170832 2474023.417024 0.000000
601465.207876 2474024.083690 0.000000
601460.244921 2474024.750356 0.000000
601455.281965 2474025.417023 0.000000
601450.319010 2474026.083689 0.000000
601445.356055 2474026.750356 0.000000
601440.393099 2474027.417022 0.000000
601435.430144 2474028.083688 0.000000
601430.467188 2474028.750355 0.000000
601425.504233 2474029.417021 0.000000
601420.541278 2474030.083687 0.000000
601415.578322 2474030.750354 0.000000
601410.615367 2474031.417020 0.000000
601405.652411 2474032.083686 0.000000
601400.689456 2474032.750353 0.000000
601395.726501 2474033.417019 0.000000
601390.763545 2474034.083686 0.000000
601385.800590 2474034.750352 0.000000
601380.837634 2474035.417018 0.000000
601375.874679 2474036.083685 0.000000
601370.911724 2474036.750351 0.000000
601365.948768 2474037.417017 0.000000
601360.985813 2474038.083684 0.000000
601356.022857 2474038.750350 0.000000
601351.054115 2474039.187850 0.000000
601346.085372 2474039.625350 0.000000
601341.116630 2474040.062850 0.000000
601336.147888 2474040.500350 0.000000
601331.179145 2474040.937850 0.000000
601326.210403 2474041.375350 0.000000
601321.241660 2474041.812850 0.000000
601316.272918 2474042.250350 0.000000
601311.304175 2474042.687850 0.000000
601306.335433 2474043.125350 0.000000
601301.366690 2474043.562851 0.000000
601296.397948 2474044.000351 0.000000
601291.429205 2474044.437851 0.000000
601286.460463 2474044.875351 0.000000
601281.491721 2474045.312851 0.000000
601276.522978 2474045.750351 0.000000
601271.554236 2474046.187851 0.000000
601266.585493 2474046.625351 0.000000
601261.616751 2474047.062851 0.000000
601256.648008 2474047.500351 0.000000
601251.679266 2474047.937851 0.000000
601246.710523 2474048.375351 0.000000
601241.741781 2474048.812851 0.000000
601236.773038 2474049.250351 0.000000
601231.804296 2474049.687851 0.000000
601226.835553 2474050.125351 0.000000
601221.866811 2474050.562851 0.000000
601216.898069 2474051.000351 0.000000
601211.929326 2474051.437851 0.000000
601206.960584 2474051.875351 0.000000
601201.991841 2474052.312851 0.000000
601197.023099 2474052.750351 0.000000
601192.028468 2474052.983596 0.000000
601187.033838 2474053.216840 0.000000
601182.039207 2474053.450084 0.000000
601177.044577 2474053.683329 0.000000
601172.049946 2474053.916573 0.000000
601167.055316 2474054.149817 0.000000
601162.060685 2474054.383062 0.000000
601157.066055 2474054.616306 0.000000
601152.071424 2474054.849550 0.000000
601147.076794 2474055.082794 0.000000
601142.082163 2474055.316039 0.000000
601137.087533 2474055.549283 0.000000
601132.092902 2474055.782527 0.000000
601127.098272 2474056.015772 0.000000
601122.103641 2474056.249016 0.000000
601117.109010 2474056.482260 0.000000
601112.114380 2474056.715505 0.000000
601107.119749 2474056.948749 0.000000
601102.125119 2474057.181993 0.000000
601097.130488 2474057.415238 0.000000
601092.135858 2474057.648482 0.000000
601087.141227 2474057.881726 0.000000
601082.146597 2474058.114971 0.000000
601077.151966 2474058.348215 0.000000
601072.157336 2474058.581459 0.000000
601067.162705 2474058.814703 0.000000
601062.168075 2474059.047948 0.000000
601057.173444 2474059.281192 0.000000
601052.178814 2474059.514436 0.000000
601047.184183 2474059.747681 0.000000
601042.189553 2474059.980925 0.000000
601037.194922 2474060.214169 0.000000
601032.200292 2474060.447414 0.000000
601027.205661 2474060.680658 0.000000
601022.211031 2474060.913902 0.000000
601017.216400 2474061.147147 0.000000
601012.221770 2474061.380391 0.000000
601007.227139 2474061.613635 0.000000
601002.232509 2474061.846879 0.000000
600997.237878 2474062.080124 0.000000
600992.243248 2474062.313368 0.000000
600987.248617 2474062.546612 0.000000
600982.253986 2474062.779857 0.000000
600977.259356 2474063.013101 0.000000
600972.264725 2474063.246345 0.000000
600967.270095 2474063.479590 0.000000
600962.275464 2474063.712834 0.000000
600957.280834 2474063.946078 0.000000
600952.286203 2474064.179323 0.000000
600947.291573 2474064.412567 0.000000
600942.296942 2474064.645811 0.000000
600937.302312 2474064.879056 0.000000
600932.307681 2474065.112300 0.000000
600927.313051 2474065.345544 0.000000
600922.318420 2474065.578788 0.000000
600917.323790 2474065.812033 0.000000
600912.329159 2474066.045277 0.000000
600907.334529 2474066.278521 0.000000
600902.339898 2474066.511766 0.000000
600897.345268 2474066.745010 0.000000
600892.350637 2474066.978254 0.000000
600887.356007 2474067.211499 0.000000
600882.361376 2474067.444743 0.000000
600877.366746 2474067.677987 0.000000
600872.372115 2474067.911232 0.000000
600867.377485 2474068.144476 0.000000
600862.382854 2474068.377720 0.000000
600857.388224 2474068.610964 0.000000
600852.393593 2474068.844209 0.000000
600847.398963 2474069.077453 0.000000
600842.404332 2474069.310697 0.000000
600837.409701 2474069.543942 0.000000
600832.415071 2474069.777186 0.000000
600827.420440 2474070.010430 0.000000
600822.425810 2474070.243675 0.000000
600817.431179 2474070.476919 0.000000
600812.436549 2474070.710163 0.000000
600807.441918 2474070.943408 0.000000
600802.447288 2474071.176652 0.000000
600797.452657 2474071.409896 0.000000
600792.458027 2474071.643140 0.000000
600787.463396 2474071.876385 0.000000
600782.468766 2474072.109629 0.000000
600777.474135 2474072.342873 0.000000
600772.479505 2474072.576118 0.000000
600767.484874 2474072.809362 0.000000
600762.490244 2474073.042606 0.000000
600757.495613 2474073.275851 0.000000
600752.500983 2474073.509095 0.000000
600747.506352 2474073.742339 0.000000
600742.511722 2474073.975584 0.000000
600737.517091 2474074.208828 0.000000
600732.522461 2474074.442072 0.000000
600727.527830 2474074.675317 0.000000
600722.533200 2474074.908561 0.000000
600717.538569 2474075.141805 0.000000
600712.543939 2474075.375049 0.000000
600707.549308 2474075.608294 0.000000
600702.554678 2474075.841538 0.000000
600697.560047 2474076.074782 0.000000
600692.565416 2474076.308027 0.000000
600687.570786 2474076.541271 0.000000
600682.576155 2474076.774515 0.000000
600677.581525 2474077.007760 0.000000
600672.586894 2474077.241004 0.000000
600667.592264 2474077.474248 0.000000
600662.597633 2474077.707493 0.000000
600657.603003 2474077.940737 0.000000
600652.608372 2474078.173981 0.000000
600647.613742 2474078.407225 0.000000
600642.619111 2474078.640470 0.000000
600637.624481 2474078.873714 0.000000
600632.629850 2474079.106958 0.000000
600627.635220 2474079.340203 0.000000
600622.640589 2474079.573447 0.000000
600617.645959 2474079.806691 0.000000
600612.651328 2474080.039936 0.000000
600607.656698 2474080.273180 0.000000
600602.662067 2474080.506424 0.000000
600597.667437 2474080.739669 0.000000
600592.672806 2474080.972913 0.000000
600587.678176 2474081.206157 0.000000
600582.683545 2474081.439401 0.000000
600577.688915 2474081.672646 0.000000
600572.694284 2474081.905890 0.000000
600567.699654 2474082.139134 0.000000
600562.705023 2474082.372379 0.000000
600557.710393 2474082.605623 0.000000
600552.715762 2474082.838867 0.000000
600547.721131 2474083.072112 0.000000
600542.726501 2474083.305356 0.000000
600537.731870 2474083.538600 0.000000
600532.737240 2474083.771845 0.000000
600527.742609 2474084.005089 0.000000
600522.747979 2474084.238333 0.000000
600517.753348 2474084.471578 0.000000
600512.758718 2474084.704822 0.000000
600507.764087 2474084.938066 0.000000
600502.769457 2474085.171310 0.000000
600497.774826 2474085.404555 0.000000
600492.780196 2474085.637799 0.000000
600487.785565 2474085.871043 0.000000
600482.790935 2474086.104288 0.000000
600477.796304 2474086.337532 0.000000
600472.801674 2474086.570776 0.000000
600467.807043 2474086.804021 0.000000
600462.812413 2474087.037265 0.000000
600457.817782 2474087.270509 0.000000
600452.823152 2474087.503754 0.000000
600447.828521 2474087.736998 0.000000
600442.833891 2474087.970242 0.000000
600437.839260 2474088.203486 0.000000
600432.844630 2474088.436731 0.000000
600427.849999 2474088.669975 0.000000
600422.855369 2474088.903219 0.000000
600417.860738 2474089.136464 0.000000
600412.866108 2474089.369708 0.000000
600407.871477 2474089.602952 0.000000
600402.876846 2474089.836197 0.000000
600397.882216 2474090.069441 0.000000
600392.887585 2474090.302685 0.000000
600387.892955 2474090.535930 0.000000
600382.898324 2474090.769174 0.000000
600377.903694 2474091.002418 0.000000
600372.909063 2474091.235662 0.000000
600367.914433 2474091.468907 0.000000
600362.919802 2474091.702151 0.000000
600357.925172 2474091.935395 0.000000
600352.930541 2474092.168640 0.000000
600347.935911 2474092.401884 0.000000
600342.941280 2474092.635128 0.000000
600337.946650 2474092.868373 0.000000
600332.952019 2474093.101617 0.000000
600327.957389 2474093.334861 0.000000
600322.962758 2474093.568106 0.000000
600317.968128 2474093.801350 0.000000
600312.973497 2474094.034594 0.000000
600307.978867 2474094.267839 0.000000
600302.984236 2474094.501083 0.000000
600297.989606 2474094.734327 0.000000
600292.994975 2474094.967571 0.000000
600288.000345 2474095.200816 0.000000
600283.005714 2474095.434060 0.000000
600278.011084 2474095.667304 0.000000
600273.016453 2474095.900549 0.000000
600268.021822 2474096.133793 0.000000
600263.027192 2474096.367037 0.000000
600258.032561 2474096.600282 0.000000
600253.037931 2474096.833526 0.000000
600248.043300 2474097.066770 0.000000
600243.048670 2474097.300015 0.000000
600238.054039 2474097.533259 0.000000
600233.059409 2474097.766503 0.000000
600228.064778 2474097.999747 0.000000
600223.070148 2474098.232992 0.000000
600218.075517 2474098.466236 0.000000
600213.080887 2474098.699480 0.000000
600208.086256 2474098.932725 0.000000
600203.091626 2474099.165969 0.000000
600198.096995 2474099.399213 0.000000
600193.102365 2474099.632458 0.000000
600188.107734 2474099.865702 0.000000
600183.113104 2474100.098946 0.000000
600178.118473 2474100.332191 0.000000
600173.123843 2474100.565435 0.000000
600168.129212 2474100.798679 0.000000
600163.134582 2474101.031923 0.000000
600158.139951 2474101.265168 0.000000
600153.145321 2474101.498412 0.000000
600148.150690 2474101.731656 0.000000
600143.156060 2474101.964901 0.000000
600138.161429 2474102.198145 0.000000
600133.166799 2474102.431389 0.000000
600128.172168 2474102.664634 0.000000
600123.177537 2474102.897878 0.000000
600118.182907 2474103.131122 0.000000
600113.188276 2474103.364367 0.000000
600108.193646 2474103.597611 0.000000
600103.199015 2474103.830855 0.000000
600098.204385 2474104.064100 0.000000
600093.209754 2474104.297344 0.000000
600088.215124 2474104.530588 0.000000
600083.220493 2474104.763832 0.000000
600078.225863 2474104.997077 0.000000
600073.231232 2474105.230321 0.000000
600068.236602 2474105.463565 0.000000
600063.241971 2474105.696810 0.000000
600058.247341 2474105.930054 0.000000
600053.252710 2474106.163298 0.000000
600048.258080 2474106.396543 0.000000
600043.263449 2474106.629787 0.000000
600038.268819 2474106.863031 0.000000
600033.274188 2474107.096276 0.000000
600028.279558 2474107.329520 0.000000
600023.284927 2474107.562764 0.000000
600018.290297 2474107.796008 0.000000
600013.295666 2474108.029253 0.000000
600008.301036 2474108.262497 0.000000
600003.306405 2474108.495741 0.000000
599998.311775 2474108.728986 0.000000
599993.317144 2474108.962230 0.000000
599988.322514 2474109.195474 0.000000
599983.327883 2474109.428719 0.000000
599978.333252 2474109.661963 0.000000
599973.338622 2474109.895207 0.000000
599968.343991 2474110.128452 0.000000
599963.349361 2474110.361696 0.000000
599958.354730 2474110.594940 0.000000
599953.360100 2474110.828185 0.000000
599948.365469 2474111.061429 0.000000
599943.370839 2474111.294673 0.000000
599938.376208 2474111.527917 0.000000
599933.381578 2474111.761162 0.000000
599928.386947 2474111.994406 0.000000
599923.392317 2474112.227650 0.000000
599918.397686 2474112.460895 0.000000
599913.403056 2474112.694139 0.000000
599908.408425 2474112.927383 0.000000
599903.413795 2474113.160628 0.000000
599898.419164 2474113.393872 0.000000
599893.424534 2474113.627116 0.000000
599888.429903 2474113.860361 0.000000
599883.435273 2474114.093605 0.000000
599878.440642 2474114.326849 0.000000
599873.446012 2474114.560093 0.000000
599868.451381 2474114.793338 0.000000
599863.456751 2474115.026582 0.000000
599858.462120 2474115.259826 0.000000
599853.467490 2474115.493071 0.000000
599848.472859 2474115.726315 0.000000
599843.478229 2474115.959559 0.000000
599838.483598 2474116.192804 0.000000
599833.488967 2474116.426048 0.000000
599828.494337 2474116.659292 0.000000
599823.499706 2474116.892537 0.000000
599818.505076 2474117.125781 0.000000
599813.510445 2474117.359025 0.000000
599808.515815 2474117.592269 0.000000
599803.521184 2474117.825514 0.000000
599798.526554 2474118.058758 0.000000
599793.531923 2474118.292002 0.000000
599788.537293 2474118.525247 0.000000
599783.542662 2474118.758491 0.000000
599778.548032 2474118.991735 0.000000
599773.553401 2474119.224980 0.000000
599768.558771 2474119.458224 0.000000
599763.564140 2474119.691468 0.000000
599758.569510 2474119.924713 0.000000
599753.574879 2474120.157957 0.000000
599748.580249 2474120.391201 0.000000
599743.585618 2474120.624446 0.000000
599738.590988 2474120.857690 0.000000
599733.596357 2474121.090934 0.000000
599728.601727 2474121.324178 0.000000
599723.607096 2474121.557423 0.000000
599718.612466 2474121.790667 0.000000
599713.617835 2474122.023911 0.000000
599708.623205 2474122.257156 0.000000
599703.628574 2474122.490400 0.000000
599698.633944 2474122.723644 0.000000
599693.639313 2474122.956889 0.000000
599688.644682 2474123.190133 0.000000
599683.650052 2474123.423377 0.000000
599678.655421 2474123.656622 0.000000
599673.660791 2474123.889866 0.000000
599668.666160 2474124.123110 0.000000
599663.671530 2474124.356354 0.000000
599658.676899 2474124.589599 0.000000
599653.682269 2474124.822843 0.000000
599648.687638 2474125.056087 0.000000
599643.693008 2474125.289332 0.000000
599638.698377 2474125.522576 0.000000
599633.703747 2474125.755820 0.000000
599628.709116 2474125.989065 0.000000
599623.714486 2474126.222309 0.000000
599618.719855 2474126.455553 0.000000
599613.725225 2474126.688798 0.000000
599608.730594 2474126.922042 0.000000
599603.735964 2474127.155286 0.000000
599598.741333 2474127.388530 0.000000
599593.746703 2474127.621775 0.000000
599588.752072 2474127.855019 0.000000
599583.757442 2474128.088263 0.000000
599578.762811 2474128.321508 0.000000
599573.768181 2474128.554752 0.000000
599568.773550 2474128.787996 0.000000
599563.778920 2474129.021241 0.000000
599558.784289 2474129.254485 0.000000
599553.789659 2474129.487729 0.000000
599548.795028 2474129.720974 0.000000
599543.800397 2474129.954218 0.000000
599538.805767 2474130.187462 0.000000
599533.811136 2474130.420707 0.000000
599528.816506 2474130.653951 0.000000
599523.821875 2474130.887195 0.000000
599518.827245 2474131.120439 0.000000
599513.832614 2474131.353684 0.000000
599508.837984 2474131.586928 0.000000
599503.843353 2474131.820172 0.000000
599498.848723 2474132.053417 0.000000
599493.854092 2474132.286661 0.000000
599488.859462 2474132.519905 0.000000
599483.864831 2474132.753150 0.000000
599478.870201 2474132.986394 0.000000
599473.875570 2474133.219638 0.000000
599468.880940 2474133.452883 0.000000
599463.886309 2474133.686127 0.000000
599458.891679 2474133.919371 0.000000
599453.897048 2474134.152615 0.000000
599448.902418 2474134.385860 0.000000
599443.907787 2474134.619104 0.000000
599438.913157 2474134.852348 0.000000
599433.918526 2474135.085593 0.000000
599428.923896 2474135.318837 0.000000
599423.929265 2474135.552081 0.000000
599418.934635 2474135.785326 0.000000
599413.940004 2474136.018570 0.000000
599408.945373 2474136.251814 0.000000
599403.950743 2474136.485059 0.000000
599398.956112 2474136.718303 0.000000
599393.961482 2474136.951547 0.000000
599388.966851 2474137.184791 0.000000
599383.972221 2474137.418036 0.000000
599378.977590 2474137.651280 0.000000
599373.982960 2474137.884524 0.000000
599368.988329 2474138.117769 0.000000
599363.993699 2474138.351013 0.000000
599358.999068 2474138.584257 0.000000
599354.004438 2474138.817502 0.000000
599349.009807 2474139.050746 0.000000
599344.015177 2474139.283990 0.000000
599339.020546 2474139.517235 0.000000
599334.025916 2474139.750479 0.000000
599329.031285 2474139.983723 0.000000
599324.036655 2474140.216968 0.000000
599319.042024 2474140.450212 0.000000
599314.047394 2474140.683456 0.000000
599309.052763 2474140.916700 0.000000
599304.058133 2474141.149945 0.000000
599299.063502 2474141.383189 0.000000
599294.068872 2474141.616433 0.000000
599289.074241 2474141.849678 0.000000
599284.079611 2474142.082922 0.000000
599279.084980 2474142.316166 0.000000
599274.090350 2474142.549411 0.000000
599269.095719 2474142.782655 0.000000
599264.101088 2474143.015899 0.000000
599259.106458 2474143.249144 0.000000
599254.111827 2474143.482388 0.000000
599249.117197 2474143.715632 0.000000
599244.122566 2474143.948876 0.000000
599239.127936 2474144.182121 0.000000
599234.133305 2474144.415365 0.000000
599229.138675 2474144.648609 0.000000
599224.144044 2474144.881854 0.000000
599219.149414 2474145.115098 0.000000
599214.154783 2474145.348342 0.000000
599209.160153 2474145.581587 0.000000
599204.165522 2474145.814831 0.000000
599199.170892 2474146.048075 0.000000
599194.176261 2474146.281320 0.000000
599189.181631 2474146.514564 0.000000
599184.187000 2474146.747808 0.000000
599179.192370 2474146.981052 0.000000
599174.197739 2474147.214297 0.000000
599169.203109 2474147.447541 0.000000
599164.208478 2474147.680785 0.000000
599159.213848 2474147.914030 0.000000
599154.219217 2474148.147274 0.000000
599149.224587 2474148.380518 0.000000
599144.229956 2474148.613763 0.000000
599139.235326 2474148.847007 0.000000
599134.240695 2474149.080251 0.000000
599129.246065 2474149.313496 0.000000
599124.251434 2474149.546740 0.000000
599119.256803 2474149.779984 0.000000
599114.262173 2474150.013229 0.000000
599109.267542 2474150.246473 0.000000
599104.272912 2474150.479717 0.000000
599099.278281 2474150.712961 0.000000
599094.283651 2474150.946206 0.000000
599089.289020 2474151.179450 0.000000
599084.294390 2474151.412694 0.000000
599079.299759 2474151.645939 0.000000
599074.305129 2474151.879183 0.000000
599069.310498 2474152.112427 0.000000
599064.315868 2474152.345672 0.000000
599059.321237 2474152.578916 0.000000
599054.326607 2474152.812160 0.000000
599049.331976 2474153.045405 0.000000
599044.337346 2474153.278649 0.000000
599039.342715 2474153.511893 0.000000
599034.348085 2474153.745137 0.000000
599029.353454 2474153.978382 0.000000
599024.358824 2474154.211626 0.000000
599019.364193 2474154.444870 0.000000
599014.369563 2474154.678115 0.000000
599009.374932 2474154.911359 0.000000
599004.380302 2474155.144603 0.000000
598999.385671 2474155.377848 0.000000
598994.391041 2474155.611092 0.000000
598989.396410 2474155.844336 0.000000
598984.401780 2474156.077581 0.000000
598979.407149 2474156.310825 0.000000
598974.412518 2474156.544069 0.000000
598969.417888 2474156.777314 0.000000
598964.423257 2474157.010558 0.000000
598959.428627 2474157.243802 0.000000
598954.433996 2474157.477046 0.000000
598949.439366 2474157.710291 0.000000
598944.444735 2474157.943535 0.000000
598939.450105 2474158.176779 0.000000
598934.455474 2474158.410024 0.000000
598929.460844 2474158.643268 0.000000
598924.466213 2474158.876512 0.000000
598919.471583 2474159.109757 0.000000
598914.476952 2474159.343001 0.000000
598909.482322 2474159.576245 0.000000
598904.487691 2474159.809490 0.000000
598899.493061 2474160.042734 0.000000
598894.498430 2474160.275978 0.000000
598889.503800 2474160.509222 0.000000
598884.509169 2474160.742467 0.000000
598879.514539 2474160.975711 0.000000
598874.519908 2474161.208955 0.000000
598869.525278 2474161.442200 0.000000
598864.530647 2474161.675444 0.000000
598859.536017 2474161.908688 0.000000
598854.541386 2474162.141933 0.000000
598849.546756 2474162.375177 0.000000
598844.552125 2474162.608421 0.000000
598839.557495 2474162.841666 0.000000
598834.562864 2474163.074910 0.000000
598829.568233 2474163.308154 0.000000
598824.573603 2474163.541398 0.000000
598819.578972 2474163.774643 0.000000
598814.584342 2474164.007887 0.000000
598809.589711 2474164.241131 0.000000
598804.595081 2474164.474376 0.000000
598799.600450 2474164.707620 0.000000
598794.605820 2474164.940864 0.000000
598789.611189 2474165.174109 0.000000
598784.616559 2474165.407353 0.000000
598779.621928 2474165.640597 0.000000
598774.627298 2474165.873842 0.000000
598769.632667 2474166.107086 0.000000
598764.638037 2474166.340330 0.000000
598759.643406 2474166.573575 0.000000
598754.648776 2474166.806819 0.000000
598749.654145 2474167.040063 0.000000
598744.659515 2474167.273307 0.000000
598739.664884 2474167.506552 0.000000
598734.670254 2474167.739796 0.000000
598729.675623 2474167.973040 0.000000
598724.680993 2474168.206285 0.000000
598719.686362 2474168.439529 0.000000
598714.691732 2474168.672773 0.000000
598709.697101 2474168.906018 0.000000
598704.702471 2474169.139262 0.000000
598699.707840 2474169.372506 0.000000
598694.713209 2474169.605751 0.000000
598689.718579 2474169.838995 0.000000
598684.723948 2474170.072239 0.000000
598679.729318 2474170.305483 0.000000
598674.734687 2474170.538728 0.000000
598669.740057 2474170.771972 0.000000
598664.745426 2474171.005216 0.000000
598659.750796 2474171.238461 0.000000
598654.756165 2474171.471705 0.000000
598649.761535 2474171.704949 0.000000
598644.766904 2474171.938194 0.000000
598639.772274 2474172.171438 0.000000
598634.777643 2474172.404682 0.000000
598629.783013 2474172.637927 0.000000
598624.788382 2474172.871171 0.000000
598619.793752 2474173.104415 0.000000
598614.799121 2474173.337659 0.000000
598609.804491 2474173.570904 0.000000
598604.809860 2474173.804148 0.000000
598599.815230 2474174.037392 0.000000
598594.820599 2474174.270637 0.000000
598589.825969 2474174.503881 0.000000
598584.831338 2474174.737125 0.000000
598579.836708 2474174.970370 0.000000
598574.842077 2474175.203614 0.000000
598569.847447 2474175.436858 0.000000
598564.852816 2474175.670103 0.000000
598559.858186 2474175.903347 0.000000
598554.863555 2474176.136591 0.000000
598549.868924 2474176.369836 0.000000
598544.874294 2474176.603080 0.000000
598539.879663 2474176.836324 0.000000
598534.885033 2474177.069568 0.000000
598529.890402 2474177.302813 0.000000
598524.895772 2474177.536057 0.000000
598519.901141 2474177.769301 0.000000
598514.906511 2474178.002546 0.000000
598509.911880 2474178.235790 0.000000
598504.917250 2474178.469034 0.000000
598499.922619 2474178.702279 0.000000
598494.927989 2474178.935523 0.000000
598489.933358 2474179.168767 0.000000
598484.938728 2474179.402012 0.000000
598479.944097 2474179.635256 0.000000
598474.949467 2474179.868500 0.000000
598469.954836 2474180.101744 0.000000
598464.960206 2474180.334989 0.000000
598459.965575 2474180.568233 0.000000
598454.970945 2474180.801477 0.000000
598449.976314 2474181.034722 0.000000
598444.981684 2474181.267966 0.000000
598439.987053 2474181.501210 0.000000
598434.992423 2474181.734455 0.000000
598429.997792 2474181.967699 0.000000
598425.003162 2474182.200943 0.000000
598420.008531 2474182.434188 0.000000
598415.013901 2474182.667432 0.000000
598410.019270 2474182.900676 0.000000
598405.024639 2474183.133920 0.000000
598400.030009 2474183.367165 0.000000
598395.035378 2474183.600409 0.000000
598390.040748 2474183.833653 0.000000
598385.046117 2474184.066898 0.000000
598380.051487 2474184.300142 0.000000
598375.056856 2474184.533386 0.000000
598370.062226 2474184.766631 0.000000
598365.067595 2474184.999875 0.000000
598360.072965 2474185.233119 0.000000
598355.078334 2474185.466364 0.000000
598350.083704 2474185.699608 0.000000
598345.089073 2474185.932852 0.000000
598340.094443 2474186.166097 0.000000
598335.099812 2474186.399341 0.000000
598330.105182 2474186.632585 0.000000
598325.110551 2474186.865829 0.000000
598320.115921 2474187.099074 0.000000
598315.121290 2474187.332318 0.000000
598310.126660 2474187.565562 0.000000
598305.132029 2474187.798807 0.000000
598300.137399 2474188.032051 0.000000
598295.142768 2474188.265295 0.000000
598290.148138 2474188.498540 0.000000
598285.153507 2474188.731784 0.000000
598280.158877 2474188.965028 0.000000
598275.164246 2474189.198273 0.000000
598270.169616 2474189.431517 0.000000
598265.174985 2474189.664761 0.000000
598260.180354 2474189.898005 0.000000
598255.185724 2474190.131250 0.000000
598250.191093 2474190.364494 0.000000
598245.196463 2474190.597738 0.000000
598240.201832 2474190.830983 0.000000
598235.207202 2474191.064227 0.000000
598230.212571 2474191.297471 0.000000
598225.217941 2474191.530716 0.000000
598220.223310 2474191.763960 0.000000
598215.228680 2474191.997204 0.000000
598210.234049 2474192.230449 0.000000
598205.239419 2474192.463693 0.000000
598200.244788 2474192.696937 0.000000
598195.250158 2474192.930181 0.000000
598190.255527 2474193.163426 0.000000
598185.260897 2474193.396670 0.000000
598180.266266 2474193.629914 0.000000
598175.271636 2474193.863159 0.000000
598170.277005 2474194.096403 0.000000
598165.282375 2474194.329647 0.000000
598160.287744 2474194.562892 0.000000
598155.293114 2474194.796136 0.000000
598150.298483 2474195.029380 0.000000
598145.303853 2474195.262625 0.000000
598140.309222 2474195.495869 0.000000
598135.314592 2474195.729113 0.000000
598130.319961 2474195.962358 0.000000
598125.325331 2474196.195602 0.000000
598120.330700 2474196.428846 0.000000
598115.336069 2474196.662090 0.000000
598110.341439 2474196.895335 0.000000
598105.346808 2474197.128579 0.000000
598100.352178 2474197.361823 0.000000
598095.357547 2474197.595068 0.000000
598090.362917 2474197.828312 0.000000
598085.368286 2474198.061556 0.000000
598080.373656 2474198.294801 0.000000
598075.379025 2474198.528045 0.000000
598070.384395 2474198.761289 0.000000
598065.389764 2474198.994534 0.000000
598060.395134 2474199.227778 0.000000
598055.400503 2474199.461022 0.000000
598050.405873 2474199.694266 0.000000
598045.411242 2474199.927511 0.000000
598040.416612 2474200.160755 0.000000
598035.421981 2474200.393999 0.000000
598030.427351 2474200.627244 0.000000
598025.432720 2474200.860488 0.000000
598020.438090 2474201.093732 0.000000
598015.443459 2474201.326977 0.000000
598010.448829 2474201.560221 0.000000
598005.454198 2474201.793465 0.000000
598000.459568 2474202.026710 0.000000
597995.464937 2474202.259954 0.000000
597990.470307 2474202.493198 0.000000
597985.475676 2474202.726443 0.000000
597980.481045 2474202.959687 0.000000
597975.486415 2474203.192931 0.000000
597970.491784 2474203.426175 0.000000
597965.497154 2474203.659420 0.000000
597960.502523 2474203.892664 0.000000
597955.507893 2474204.125908 0.000000
597950.513262 2474204.359153 0.000000
597945.518632 2474204.592397 0.000000
597940.524001 2474204.825641 0.000000
597935.529371 2474205.058886 0.000000
597930.534740 2474205.292130 0.000000
597925.540110 2474205.525374 0.000000
597920.545479 2474205.758619 0.000000
597915.550849 2474205.991863 0.000000
597910.556218 2474206.225107 0.000000
597905.561588 2474206.458351 0.000000
597900.566957 2474206.691596 0.000000
597895.572327 2474206.924840 0.000000
597890.577696 2474207.158084 0.000000
597885.583066 2474207.391329 0.000000
597880.588435 2474207.624573 0.000000
597875.593805 2474207.857817 0.000000
597870.599174 2474208.091062 0.000000
597865.604544 2474208.324306 0.000000
597860.609913 2474208.557550 0.000000
597855.615283 2474208.790795 0.000000
597850.620652 2474209.024039 0.000000
597845.626022 2474209.257283 0.000000
597840.631391 2474209.490527 0.000000
597835.636760 2474209.723772 0.000000
597830.642130 2474209.957016 0.000000
597825.647499 2474210.190260 0.000000
597820.652869 2474210.423505 0.000000
597815.658238 2474210.656749 0.000000
597810.663608 2474210.889993 0.000000
597805.668977 2474211.123238 0.000000
597800.674347 2474211.356482 0.000000
597795.679716 2474211.589726 0.000000
597790.685086 2474211.822971 0.000000
597785.690455 2474212.056215 0.000000
597780.695825 2474212.289459 0.000000
597775.701194 2474212.522704 0.000000
597770.706564 2474212.755948 0.000000
597765.711933 2474212.989192 0.000000
597760.717303 2474213.222436 0.000000
597755.722672 2474213.455681 0.000000
597750.728042 2474213.688925 0.000000
597745.733411 2474213.922169 0.000000
597740.738781 2474214.155414 0.000000
597735.744150 2474214.388658 0.000000
597730.749520 2474214.621902 0.000000
597725.754889 2474214.855147 0.000000
597720.760259 2474215.088391 0.000000
597715.765628 2474215.321635 0.000000
597710.770998 2474215.554880 0.000000
597705.776367 2474215.788124 0.000000
597700.781737 2474216.021368 0.000000
597695.787106 2474216.254612 0.000000
597690.792475 2474216.487857 0.000000
597685.797845 2474216.721101 0.000000
597680.803214 2474216.954345 0.000000
597675.808584 2474217.187590 0.000000
597670.813953 2474217.420834 0.000000
597665.819323 2474217.654078 0.000000
597660.824692 2474217.887323 0.000000
597655.830062 2474218.120567 0.000000
597650.835431 2474218.353811 0.000000
597645.840801 2474218.587056 0.000000
597640.846170 2474218.820300 0.000000
597635.851540 2474219.053544 0.000000
597630.856909 2474219.286788 0.000000
597625.862279 2474219.520033 0.000000
597620.867648 2474219.753277 0.000000
597615.873018 2474219.986521 0.000000
597610.878387 2474220.219766 0.000000
597605.883757 2474220.453010 0.000000
597600.889126 2474220.686254 0.000000
597595.894496 2474220.919499 0.000000
597590.899865 2474221.152743 0.000000
597585.905235 2474221.385987 0.000000
597580.910604 2474221.619232 0.000000
597575.915974 2474221.852476 0.000000
597570.921343 2474222.085720 0.000000
597565.926713 2474222.318965 0.000000
597560.932082 2474222.552209 0.000000
597555.937452 2474222.785453 0.000000
597550.942821 2474223.018697 0.000000
597545.948190 2474223.251942 0.000000
597540.953560 2474223.485186 0.000000
597535.958929 2474223.718430 0.000000
597530.964299 2474223.951675 0.000000
597525.969668 2474224.184919 0.000000
597520.975038 2474224.418163 0.000000
597515.980407 2474224.651408 0.000000
597510.985777 2474224.884652 0.000000
597505.991146 2474225.117896 0.000000
597500.996516 2474225.351141 0.000000
597496.001885 2474225.584385 0.000000
597491.007255 2474225.817629 0.000000
597486.012624 2474226.050873 0.000000
597481.017994 2474226.284118 0.000000
597476.023363 2474226.517362 0.000000
597471.028733 2474226.750606 0.000000
