FFASCI 0 1 "LINES" 0 1e+10
FFATTR 0 1
->1
613386.007548 2491722.721999 0.000000
613381.053638 2491723.371768 0.000000
613376.099729 2491724.021538 0.000000
613371.145819 2491724.671307 0.000000
613366.191910 2491725.321077 0.000000
613361.238000 2491725.970846 0.000000
613356.284090 2491726.620615 0.000000
613351.330181 2491727.270385 0.000000
613346.376271 2491727.920154 0.000000
613341.422361 2491728.569923 0.000000
613336.468452 2491729.219693 0.000000
613331.514542 2491729.869462 0.000000
613326.560633 2491730.519232 0.000000
613321.606723 2491731.169001 0.000000
613316.652813 2491731.818770 0.000000
613311.698904 2491732.468540 0.000000
613306.744994 2491733.118309 0.000000
613301.791084 2491733.768079 0.000000
613296.837175 2491734.417848 0.000000
613291.883265 2491735.067617 0.000000
613286.929356 2491735.717387 0.000000
613281.975446 2491736.367156 0.000000
613277.021536 2491737.016926 0.000000
613272.067627 2491737.666695 0.000000
613267.113717 2491738.316464 0.000000
613262.159808 2491738.966234 0.000000
613257.205898 2491739.616003 0.000000
613252.251988 2491740.265773 0.000000
613247.298079 2491740.915542 0.000000
613242.344169 2491741.565311 0.000000
613237.390259 2491742.215081 0.000000
613232.436350 2491742.864850 0.000000
613227.482440 2491743.514619 0.000000
613222.528531 2491744.164389 0.000000
613217.574621 2491744.814158 0.000000
613212.620711 2491745.463928 0.000000
613207.666802 2491746.113697 0.000000
613202.712892 2491746.763466 0.000000
613197.758982 2491747.413236 0.000000
613192.805073 2491748.063005 0.000000
613187.851163 2491748.712775 0.000000
613182.897254 2491749.362544 0.000000
613177.943344 2491750.012313 0.000000
613172.989434 2491750.662083 0.000000
613168.035525 2491751.311852 0.000000
613163.081615 2491751.961622 0.000000
613158.127705 2491752.611391 0.000000
613153.173796 2491753.261160 0.000000
613148.219886 2491753.910930 0.000000
613143.265977 2491754.560699 0.000000
613138.312067 2491755.210468 0.000000
613133.358157 2491755.860238 0.000000
613128.404248 2491756.510007 0.000000
613123.450338 2491757.159777 0.000000
613118.496429 2491757.809546 0.000000
613113.542519 2491758.459315 0.000000
613108.588609 2491759.109085 0.000000
613103.634700 2491759.758854 0.000000
613098.680790 2491760.408624 0.000000
613093.726880 2491761.058393 0.000000
613088.772971 2491761.708162 0.000000
613083.819061 2491762.357932 0.000000
613078.865152 2491763.007701 0.000000
613073.911242 2491763.657471 0.000000
613068.957332 2491764.307240 0.000000
613064.003423 2491764.957009 0.000000
613059.049513 2491765.606779 0.000000
613054.095603 2491766.256548 0.000000
613049.141694 2491766.906318 0.000000
613044.187784 2491767.556087 0.000000
613039.233875 2491768.205856 0.000000
613034.279965 2491768.855626 0.000000
613029.326055 2491769.505395 0.000000
613024.372146 2491770.155164 0.000000
613019.418236 2491770.804934 0.000000
613014.464326 2491771.454703 0.000000
613009.510417 2491772.104473 0.000000
613004.556507 2491772.754242 0.000000
612999.602598 2491773.404011 0.000000
612994.648688 2491774.053781 0.000000
612989.694778 2491774.703550 0.000000
612984.740869 2491775.353320 0.000000
612979.786959 2491776.003089 0.000000
612974.833050 2491776.652858 0.000000
612969.879140 2491777.302628 0.000000
612964.925230 2491777.952397 0.000000
612959.971321 2491778.602167 0.000000
612955.017411 2491779.251936 0.000000
612950.063501 2491779.901705 0.000000
612945.109592 2491780.551475 0.000000
612940.155682 2491781.201244 0.000000
612935.201773 2491781.851013 0.000000
612930.247863 2491782.500783 0.000000
612925.293953 2491783.150552 0.000000
612920.340044 2491783.800322 0.000000
612915.386134 2491784.450091 0.000000
612910.432224 2491785.099860 0.000000
612905.478315 2491785.749630 0.000000
612900.524405 2491786.399399 0.000000
612895.570496 2491787.049169 0.000000
612890.616586 2491787.698938 0.000000
612885.662676 2491788.348707 0.000000
612880.708767 2491788.998477 0.000000
612875.754857 2491789.648246 0.000000
612870.800947 2491790.298016 0.000000
612865.847038 2491790.947785 0.000000
612860.893128 2491791.597554 0.000000
612855.939219 2491792.247324 0.000000
612850.985309 2491792.897093 0.000000
612846.031399 2491793.546862 0.000000
612841.077490 2491794.196632 0.000000
612836.123580 2491794.846401 0.000000
612831.169670 2491795.496171 0.000000
612826.215761 2491796.145940 0.000000
612821.261851 2491796.795709 0.000000
612816.307942 2491797.445479 0.000000
612811.354032 2491798.095248 0.000000
612806.400122 2491798.745018 0.000000
612801.446213 2491799.394787 0.000000
612796.492303 2491800.044556 0.000000
612791.538394 2491800.694326 0.000000
612786.584484 2491801.344095 0.000000
612781.630574 2491801.993865 0.000000
612776.676665 2491802.643634 0.000000
612771.722755 2491803.293403 0.000000
612766.768845 2491803.943173 0.000000
612761.814936 2491804.592942 0.000000
612756.861026 2491805.242712 0.000000
612751.907117 2491805.892481 0.000000
612746.953207 2491806.542250 0.000000
612741.999297 2491807.192020 0.000000
612737.045388 2491807.841789 0.000000
612732.091478 2491808.491558 0.000000
612727.137568 2491809.141328 0.000000
612722.183659 2491809.791097 0.000000
612717.229749 2491810.440867 0.000000
612712.275840 2491811.090636 0.000000
612707.321930 2491811.740405 0.000000
612702.368020 2491812.390175 0.000000
612697.414111 2491813.039944 0.000000
612692.460201 2491813.689714 0.000000
612687.506291 2491814.339483 0.000000
612682.552382 2491814.989252 0.000000
612677.598472 2491815.639022 0.000000
612672.644563 2491816.288791 0.000000
612667.690653 2491816.938561 0.000000
612662.736743 2491817.588330 0.000000
612657.782834 2491818.238099 0.000000
612652.828924 2491818.887869 0.000000
612647.875015 2491819.537638 0.000000
612642.921105 2491820.187407 0.000000
612637.967195 2491820.837177 0.000000
612633.013286 2491821.486946 0.000000
612628.059376 2491822.136716 0.000000
612623.105466 2491822.786485 0.000000
612618.151557 2491823.436254 0.000000
612613.197647 2491824.086024 0.000000
612608.243738 2491824.735793 0.000000
612603.289828 2491825.385563 0.000000
612598.335918 2491826.035332 0.000000
612593.382009 2491826.685101 0.000000
612588.428099 2491827.334871 0.000000
612583.474189 2491827.984640 0.000000
612578.520280 2491828.634410 0.000000
612573.566370 2491829.284179 0.000000
612568.612461 2491829.933948 0.000000
612563.658551 2491830.583718 0.000000
612558.704641 2491831.233487 0.000000
612553.750732 2491831.883257 0.000000
612548.796822 2491832.533026 0.000000
612543.842912 2491833.182795 0.000000
612538.889003 2491833.832565 0.000000
612533.935093 2491834.482334 0.000000
612528.981184 2491835.132103 0.000000
612524.027274 2491835.781873 0.000000
612519.073364 2491836.431642 0.000000
612514.119455 2491837.081412 0.000000
612509.165545 2491837.731181 0.000000
612504.211636 2491838.380950 0.000000
612499.257726 2491839.030720 0.000000
612494.303816 2491839.680489 0.000000
612489.349907 2491840.330259 0.000000
612484.395997 2491840.980028 0.000000
612479.442087 2491841.629797 0.000000
612474.488178 2491842.279567 0.000000
612469.534268 2491842.929336 0.000000
612464.580359 2491843.579106 0.000000
612459.626449 2491844.228875 0.000000
612454.672539 2491844.878644 0.000000
612449.718630 2491845.528414 0.000000
612444.764720 2491846.178183 0.000000
612439.810810 2491846.827952 0.000000
612434.856901 2491847.477722 0.000000
612429.902991 2491848.127491 0.000000
612424.949082 2491848.777261 0.000000
612419.995172 2491849.427030 0.000000
612415.041262 2491850.076799 0.000000
612410.087353 2491850.726569 0.000000
612405.133443 2491851.376338 0.000000
612400.179533 2491852.026108 0.000000
612395.225624 2491852.675877 0.000000
612390.271714 2491853.325646 0.000000
612385.317805 2491853.975416 0.000000
612380.363895 2491854.625185 0.000000
612375.409985 2491855.274955 0.000000
612370.456076 2491855.924724 0.000000
612365.502166 2491856.574493 0.000000
612360.548257 2491857.224263 0.000000
612355.594347 2491857.874032 0.000000
612350.640437 2491858.523802 0.000000
612345.686528 2491859.173571 0.000000
612340.732618 2491859.823340 0.000000
612335.778708 2491860.473110 0.000000
612330.824799 2491861.122879 0.000000
612325.870889 2491861.772648 0.000000
612320.916980 2491862.422418 0.000000
612315.963070 2491863.072187 0.000000
612311.009160 2491863.721957 0.000000
612306.031895 2491864.290138 0.000000
612301.054630 2491864.858320 0.000000
612296.077364 2491865.426502 0.000000
612291.100099 2491865.994684 0.000000
612286.122834 2491866.562865 0.000000
612281.145569 2491867.131047 0.000000
612276.168303 2491867.699229 0.000000
612271.191038 2491868.267411 0.000000
612266.213773 2491868.835592 0.000000
612261.236508 2491869.403774 0.000000
612256.259242 2491869.971956 0.000000
612251.281977 2491870.540138 0.000000
612246.304712 2491871.108319 0.000000
612241.327446 2491871.676501 0.000000
612236.350181 2491872.244683 0.000000
612231.372916 2491872.812865 0.000000
612226.395651 2491873.381046 0.000000
612221.418385 2491873.949228 0.000000
612216.441120 2491874.517410 0.000000
612211.463855 2491875.085591 0.000000
612206.486589 2491875.653773 0.000000
612201.509324 2491876.221955 0.000000
612196.532059 2491876.790137 0.000000
612191.554794 2491877.358318 0.000000
612186.577528 2491877.926500 0.000000
612181.600263 2491878.494682 0.000000
612176.622998 2491879.062864 0.000000
612171.645733 2491879.631045 0.000000
612166.668467 2491880.199227 0.000000
612161.691202 2491880.767409 0.000000
612156.713937 2491881.335591 0.000000
612151.736671 2491881.903772 0.000000
612146.759406 2491882.471954 0.000000
612141.782141 2491883.040136 0.000000
612136.804876 2491883.608318 0.000000
612131.827610 2491884.176499 0.000000
612126.850345 2491884.744681 0.000000
612121.873080 2491885.312863 0.000000
612116.895815 2491885.881045 0.000000
612111.918549 2491886.449226 0.000000
612106.941284 2491887.017408 0.000000
612101.964019 2491887.585590 0.000000
612096.986753 2491888.153772 0.000000
612092.009488 2491888.721953 0.000000
612087.032223 2491889.290135 0.000000
612082.054958 2491889.858317 0.000000
612077.077692 2491890.426499 0.000000
612072.100427 2491890.994680 0.000000
612067.123162 2491891.562862 0.000000
612062.145896 2491892.131044 0.000000
612057.168631 2491892.699226 0.000000
612052.191366 2491893.267407 0.000000
612047.214101 2491893.835589 0.000000
612042.236835 2491894.403771 0.000000
612037.259570 2491894.971952 0.000000
612032.282305 2491895.540134 0.000000
612027.305040 2491896.108316 0.000000
612022.327774 2491896.676498 0.000000
612017.350509 2491897.244679 0.000000
612012.373244 2491897.812861 0.000000
612007.395978 2491898.381043 0.000000
612002.418713 2491898.949225 0.000000
611997.441448 2491899.517406 0.000000
611992.464183 2491900.085588 0.000000
611987.486917 2491900.653770 0.000000
611982.509652 2491901.221952 0.000000
611977.532387 2491901.790133 0.000000
611972.555121 2491902.358315 0.000000
611967.577856 2491902.926497 0.000000
611962.600591 2491903.494679 0.000000
611957.623326 2491904.062860 0.000000
611952.646060 2491904.631042 0.000000
611947.668795 2491905.199224 0.000000
611942.691530 2491905.767406 0.000000
611937.714265 2491906.335587 0.000000
611932.736999 2491906.903769 0.000000
611927.759734 2491907.471951 0.000000
611922.782469 2491908.040133 0.000000
611917.805203 2491908.608314 0.000000
611912.827938 2491909.176496 0.000000
611907.850673 2491909.744678 0.000000
611902.873408 2491910.312860 0.000000
611897.896142 2491910.881041 0.000000
611892.918877 2491911.449223 0.000000
611887.941612 2491912.017405 0.000000
611882.964347 2491912.585587 0.000000
611877.987081 2491913.153768 0.000000
611873.009816 2491913.721950 0.000000
611868.074340 2491914.496143 0.000000
611863.138863 2491915.270336 0.000000
611858.203387 2491916.044529 0.000000
611853.267910 2491916.818723 0.000000
611848.332434 2491917.592916 0.000000
611843.396957 2491918.367109 0.000000
611838.461481 2491919.141302 0.000000
611833.526004 2491919.915495 0.000000
611828.590528 2491920.689688 0.000000
611823.655051 2491921.463882 0.000000
611818.719575 2491922.238075 0.000000
611813.784099 2491923.012268 0.000000
611808.848622 2491923.786461 0.000000
611803.913146 2491924.560654 0.000000
611798.977669 2491925.334847 0.000000
611794.042193 2491926.109041 0.000000
611789.106716 2491926.883234 0.000000
611784.171240 2491927.657427 0.000000
611779.235763 2491928.431620 0.000000
611774.300287 2491929.205813 0.000000
611769.364811 2491929.980006 0.000000
611764.429334 2491930.754199 0.000000
611759.493858 2491931.528393 0.000000
611754.558381 2491932.302586 0.000000
611749.622905 2491933.076779 0.000000
611744.687428 2491933.850972 0.000000
611739.751952 2491934.625165 0.000000
611734.816475 2491935.399358 0.000000
611729.880999 2491936.173552 0.000000
611724.945522 2491936.947745 0.000000
611720.010046 2491937.721938 0.000000
611715.051720 2491938.388604 0.000000
611710.093394 2491939.055271 0.000000
611705.135068 2491939.721937 0.000000
611700.176742 2491940.388604 0.000000
611695.218417 2491941.055270 0.000000
611690.260091 2491941.721937 0.000000
611685.301765 2491942.388603 0.000000
611680.343439 2491943.055269 0.000000
611675.385113 2491943.721936 0.000000
611670.426787 2491944.388602 0.000000
611665.468461 2491945.055269 0.000000
611660.510135 2491945.721935 0.000000
611655.551809 2491946.388602 0.000000
611650.593483 2491947.055268 0.000000
611645.635158 2491947.721934 0.000000
611640.676832 2491948.388601 0.000000
611635.718506 2491949.055267 0.000000
611630.760180 2491949.721934 0.000000
611625.801854 2491950.388600 0.000000
611620.843528 2491951.055267 0.000000
611615.885202 2491951.721933 0.000000
611610.926876 2491952.388600 0.000000
611605.968550 2491953.055266 0.000000
611601.010224 2491953.721932 0.000000
611596.051899 2491954.388599 0.000000
611591.093573 2491955.055265 0.000000
611586.135247 2491955.721932 0.000000
611581.176921 2491956.388598 0.000000
611576.218595 2491957.055265 0.000000
611571.260269 2491957.721931 0.000000
611566.301943 2491958.388597 0.000000
611561.343617 2491959.055264 0.000000
611556.385291 2491959.721930 0.000000
611551.426966 2491960.388597 0.000000
611546.468640 2491961.055263 0.000000
611541.510314 2491961.721930 0.000000
611536.551988 2491962.388596 0.000000
611531.593662 2491963.055263 0.000000
611526.635336 2491963.721929 0.000000
611521.677010 2491964.388595 0.000000
611516.718684 2491965.055262 0.000000
611511.760358 2491965.721928 0.000000
611506.802032 2491966.388595 0.000000
611501.843707 2491967.055261 0.000000
611496.885381 2491967.721928 0.000000
611491.927055 2491968.388594 0.000000
611486.968729 2491969.055260 0.000000
611482.010403 2491969.721927 0.000000
611477.052077 2491970.388593 0.000000
611472.093751 2491971.055260 0.000000
611467.135425 2491971.721926 0.000000
611462.177099 2491972.388593 0.000000
611457.218774 2491973.055259 0.000000
611452.260448 2491973.721926 0.000000
611447.302122 2491974.388592 0.000000
611442.343796 2491975.055258 0.000000
611437.385470 2491975.721925 0.000000
611432.427144 2491976.388591 0.000000
611427.468818 2491977.055258 0.000000
611422.510492 2491977.721924 0.000000
611417.552166 2491978.388591 0.000000
611412.593840 2491979.055257 0.000000
611407.635515 2491979.721923 0.000000
611402.677189 2491980.388590 0.000000
611397.718863 2491981.055256 0.000000
611392.760537 2491981.721923 0.000000
611387.802211 2491982.388589 0.000000
611382.843885 2491983.055256 0.000000
611377.885559 2491983.721922 0.000000
611372.927233 2491984.388589 0.000000
611367.968907 2491985.055255 0.000000
611363.010581 2491985.721921 0.000000
611358.052256 2491986.388588 0.000000
611353.093930 2491987.055254 0.000000
611348.135604 2491987.721921 0.000000
611343.177278 2491988.388587 0.000000
611338.218952 2491989.055254 0.000000
611333.260626 2491989.721920 0.000000
611328.302300 2491990.388586 0.000000
611323.343974 2491991.055253 0.000000
611318.385648 2491991.721919 0.000000
611313.427323 2491992.388586 0.000000
611308.468997 2491993.055252 0.000000
611303.510671 2491993.721919 0.000000
611298.552345 2491994.388585 0.000000
611293.594019 2491995.055252 0.000000
611288.635693 2491995.721918 0.000000
611283.677367 2491996.388584 0.000000
611278.719041 2491997.055251 0.000000
611273.760715 2491997.721917 0.000000
611268.802389 2491998.388584 0.000000
611263.844064 2491999.055250 0.000000
611258.885738 2491999.721917 0.000000
611253.927412 2492000.388583 0.000000
611248.969086 2492001.055249 0.000000
611244.010760 2492001.721916 0.000000
611239.080943 2492002.528933 0.000000
611234.151126 2492003.335950 0.000000
611229.221309 2492004.142967 0.000000
611224.291491 2492004.949984 0.000000
611219.361674 2492005.757001 0.000000
611214.431857 2492006.564018 0.000000
611209.502040 2492007.371036 0.000000
611204.572223 2492008.178053 0.000000
611199.642406 2492008.985070 0.000000
611194.712589 2492009.792087 0.000000
611189.782771 2492010.599104 0.000000
611184.852954 2492011.406121 0.000000
611179.923137 2492012.213138 0.000000
611174.993320 2492013.020155 0.000000
611170.063503 2492013.827172 0.000000
611165.133686 2492014.634189 0.000000
611160.203869 2492015.441207 0.000000
611155.274051 2492016.248224 0.000000
611150.344234 2492017.055241 0.000000
611145.414417 2492017.862258 0.000000
611140.484600 2492018.669275 0.000000
611135.554783 2492019.476292 0.000000
611130.624966 2492020.283309 0.000000
611125.695148 2492021.090326 0.000000
611120.765331 2492021.897343 0.000000
611115.835514 2492022.704360 0.000000
611110.905697 2492023.511378 0.000000
611105.975880 2492024.318395 0.000000
611101.046063 2492025.125412 0.000000
611096.116246 2492025.932429 0.000000
611091.186428 2492026.739446 0.000000
611086.256611 2492027.546463 0.000000
611081.326794 2492028.353480 0.000000
611076.396977 2492029.160497 0.000000
611071.467160 2492029.967514 0.000000
611066.537343 2492030.774531 0.000000
611061.607526 2492031.581549 0.000000
611056.677708 2492032.388566 0.000000
611051.747891 2492033.195583 0.000000
611046.818074 2492034.002600 0.000000
611041.888257 2492034.809617 0.000000
611036.958440 2492035.616634 0.000000
611032.028623 2492036.423651 0.000000
611027.098806 2492037.230668 0.000000
611022.168988 2492038.037685 0.000000
611017.239171 2492038.844702 0.000000
611012.309354 2492039.651720 0.000000
611007.379537 2492040.458737 0.000000
611002.449720 2492041.265754 0.000000
610997.519903 2492042.072771 0.000000
610992.590086 2492042.879788 0.000000
610987.660268 2492043.686805 0.000000
610982.730451 2492044.493822 0.000000
610977.800634 2492045.300839 0.000000
610972.870817 2492046.107856 0.000000
610967.941000 2492046.914873 0.000000
610963.011183 2492047.721891 0.000000
610958.055308 2492048.380714 0.000000
610953.099433 2492049.039537 0.000000
610948.143558 2492049.698360 0.000000
610943.187683 2492050.357184 0.000000
610938.231808 2492051.016007 0.000000
610933.275933 2492051.674830 0.000000
610928.320058 2492052.333654 0.000000
610923.364183 2492052.992477 0.000000
610918.408308 2492053.651300 0.000000
610913.452433 2492054.310124 0.000000
610908.496559 2492054.968947 0.000000
610903.540684 2492055.627770 0.000000
610898.584809 2492056.286593 0.000000
610893.628934 2492056.945417 0.000000
610888.673059 2492057.604240 0.000000
610883.717184 2492058.263063 0.000000
610878.761309 2492058.921887 0.000000
610873.805434 2492059.580710 0.000000
610868.849559 2492060.239533 0.000000
610863.893684 2492060.898357 0.000000
610858.937809 2492061.557180 0.000000
610853.981934 2492062.216003 0.000000
610849.026059 2492062.874826 0.000000
610844.070185 2492063.533650 0.000000
610839.114310 2492064.192473 0.000000
610834.158435 2492064.851296 0.000000
610829.202560 2492065.510120 0.000000
610824.246685 2492066.168943 0.000000
610819.290810 2492066.827766 0.000000
610814.334935 2492067.486590 0.000000
610809.379060 2492068.145413 0.000000
610804.423185 2492068.804236 0.000000
610799.467310 2492069.463060 0.000000
610794.511435 2492070.121883 0.000000
610789.555560 2492070.780706 0.000000
610784.599685 2492071.439529 0.000000
610779.643811 2492072.098353 0.000000
610774.687936 2492072.757176 0.000000
610769.732061 2492073.415999 0.000000
610764.776186 2492074.074823 0.000000
610759.820311 2492074.733646 0.000000
610754.864436 2492075.392469 0.000000
610749.908561 2492076.051293 0.000000
610744.952686 2492076.710116 0.000000
610739.996811 2492077.368939 0.000000
610735.040936 2492078.027762 0.000000
610730.085061 2492078.686586 0.000000
610725.129186 2492079.345409 0.000000
610720.173312 2492080.004232 0.000000
610715.217437 2492080.663056 0.000000
610710.261562 2492081.321879 0.000000
610705.305687 2492081.980702 0.000000
610700.349812 2492082.639526 0.000000
610695.393937 2492083.298349 0.000000
610690.438062 2492083.957172 0.000000
610685.482187 2492084.615995 0.000000
610680.526312 2492085.274819 0.000000
610675.570437 2492085.933642 0.000000
610670.614562 2492086.592465 0.000000
610665.658687 2492087.251289 0.000000
610660.702812 2492087.910112 0.000000
610655.746938 2492088.568935 0.000000
610650.791063 2492089.227759 0.000000
610645.835188 2492089.886582 0.000000
610640.879313 2492090.545405 0.000000
610635.923438 2492091.204228 0.000000
610630.967563 2492091.863052 0.000000
610626.011688 2492092.521875 0.000000
610621.055813 2492093.180698 0.000000
610616.099938 2492093.839522 0.000000
610611.144063 2492094.498345 0.000000
610606.188188 2492095.157168 0.000000
610601.232313 2492095.815992 0.000000
610596.276438 2492096.474815 0.000000
610591.320564 2492097.133638 0.000000
610586.364689 2492097.792462 0.000000
610581.408814 2492098.451285 0.000000
610576.452939 2492099.110108 0.000000
610571.497064 2492099.768931 0.000000
610566.541189 2492100.427755 0.000000
610561.585314 2492101.086578 0.000000
610556.629439 2492101.745401 0.000000
610551.673564 2492102.404225 0.000000
610546.717689 2492103.063048 0.000000
610541.761814 2492103.721871 0.000000
610536.805939 2492104.380695 0.000000
610531.850064 2492105.039518 0.000000
610526.894190 2492105.698341 0.000000
610521.938315 2492106.357164 0.000000
610516.982440 2492107.015988 0.000000
610512.026565 2492107.674811 0.000000
610507.070690 2492108.333634 0.000000
610502.114815 2492108.992458 0.000000
610497.158940 2492109.651281 0.000000
610492.203065 2492110.310104 0.000000
610487.247190 2492110.968928 0.000000
610482.291315 2492111.627751 0.000000
610477.335440 2492112.286574 0.000000
610472.379565 2492112.945397 0.000000
610467.423690 2492113.604221 0.000000
610462.467816 2492114.263044 0.000000
610457.511941 2492114.921867 0.000000
610452.556066 2492115.580691 0.000000
610447.600191 2492116.239514 0.000000
610442.644316 2492116.898337 0.000000
610437.688441 2492117.557161 0.000000
610432.732566 2492118.215984 0.000000
610427.776691 2492118.874807 0.000000
610422.820816 2492119.533630 0.000000
610417.864941 2492120.192454 0.000000
610412.909066 2492120.851277 0.000000
610407.953191 2492121.510100 0.000000
610402.997316 2492122.168924 0.000000
610398.041442 2492122.827747 0.000000
610393.085567 2492123.486570 0.000000
610388.129692 2492124.145394 0.000000
610383.173817 2492124.804217 0.000000
610378.217942 2492125.463040 0.000000
610373.262067 2492126.121864 0.000000
610368.306192 2492126.780687 0.000000
610363.350317 2492127.439510 0.000000
610358.394442 2492128.098333 0.000000
610353.438567 2492128.757157 0.000000
610348.482692 2492129.415980 0.000000
610343.526817 2492130.074803 0.000000
610338.570943 2492130.733627 0.000000
610333.615068 2492131.392450 0.000000
610328.659193 2492132.051273 0.000000
610323.703318 2492132.710097 0.000000
610318.747443 2492133.368920 0.000000
610313.791568 2492134.027743 0.000000
610308.835693 2492134.686566 0.000000
610303.879818 2492135.345390 0.000000
610298.923943 2492136.004213 0.000000
610293.968068 2492136.663036 0.000000
610289.012193 2492137.321860 0.000000
610284.056318 2492137.980683 0.000000
610279.100443 2492138.639506 0.000000
610274.144569 2492139.298330 0.000000
610269.188694 2492139.957153 0.000000
610264.232819 2492140.615976 0.000000
610259.276944 2492141.274799 0.000000
610254.321069 2492141.933623 0.000000
610249.365194 2492142.592446 0.000000
610244.409319 2492143.251269 0.000000
610239.453444 2492143.910093 0.000000
610234.497569 2492144.568916 0.000000
610229.541694 2492145.227739 0.000000
610224.585819 2492145.886563 0.000000
610219.629944 2492146.545386 0.000000
610214.674069 2492147.204209 0.000000
610209.718195 2492147.863032 0.000000
610204.762320 2492148.521856 0.000000
610199.806445 2492149.180679 0.000000
610194.850570 2492149.839502 0.000000
610189.894695 2492150.498326 0.000000
610184.938820 2492151.157149 0.000000
610179.982945 2492151.815972 0.000000
610175.027070 2492152.474796 0.000000
610170.071195 2492153.133619 0.000000
610165.115320 2492153.792442 0.000000
610160.159445 2492154.451265 0.000000
610155.203570 2492155.110089 0.000000
610150.247695 2492155.768912 0.000000
610145.291821 2492156.427735 0.000000
610140.335946 2492157.086559 0.000000
610135.380071 2492157.745382 0.000000
610130.424196 2492158.404205 0.000000
610125.468321 2492159.063029 0.000000
610120.512446 2492159.721852 0.000000
610115.556571 2492160.380675 0.000000
610110.600696 2492161.039499 0.000000
610105.644821 2492161.698322 0.000000
610100.688946 2492162.357145 0.000000
610095.733071 2492163.015968 0.000000
610090.777196 2492163.674792 0.000000
610085.821321 2492164.333615 0.000000
610080.865447 2492164.992438 0.000000
610075.909572 2492165.651262 0.000000
610070.953697 2492166.310085 0.000000
610065.997822 2492166.968908 0.000000
610061.041947 2492167.627732 0.000000
610056.086072 2492168.286555 0.000000
610051.130197 2492168.945378 0.000000
610046.174322 2492169.604201 0.000000
610041.218447 2492170.263025 0.000000
610036.262572 2492170.921848 0.000000
610031.306697 2492171.580671 0.000000
610026.350822 2492172.239495 0.000000
610021.394947 2492172.898318 0.000000
610016.439073 2492173.557141 0.000000
610011.483198 2492174.215965 0.000000
610006.527323 2492174.874788 0.000000
610001.571448 2492175.533611 0.000000
609996.615573 2492176.192434 0.000000
609991.659698 2492176.851258 0.000000
609986.703823 2492177.510081 0.000000
609981.747948 2492178.168904 0.000000
609976.792073 2492178.827728 0.000000
609971.836198 2492179.486551 0.000000
609966.880323 2492180.145374 0.000000
609961.924448 2492180.804198 0.000000
609956.968573 2492181.463021 0.000000
609952.012699 2492182.121844 0.000000
609947.056824 2492182.780667 0.000000
609942.100949 2492183.439491 0.000000
609937.145074 2492184.098314 0.000000
609932.189199 2492184.757137 0.000000
609927.233324 2492185.415961 0.000000
609922.277449 2492186.074784 0.000000
609917.321574 2492186.733607 0.000000
609912.365699 2492187.392431 0.000000
609907.409824 2492188.051254 0.000000
609902.453949 2492188.710077 0.000000
609897.498074 2492189.368901 0.000000
609892.542200 2492190.027724 0.000000
609887.586325 2492190.686547 0.000000
609882.630450 2492191.345370 0.000000
609877.674575 2492192.004194 0.000000
609872.718700 2492192.663017 0.000000
609867.762825 2492193.321840 0.000000
609862.806950 2492193.980664 0.000000
609857.851075 2492194.639487 0.000000
609852.895200 2492195.298310 0.000000
609847.939325 2492195.957134 0.000000
609842.983450 2492196.615957 0.000000
609838.027575 2492197.274780 0.000000
609833.071700 2492197.933603 0.000000
609828.115826 2492198.592427 0.000000
609823.159951 2492199.251250 0.000000
609818.204076 2492199.910073 0.000000
609813.248201 2492200.568897 0.000000
609808.292326 2492201.227720 0.000000
609803.336451 2492201.886543 0.000000
609798.380576 2492202.545367 0.000000
609793.424701 2492203.204190 0.000000
609788.468826 2492203.863013 0.000000
609783.512951 2492204.521836 0.000000
609778.557076 2492205.180660 0.000000
609773.601201 2492205.839483 0.000000
609768.645326 2492206.498306 0.000000
609763.689452 2492207.157130 0.000000
609758.733577 2492207.815953 0.000000
609753.777702 2492208.474776 0.000000
609748.821827 2492209.133600 0.000000
609743.865952 2492209.792423 0.000000
609738.910077 2492210.451246 0.000000
609733.954202 2492211.110069 0.000000
609728.998327 2492211.768893 0.000000
609724.042452 2492212.427716 0.000000
609719.086577 2492213.086539 0.000000
609714.130702 2492213.745363 0.000000
609709.174827 2492214.404186 0.000000
609704.218952 2492215.063009 0.000000
609699.263078 2492215.721833 0.000000
609694.307203 2492216.380656 0.000000
609689.351328 2492217.039479 0.000000
609684.395453 2492217.698303 0.000000
609679.439578 2492218.357126 0.000000
609674.483703 2492219.015949 0.000000
609669.527828 2492219.674772 0.000000
609664.571953 2492220.333596 0.000000
609659.616078 2492220.992419 0.000000
609654.660203 2492221.651242 0.000000
609649.704328 2492222.310066 0.000000
609644.748453 2492222.968889 0.000000
609639.792578 2492223.627712 0.000000
609634.836704 2492224.286536 0.000000
609629.880829 2492224.945359 0.000000
609624.924954 2492225.604182 0.000000
609619.969079 2492226.263005 0.000000
609615.013204 2492226.921829 0.000000
609610.057329 2492227.580652 0.000000
609605.101454 2492228.239475 0.000000
609600.145579 2492228.898299 0.000000
609595.189704 2492229.557122 0.000000
609590.233829 2492230.215945 0.000000
609585.277954 2492230.874769 0.000000
609580.322079 2492231.533592 0.000000
609575.366204 2492232.192415 0.000000
609570.410330 2492232.851238 0.000000
609565.454455 2492233.510062 0.000000
609560.498580 2492234.168885 0.000000
609555.542705 2492234.827708 0.000000
609550.586830 2492235.486532 0.000000
609545.630955 2492236.145355 0.000000
609540.675080 2492236.804178 0.000000
609535.719205 2492237.463002 0.000000
609530.763330 2492238.121825 0.000000
609525.807455 2492238.780648 0.000000
609520.851580 2492239.439471 0.000000
609515.895705 2492240.098295 0.000000
609510.939831 2492240.757118 0.000000
609505.983956 2492241.415941 0.000000
609501.028081 2492242.074765 0.000000
609496.072206 2492242.733588 0.000000
609491.116331 2492243.392411 0.000000
609486.160456 2492244.051235 0.000000
609481.204581 2492244.710058 0.000000
609476.248706 2492245.368881 0.000000
609471.292831 2492246.027705 0.000000
609466.336956 2492246.686528 0.000000
609461.381081 2492247.345351 0.000000
609456.425206 2492248.004174 0.000000
609451.469331 2492248.662998 0.000000
609446.513457 2492249.321821 0.000000
609441.557582 2492249.980644 0.000000
609436.601707 2492250.639468 0.000000
609431.645832 2492251.298291 0.000000
609426.689957 2492251.957114 0.000000
609421.734082 2492252.615938 0.000000
609416.778207 2492253.274761 0.000000
609411.822332 2492253.933584 0.000000
609406.866457 2492254.592407 0.000000
609401.910582 2492255.251231 0.000000
609396.954707 2492255.910054 0.000000
609391.998832 2492256.568877 0.000000
609387.042957 2492257.227701 0.000000
609382.087083 2492257.886524 0.000000
609377.131208 2492258.545347 0.000000
609372.175333 2492259.204171 0.000000
609367.219458 2492259.862994 0.000000
609362.263583 2492260.521817 0.000000
609357.307708 2492261.180640 0.000000
609352.351833 2492261.839464 0.000000
609347.395958 2492262.498287 0.000000
609342.440083 2492263.157110 0.000000
609337.484208 2492263.815934 0.000000
609332.528333 2492264.474757 0.000000
609327.572458 2492265.133580 0.000000
609322.616583 2492265.792404 0.000000
609317.660709 2492266.451227 0.000000
609312.704834 2492267.110050 0.000000
609307.748959 2492267.768873 0.000000
609302.793084 2492268.427697 0.000000
609297.837209 2492269.086520 0.000000
609292.881334 2492269.745343 0.000000
609287.925459 2492270.404167 0.000000
609282.969584 2492271.062990 0.000000
609278.013709 2492271.721813 0.000000
609273.032235 2492272.277369 0.000000
609268.050761 2492272.832924 0.000000
609263.069287 2492273.388480 0.000000
609258.087813 2492273.944035 0.000000
609253.106339 2492274.499591 0.000000
609248.124865 2492275.055146 0.000000
609243.143391 2492275.610702 0.000000
609238.161917 2492276.166257 0.000000
609233.180443 2492276.721813 0.000000
609228.198969 2492277.277368 0.000000
609223.217495 2492277.832924 0.000000
609218.236021 2492278.388479 0.000000
609213.254547 2492278.944035 0.000000
609208.273073 2492279.499590 0.000000
609203.291599 2492280.055145 0.000000
609198.310125 2492280.610701 0.000000
609193.328651 2492281.166256 0.000000
609188.347177 2492281.721812 0.000000
609183.365703 2492282.277367 0.000000
609178.384229 2492282.832923 0.000000
609173.402755 2492283.388478 0.000000
609168.421281 2492283.944034 0.000000
609163.439806 2492284.499589 0.000000
609158.458332 2492285.055145 0.000000
609153.476858 2492285.610700 0.000000
609148.495384 2492286.166256 0.000000
609143.513910 2492286.721811 0.000000
609138.532436 2492287.277367 0.000000
609133.550962 2492287.832922 0.000000
609128.569488 2492288.388478 0.000000
609123.588014 2492288.944033 0.000000
609118.606540 2492289.499589 0.000000
609113.625066 2492290.055144 0.000000
609108.643592 2492290.610700 0.000000
609103.662118 2492291.166255 0.000000
609098.680644 2492291.721811 0.000000
609093.699170 2492292.277366 0.000000
609088.717696 2492292.832922 0.000000
609083.736222 2492293.388477 0.000000
609078.754748 2492293.944032 0.000000
609073.773274 2492294.499588 0.000000
609068.791800 2492295.055143 0.000000
609063.810326 2492295.610699 0.000000
609058.828852 2492296.166254 0.000000
609053.847378 2492296.721810 0.000000
609048.865904 2492297.277365 0.000000
609043.884430 2492297.832921 0.000000
609038.902956 2492298.388476 0.000000
609033.921482 2492298.944032 0.000000
609028.940008 2492299.499587 0.000000
609023.958534 2492300.055143 0.000000
609018.977060 2492300.610698 0.000000
609013.995586 2492301.166254 0.000000
609009.014112 2492301.721809 0.000000
609004.059871 2492302.401547 0.000000
608999.105630 2492303.081286 0.000000
608994.151389 2492303.761024 0.000000
608989.197148 2492304.440762 0.000000
608984.242907 2492305.120501 0.000000
608979.288666 2492305.800239 0.000000
608974.334425 2492306.479977 0.000000
608969.380184 2492307.159716 0.000000
608964.425943 2492307.839454 0.000000
608959.471702 2492308.519192 0.000000
608954.517461 2492309.198930 0.000000
608949.563220 2492309.878669 0.000000
608944.608979 2492310.558407 0.000000
608939.654738 2492311.238145 0.000000
608934.700498 2492311.917884 0.000000
608929.746257 2492312.597622 0.000000
608924.792016 2492313.277360 0.000000
608919.837775 2492313.957098 0.000000
608914.883534 2492314.636837 0.000000
608909.929293 2492315.316575 0.000000
608904.975052 2492315.996313 0.000000
608900.020811 2492316.676052 0.000000
608895.066570 2492317.355790 0.000000
608890.112329 2492318.035528 0.000000
608885.158088 2492318.715267 0.000000
608880.203847 2492319.395005 0.000000
608875.249606 2492320.074743 0.000000
608870.295365 2492320.754481 0.000000
608865.341124 2492321.434220 0.000000
608860.386883 2492322.113958 0.000000
608855.432643 2492322.793696 0.000000
608850.478402 2492323.473435 0.000000
608845.524161 2492324.153173 0.000000
608840.569920 2492324.832911 0.000000
608835.615679 2492325.512649 0.000000
608830.661438 2492326.192388 0.000000
608825.707197 2492326.872126 0.000000
608820.752956 2492327.551864 0.000000
608815.798715 2492328.231603 0.000000
608810.844474 2492328.911341 0.000000
608805.890233 2492329.591079 0.000000
608800.935992 2492330.270817 0.000000
608795.981751 2492330.950556 0.000000
608791.027510 2492331.630294 0.000000
608786.073269 2492332.310032 0.000000
608781.119028 2492332.989771 0.000000
608776.164788 2492333.669509 0.000000
608771.210547 2492334.349247 0.000000
608766.256306 2492335.028986 0.000000
608761.302065 2492335.708724 0.000000
608756.347824 2492336.388462 0.000000
608751.393583 2492337.068200 0.000000
608746.439342 2492337.747939 0.000000
608741.485101 2492338.427677 0.000000
608736.530860 2492339.107415 0.000000
608731.576619 2492339.787154 0.000000
608726.622378 2492340.466892 0.000000
608721.668137 2492341.146630 0.000000
608716.713896 2492341.826368 0.000000
608711.759655 2492342.506107 0.000000
608706.805414 2492343.185845 0.000000
608701.851174 2492343.865583 0.000000
608696.896933 2492344.545322 0.000000
608691.942692 2492345.225060 0.000000
608686.988451 2492345.904798 0.000000
608682.034210 2492346.584537 0.000000
608677.079969 2492347.264275 0.000000
608672.125728 2492347.944013 0.000000
608667.171487 2492348.623751 0.000000
608662.217246 2492349.303490 0.000000
608657.263005 2492349.983228 0.000000
608652.308764 2492350.662966 0.000000
608647.354523 2492351.342705 0.000000
608642.400282 2492352.022443 0.000000
608637.446041 2492352.702181 0.000000
608632.491800 2492353.381919 0.000000
608627.537559 2492354.061658 0.000000
608622.583319 2492354.741396 0.000000
608617.629078 2492355.421134 0.000000
608612.674837 2492356.100873 0.000000
608607.720596 2492356.780611 0.000000
608602.766355 2492357.460349 0.000000
608597.812114 2492358.140088 0.000000
608592.857873 2492358.819826 0.000000
608587.903632 2492359.499564 0.000000
608582.949391 2492360.179302 0.000000
608577.995150 2492360.859041 0.000000
608573.040909 2492361.538779 0.000000
608568.086668 2492362.218517 0.000000
608563.132427 2492362.898256 0.000000
608558.178186 2492363.577994 0.000000
608553.223945 2492364.257732 0.000000
608548.269704 2492364.937470 0.000000
608543.315464 2492365.617209 0.000000
608538.361223 2492366.296947 0.000000
608533.406982 2492366.976685 0.000000
608528.452741 2492367.656424 0.000000
608523.498500 2492368.336162 0.000000
608518.544259 2492369.015900 0.000000
608513.590018 2492369.695639 0.000000
608508.635777 2492370.375377 0.000000
608503.681536 2492371.055115 0.000000
608498.727295 2492371.734853 0.000000
608493.773054 2492372.414592 0.000000
608488.818813 2492373.094330 0.000000
608483.864572 2492373.774068 0.000000
608478.910331 2492374.453807 0.000000
608473.956090 2492375.133545 0.000000
608469.001850 2492375.813283 0.000000
608464.047609 2492376.493021 0.000000
608459.093368 2492377.172760 0.000000
608454.139127 2492377.852498 0.000000
608449.184886 2492378.532236 0.000000
608444.230645 2492379.211975 0.000000
608439.276404 2492379.891713 0.000000
608434.322163 2492380.571451 0.000000
608429.367922 2492381.251189 0.000000
608424.413681 2492381.930928 0.000000
608419.459440 2492382.610666 0.000000
608414.505199 2492383.290404 0.000000
608409.550958 2492383.970143 0.000000
608404.596717 2492384.649881 0.000000
608399.642476 2492385.329619 0.000000
608394.688235 2492386.009358 0.000000
608389.733995 2492386.689096 0.000000
608384.779754 2492387.368834 0.000000
608379.825513 2492388.048572 0.000000
608374.871272 2492388.728311 0.000000
608369.917031 2492389.408049 0.000000
608364.962790 2492390.087787 0.000000
608360.008549 2492390.767526 0.000000
608355.054308 2492391.447264 0.000000
608350.100067 2492392.127002 0.000000
608345.145826 2492392.806740 0.000000
608340.191585 2492393.486479 0.000000
608335.237344 2492394.166217 0.000000
608330.283103 2492394.845955 0.000000
608325.328862 2492395.525694 0.000000
608320.374621 2492396.205432 0.000000
608315.420380 2492396.885170 0.000000
608310.466140 2492397.564909 0.000000
608305.511899 2492398.244647 0.000000
608300.557658 2492398.924385 0.000000
608295.603417 2492399.604123 0.000000
608290.649176 2492400.283862 0.000000
608285.694935 2492400.963600 0.000000
608280.740694 2492401.643338 0.000000
608275.786453 2492402.323077 0.000000
608270.832212 2492403.002815 0.000000
608265.877971 2492403.682553 0.000000
608260.923730 2492404.362291 0.000000
608255.969489 2492405.042030 0.000000
608251.015248 2492405.721768 0.000000
608246.109006 2492406.565518 0.000000
608241.202763 2492407.409267 0.000000
608236.296520 2492408.253016 0.000000
608231.390278 2492409.096766 0.000000
608226.484035 2492409.940515 0.000000
608221.577793 2492410.784265 0.000000
608216.671550 2492411.628014 0.000000
608211.765307 2492412.471764 0.000000
608206.859065 2492413.315513 0.000000
608201.952822 2492414.159263 0.000000
608197.046580 2492415.003012 0.000000
608192.140337 2492415.846762 0.000000
608187.234094 2492416.690511 0.000000
608182.327852 2492417.534261 0.000000
608177.421609 2492418.378010 0.000000
608172.515366 2492419.221760 0.000000
608167.609124 2492420.065509 0.000000
608162.702881 2492420.909259 0.000000
608157.796639 2492421.753008 0.000000
608152.890396 2492422.596758 0.000000
608147.984153 2492423.440507 0.000000
608143.077911 2492424.284257 0.000000
608138.171668 2492425.128006 0.000000
608133.265425 2492425.971756 0.000000
608128.359183 2492426.815505 0.000000
608123.452940 2492427.659254 0.000000
608118.546698 2492428.503004 0.000000
608113.640455 2492429.346753 0.000000
608108.734212 2492430.190503 0.000000
608103.827970 2492431.034252 0.000000
608098.921727 2492431.878002 0.000000
608094.015485 2492432.721751 0.000000
608089.057700 2492433.380842 0.000000
608084.099915 2492434.039933 0.000000
608079.142130 2492434.699023 0.000000
608074.184345 2492435.358114 0.000000
608069.226561 2492436.017205 0.000000
608064.268776 2492436.676295 0.000000
608059.310991 2492437.335386 0.000000
608054.353206 2492437.994477 0.000000
608049.395422 2492438.653567 0.000000
608044.437637 2492439.312658 0.000000
608039.479852 2492439.971749 0.000000
608034.522067 2492440.630839 0.000000
608029.564282 2492441.289930 0.000000
608024.606498 2492441.949021 0.000000
608019.648713 2492442.608111 0.000000
608014.690928 2492443.267202 0.000000
608009.733143 2492443.926293 0.000000
608004.775359 2492444.585383 0.000000
607999.817574 2492445.244474 0.000000
607994.859789 2492445.903565 0.000000
607989.902004 2492446.562655 0.000000
607984.944219 2492447.221746 0.000000
607979.986435 2492447.880837 0.000000
607975.028650 2492448.539927 0.000000
607970.070865 2492449.199018 0.000000
607965.113080 2492449.858109 0.000000
607960.155296 2492450.517199 0.000000
607955.197511 2492451.176290 0.000000
607950.239726 2492451.835381 0.000000
607945.281941 2492452.494471 0.000000
607940.324156 2492453.153562 0.000000
607935.366372 2492453.812653 0.000000
607930.408587 2492454.471743 0.000000
607925.450802 2492455.130834 0.000000
607920.493017 2492455.789925 0.000000
607915.535233 2492456.449015 0.000000
607910.577448 2492457.108106 0.000000
607905.619663 2492457.767196 0.000000
607900.661878 2492458.426287 0.000000
607895.704093 2492459.085378 0.000000
607890.746309 2492459.744468 0.000000
607885.788524 2492460.403559 0.000000
607880.830739 2492461.062650 0.000000
607875.872954 2492461.721740 0.000000
607870.915170 2492462.380831 0.000000
607865.957385 2492463.039922 0.000000
607860.999600 2492463.699012 0.000000
607856.041815 2492464.358103 0.000000
607851.084030 2492465.017194 0.000000
607846.126246 2492465.676284 0.000000
607841.168461 2492466.335375 0.000000
607836.210676 2492466.994466 0.000000
607831.252891 2492467.653556 0.000000
607826.295107 2492468.312647 0.000000
607821.337322 2492468.971738 0.000000
607816.379537 2492469.630828 0.000000
607811.421752 2492470.289919 0.000000
607806.463967 2492470.949010 0.000000
607801.506183 2492471.608100 0.000000
607796.548398 2492472.267191 0.000000
607791.590613 2492472.926282 0.000000
607786.632828 2492473.585372 0.000000
607781.675044 2492474.244463 0.000000
607776.717259 2492474.903554 0.000000
607771.759474 2492475.562644 0.000000
607766.801689 2492476.221735 0.000000
607761.843904 2492476.880826 0.000000
607756.886120 2492477.539916 0.000000
607751.928335 2492478.199007 0.000000
607746.970550 2492478.858098 0.000000
607742.012765 2492479.517188 0.000000
607737.054981 2492480.176279 0.000000
607732.097196 2492480.835370 0.000000
607727.139411 2492481.494460 0.000000
607722.181626 2492482.153551 0.000000
607717.223841 2492482.812642 0.000000
607712.266057 2492483.471732 0.000000
607707.308272 2492484.130823 0.000000
607702.350487 2492484.789914 0.000000
607697.392702 2492485.449004 0.000000
607692.434918 2492486.108095 0.000000
607687.477133 2492486.767186 0.000000
607682.519348 2492487.426276 0.000000
607677.561563 2492488.085367 0.000000
607672.603778 2492488.744458 0.000000
607667.645994 2492489.403548 0.000000
607662.688209 2492490.062639 0.000000
607657.730424 2492490.721730 0.000000
607652.772639 2492491.380820 0.000000
607647.814855 2492492.039911 0.000000
607642.857070 2492492.699002 0.000000
607637.899285 2492493.358092 0.000000
607632.941500 2492494.017183 0.000000
607627.983715 2492494.676274 0.000000
607623.025931 2492495.335364 0.000000
607618.068146 2492495.994455 0.000000
607613.110361 2492496.653546 0.000000
607608.152576 2492497.312636 0.000000
607603.194792 2492497.971727 0.000000
607598.237007 2492498.630818 0.000000
607593.279222 2492499.289908 0.000000
607588.321437 2492499.948999 0.000000
607583.363652 2492500.608090 0.000000
607578.405868 2492501.267180 0.000000
607573.448083 2492501.926271 0.000000
607568.490298 2492502.585362 0.000000
607563.532513 2492503.244452 0.000000
607558.574729 2492503.903543 0.000000
607553.616944 2492504.562634 0.000000
607548.659159 2492505.221724 0.000000
607543.701374 2492505.880815 0.000000
607538.743589 2492506.539906 0.000000
607533.785805 2492507.198996 0.000000
607528.828020 2492507.858087 0.000000
607523.870235 2492508.517178 0.000000
607518.912450 2492509.176268 0.000000
607513.954666 2492509.835359 0.000000
607508.996881 2492510.494450 0.000000
607504.039096 2492511.153540 0.000000
607499.081311 2492511.812631 0.000000
607494.123526 2492512.471721 0.000000
607489.165742 2492513.130812 0.000000
607484.207957 2492513.789903 0.000000
607479.250172 2492514.448993 0.000000
607474.292387 2492515.108084 0.000000
607469.334603 2492515.767175 0.000000
607464.376818 2492516.426265 0.000000
607459.419033 2492517.085356 0.000000
607454.461248 2492517.744447 0.000000
607449.503463 2492518.403537 0.000000
607444.545679 2492519.062628 0.000000
607439.587894 2492519.721719 0.000000
607434.630109 2492520.380809 0.000000
607429.672324 2492521.039900 0.000000
607424.714540 2492521.698991 0.000000
607419.756755 2492522.358081 0.000000
607414.798970 2492523.017172 0.000000
607409.841185 2492523.676263 0.000000
607404.883400 2492524.335353 0.000000
607399.925616 2492524.994444 0.000000
607394.967831 2492525.653535 0.000000
607390.010046 2492526.312625 0.000000
607385.052261 2492526.971716 0.000000
607380.094477 2492527.630807 0.000000
607375.136692 2492528.289897 0.000000
607370.178907 2492528.948988 0.000000
607365.221122 2492529.608079 0.000000
607360.263337 2492530.267169 0.000000
607355.305553 2492530.926260 0.000000
607350.347768 2492531.585351 0.000000
607345.389983 2492532.244441 0.000000
607340.432198 2492532.903532 0.000000
607335.474414 2492533.562623 0.000000
607330.516629 2492534.221713 0.000000
607325.558844 2492534.880804 0.000000
607320.601059 2492535.539895 0.000000
607315.643274 2492536.198985 0.000000
607310.685490 2492536.858076 0.000000
607305.727705 2492537.517167 0.000000
607300.769920 2492538.176257 0.000000
607295.812135 2492538.835348 0.000000
607290.854351 2492539.494439 0.000000
607285.896566 2492540.153529 0.000000
607280.938781 2492540.812620 0.000000
607275.980996 2492541.471711 0.000000
607271.023211 2492542.130801 0.000000
607266.065427 2492542.789892 0.000000
607261.107642 2492543.448983 0.000000
607256.149857 2492544.108073 0.000000
607251.192072 2492544.767164 0.000000
607246.234288 2492545.426255 0.000000
607241.276503 2492546.085345 0.000000
607236.318718 2492546.744436 0.000000
607231.360933 2492547.403527 0.000000
607226.403148 2492548.062617 0.000000
607221.445364 2492548.721708 0.000000
607216.487579 2492549.380799 0.000000
607211.529794 2492550.039889 0.000000
607206.572009 2492550.698980 0.000000
607201.614225 2492551.358071 0.000000
607196.656440 2492552.017161 0.000000
607191.698655 2492552.676252 0.000000
607186.740870 2492553.335343 0.000000
607181.783085 2492553.994433 0.000000
607176.825301 2492554.653524 0.000000
607171.867516 2492555.312615 0.000000
607166.909731 2492555.971705 0.000000
607161.951946 2492556.630796 0.000000
607156.994162 2492557.289887 0.000000
607152.036377 2492557.948977 0.000000
607147.078592 2492558.608068 0.000000
607142.120807 2492559.267159 0.000000
607137.163023 2492559.926249 0.000000
607132.205238 2492560.585340 0.000000
607127.247453 2492561.244431 0.000000
607122.289668 2492561.903521 0.000000
607117.331883 2492562.562612 0.000000
607112.374099 2492563.221703 0.000000
607107.416314 2492563.880793 0.000000
607102.458529 2492564.539884 0.000000
607097.500744 2492565.198975 0.000000
607092.542960 2492565.858065 0.000000
607087.585175 2492566.517156 0.000000
607082.627390 2492567.176246 0.000000
607077.669605 2492567.835337 0.000000
607072.711820 2492568.494428 0.000000
607067.754036 2492569.153518 0.000000
607062.796251 2492569.812609 0.000000
607057.838466 2492570.471700 0.000000
607052.880681 2492571.130790 0.000000
607047.922897 2492571.789881 0.000000
607042.965112 2492572.448972 0.000000
607038.007327 2492573.108062 0.000000
607033.049542 2492573.767153 0.000000
607028.091757 2492574.426244 0.000000
607023.133973 2492575.085334 0.000000
607018.176188 2492575.744425 0.000000
607013.218403 2492576.403516 0.000000
607008.260618 2492577.062606 0.000000
607003.302834 2492577.721697 0.000000
606998.345049 2492578.380788 0.000000
606993.387264 2492579.039878 0.000000
606988.429479 2492579.698969 0.000000
606983.471694 2492580.358060 0.000000
606978.513910 2492581.017150 0.000000
606973.556125 2492581.676241 0.000000
606968.598340 2492582.335332 0.000000
606963.640555 2492582.994422 0.000000
606958.682771 2492583.653513 0.000000
606953.724986 2492584.312604 0.000000
606948.767201 2492584.971694 0.000000
606943.809416 2492585.630785 0.000000
606938.851631 2492586.289876 0.000000
606933.893847 2492586.948966 0.000000
606928.936062 2492587.608057 0.000000
606923.978277 2492588.267148 0.000000
606919.020492 2492588.926238 0.000000
606914.062708 2492589.585329 0.000000
606909.104923 2492590.244420 0.000000
606904.147138 2492590.903510 0.000000
606899.189353 2492591.562601 0.000000
606894.231568 2492592.221692 0.000000
606889.273784 2492592.880782 0.000000
606884.315999 2492593.539873 0.000000
606879.358214 2492594.198964 0.000000
606874.400429 2492594.858054 0.000000
606869.442645 2492595.517145 0.000000
606864.484860 2492596.176236 0.000000
606859.527075 2492596.835326 0.000000
606854.569290 2492597.494417 0.000000
606849.611505 2492598.153508 0.000000
606844.653721 2492598.812598 0.000000
606839.695936 2492599.471689 0.000000
606834.738151 2492600.130780 0.000000
606829.780366 2492600.789870 0.000000
606824.822582 2492601.448961 0.000000
606819.864797 2492602.108052 0.000000
606814.907012 2492602.767142 0.000000
606809.949227 2492603.426233 0.000000
606804.991442 2492604.085324 0.000000
606800.033658 2492604.744414 0.000000
606795.075873 2492605.403505 0.000000
606790.118088 2492606.062596 0.000000
606785.160303 2492606.721686 0.000000
606780.202519 2492607.380777 0.000000
606775.244734 2492608.039868 0.000000
606770.286949 2492608.698958 0.000000
606765.329164 2492609.358049 0.000000
606760.371379 2492610.017140 0.000000
606755.413595 2492610.676230 0.000000
606750.455810 2492611.335321 0.000000
606745.498025 2492611.994412 0.000000
606740.540240 2492612.653502 0.000000
606735.582456 2492613.312593 0.000000
606730.624671 2492613.971684 0.000000
606725.666886 2492614.630774 0.000000
606720.709101 2492615.289865 0.000000
606715.751316 2492615.948956 0.000000
606710.793532 2492616.608046 0.000000
606705.835747 2492617.267137 0.000000
606700.877962 2492617.926228 0.000000
606695.920177 2492618.585318 0.000000
606690.962393 2492619.244409 0.000000
606686.004608 2492619.903500 0.000000
606681.046823 2492620.562590 0.000000
606676.089038 2492621.221681 0.000000
606671.131253 2492621.880771 0.000000
606666.173469 2492622.539862 0.000000
606661.215684 2492623.198953 0.000000
606656.257899 2492623.858043 0.000000
606651.300114 2492624.517134 0.000000
606646.342330 2492625.176225 0.000000
606641.384545 2492625.835315 0.000000
606636.426760 2492626.494406 0.000000
606631.468975 2492627.153497 0.000000
606626.511190 2492627.812587 0.000000
606621.553406 2492628.471678 0.000000
606616.595621 2492629.130769 0.000000
606611.637836 2492629.789859 0.000000
606606.680051 2492630.448950 0.000000
606601.722267 2492631.108041 0.000000
606596.764482 2492631.767131 0.000000
606591.806697 2492632.426222 0.000000
606586.848912 2492633.085313 0.000000
606581.891127 2492633.744403 0.000000
606576.933343 2492634.403494 0.000000
606571.975558 2492635.062585 0.000000
606567.017773 2492635.721675 0.000000
606562.079981 2492636.506364 0.000000
606557.142190 2492637.291053 0.000000
606552.204398 2492638.075741 0.000000
606547.266607 2492638.860430 0.000000
606542.328815 2492639.645118 0.000000
606537.391023 2492640.429807 0.000000
606532.453232 2492641.214495 0.000000
606527.515440 2492641.999184 0.000000
606522.577648 2492642.783872 0.000000
606517.639857 2492643.568561 0.000000
606512.702065 2492644.353249 0.000000
606507.764274 2492645.137938 0.000000
606502.826482 2492645.922627 0.000000
606497.888690 2492646.707315 0.000000
606492.950899 2492647.492004 0.000000
606488.013107 2492648.276692 0.000000
606483.075315 2492649.061381 0.000000
606478.137524 2492649.846069 0.000000
606473.199732 2492650.630758 0.000000
606468.261941 2492651.415446 0.000000
606463.324149 2492652.200135 0.000000
606458.386357 2492652.984824 0.000000
606453.448566 2492653.769512 0.000000
606448.510774 2492654.554201 0.000000
606443.572982 2492655.338889 0.000000
606438.635191 2492656.123578 0.000000
606433.697399 2492656.908266 0.000000
606428.759608 2492657.692955 0.000000
606423.821816 2492658.477643 0.000000
606418.884024 2492659.262332 0.000000
606413.946233 2492660.047020 0.000000
606409.008441 2492660.831709 0.000000
606404.070649 2492661.616398 0.000000
606399.132858 2492662.401086 0.000000
606394.195066 2492663.185775 0.000000
606389.257275 2492663.970463 0.000000
606384.319483 2492664.755152 0.000000
606379.381691 2492665.539840 0.000000
606374.443900 2492666.324529 0.000000
606369.506108 2492667.109217 0.000000
606364.568316 2492667.893906 0.000000
606359.630525 2492668.678595 0.000000
606354.692733 2492669.463283 0.000000
606349.754942 2492670.247972 0.000000
606344.817150 2492671.032660 0.000000
606339.879358 2492671.817349 0.000000
606334.941567 2492672.602037 0.000000
606330.003775 2492673.386726 0.000000
606325.065983 2492674.171414 0.000000
606320.128192 2492674.956103 0.000000
606315.190400 2492675.740791 0.000000
606310.252609 2492676.525480 0.000000
606305.314817 2492677.310169 0.000000
606300.377025 2492678.094857 0.000000
606295.439234 2492678.879546 0.000000
606290.501442 2492679.664234 0.000000
606285.563650 2492680.448923 0.000000
606280.625859 2492681.233611 0.000000
606275.688067 2492682.018300 0.000000
606270.750276 2492682.802988 0.000000
606265.812484 2492683.587677 0.000000
606260.874692 2492684.372366 0.000000
606255.936901 2492685.157054 0.000000
606250.999109 2492685.941743 0.000000
606246.061317 2492686.726431 0.000000
606241.123526 2492687.511120 0.000000
606236.185734 2492688.295808 0.000000
606231.247943 2492689.080497 0.000000
606226.310151 2492689.865185 0.000000
606221.372359 2492690.649874 0.000000
606216.434568 2492691.434562 0.000000
606211.496776 2492692.219251 0.000000
606206.558984 2492693.003940 0.000000
606201.621193 2492693.788628 0.000000
606196.683401 2492694.573317 0.000000
606191.745610 2492695.358005 0.000000
606186.807818 2492696.142694 0.000000
606181.870026 2492696.927382 0.000000
606176.932235 2492697.712071 0.000000
606171.994443 2492698.496759 0.000000
606167.056651 2492699.281448 0.000000
606162.118860 2492700.066137 0.000000
606157.181068 2492700.850825 0.000000
606152.243277 2492701.635514 0.000000
606147.305485 2492702.420202 0.000000
606142.367693 2492703.204891 0.000000
606137.429902 2492703.989579 0.000000
606132.492110 2492704.774268 0.000000
606127.554318 2492705.558956 0.000000
606122.616527 2492706.343645 0.000000
606117.678735 2492707.128333 0.000000
606112.740944 2492707.913022 0.000000
606107.803152 2492708.697711 0.000000
606102.865360 2492709.482399 0.000000
606097.927569 2492710.267088 0.000000
606092.989777 2492711.051776 0.000000
606088.051985 2492711.836465 0.000000
606083.114194 2492712.621153 0.000000
606078.176402 2492713.405842 0.000000
606073.238611 2492714.190530 0.000000
606068.300819 2492714.975219 0.000000
606063.363027 2492715.759908 0.000000
606058.425236 2492716.544596 0.000000
606053.487444 2492717.329285 0.000000
606048.549652 2492718.113973 0.000000
606043.611861 2492718.898662 0.000000
606038.674069 2492719.683350 0.000000
606033.736278 2492720.468039 0.000000
606028.798486 2492721.252727 0.000000
606023.860694 2492722.037416 0.000000
606018.922903 2492722.822104 0.000000
606013.985111 2492723.606793 0.000000
606009.047319 2492724.391482 0.000000
606004.109528 2492725.176170 0.000000
605999.171736 2492725.960859 0.000000
605994.233945 2492726.745547 0.000000
605989.296153 2492727.530236 0.000000
605984.358361 2492728.314924 0.000000
605979.420570 2492729.099613 0.000000
605974.482778 2492729.884301 0.000000
605969.544986 2492730.668990 0.000000
605964.607195 2492731.453679 0.000000
605959.669403 2492732.238367 0.000000
605954.731612 2492733.023056 0.000000
605949.793820 2492733.807744 0.000000
605944.856028 2492734.592433 0.000000
605939.918237 2492735.377121 0.000000
605934.980445 2492736.161810 0.000000
605930.042653 2492736.946498 0.000000
605925.104862 2492737.731187 0.000000
605920.167070 2492738.515875 0.000000
605915.229279 2492739.300564 0.000000
605910.291487 2492740.085253 0.000000
605905.353695 2492740.869941 0.000000
605900.415904 2492741.654630 0.000000
605895.478112 2492742.439318 0.000000
605890.540320 2492743.224007 0.000000
605885.602529 2492744.008695 0.000000
605880.664737 2492744.793384 0.000000
605875.726946 2492745.578072 0.000000
605870.789154 2492746.362761 0.000000
605865.851362 2492747.147450 0.000000
605860.913571 2492747.932138 0.000000
605855.975779 2492748.716827 0.000000
605851.037987 2492749.501515 0.000000
605846.100196 2492750.286204 0.000000
605841.162404 2492751.070892 0.000000
605836.224613 2492751.855581 0.000000
605831.286821 2492752.640269 0.000000
605826.349029 2492753.424958 0.000000
605821.411238 2492754.209646 0.000000
605816.473446 2492754.994335 0.000000
605811.535654 2492755.779024 0.000000
605806.597863 2492756.563712 0.000000
605801.660071 2492757.348401 0.000000
605796.722279 2492758.133089 0.000000
605791.784488 2492758.917778 0.000000
605786.846696 2492759.702466 0.000000
605781.908905 2492760.487155 0.000000
605776.971113 2492761.271843 0.000000
605772.033321 2492762.056532 0.000000
605767.095530 2492762.841221 0.000000
605762.157738 2492763.625909 0.000000
605757.219946 2492764.410598 0.000000
605752.282155 2492765.195286 0.000000
605747.344363 2492765.979975 0.000000
605742.406572 2492766.764663 0.000000
605737.468780 2492767.549352 0.000000
605732.530988 2492768.334040 0.000000
605727.593197 2492769.118729 0.000000
605722.655405 2492769.903417 0.000000
605717.717613 2492770.688106 0.000000
605712.779822 2492771.472795 0.000000
605707.842030 2492772.257483 0.000000
605702.904239 2492773.042172 0.000000
605697.966447 2492773.826860 0.000000
605693.028655 2492774.611549 0.000000
605688.090864 2492775.396237 0.000000
605683.153072 2492776.180926 0.000000
605678.215280 2492776.965614 0.000000
605673.277489 2492777.750303 0.000000
605668.339697 2492778.534992 0.000000
605663.401906 2492779.319680 0.000000
605658.464114 2492780.104369 0.000000
605653.526322 2492780.889057 0.000000
605648.588531 2492781.673746 0.000000
605643.650739 2492782.458434 0.000000
605638.712947 2492783.243123 0.000000
605633.775156 2492784.027811 0.000000
605628.837364 2492784.812500 0.000000
605623.899573 2492785.597188 0.000000
605618.961781 2492786.381877 0.000000
605614.023989 2492787.166566 0.000000
605609.086198 2492787.951254 0.000000
605604.148406 2492788.735943 0.000000
605599.210614 2492789.520631 0.000000
605594.272823 2492790.305320 0.000000
605589.335031 2492791.090008 0.000000
605584.397240 2492791.874697 0.000000
605579.459448 2492792.659385 0.000000
605574.521656 2492793.444074 0.000000
605569.583865 2492794.228763 0.000000
605564.646073 2492795.013451 0.000000
605559.708281 2492795.798140 0.000000
605554.770490 2492796.582828 0.000000
605549.832698 2492797.367517 0.000000
605544.894907 2492798.152205 0.000000
605539.957115 2492798.936894 0.000000
605535.019323 2492799.721582 0.000000
605530.055755 2492800.344099 0.000000
605525.092186 2492800.966615 0.000000
605520.128617 2492801.589131 0.000000
605515.165048 2492802.211648 0.000000
605510.201480 2492802.834164 0.000000
605505.237911 2492803.456680 0.000000
605500.274342 2492804.079197 0.000000
605495.310774 2492804.701713 0.000000
605490.347205 2492805.324230 0.000000
605485.383636 2492805.946746 0.000000
605480.420067 2492806.569262 0.000000
605475.456499 2492807.191779 0.000000
605470.492930 2492807.814295 0.000000
605465.529361 2492808.436811 0.000000
605460.565792 2492809.059328 0.000000
605455.602224 2492809.681844 0.000000
605450.638655 2492810.304360 0.000000
605445.675086 2492810.926877 0.000000
605440.711517 2492811.549393 0.000000
605435.747949 2492812.171909 0.000000
605430.784380 2492812.794426 0.000000
605425.820811 2492813.416942 0.000000
605420.857243 2492814.039458 0.000000
605415.893674 2492814.661975 0.000000
605410.930105 2492815.284491 0.000000
605405.966536 2492815.907007 0.000000
605401.002968 2492816.529524 0.000000
605396.039399 2492817.152040 0.000000
605391.075830 2492817.774556 0.000000
605386.112261 2492818.397073 0.000000
605381.148693 2492819.019589 0.000000
605376.185124 2492819.642106 0.000000
605371.221555 2492820.264622 0.000000
605366.257987 2492820.887138 0.000000
605361.294418 2492821.509655 0.000000
605356.330849 2492822.132171 0.000000
605351.367280 2492822.754687 0.000000
605346.403712 2492823.377204 0.000000
605341.440143 2492823.999720 0.000000
605336.476574 2492824.622236 0.000000
605331.513005 2492825.244753 0.000000
605326.549437 2492825.867269 0.000000
605321.585868 2492826.489785 0.000000
605316.622299 2492827.112302 0.000000
605311.658731 2492827.734818 0.000000
605306.695162 2492828.357334 0.000000
605301.731593 2492828.979851 0.000000
605296.768024 2492829.602367 0.000000
605291.804456 2492830.224883 0.000000
605286.840887 2492830.847400 0.000000
605281.877318 2492831.469916 0.000000
605276.913749 2492832.092432 0.000000
605271.950181 2492832.714949 0.000000
605266.986612 2492833.337465 0.000000
605262.023043 2492833.959982 0.000000
605257.059475 2492834.582498 0.000000
605252.095906 2492835.205014 0.000000
605247.132337 2492835.827531 0.000000
605242.168768 2492836.450047 0.000000
605237.205200 2492837.072563 0.000000
605232.241631 2492837.695080 0.000000
605227.278062 2492838.317596 0.000000
605222.314493 2492838.940112 0.000000
605217.350925 2492839.562629 0.000000
605212.387356 2492840.185145 0.000000
605207.423787 2492840.807661 0.000000
605202.460219 2492841.430178 0.000000
605197.496650 2492842.052694 0.000000
605192.533081 2492842.675210 0.000000
605187.569512 2492843.297727 0.000000
605182.605944 2492843.920243 0.000000
605177.642375 2492844.542759 0.000000
605172.678806 2492845.165276 0.000000
605167.715237 2492845.787792 0.000000
605162.751669 2492846.410308 0.000000
605157.788100 2492847.032825 0.000000
605152.824531 2492847.655341 0.000000
605147.860963 2492848.277857 0.000000
605142.897394 2492848.900374 0.000000
605137.933825 2492849.522890 0.000000
605132.970256 2492850.145407 0.000000
605128.006688 2492850.767923 0.000000
605123.043119 2492851.390439 0.000000
605118.079550 2492852.012956 0.000000
605113.115981 2492852.635472 0.000000
605108.152413 2492853.257988 0.000000
605103.188844 2492853.880505 0.000000
605098.225275 2492854.503021 0.000000
605093.261706 2492855.125537 0.000000
605088.298138 2492855.748054 0.000000
605083.334569 2492856.370570 0.000000
605078.371000 2492856.993086 0.000000
605073.407432 2492857.615603 0.000000
605068.443863 2492858.238119 0.000000
605063.480294 2492858.860635 0.000000
605058.516725 2492859.483152 0.000000
605053.553157 2492860.105668 0.000000
605048.589588 2492860.728184 0.000000
605043.626019 2492861.350701 0.000000
605038.662450 2492861.973217 0.000000
605033.698882 2492862.595733 0.000000
605028.735313 2492863.218250 0.000000
605023.771744 2492863.840766 0.000000
605018.808176 2492864.463283 0.000000
605013.844607 2492865.085799 0.000000
605008.881038 2492865.708315 0.000000
605003.917469 2492866.330832 0.000000
604998.953901 2492866.953348 0.000000
604993.990332 2492867.575864 0.000000
604989.026763 2492868.198381 0.000000
604984.063194 2492868.820897 0.000000
604979.099626 2492869.443413 0.000000
604974.136057 2492870.065930 0.000000
604969.172488 2492870.688446 0.000000
604964.208920 2492871.310962 0.000000
604959.245351 2492871.933479 0.000000
604954.281782 2492872.555995 0.000000
604949.318213 2492873.178511 0.000000
604944.354645 2492873.801028 0.000000
604939.391076 2492874.423544 0.000000
604934.427507 2492875.046060 0.000000
604929.463938 2492875.668577 0.000000
604924.500370 2492876.291093 0.000000
604919.536801 2492876.913609 0.000000
604914.573232 2492877.536126 0.000000
604909.609664 2492878.158642 0.000000
604904.646095 2492878.781159 0.000000
604899.682526 2492879.403675 0.000000
604894.718957 2492880.026191 0.000000
604889.755389 2492880.648708 0.000000
604884.791820 2492881.271224 0.000000
604879.828251 2492881.893740 0.000000
604874.864682 2492882.516257 0.000000
604869.901114 2492883.138773 0.000000
604864.937545 2492883.761289 0.000000
604859.973976 2492884.383806 0.000000
604855.010408 2492885.006322 0.000000
604850.046839 2492885.628838 0.000000
604845.083270 2492886.251355 0.000000
604840.119701 2492886.873871 0.000000
604835.156133 2492887.496387 0.000000
604830.192564 2492888.118904 0.000000
604825.228995 2492888.741420 0.000000
604820.265426 2492889.363936 0.000000
604815.301858 2492889.986453 0.000000
604810.338289 2492890.608969 0.000000
604805.374720 2492891.231485 0.000000
604800.411152 2492891.854002 0.000000
604795.447583 2492892.476518 0.000000
604790.484014 2492893.099035 0.000000
604785.520445 2492893.721551 0.000000
604780.556877 2492894.344067 0.000000
604775.593308 2492894.966584 0.000000
604770.629739 2492895.589100 0.000000
604765.666170 2492896.211616 0.000000
604760.702602 2492896.834133 0.000000
604755.739033 2492897.456649 0.000000
604750.775464 2492898.079165 0.000000
604745.811895 2492898.701682 0.000000
604740.848327 2492899.324198 0.000000
604735.884758 2492899.946714 0.000000
604730.921189 2492900.569231 0.000000
604725.957621 2492901.191747 0.000000
604720.994052 2492901.814263 0.000000
604716.030483 2492902.436780 0.000000
604711.066914 2492903.059296 0.000000
604706.103346 2492903.681812 0.000000
604701.139777 2492904.304329 0.000000
604696.176208 2492904.926845 0.000000
604691.212639 2492905.549361 0.000000
604686.249071 2492906.171878 0.000000
604681.285502 2492906.794394 0.000000
604676.321933 2492907.416911 0.000000
604671.358365 2492908.039427 0.000000
604666.394796 2492908.661943 0.000000
604661.431227 2492909.284460 0.000000
604656.467658 2492909.906976 0.000000
604651.504090 2492910.529492 0.000000
604646.540521 2492911.152009 0.000000
604641.576952 2492911.774525 0.000000
604636.613383 2492912.397041 0.000000
604631.649815 2492913.019558 0.000000
604626.686246 2492913.642074 0.000000
604621.722677 2492914.264590 0.000000
604616.759109 2492914.887107 0.000000
604611.795540 2492915.509623 0.000000
604606.831971 2492916.132139 0.000000
604601.868402 2492916.754656 0.000000
604596.904834 2492917.377172 0.000000
604591.941265 2492917.999688 0.000000
604586.977696 2492918.622205 0.000000
604582.014127 2492919.244721 0.000000
604577.050559 2492919.867237 0.000000
604572.086990 2492920.489754 0.000000
604567.123421 2492921.112270 0.000000
604562.159853 2492921.734787 0.000000
604557.196284 2492922.357303 0.000000
604552.232715 2492922.979819 0.000000
604547.269146 2492923.602336 0.000000
604542.305578 2492924.224852 0.000000
604537.342009 2492924.847368 0.000000
604532.378440 2492925.469885 0.000000
604527.414871 2492926.092401 0.000000
604522.451303 2492926.714917 0.000000
604517.487734 2492927.337434 0.000000
604512.524165 2492927.959950 0.000000
604507.560597 2492928.582466 0.000000
604502.597028 2492929.204983 0.000000
604497.633459 2492929.827499 0.000000
604492.669890 2492930.450015 0.000000
604487.706322 2492931.072532 0.000000
604482.742753 2492931.695048 0.000000
604477.779184 2492932.317564 0.000000
604472.815615 2492932.940081 0.000000
604467.852047 2492933.562597 0.000000
604462.888478 2492934.185113 0.000000
604457.924909 2492934.807630 0.000000
604452.961340 2492935.430146 0.000000
604447.997772 2492936.052663 0.000000
604443.034203 2492936.675179 0.000000
604438.070634 2492937.297695 0.000000
604433.107066 2492937.920212 0.000000
604428.143497 2492938.542728 0.000000
604423.179928 2492939.165244 0.000000
604418.216359 2492939.787761 0.000000
604413.252791 2492940.410277 0.000000
604408.289222 2492941.032793 0.000000
604403.325653 2492941.655310 0.000000
604398.362084 2492942.277826 0.000000
604393.398516 2492942.900342 0.000000
604388.434947 2492943.522859 0.000000
604383.471378 2492944.145375 0.000000
604378.507810 2492944.767891 0.000000
604373.544241 2492945.390408 0.000000
604368.580672 2492946.012924 0.000000
604363.617103 2492946.635440 0.000000
604358.653535 2492947.257957 0.000000
604353.689966 2492947.880473 0.000000
604348.726397 2492948.502989 0.000000
604343.762828 2492949.125506 0.000000
604338.799260 2492949.748022 0.000000
604333.835691 2492950.370539 0.000000
604328.872122 2492950.993055 0.000000
604323.908554 2492951.615571 0.000000
604318.944985 2492952.238088 0.000000
604313.981416 2492952.860604 0.000000
604309.017847 2492953.483120 0.000000
604304.054279 2492954.105637 0.000000
604299.090710 2492954.728153 0.000000
604294.127141 2492955.350669 0.000000
604289.163572 2492955.973186 0.000000
604284.200004 2492956.595702 0.000000
604279.236435 2492957.218218 0.000000
604274.272866 2492957.840735 0.000000
604269.309298 2492958.463251 0.000000
604264.345729 2492959.085767 0.000000
604259.382160 2492959.708284 0.000000
604254.418591 2492960.330800 0.000000
604249.455023 2492960.953316 0.000000
604244.491454 2492961.575833 0.000000
604239.527885 2492962.198349 0.000000
604234.564316 2492962.820865 0.000000
604229.600748 2492963.443382 0.000000
604224.637179 2492964.065898 0.000000
604219.673610 2492964.688415 0.000000
604214.710042 2492965.310931 0.000000
604209.746473 2492965.933447 0.000000
604204.782904 2492966.555964 0.000000
604199.819335 2492967.178480 0.000000
604194.855767 2492967.800996 0.000000
604189.892198 2492968.423513 0.000000
604184.928629 2492969.046029 0.000000
604179.965060 2492969.668545 0.000000
604175.001492 2492970.291062 0.000000
604170.037923 2492970.913578 0.000000
604165.074354 2492971.536094 0.000000
604160.110786 2492972.158611 0.000000
604155.147217 2492972.781127 0.000000
604150.183648 2492973.403643 0.000000
604145.220079 2492974.026160 0.000000
604140.256511 2492974.648676 0.000000
604135.292942 2492975.271192 0.000000
604130.329373 2492975.893709 0.000000
604125.365804 2492976.516225 0.000000
604120.402236 2492977.138741 0.000000
604115.438667 2492977.761258 0.000000
604110.475098 2492978.383774 0.000000
604105.511529 2492979.006290 0.000000
604100.547961 2492979.628807 0.000000
604095.584392 2492980.251323 0.000000
604090.620823 2492980.873840 0.000000
604085.657255 2492981.496356 0.000000
604080.693686 2492982.118872 0.000000
604075.730117 2492982.741389 0.000000
604070.766548 2492983.363905 0.000000
604065.802980 2492983.986421 0.000000
604060.839411 2492984.608938 0.000000
604055.875842 2492985.231454 0.000000
604050.912273 2492985.853970 0.000000
604045.948705 2492986.476487 0.000000
604040.985136 2492987.099003 0.000000
604036.021567 2492987.721519 0.000000
604031.021575 2492988.002007 0.000000
604026.021582 2492988.282496 0.000000
604021.021590 2492988.562984 0.000000
604016.021597 2492988.843472 0.000000
604011.021604 2492989.123960 0.000000
604006.021612 2492989.404448 0.000000
604001.021619 2492989.684936 0.000000
603996.021627 2492989.965424 0.000000
603991.021634 2492990.245912 0.000000
603986.021642 2492990.526400 0.000000
603981.021649 2492990.806889 0.000000
603976.021657 2492991.087377 0.000000
603971.021664 2492991.367865 0.000000
603966.021671 2492991.648353 0.000000
603961.021679 2492991.928841 0.000000
603956.021686 2492992.209329 0.000000
603951.021694 2492992.489817 0.000000
603946.021701 2492992.770305 0.000000
603941.021709 2492993.050793 0.000000
603936.021716 2492993.331281 0.000000
603931.021723 2492993.611770 0.000000
603926.021731 2492993.892258 0.000000
603921.021738 2492994.172746 0.000000
603916.021746 2492994.453234 0.000000
603911.021753 2492994.733722 0.000000
603906.021761 2492995.014210 0.000000
603901.021768 2492995.294698 0.000000
603896.021775 2492995.575186 0.000000
603891.021783 2492995.855674 0.000000
603886.021790 2492996.136162 0.000000
603881.021798 2492996.416651 0.000000
603876.021805 2492996.697139 0.000000
603871.021813 2492996.977627 0.000000
603866.021820 2492997.258115 0.000000
603861.021827 2492997.538603 0.000000
603856.021835 2492997.819091 0.000000
603851.021842 2492998.099579 0.000000
603846.021850 2492998.380067 0.000000
603841.021857 2492998.660555 0.000000
603836.021865 2492998.941044 0.000000
603831.021872 2492999.221532 0.000000
603826.021880 2492999.502020 0.000000
603821.021887 2492999.782508 0.000000
603816.021894 2493000.062996 0.000000
603811.021902 2493000.343484 0.000000
603806.021909 2493000.623972 0.000000
603801.021917 2493000.904460 0.000000
603796.021924 2493001.184948 0.000000
603791.021932 2493001.465436 0.000000
603786.021939 2493001.745925 0.000000
603781.021946 2493002.026413 0.000000
603776.021954 2493002.306901 0.000000
603771.021961 2493002.587389 0.000000
603766.021969 2493002.867877 0.000000
603761.021976 2493003.148365 0.000000
603756.021984 2493003.428853 0.000000
603751.021991 2493003.709341 0.000000
603746.021998 2493003.989829 0.000000
603741.022006 2493004.270317 0.000000
603736.022013 2493004.550806 0.000000
603731.022021 2493004.831294 0.000000
603726.022028 2493005.111782 0.000000
603721.022036 2493005.392270 0.000000
603716.022043 2493005.672758 0.000000
603711.022051 2493005.953246 0.000000
603706.022058 2493006.233734 0.000000
603701.022065 2493006.514222 0.000000
603696.022073 2493006.794710 0.000000
603691.022080 2493007.075199 0.000000
603686.022088 2493007.355687 0.000000
603681.022095 2493007.636175 0.000000
603676.022103 2493007.916663 0.000000
603671.022110 2493008.197151 0.000000
603666.022117 2493008.477639 0.000000
603661.022125 2493008.758127 0.000000
603656.022132 2493009.038615 0.000000
603651.022140 2493009.319103 0.000000
603646.022147 2493009.599591 0.000000
603641.022155 2493009.880080 0.000000
603636.022162 2493010.160568 0.000000
603631.022169 2493010.441056 0.000000
603626.022177 2493010.721544 0.000000
603621.069803 2493011.197734 0.000000
603616.117430 2493011.673925 0.000000
603611.165056 2493012.150115 0.000000
603606.212683 2493012.626306 0.000000
603601.260309 2493013.102496 0.000000
603596.307936 2493013.578687 0.000000
603591.355562 2493014.054877 0.000000
603586.403188 2493014.531068 0.000000
603581.450815 2493015.007258 0.000000
603576.498441 2493015.483449 0.000000
603571.546068 2493015.959639 0.000000
603566.593694 2493016.435830 0.000000
603561.641321 2493016.912020 0.000000
603556.688947 2493017.388211 0.000000
603551.736573 2493017.864401 0.000000
603546.784200 2493018.340591 0.000000
603541.831826 2493018.816782 0.000000
603536.879453 2493019.292972 0.000000
603531.927079 2493019.769163 0.000000
603526.974706 2493020.245353 0.000000
603522.022332 2493020.721544 0.000000
603517.058703 2493021.403362 0.000000
603512.095074 2493022.085180 0.000000
603507.131445 2493022.766997 0.000000
603502.167816 2493023.448815 0.000000
603497.204187 2493024.130633 0.000000
603492.240559 2493024.812451 0.000000
603487.276930 2493025.494269 0.000000
603482.313301 2493026.176087 0.000000
603477.349672 2493026.857905 0.000000
603472.386043 2493027.539723 0.000000
603467.422414 2493028.221540 0.000000
603462.458785 2493028.903358 0.000000
603457.495156 2493029.585176 0.000000
603452.531527 2493030.266994 0.000000
603447.567898 2493030.948812 0.000000
603442.604269 2493031.630630 0.000000
603437.640640 2493032.312448 0.000000
603432.677011 2493032.994266 0.000000
603427.713383 2493033.676083 0.000000
603422.749754 2493034.357901 0.000000
603417.786125 2493035.039719 0.000000
603412.822496 2493035.721537 0.000000
603407.858867 2493036.403355 0.000000
603402.895238 2493037.085173 0.000000
603397.931609 2493037.766991 0.000000
603392.967980 2493038.448809 0.000000
603388.004351 2493039.130626 0.000000
603383.040722 2493039.812444 0.000000
603378.077093 2493040.494262 0.000000
603373.113464 2493041.176080 0.000000
603368.149835 2493041.857898 0.000000
603363.186206 2493042.539716 0.000000
603358.222578 2493043.221534 0.000000
603353.258949 2493043.903352 0.000000
603348.295320 2493044.585169 0.000000
603343.331691 2493045.266987 0.000000
603338.368062 2493045.948805 0.000000
603333.404433 2493046.630623 0.000000
603328.440804 2493047.312441 0.000000
603323.477175 2493047.994259 0.000000
603318.513546 2493048.676077 0.000000
603313.549917 2493049.357895 0.000000
603308.586288 2493050.039712 0.000000
603303.622659 2493050.721530 0.000000
603298.659030 2493051.403348 0.000000
603293.695402 2493052.085166 0.000000
603288.731773 2493052.766984 0.000000
603283.768144 2493053.448802 0.000000
603278.804515 2493054.130620 0.000000
603273.840886 2493054.812438 0.000000
603268.877257 2493055.494255 0.000000
603263.913628 2493056.176073 0.000000
603258.949999 2493056.857891 0.000000
603253.986370 2493057.539709 0.000000
603249.022741 2493058.221527 0.000000
603244.059112 2493058.903345 0.000000
603239.095483 2493059.585163 0.000000
603234.131854 2493060.266981 0.000000
603229.168225 2493060.948798 0.000000
603224.204597 2493061.630616 0.000000
603219.240968 2493062.312434 0.000000
603214.277339 2493062.994252 0.000000
603209.313710 2493063.676070 0.000000
603204.350081 2493064.357888 0.000000
603199.386452 2493065.039706 0.000000
603194.422823 2493065.721524 0.000000
603189.459194 2493066.403341 0.000000
603184.495565 2493067.085159 0.000000
603179.531936 2493067.766977 0.000000
603174.568307 2493068.448795 0.000000
603169.604678 2493069.130613 0.000000
603164.641049 2493069.812431 0.000000
603159.677420 2493070.494249 0.000000
603154.713792 2493071.176067 0.000000
603149.750163 2493071.857884 0.000000
603144.786534 2493072.539702 0.000000
603139.822905 2493073.221520 0.000000
603134.859276 2493073.903338 0.000000
603129.895647 2493074.585156 0.000000
603124.932018 2493075.266974 0.000000
603119.968389 2493075.948792 0.000000
603115.004760 2493076.630610 0.000000
603110.041131 2493077.312427 0.000000
603105.077502 2493077.994245 0.000000
603100.113873 2493078.676063 0.000000
603095.150244 2493079.357881 0.000000
603090.186616 2493080.039699 0.000000
603085.222987 2493080.721517 0.000000
603080.259358 2493081.403335 0.000000
603075.295729 2493082.085153 0.000000
603070.332100 2493082.766970 0.000000
603065.368471 2493083.448788 0.000000
603060.404842 2493084.130606 0.000000
603055.441213 2493084.812424 0.000000
603050.477584 2493085.494242 0.000000
603045.513955 2493086.176060 0.000000
603040.550326 2493086.857878 0.000000
603035.586697 2493087.539696 0.000000
603030.623068 2493088.221513 0.000000
603025.659439 2493088.903331 0.000000
603020.695811 2493089.585149 0.000000
603015.732182 2493090.266967 0.000000
603010.768553 2493090.948785 0.000000
603005.804924 2493091.630603 0.000000
603000.841295 2493092.312421 0.000000
602995.877666 2493092.994239 0.000000
602990.914037 2493093.676056 0.000000
602985.950408 2493094.357874 0.000000
602980.986779 2493095.039692 0.000000
602976.023150 2493095.721510 0.000000
602971.113045 2493096.721509 0.000000
602966.202940 2493097.721508 0.000000
602961.292835 2493098.721508 0.000000
602956.382730 2493099.721507 0.000000
602951.472625 2493100.721506 0.000000
602946.562520 2493101.721505 0.000000
602941.652416 2493102.721504 0.000000
602936.742311 2493103.721504 0.000000
602931.832206 2493104.721503 0.000000
602926.922101 2493105.721502 0.000000
602922.011996 2493106.721501 0.000000
602917.101891 2493107.721501 0.000000
602912.191786 2493108.721500 0.000000
602907.281681 2493109.721499 0.000000
602902.371576 2493110.721498 0.000000
602897.461471 2493111.721497 0.000000
602892.551366 2493112.721497 0.000000
602887.641261 2493113.721496 0.000000
602882.731156 2493114.721495 0.000000
602877.821051 2493115.721494 0.000000
602872.910946 2493116.721493 0.000000
602868.000841 2493117.721493 0.000000
602863.090736 2493118.721492 0.000000
602858.180631 2493119.721491 0.000000
602853.270526 2493120.721490 0.000000
602848.360421 2493121.721489 0.000000
602843.450316 2493122.721489 0.000000
602838.540211 2493123.721488 0.000000
602833.630106 2493124.721487 0.000000
602828.720002 2493125.721486 0.000000
602823.809897 2493126.721485 0.000000
602818.899792 2493127.721485 0.000000
602813.989687 2493128.721484 0.000000
602809.079582 2493129.721483 0.000000
602804.169477 2493130.721482 0.000000
602799.259372 2493131.721482 0.000000
602794.349267 2493132.721481 0.000000
602789.439162 2493133.721480 0.000000
602784.529057 2493134.721479 0.000000
602779.618952 2493135.721478 0.000000
602774.708847 2493136.721478 0.000000
602769.798742 2493137.721477 0.000000
602764.888637 2493138.721476 0.000000
602759.978532 2493139.721475 0.000000
602755.068427 2493140.721474 0.000000
602750.158322 2493141.721474 0.000000
602745.248217 2493142.721473 0.000000
602740.338112 2493143.721472 0.000000
602735.428007 2493144.721471 0.000000
602730.517902 2493145.721470 0.000000
602725.607797 2493146.721470 0.000000
602720.697692 2493147.721469 0.000000
602715.787588 2493148.721468 0.000000
602710.877483 2493149.721467 0.000000
602705.967378 2493150.721466 0.000000
602701.057273 2493151.721466 0.000000
602696.147168 2493152.721465 0.000000
602691.237063 2493153.721464 0.000000
602686.326958 2493154.721463 0.000000
602681.416853 2493155.721463 0.000000
602676.506748 2493156.721462 0.000000
602671.596643 2493157.721461 0.000000
602666.686538 2493158.721460 0.000000
602661.776433 2493159.721459 0.000000
602656.866328 2493160.721459 0.000000
602651.956223 2493161.721458 0.000000
602647.046118 2493162.721457 0.000000
602642.136013 2493163.721456 0.000000
602637.225908 2493164.721455 0.000000
602632.315803 2493165.721455 0.000000
602627.405698 2493166.721454 0.000000
602622.495593 2493167.721453 0.000000
602617.585488 2493168.721452 0.000000
602612.675383 2493169.721451 0.000000
602607.765278 2493170.721451 0.000000
602602.855173 2493171.721450 0.000000
602597.945069 2493172.721449 0.000000
602593.034964 2493173.721448 0.000000
602588.124859 2493174.721447 0.000000
602583.214754 2493175.721447 0.000000
602578.304649 2493176.721446 0.000000
602573.394544 2493177.721445 0.000000
602568.484439 2493178.721444 0.000000
602563.574334 2493179.721444 0.000000
602558.664229 2493180.721443 0.000000
602553.754124 2493181.721442 0.000000
602548.844019 2493182.721441 0.000000
602543.933914 2493183.721440 0.000000
602539.023809 2493184.721440 0.000000
602534.066413 2493185.372555 0.000000
602529.109017 2493186.023670 0.000000
602524.151620 2493186.674786 0.000000
602519.194224 2493187.325901 0.000000
602514.236828 2493187.977016 0.000000
602509.279432 2493188.628132 0.000000
602504.322035 2493189.279247 0.000000
602499.364639 2493189.930362 0.000000
602494.407243 2493190.581478 0.000000
602489.449847 2493191.232593 0.000000
602484.492451 2493191.883708 0.000000
602479.535054 2493192.534824 0.000000
602474.577658 2493193.185939 0.000000
602469.620262 2493193.837054 0.000000
602464.662866 2493194.488170 0.000000
602459.705469 2493195.139285 0.000000
602454.748073 2493195.790400 0.000000
602449.790677 2493196.441516 0.000000
602444.833281 2493197.092631 0.000000
602439.875884 2493197.743746 0.000000
602434.918488 2493198.394862 0.000000
602429.961092 2493199.045977 0.000000
602425.003696 2493199.697092 0.000000
602420.046300 2493200.348208 0.000000
602415.088903 2493200.999323 0.000000
602410.131507 2493201.650438 0.000000
602405.174111 2493202.301554 0.000000
602400.216715 2493202.952669 0.000000
602395.259318 2493203.603784 0.000000
602390.301922 2493204.254900 0.000000
602385.344526 2493204.906015 0.000000
602380.387130 2493205.557131 0.000000
602375.429733 2493206.208246 0.000000
602370.472337 2493206.859361 0.000000
602365.514941 2493207.510477 0.000000
602360.557545 2493208.161592 0.000000
602355.600149 2493208.812707 0.000000
602350.642752 2493209.463823 0.000000
602345.685356 2493210.114938 0.000000
602340.727960 2493210.766053 0.000000
602335.770564 2493211.417169 0.000000
602330.813167 2493212.068284 0.000000
602325.855771 2493212.719399 0.000000
602320.898375 2493213.370515 0.000000
602315.940979 2493214.021630 0.000000
602310.983582 2493214.672745 0.000000
602306.026186 2493215.323861 0.000000
602301.068790 2493215.974976 0.000000
602296.111394 2493216.626091 0.000000
602291.153998 2493217.277207 0.000000
602286.196601 2493217.928322 0.000000
602281.239205 2493218.579437 0.000000
602276.281809 2493219.230553 0.000000
602271.324413 2493219.881668 0.000000
602266.367016 2493220.532783 0.000000
602261.409620 2493221.183899 0.000000
602256.452224 2493221.835014 0.000000
602251.494828 2493222.486129 0.000000
602246.537431 2493223.137245 0.000000
602241.580035 2493223.788360 0.000000
602236.622639 2493224.439475 0.000000
602231.665243 2493225.090591 0.000000
602226.707847 2493225.741706 0.000000
602221.750450 2493226.392821 0.000000
602216.793054 2493227.043937 0.000000
602211.835658 2493227.695052 0.000000
602206.878262 2493228.346168 0.000000
602201.920865 2493228.997283 0.000000
602196.963469 2493229.648398 0.000000
602192.006073 2493230.299514 0.000000
602187.048677 2493230.950629 0.000000
602182.091281 2493231.601744 0.000000
602177.133884 2493232.252860 0.000000
602172.176488 2493232.903975 0.000000
602167.219092 2493233.555090 0.000000
602162.261696 2493234.206206 0.000000
602157.304299 2493234.857321 0.000000
602152.346903 2493235.508436 0.000000
602147.389507 2493236.159552 0.000000
602142.432111 2493236.810667 0.000000
602137.474714 2493237.461782 0.000000
602132.517318 2493238.112898 0.000000
602127.559922 2493238.764013 0.000000
602122.602526 2493239.415128 0.000000
602117.645130 2493240.066244 0.000000
602112.687733 2493240.717359 0.000000
602107.730337 2493241.368474 0.000000
602102.772941 2493242.019590 0.000000
602097.815545 2493242.670705 0.000000
602092.858148 2493243.321820 0.000000
602087.900752 2493243.972936 0.000000
602082.943356 2493244.624051 0.000000
602077.985960 2493245.275166 0.000000
602073.028563 2493245.926282 0.000000
602068.071167 2493246.577397 0.000000
602063.113771 2493247.228512 0.000000
602058.156375 2493247.879628 0.000000
602053.198979 2493248.530743 0.000000
602048.241582 2493249.181858 0.000000
602043.284186 2493249.832974 0.000000
602038.326790 2493250.484089 0.000000
602033.369394 2493251.135205 0.000000
602028.411997 2493251.786320 0.000000
602023.454601 2493252.437435 0.000000
602018.497205 2493253.088551 0.000000
602013.539809 2493253.739666 0.000000
602008.582412 2493254.390781 0.000000
602003.625016 2493255.041897 0.000000
601998.667620 2493255.693012 0.000000
601993.710224 2493256.344127 0.000000
601988.752828 2493256.995243 0.000000
601983.795431 2493257.646358 0.000000
601978.838035 2493258.297473 0.000000
601973.880639 2493258.948589 0.000000
601968.923243 2493259.599704 0.000000
601963.965846 2493260.250819 0.000000
601959.008450 2493260.901935 0.000000
601954.051054 2493261.553050 0.000000
601949.093658 2493262.204165 0.000000
601944.136261 2493262.855281 0.000000
601939.178865 2493263.506396 0.000000
601934.221469 2493264.157511 0.000000
601929.264073 2493264.808627 0.000000
601924.306677 2493265.459742 0.000000
601919.349280 2493266.110857 0.000000
601914.391884 2493266.761973 0.000000
601909.434488 2493267.413088 0.000000
601904.477092 2493268.064203 0.000000
601899.519695 2493268.715319 0.000000
601894.562299 2493269.366434 0.000000
601889.604903 2493270.017549 0.000000
601884.647507 2493270.668665 0.000000
601879.690110 2493271.319780 0.000000
601874.732714 2493271.970895 0.000000
601869.775318 2493272.622011 0.000000
601864.817922 2493273.273126 0.000000
601859.860526 2493273.924241 0.000000
601854.903129 2493274.575357 0.000000
601849.945733 2493275.226472 0.000000
601844.988337 2493275.877588 0.000000
601840.030941 2493276.528703 0.000000
601835.073544 2493277.179818 0.000000
601830.116148 2493277.830934 0.000000
601825.158752 2493278.482049 0.000000
601820.201356 2493279.133164 0.000000
601815.243959 2493279.784280 0.000000
601810.286563 2493280.435395 0.000000
601805.329167 2493281.086510 0.000000
601800.371771 2493281.737626 0.000000
601795.414375 2493282.388741 0.000000
601790.456978 2493283.039856 0.000000
601785.499582 2493283.690972 0.000000
601780.542186 2493284.342087 0.000000
601775.584790 2493284.993202 0.000000
601770.627393 2493285.644318 0.000000
601765.669997 2493286.295433 0.000000
601760.712601 2493286.946548 0.000000
601755.755205 2493287.597664 0.000000
601750.797808 2493288.248779 0.000000
601745.840412 2493288.899894 0.000000
601740.883016 2493289.551010 0.000000
601735.925620 2493290.202125 0.000000
601730.968224 2493290.853240 0.000000
601726.010827 2493291.504356 0.000000
601721.053431 2493292.155471 0.000000
601716.096035 2493292.806586 0.000000
601711.138639 2493293.457702 0.000000
601706.181242 2493294.108817 0.000000
601701.223846 2493294.759932 0.000000
601696.266450 2493295.411048 0.000000
601691.309054 2493296.062163 0.000000
601686.351658 2493296.713278 0.000000
601681.394261 2493297.364394 0.000000
601676.436865 2493298.015509 0.000000
601671.479469 2493298.666625 0.000000
601666.522073 2493299.317740 0.000000
601661.564676 2493299.968855 0.000000
601656.607280 2493300.619971 0.000000
601651.649884 2493301.271086 0.000000
601646.692488 2493301.922201 0.000000
601641.735091 2493302.573317 0.000000
601636.777695 2493303.224432 0.000000
601631.820299 2493303.875547 0.000000
601626.862903 2493304.526663 0.000000
601621.905507 2493305.177778 0.000000
601616.948110 2493305.828893 0.000000
601611.990714 2493306.480009 0.000000
601607.033318 2493307.131124 0.000000
601602.075922 2493307.782239 0.000000
601597.118525 2493308.433355 0.000000
601592.161129 2493309.084470 0.000000
601587.203733 2493309.735585 0.000000
601582.246337 2493310.386701 0.000000
601577.288940 2493311.037816 0.000000
601572.331544 2493311.688931 0.000000
601567.374148 2493312.340047 0.000000
601562.416752 2493312.991162 0.000000
601557.459356 2493313.642277 0.000000
601552.501959 2493314.293393 0.000000
601547.544563 2493314.944508 0.000000
601542.587167 2493315.595623 0.000000
601537.629771 2493316.246739 0.000000
601532.672374 2493316.897854 0.000000
601527.714978 2493317.548969 0.000000
601522.757582 2493318.200085 0.000000
601517.800186 2493318.851200 0.000000
601512.842789 2493319.502315 0.000000
601507.885393 2493320.153431 0.000000
601502.927997 2493320.804546 0.000000
601497.970601 2493321.455662 0.000000
601493.013205 2493322.106777 0.000000
601488.055808 2493322.757892 0.000000
601483.098412 2493323.409008 0.000000
601478.141016 2493324.060123 0.000000
601473.183620 2493324.711238 0.000000
601468.226223 2493325.362354 0.000000
601463.268827 2493326.013469 0.000000
601458.311431 2493326.664584 0.000000
601453.354035 2493327.315700 0.000000
601448.396638 2493327.966815 0.000000
601443.439242 2493328.617930 0.000000
601438.481846 2493329.269046 0.000000
601433.524450 2493329.920161 0.000000
601428.567054 2493330.571276 0.000000
601423.609657 2493331.222392 0.000000
601418.652261 2493331.873507 0.000000
601413.694865 2493332.524622 0.000000
601408.737469 2493333.175738 0.000000
601403.780072 2493333.826853 0.000000
601398.822676 2493334.477968 0.000000
601393.865280 2493335.129084 0.000000
601388.907884 2493335.780199 0.000000
601383.950487 2493336.431314 0.000000
601378.993091 2493337.082430 0.000000
601374.035695 2493337.733545 0.000000
601369.078299 2493338.384660 0.000000
601364.120903 2493339.035776 0.000000
601359.163506 2493339.686891 0.000000
601354.206110 2493340.338006 0.000000
601349.248714 2493340.989122 0.000000
601344.291318 2493341.640237 0.000000
601339.333921 2493342.291352 0.000000
601334.376525 2493342.942468 0.000000
601329.419129 2493343.593583 0.000000
601324.461733 2493344.244699 0.000000
601319.504336 2493344.895814 0.000000
601314.546940 2493345.546929 0.000000
601309.589544 2493346.198045 0.000000
601304.632148 2493346.849160 0.000000
601299.674752 2493347.500275 0.000000
601294.717355 2493348.151391 0.000000
601289.759959 2493348.802506 0.000000
601284.802563 2493349.453621 0.000000
601279.845167 2493350.104737 0.000000
601274.887770 2493350.755852 0.000000
601269.930374 2493351.406967 0.000000
601264.972978 2493352.058083 0.000000
601260.015582 2493352.709198 0.000000
601255.058186 2493353.360313 0.000000
601250.100789 2493354.011429 0.000000
601245.143393 2493354.662544 0.000000
601240.185997 2493355.313659 0.000000
601235.228601 2493355.964775 0.000000
601230.271204 2493356.615890 0.000000
601225.313808 2493357.267005 0.000000
601220.356412 2493357.918121 0.000000
601215.399016 2493358.569236 0.000000
601210.441619 2493359.220351 0.000000
601205.484223 2493359.871467 0.000000
601200.526827 2493360.522582 0.000000
601195.569431 2493361.173697 0.000000
601190.612035 2493361.824813 0.000000
601185.654638 2493362.475928 0.000000
601180.697242 2493363.127043 0.000000
601175.739846 2493363.778159 0.000000
601170.782450 2493364.429274 0.000000
601165.825053 2493365.080389 0.000000
601160.867657 2493365.731505 0.000000
601155.910261 2493366.382620 0.000000
601150.952865 2493367.033736 0.000000
601145.995468 2493367.684851 0.000000
601141.038072 2493368.335966 0.000000
601136.080676 2493368.987082 0.000000
601131.123280 2493369.638197 0.000000
601126.165884 2493370.289312 0.000000
601121.208487 2493370.940428 0.000000
601116.251091 2493371.591543 0.000000
601111.293695 2493372.242658 0.000000
601106.336299 2493372.893774 0.000000
601101.378902 2493373.544889 0.000000
601096.421506 2493374.196004 0.000000
601091.464110 2493374.847120 0.000000
601086.506714 2493375.498235 0.000000
601081.549317 2493376.149350 0.000000
601076.591921 2493376.800466 0.000000
601071.634525 2493377.451581 0.000000
601066.677129 2493378.102696 0.000000
601061.719733 2493378.753812 0.000000
601056.762336 2493379.404927 0.000000
601051.804940 2493380.056042 0.000000
601046.847544 2493380.707158 0.000000
601041.890148 2493381.358273 0.000000
601036.932751 2493382.009388 0.000000
601031.975355 2493382.660504 0.000000
601027.017959 2493383.311619 0.000000
601022.060563 2493383.962734 0.000000
601017.103166 2493384.613850 0.000000
601012.145770 2493385.264965 0.000000
601007.188374 2493385.916080 0.000000
601002.230978 2493386.567196 0.000000
600997.273582 2493387.218311 0.000000
600992.316185 2493387.869426 0.000000
600987.358789 2493388.520542 0.000000
600982.401393 2493389.171657 0.000000
600977.443997 2493389.822772 0.000000
600972.486600 2493390.473888 0.000000
600967.529204 2493391.125003 0.000000
600962.571808 2493391.776119 0.000000
600957.614412 2493392.427234 0.000000
600952.657015 2493393.078349 0.000000
600947.699619 2493393.729465 0.000000
600942.742223 2493394.380580 0.000000
600937.784827 2493395.031695 0.000000
600932.827431 2493395.682811 0.000000
600927.870034 2493396.333926 0.000000
600922.912638 2493396.985041 0.000000
600917.955242 2493397.636157 0.000000
600912.997846 2493398.287272 0.000000
600908.040449 2493398.938387 0.000000
600903.083053 2493399.589503 0.000000
600898.125657 2493400.240618 0.000000
600893.168261 2493400.891733 0.000000
600888.210864 2493401.542849 0.000000
600883.253468 2493402.193964 0.000000
600878.296072 2493402.845079 0.000000
600873.338676 2493403.496195 0.000000
600868.381280 2493404.147310 0.000000
600863.423883 2493404.798425 0.000000
600858.466487 2493405.449541 0.000000
600853.509091 2493406.100656 0.000000
600848.551695 2493406.751771 0.000000
600843.594298 2493407.402887 0.000000
600838.636902 2493408.054002 0.000000
600833.679506 2493408.705117 0.000000
600828.722110 2493409.356233 0.000000
600823.764713 2493410.007348 0.000000
600818.807317 2493410.658463 0.000000
600813.849921 2493411.309579 0.000000
600808.892525 2493411.960694 0.000000
600803.935129 2493412.611809 0.000000
600798.977732 2493413.262925 0.000000
600794.020336 2493413.914040 0.000000
600789.062940 2493414.565156 0.000000
600784.105544 2493415.216271 0.000000
600779.148147 2493415.867386 0.000000
600774.190751 2493416.518502 0.000000
600769.233355 2493417.169617 0.000000
600764.275959 2493417.820732 0.000000
600759.318563 2493418.471848 0.000000
600754.361166 2493419.122963 0.000000
600749.403770 2493419.774078 0.000000
600744.446374 2493420.425194 0.000000
600739.488978 2493421.076309 0.000000
600734.531581 2493421.727424 0.000000
600729.574185 2493422.378540 0.000000
600724.616789 2493423.029655 0.000000
600719.659393 2493423.680770 0.000000
600714.701996 2493424.331886 0.000000
600709.744600 2493424.983001 0.000000
600704.787204 2493425.634116 0.000000
600699.829808 2493426.285232 0.000000
600694.872412 2493426.936347 0.000000
600689.915015 2493427.587462 0.000000
600684.957619 2493428.238578 0.000000
600680.000223 2493428.889693 0.000000
600675.042827 2493429.540808 0.000000
600670.085430 2493430.191924 0.000000
600665.128034 2493430.843039 0.000000
600660.170638 2493431.494154 0.000000
600655.213242 2493432.145270 0.000000
600650.255845 2493432.796385 0.000000
600645.298449 2493433.447500 0.000000
600640.341053 2493434.098616 0.000000
600635.383657 2493434.749731 0.000000
600630.426261 2493435.400846 0.000000
600625.468864 2493436.051962 0.000000
600620.511468 2493436.703077 0.000000
600615.554072 2493437.354193 0.000000
600610.596676 2493438.005308 0.000000
600605.639279 2493438.656423 0.000000
600600.681883 2493439.307539 0.000000
600595.724487 2493439.958654 0.000000
600590.767091 2493440.609769 0.000000
600585.809694 2493441.260885 0.000000
600580.852298 2493441.912000 0.000000
600575.894902 2493442.563115 0.000000
600570.937506 2493443.214231 0.000000
600565.980110 2493443.865346 0.000000
600561.022713 2493444.516461 0.000000
600556.065317 2493445.167577 0.000000
600551.107921 2493445.818692 0.000000
600546.150525 2493446.469807 0.000000
600541.193128 2493447.120923 0.000000
600536.235732 2493447.772038 0.000000
600531.278336 2493448.423153 0.000000
600526.320940 2493449.074269 0.000000
600521.363543 2493449.725384 0.000000
600516.406147 2493450.376499 0.000000
600511.448751 2493451.027615 0.000000
600506.491355 2493451.678730 0.000000
600501.533959 2493452.329845 0.000000
600496.576562 2493452.980961 0.000000
600491.619166 2493453.632076 0.000000
600486.661770 2493454.283191 0.000000
600481.704374 2493454.934307 0.000000
600476.746977 2493455.585422 0.000000
600471.789581 2493456.236537 0.000000
600466.832185 2493456.887653 0.000000
600461.874789 2493457.538768 0.000000
600456.917392 2493458.189883 0.000000
600451.959996 2493458.840999 0.000000
600447.002600 2493459.492114 0.000000
600442.045204 2493460.143230 0.000000
600437.087808 2493460.794345 0.000000
600432.130411 2493461.445460 0.000000
600427.173015 2493462.096576 0.000000
600422.215619 2493462.747691 0.000000
600417.258223 2493463.398806 0.000000
600412.300826 2493464.049922 0.000000
600407.343430 2493464.701037 0.000000
600402.386034 2493465.352152 0.000000
600397.428638 2493466.003268 0.000000
600392.471241 2493466.654383 0.000000
600387.513845 2493467.305498 0.000000
600382.556449 2493467.956614 0.000000
600377.599053 2493468.607729 0.000000
600372.641657 2493469.258844 0.000000
600367.684260 2493469.909960 0.000000
600362.726864 2493470.561075 0.000000
600357.769468 2493471.212190 0.000000
600352.812072 2493471.863306 0.000000
600347.854675 2493472.514421 0.000000
600342.897279 2493473.165536 0.000000
600337.939883 2493473.816652 0.000000
600332.982487 2493474.467767 0.000000
600328.025091 2493475.118882 0.000000
600323.067694 2493475.769998 0.000000
600318.110298 2493476.421113 0.000000
600313.152902 2493477.072228 0.000000
600308.195506 2493477.723344 0.000000
600303.238109 2493478.374459 0.000000
600298.280713 2493479.025574 0.000000
600293.323317 2493479.676690 0.000000
600288.365921 2493480.327805 0.000000
600283.408524 2493480.978920 0.000000
600278.451128 2493481.630036 0.000000
600273.493732 2493482.281151 0.000000
600268.536336 2493482.932267 0.000000
600263.578940 2493483.583382 0.000000
600258.621543 2493484.234497 0.000000
600253.664147 2493484.885613 0.000000
600248.706751 2493485.536728 0.000000
600243.749355 2493486.187843 0.000000
600238.791958 2493486.838959 0.000000
600233.834562 2493487.490074 0.000000
600228.877166 2493488.141189 0.000000
600223.919770 2493488.792305 0.000000
600218.962373 2493489.443420 0.000000
600214.004977 2493490.094535 0.000000
600209.047581 2493490.745651 0.000000
600204.090185 2493491.396766 0.000000
600199.132789 2493492.047881 0.000000
600194.175392 2493492.698997 0.000000
600189.217996 2493493.350112 0.000000
600184.260600 2493494.001227 0.000000
600179.303204 2493494.652343 0.000000
600174.345807 2493495.303458 0.000000
600169.388411 2493495.954573 0.000000
600164.431015 2493496.605689 0.000000
600159.473619 2493497.256804 0.000000
600154.516222 2493497.907919 0.000000
600149.558826 2493498.559035 0.000000
600144.601430 2493499.210150 0.000000
600139.644034 2493499.861265 0.000000
600134.686638 2493500.512381 0.000000
600129.729241 2493501.163496 0.000000
600124.771845 2493501.814611 0.000000
600119.814449 2493502.465727 0.000000
600114.857053 2493503.116842 0.000000
600109.899656 2493503.767957 0.000000
600104.942260 2493504.419073 0.000000
600099.984864 2493505.070188 0.000000
600095.027468 2493505.721303 0.000000
